Wavelength nm.	BPR_T_Amostra_10_02_SET2025_ext	Leitura_R_Ar_1	Leitura_R_Ar_1_ext	Leitura_R_Branco_1	Leitura_R_Branco_1_ext	Leitura_R_Branco_2	Leitura_R_Branco_2_ext	Leitura_T_Ar_1	Leitura_T_Ar_1_ext	Leitura_T_Branco_1	Leitura_T_Branco_1_ext	Leitura_T_Branco_2	Leitura_T_Branco_2_ext	Baseline_ArLeitura_R_Ar_1_ext	BBR_R_Amostra_05_01_SET2025	BBR_R_Amostra_05_01_SET2025_ext	BBR_R_Amostra_05_02_SET2025	BBR_R_Amostra_05_02_SET2025_ext	BBR_R_Amostra_05_02_SET2025_OK	BBR_T_Amostra_05_01_SET2025	BBR_T_Amostra_05_01_SET2025_ext	BBR_T_Amostra_05_02_SET2025	BBR_T_Amostra_05_02_SET2025_ext	BPR_R_Amostra_02_01_SET2025	BPR_R_Amostra_02_01_SET2025_ext	BPR_R_Amostra_06_01_SET2025	BPR_R_Amostra_06_01_SET2025_ext	BPR_R_Amostra_06_02_SET2025	BPR_R_Amostra_06_02_SET2025_ext	BPR_R_Amostra_07_01_SET2025	BPR_R_Amostra_07_01_SET2025_ext	BPR_R_Amostra_08_01_SET2025	BPR_R_Amostra_08_01_SET2025_ext	BPR_R_Amostra_10_01_SET2025	BPR_R_Amostra_10_01_SET2025_ext	BPR_R_Amostra_10_02_SET2025	BPR_R_Amostra_10_02_SET2025_ext	BPR_T_Amostra_02_01_SET2025	BPR_T_Amostra_02_01_SET2025_ext	BPR_T_Amostra_06_01_SET2025	BPR_T_Amostra_06_01_SET2025_ext	BPR_T_Amostra_06_02_SET2025	BPR_T_Amostra_06_02_SET2025_ext	BPR_T_Amostra_07_01_SET2025	BPR_T_Amostra_07_01_SET2025_ext	BPR_T_Amostra_08_01_SET2025	BPR_T_Amostra_08_01_SET2025_ext	BPR_T_Amostra_10_01_SET2025	BPR_T_Amostra_10_01_SET2025_ext	BPR_T_Amostra_10_02_SET2025
220,00	0,189317	100,238526	100,126624	36,343709	35,913381	36,544299	36,178356	100,115895	100,431144	2,954066	2,798610	2,941637	2,888011	100,126624	7,132724	9,154630	6,697395	7,039124	6,640463	0,588193	0,333389	0,398628	0,412351	7,616939	8,263647	9,468272	11,161785	8,239772	9,747879	8,255653	9,476380	7,963153	6,011316	8,785837	6,494120	8,539560	6,402480	0,605813	0,438857	1,063723	0,499994	0,858820	0,215556	0,986628	0,361154	0,503926	0,185047	0,508076	0,150522	0,741578
222,00	0,216888	99,714875	99,622339	36,205491	35,633746	36,062640	35,986796	99,491912	99,668622	2,904000	2,788200	2,922636	2,911780	99,622339	7,286732	9,229417	6,778207	7,118280	6,767283	0,675304	0,348817	0,451385	0,400049	7,924163	8,372846	9,734173	11,370145	8,408479	9,976470	8,442774	9,751051	8,291625	6,068089	9,009574	6,708162	8,802355	6,670660	0,670116	0,492419	1,140410	0,506602	0,943390	0,228136	1,041411	0,398778	0,537243	0,155580	0,551604	0,155063	0,799163
224,00	0,226147	100,242984	99,820799	36,318755	35,664353	36,343914	35,939208	100,152147	99,806285	2,964954	2,833033	2,983472	2,952228	99,820799	7,466150	9,385881	6,941868	7,330647	6,909549	0,692309	0,362689	0,485392	0,450448	8,183622	8,597237	10,071789	11,768337	8,745167	10,228226	8,694859	9,953765	8,499882	6,251170	9,425667	6,835525	9,131435	6,773894	0,711632	0,512885	1,186360	0,558591	1,022446	0,239964	1,127614	0,443760	0,594517	0,185661	0,597260	0,172213	0,854113
226,00	0,270878	99,955696	100,083256	36,315328	35,709137	36,178231	36,021596	99,761790	99,648535	3,041173	2,892280	3,049754	3,009391	100,083256	7,702392	9,695270	7,099175	7,293072	7,172411	0,750332	0,404182	0,505939	0,491362	8,277430	8,640780	10,403677	12,055769	8,971576	10,531580	9,003884	10,273853	8,732388	6,415521	9,648464	7,019375	9,407891	7,025297	0,744703	0,550757	1,261467	0,615352	1,074600	0,295412	1,159116	0,456933	0,659678	0,178737	0,650485	0,206859	0,882367
228,00	0,310436	99,978727	99,424571	36,538461	35,767615	36,485931	36,083150	100,673366	100,174618	3,138313	2,977436	3,166024	3,120659	99,424571	7,759239	9,925012	7,137101	7,400933	7,225063	0,780542	0,444979	0,549016	0,534819	8,460061	8,841408	10,727397	12,281322	9,191619	10,819611	9,234483	10,575661	9,053250	6,557643	9,888189	7,248215	9,696622	7,289166	0,778727	0,605727	1,340956	0,683028	1,097923	0,318606	1,239004	0,504246	0,681909	0,209012	0,656450	0,206735	0,926253
230,00	0,353940	100,172055	100,316846	36,757815	36,252585	36,560169	36,509442	99,982989	100,115001	3,222952	3,063542	3,240468	3,244730	100,316846	7,898998	10,269120	7,368602	7,602388	7,358472	0,818547	0,482922	0,561731	0,566918	8,634050	9,042147	10,922334	12,693486	9,319606	11,182728	9,479891	10,884127	9,226808	6,761312	10,179918	7,621934	9,849429	7,569249	0,795701	0,660607	1,344468	0,740543	1,100136	0,374131	1,238537	0,559170	0,684218	0,212398	0,675631	0,248776	0,956263
232,00	0,384937	100,056803	99,996400	37,020966	36,402631	36,984637	36,905885	100,220501	100,110149	3,415406	3,244308	3,385617	3,409462	99,996400	8,082016	10,454045	7,479873	7,742526	7,445537	0,830695	0,558471	0,560407	0,642509	8,771713	9,280606	11,343718	13,039140	9,676442	11,465869	9,809844	11,215342	9,503026	6,953606	10,423224	7,879079	10,155787	7,875849	0,790131	0,713230	1,344709	0,831072	1,119166	0,398052	1,261035	0,608259	0,651714	0,243549	0,658662	0,263855	0,929695
234,00	0,446476	100,202096	99,939066	37,262309	36,695090	37,439823	36,976901	100,041175	100,031137	3,536778	3,343742	3,510096	3,522642	99,939066	8,344470	10,752347	7,662112	7,932006	7,686089	0,811183	0,599827	0,540788	0,662644	9,042282	9,394022	11,758259	13,620377	10,018955	11,891143	10,203221	11,548172	9,794248	7,208762	10,776754	8,192953	10,500333	8,189275	0,765577	0,775727	1,360164	0,917393	1,085281	0,457142	1,259982	0,670110	0,633704	0,289823	0,645154	0,275378	0,897469
236,00	0,490226	100,027597	100,190604	37,752762	37,019876	37,687978	37,352839	100,190151	100,318956	3,647581	3,505368	3,657848	3,678079	100,190604	8,579953	10,958371	7,870968	8,102778	7,877649	0,863120	0,667127	0,544550	0,737067	9,246425	9,509765	12,100708	13,915309	10,260235	12,172695	10,558914	11,791641	10,214303	7,485130	11,270182	8,479910	10,978632	8,514870	0,782727	0,867075	1,314430	0,999959	1,088900	0,488605	1,251776	0,719435	0,607701	0,307668	0,623942	0,306552	0,855696
238,00	0,553151	100,099325	100,282037	38,079157	37,244740	37,885207	37,637293	100,029075	100,049710	3,845464	3,656295	3,840416	3,844729	100,282037	8,772306	11,249567	8,045935	8,272177	8,107036	0,854705	0,724102	0,546702	0,828522	9,516267	9,727070	12,595052	14,176388	10,558102	12,565231	10,861622	12,067492	10,563476	7,689030	11,753041	8,795308	11,354253	8,810448	0,763630	0,898274	1,355799	1,132469	1,121131	0,563014	1,273869	0,771757	0,599092	0,353278	0,616098	0,326055	0,807066
240,00	0,599759	99,934632	100,069642	38,145241	37,410399	38,117087	38,004294	99,769646	100,126362	4,056966	3,824292	3,981352	3,989809	100,069642	9,013367	11,545412	8,224890	8,427244	8,194575	0,888007	0,794254	0,555828	0,877417	9,555361	9,866207	12,933061	14,539142	10,931329	12,842275	11,164702	12,364544	10,966058	7,961307	12,242518	9,126737	11,833618	9,169728	0,768735	0,976042	1,393837	1,209360	1,116671	0,604776	1,318892	0,855075	0,600259	0,381348	0,589993	0,358282	0,814838
242,00	0,675145	99,870867	100,063336	38,497749	37,869048	38,536400	38,127396	99,895155	100,273561	4,159874	4,001632	4,176791	4,190913	100,063336	8,993421	11,729617	8,270834	8,619985	8,289444	0,888393	0,873357	0,571198	0,936064	9,687374	10,034353	13,170280	14,930953	11,094037	13,107173	11,290968	12,590721	11,238418	8,174183	12,636997	9,298339	12,158749	9,401356	0,783112	1,056363	1,428340	1,303353	1,162787	0,654412	1,358579	0,927864	0,620497	0,415037	0,609461	0,384770	0,862493
244,00	0,730372	99,965072	100,127757	38,842872	38,095313	38,692075	38,562870	100,182927	100,146687	4,382101	4,188911	4,389024	4,392509	100,127757	8,980398	11,957931	8,244217	8,779436	8,247523	0,945085	0,936106	0,549416	1,038632	9,714862	10,215312	13,371672	15,195334	11,296143	13,354050	11,429477	12,896818	11,376891	8,354490	12,857662	9,527986	12,332931	9,677282	0,814292	1,095908	1,478550	1,404368	1,196843	0,705041	1,386695	1,014520	0,624502	0,461846	0,620269	0,412529	0,864588
246,00	0,804460	99,874461	100,021768	39,118084	38,509256	38,878882	38,774231	100,460219	100,365734	4,606022	4,392852	4,628899	4,598138	100,021768	8,949266	12,252105	8,101618	8,920897	8,169612	0,970232	1,042932	0,571593	1,103337	9,658830	10,355620	13,440071	15,480611	11,306456	13,612558	11,447580	13,026957	11,483745	8,551353	12,939912	9,764767	12,513611	9,945659	0,833466	1,212428	1,547383	1,534854	1,245543	0,782594	1,458107	1,109143	0,637915	0,516692	0,637379	0,452561	0,913626
248,00	0,890303	100,122845	99,913049	39,493415	38,853848	39,429006	39,272958	99,894220	99,906260	4,794771	4,623200	4,826997	4,869243	99,913049	8,860652	12,355364	8,045153	9,121790	8,076403	0,989791	1,111486	0,566988	1,196396	9,582026	10,518324	13,449708	15,786903	11,263116	13,824855	11,536498	13,358828	11,414585	8,732808	12,967499	9,939469	12,460520	10,220919	0,858025	1,288943	1,611889	1,671625	1,279233	0,870455	1,540747	1,187744	0,668695	0,587102	0,658968	0,486422	0,912782
250,00	0,997831	100,252724	100,029671	39,944020	39,411399	39,924422	39,790633	99,814653	99,820501	5,060277	4,886731	5,110775	5,099713	100,029671	8,733140	12,674330	7,918482	9,378301	7,917496	1,019739	1,236706	0,579171	1,296482	9,572592	10,667391	13,497326	16,141564	11,272798	14,124765	11,578779	13,586050	11,464873	8,987930	12,933365	10,233899	12,438194	10,472220	0,894467	1,375605	1,651211	1,809768	1,333819	0,958543	1,593740	1,287310	0,665828	0,632681	0,681321	0,540170	0,957321
252,00	1,094636	100,177729	100,283837	40,412989	39,837134	40,517825	40,259922	100,590539	99,975485	5,404106	5,159210	5,457311	5,423728	100,283837	8,622005	12,981132	7,805439	9,561545	7,786411	1,082144	1,332379	0,589997	1,430427	9,513345	10,870369	13,521609	16,429330	11,230044	14,367650	11,542229	13,882023	11,330466	9,058394	12,838244	10,454682	12,374867	10,826237	0,951562	1,489150	1,767409	1,980540	1,430692	1,027241	1,696760	1,366354	0,738464	0,696029	0,708061	0,596764	0,983299
254,00	1,211569	100,355101	100,267792	41,028967	40,475276	41,140667	40,832546	100,067210	100,077546	5,725873	5,480342	5,775154	5,757371	100,267792	8,558094	13,263035	7,715242	9,784189	7,685746	1,111635	1,480821	0,594502	1,540714	9,472858	11,076631	13,566661	16,761854	11,206913	14,677703	11,632406	14,149097	11,289757	9,348188	12,828042	10,746527	12,382026	11,113685	0,984197	1,603917	1,834592	2,106463	1,505122	1,125457	1,753575	1,513718	0,761209	0,786099	0,744046	0,671407	1,017825
256,00	1,331887	100,153685	99,852651	41,564807	41,092122	41,689953	41,360533	100,036609	99,868757	6,071769	5,811903	6,156697	6,156091	99,852651	8,492064	13,524827	7,605486	10,014406	7,617007	1,191186	1,616043	0,617494	1,661582	9,526351	11,197355	13,532290	17,158113	11,181860	14,948380	11,658558	14,414413	11,242010	9,503842	12,715054	10,934595	12,232245	11,435581	1,061152	1,743294	1,918852	2,310184	1,572819	1,247588	1,886812	1,640987	0,798691	0,883111	0,767363	0,734607	1,054075
258,00	1,485433	99,954337	100,086713	42,415807	41,825578	42,278585	42,162758	100,001085	99,946755	6,524963	6,189330	6,531256	6,587610	100,086713	8,394251	13,891013	7,566585	10,321645	7,517901	1,247085	1,783948	0,626534	1,827593	9,522557	11,424634	13,565311	17,471296	11,065592	15,262993	11,668678	14,674154	11,136746	9,783740	12,483283	11,241255	12,101109	11,713664	1,097667	1,834826	2,034521	2,526298	1,683313	1,360145	1,999806	1,798546	0,829810	0,982731	0,794373	0,822796	1,091425
260,00	1,645508	100,081885	99,764234	43,131465	42,487335	43,196583	42,892793	99,890226	99,925333	6,976916	6,655788	7,060646	7,058030	99,764234	8,388077	14,205438	7,556108	10,521545	7,543934	1,316747	1,946408	0,677762	1,988805	9,471131	11,607768	13,639484	17,837933	11,052576	15,510246	11,797806	15,039849	11,099654	9,934095	12,420008	11,488757	12,149575	12,090043	1,172702	2,015773	2,144563	2,736175	1,746334	1,513523	2,116605	1,985034	0,868227	1,075890	0,833625	0,912215	1,150418
262,00	1,825473	99,918169	100,422847	44,086611	43,615270	44,073617	43,920559	99,761885	100,203574	7,523313	7,150470	7,571273	7,612910	100,422847	8,361422	14,604145	7,556327	10,847118	7,510184	1,415839	2,154521	0,727424	2,173839	9,517032	11,951774	13,645415	18,388018	11,063357	15,900512	11,910681	15,468106	11,074889	10,244951	12,379298	11,868965	12,031256	12,497605	1,234847	2,174886	2,256712	3,042690	1,876521	1,655840	2,285712	2,203509	0,896221	1,221251	0,872630	1,005786	1,207752
264,00	2,001863	100,148880	100,080609	45,017812	44,423571	45,004228	44,907752	99,918717	100,068283	8,110588	7,609227	8,175074	8,195502	100,080609	8,443990	14,895464	7,570331	11,089244	7,510988	1,534807	2,344594	0,778222	2,375939	9,577732	12,138286	13,778996	18,800816	11,033470	16,238560	12,024380	15,824570	11,071286	10,477896	12,393002	12,096422	11,961547	12,853283	1,326510	2,330627	2,420921	3,276132	2,021331	1,829729	2,458326	2,390527	0,968201	1,342939	0,905569	1,129759	1,266634
266,00	2,250506	100,128901	99,815392	46,110943	45,485318	46,120945	45,758933	100,043440	99,932361	8,767371	8,176757	8,815286	8,789678	99,815392	8,508153	15,256113	7,635590	11,417695	7,569288	1,646172	2,549900	0,836350	2,644742	9,584644	12,421987	13,920164	19,291526	11,145349	16,528954	12,249551	16,215888	11,015175	10,647190	12,263825	12,371013	12,038842	13,218854	1,436821	2,510791	2,541378	3,590132	2,152768	2,010534	2,627919	2,590594	1,015127	1,473009	0,966545	1,244787	1,314557
268,00	2,497117	100,132763	99,868482	47,173557	46,516052	47,313204	46,965733	99,941719	100,039291	9,460022	8,802693	9,511298	9,558027	99,868482	8,584755	15,695977	7,636827	11,688462	7,651088	1,771261	2,818961	0,925163	2,874375	9,734785	12,719819	13,982819	19,730920	11,173135	16,985764	12,386306	16,714594	11,057778	10,991855	12,328636	12,717730	12,003535	13,721900	1,543643	2,707542	2,736220	3,971018	2,303100	2,202689	2,858767	2,876474	1,069798	1,671089	1,023775	1,391325	1,423251
270,00	2,754763	100,264847	99,939531	48,509288	47,794497	48,571599	48,034164	99,869382	100,065684	10,205350	9,405413	10,285676	10,294084	99,939531	8,678041	16,139843	7,776723	12,047943	7,722258	1,923494	3,105645	1,023079	3,156199	9,816351	12,963484	14,153729	20,165975	11,194369	17,367375	12,553908	17,076187	11,126289	11,246399	12,330084	13,122575	12,009657	14,098877	1,657458	2,871327	2,913287	4,284170	2,476108	2,426374	3,087314	3,144181	1,140143	1,829877	1,115280	1,542065	1,520483
272,00	3,067480	99,945658	100,114167	49,594480	48,889500	49,666053	49,284708	99,732935	100,093162	11,035644	10,132679	11,151986	11,122735	100,114167	8,776737	16,652945	7,832547	12,435429	7,846675	2,096094	3,439327	1,136007	3,438739	9,964010	13,255976	14,341837	20,813340	11,324300	17,870301	12,799385	17,552739	11,275725	11,593409	12,370139	13,461164	12,157632	14,672183	1,811534	3,091869	3,112251	4,651313	2,649295	2,660508	3,367085	3,464869	1,240577	2,088678	1,217014	1,721695	1,692260
274,00	3,387586	99,897504	99,771774	50,909209	50,245082	50,873148	50,644529	99,954242	100,175869	11,962789	10,892825	12,015529	12,021004	99,771774	8,972315	16,966474	7,997493	12,800865	7,969245	2,275851	3,772942	1,254942	3,729355	10,094157	13,581675	14,641277	21,254483	11,433014	18,230903	13,004209	18,075880	11,348059	11,870158	12,410853	13,802494	12,315867	15,119785	1,979325	3,321247	3,408348	5,120398	2,895349	2,952613	3,636479	3,795456	1,367046	2,285207	1,354419	1,928238	1,864805
276,00	3,701556	100,107241	100,311434	52,158803	51,697862	52,105510	51,982373	99,454516	100,160050	12,767181	11,650853	12,903425	12,870200	100,311434	9,159110	17,521639	8,133133	13,292064	8,163872	2,494457	4,096837	1,375112	4,109913	10,251541	13,941795	14,889762	21,873097	11,607978	18,651624	13,396330	18,551499	11,518618	12,206526	12,607770	14,224252	12,526260	15,607537	2,146235	3,559821	3,662217	5,532754	3,132296	3,223451	3,931681	4,119960	1,505755	2,509584	1,487073	2,121317	2,059622
278,00	4,078262	100,082564	99,963027	53,537220	52,824849	53,646594	53,345770	99,761474	99,857843	13,749729	12,384786	13,855672	13,797128	99,963027	9,396311	18,057872	8,340019	13,598064	8,342468	2,709093	4,441256	1,542123	4,456208	10,474157	14,210811	15,136828	22,360303	11,832301	19,006595	13,664046	18,986109	11,686387	12,515505	12,773670	14,624125	12,780704	16,065320	2,327271	3,789927	3,959815	5,998794	3,387125	3,479222	4,285518	4,458912	1,635177	2,780147	1,646870	2,339610	2,292128
280,00	4,460087	100,168645	99,977958	54,876959	54,009944	54,831725	54,614675	100,249887	99,855119	14,708747	13,229495	14,897218	14,825612	99,977958	9,595118	18,498963	8,500005	14,070429	8,518770	2,993900	4,840295	1,721868	4,835103	10,678013	14,450145	15,472813	22,920591	11,985464	19,433516	13,982950	19,458576	11,891831	12,806942	12,963091	14,993154	12,999262	16,578358	2,553339	4,035913	4,241062	6,426413	3,650175	3,818470	4,654219	4,802937	1,772946	3,012901	1,842081	2,553351	2,536310
282,00	4,850797	99,927068	99,842906	56,282049	55,368406	56,129342	55,844533	100,126874	99,868292	15,797372	13,985658	15,885343	15,852119	99,842906	9,878813	18,955635	8,770864	14,452933	8,734699	3,298828	5,225452	1,935119	5,225529	10,903446	14,761373	15,828699	23,390211	12,183304	19,877085	14,290541	19,848938	12,085437	13,196121	13,255355	15,370689	13,292314	17,106262	2,734280	4,258676	4,555453	6,969578	3,937982	4,139609	5,011437	5,196942	1,966800	3,312002	2,033132	2,810923	2,810057
284,00	5,246934	99,891818	100,018537	57,556176	56,555235	57,571775	57,202560	99,936372	100,327945	16,767411	14,865670	16,937548	16,914099	100,018537	10,204509	19,461194	9,097470	14,776880	9,028550	3,549116	5,667256	2,149716	5,665035	11,096254	15,138859	16,285697	23,880565	12,517889	20,253871	14,683437	20,282760	12,405913	13,516839	13,505204	15,772986	13,670759	17,631821	3,002959	4,535390	4,957166	7,463277	4,320651	4,460306	5,375440	5,620708	2,190173	3,630685	2,288845	3,079280	3,157044
286,00	5,656848	100,178492	99,793482	58,877289	57,917535	58,775491	58,384091	100,087333	100,000525	17,786659	15,651727	17,930660	17,867757	99,793482	10,662296	19,987459	9,499769	15,280864	9,446753	3,903526	6,040920	2,430406	6,065030	11,468312	15,442166	16,909976	24,467508	12,994978	20,786025	15,160136	20,781031	12,900026	13,902779	14,077166	16,212611	14,298753	18,106765	3,333560	4,755799	5,409851	7,967523	4,715028	4,805229	5,810075	5,984261	2,450409	3,929114	2,562565	3,349911	3,574855
288,00	6,111854	100,180280	100,161374	59,952939	59,176314	59,957927	59,734362	100,096941	100,070846	18,805151	16,494617	18,966600	18,887322	100,161374	11,203927	20,480482	9,890336	15,697345	9,848805	4,295140	6,492394	2,729661	6,522334	11,816704	15,792473	17,450981	24,933046	13,395105	21,169797	15,712850	21,257979	13,357577	14,280505	14,633049	16,673717	15,002905	18,797362	3,643272	5,000909	5,889364	8,487549	5,168473	5,198761	6,270777	6,416758	2,779233	4,257151	2,950031	3,667016	4,085703
290,00	6,524011	99,815679	100,035250	60,965306	60,140580	60,960454	60,589516	100,164342	100,013840	19,727087	17,285039	19,895390	19,916710	100,035250	11,664819	20,816238	10,397168	16,092600	10,364147	4,686198	6,866544	3,044890	6,875213	12,184016	15,970935	18,102171	25,446615	13,920629	21,629666	16,208172	21,630591	13,845693	14,577903	15,298571	17,153026	15,721135	19,269723	3,972286	5,258755	6,440192	8,944865	5,620655	5,527231	6,805183	6,813557	3,136349	4,562748	3,329770	3,964856	4,631884
292,00	6,984487	100,092113	99,878222	62,139297	61,161119	62,160748	61,856359	100,047863	99,983889	20,623416	18,095431	20,900860	20,839584	99,878222	12,248778	21,318254	10,969696	16,553824	10,923413	5,148526	7,285425	3,423568	7,311197	12,655507	16,238219	18,803765	25,857830	14,615811	21,980387	16,773906	22,052138	14,544579	15,021285	16,110283	17,641744	16,656801	19,906121	4,306216	5,525894	6,933892	9,463266	6,175766	5,897592	7,308346	7,171079	3,536647	4,896915	3,751626	4,317850	5,208307
294,00	7,391004	100,010228	100,090158	63,075793	62,287164	63,092768	62,873501	99,934614	99,926674	21,666920	18,937826	21,831641	21,801788	100,090158	13,009554	21,794611	11,653009	16,909945	11,585020	5,638206	7,693139	3,776504	7,727369	13,106717	16,575007	19,541961	26,374778	15,182662	22,447702	17,409588	22,474049	15,306842	15,464571	17,058514	18,224871	17,647779	20,480017	4,737754	5,831392	7,525493	9,981646	6,686117	6,305096	7,762683	7,596999	3,958192	5,243290	4,232033	4,660722	5,811908
296,00	7,874401	100,009775	99,912935	64,233625	63,142252	64,294845	63,769996	99,983060	99,851358	22,597429	19,613609	22,827829	22,608051	99,912935	13,743155	22,146246	12,363256	17,382003	12,336306	6,091635	8,112350	4,176383	8,106823	13,694505	16,876215	20,405605	26,740277	15,921773	22,802338	18,032394	22,774215	16,096583	15,852270	18,069471	18,672659	18,647246	20,997338	5,110045	6,116130	8,060741	10,433541	7,189089	6,604787	8,256404	7,942455	4,399792	5,596198	4,649965	4,973934	6,435359
298,00	8,325496	100,035012	100,011647	65,188652	63,989621	65,241331	64,554292	100,214922	99,866068	23,467137	20,389114	23,669611	23,433213	100,011647	14,376523	22,601357	12,937309	17,711544	12,936126	6,582683	8,478577	4,571455	8,529048	14,085425	17,043179	21,162184	27,113509	16,525465	23,218068	18,593346	23,230518	16,738816	16,254458	18,897390	19,131331	19,581595	21,584488	5,453515	6,407962	8,557124	10,887432	7,711771	6,998372	8,803677	8,341900	4,756735	5,941924	5,076800	5,333214	6,963688
300,00	8,746605	99,785113	99,998367	65,994781	64,863837	65,973723	65,438759	100,002337	100,051022	24,221468	21,120930	24,456957	24,253008	99,998367	15,035531	23,131077	13,553782	18,130358	13,431546	6,976151	8,864205	4,884421	8,923674	14,448047	17,398325	21,722515	27,554092	16,931778	23,526956	19,067617	23,585922	17,360172	16,616362	19,633502	19,619723	20,344576	22,033843	5,708643	6,710500	9,000704	11,303291	8,050388	7,296963	9,215190	8,686920	5,065287	6,297109	5,394700	5,664427	7,434286
302,00	9,183469	99,875468	100,208235	66,707331	65,790296	66,641271	66,258550	100,031650	99,998385	24,967700	21,881463	25,270307	24,945472	100,208235	15,498191	23,403765	13,951278	18,607424	13,971747	7,371631	9,214961	5,206830	9,298964	14,710742	17,576772	22,225673	27,996880	17,359631	23,919110	19,612849	24,024816	17,866816	16,969049	20,302477	20,074737	20,932293	22,683723	5,935241	7,021490	9,308024	11,746058	8,437026	7,664941	9,610555	9,019386	5,290959	6,636321	5,705883	5,992070	7,783569
304,00	9,577773	100,005758	99,953192	67,323250	66,221702	67,341751	66,898674	100,170565	99,916238	25,674602	22,554216	25,897050	25,565058	99,953192	15,931909	23,725839	14,334053	18,912584	14,314581	7,739778	9,600171	5,457698	9,678657	15,077005	17,751707	22,527665	28,259107	17,598082	24,148434	19,902252	24,234082	18,242136	17,281033	20,751584	20,496868	21,560855	23,082565	6,150535	7,340747	9,606951	12,188534	8,737711	7,968710	9,985521	9,368773	5,491836	6,968872	5,908011	6,321021	8,064584
306,00	10,039947	99,903059	99,999827	67,816162	67,028654	68,054527	67,502940	99,973035	100,114775	26,197109	23,364483	26,544431	26,340878	99,999827	16,186108	24,091439	14,646518	19,177775	14,605650	7,987855	9,965691	5,648310	10,090847	15,261911	18,145317	22,846204	28,575012	17,740010	24,522448	20,258720	24,582073	18,500276	17,653140	21,186131	20,915420	21,854483	23,545533	6,274507	7,666299	9,804346	12,566146	8,907982	8,296885	10,331260	9,694046	5,579577	7,334046	6,066054	6,730671	8,255932
308,00	10,395407	100,172460	99,987352	68,597049	67,185998	68,699175	67,868114	100,307727	100,352156	26,837140	24,014662	27,174357	26,947978	99,987352	16,435955	24,386574	14,916354	19,526407	14,794002	8,287558	10,382377	5,879240	10,383554	15,451926	18,328565	23,090640	28,916469	17,927170	24,748769	20,499420	24,832530	18,684481	17,929627	21,458358	21,268567	22,214547	24,033342	6,397948	7,993894	10,067758	12,960696	9,116023	8,618106	10,623446	10,077377	5,661337	7,709103	6,200287	7,009795	8,400141
310,00	10,774168	99,923307	100,094664	68,960029	67,706454	68,924940	68,429911	99,946070	99,927783	27,383190	24,698400	27,732682	27,469632	100,094664	16,641465	24,897882	15,033545	19,924636	14,996657	8,477569	10,696922	6,050866	10,745898	15,585776	18,563701	23,246168	29,156640	17,893422	24,996512	20,665312	25,278375	18,788658	18,328866	21,621019	21,643443	22,261904	24,475284	6,544986	8,358707	10,103087	13,279751	9,211379	8,944406	10,901966	10,353389	5,666995	7,955784	6,210749	7,301113	8,558676
312,00	11,148860	99,905795	100,041091	69,322306	68,056244	69,350672	68,829912	100,268459	99,812245	27,885455	25,219953	28,187966	27,947885	100,041091	16,740832	25,162008	15,207334	20,207843	15,147987	8,734884	10,967866	6,184821	11,023331	15,592983	18,757191	23,386115	29,548320	17,823008	25,347120	20,877148	25,621316	18,849503	18,646015	21,819504	22,141193	22,422887	24,942240	6,571526	8,661184	10,229072	13,583188	9,352911	9,158221	11,110365	10,682316	5,641473	8,267589	6,279665	7,602237	8,529772
314,00	11,505575	100,171387	100,087917	69,717944	68,547422	69,674647	69,318944	99,850810	99,969381	28,241792	25,745863	28,618506	28,443533	100,087917	16,861093	25,559488	15,285246	20,534705	15,265982	8,877297	11,301197	6,318776	11,312631	15,700434	19,011170	23,472652	29,863366	17,790729	25,604764	21,101858	25,924686	18,948106	19,000441	21,914139	22,577915	22,455302	25,349677	6,553641	9,061744	10,239992	13,961820	9,368747	9,522839	11,313233	10,985219	5,578394	8,633414	6,265219	8,046008	8,594418
316,00	11,928517	100,158191	99,915367	70,104462	68,632489	70,222861	69,381583	99,940509	99,826109	28,737575	26,348940	28,994521	28,839752	99,915367	16,909720	25,856197	15,437660	20,789558	15,212090	9,033483	11,633169	6,421385	11,633945	15,731855	19,064960	23,381028	29,936713	17,627621	25,751764	21,110602	26,145735	18,907365	19,235021	21,954814	22,823736	22,496685	25,802544	6,605095	9,397249	10,271143	14,267522	9,442325	9,821932	11,464563	11,338189	5,501228	8,920942	6,223105	8,275689	8,491135
318,00	12,296039	100,068915	99,886698	70,175916	68,874681	70,244223	69,759995	100,224233	100,168395	29,039398	26,953760	29,308963	29,251751	99,886698	16,975336	26,198894	15,366259	21,169524	15,336265	9,217855	11,977874	6,533719	11,933756	15,706000	19,266365	23,425014	30,177823	17,507057	25,974163	21,185167	26,412156	18,901837	19,558166	21,920887	23,294352	22,446920	26,342562	6,579710	9,816143	10,298155	14,632353	9,441200	10,155094	11,636832	11,603980	5,456616	9,233658	6,184622	8,625365	8,441986
320,00	12,647116	99,929130	100,140870	70,467710	69,385755	70,483422	70,103472	100,003541	99,862999	29,448500	27,275729	29,728645	29,490054	100,140870	16,972914	26,516411	15,263088	21,513164	15,279122	9,283627	12,244603	6,596352	12,234297	15,664910	19,513451	23,329252	30,614555	17,236248	26,375967	21,286073	26,845738	18,753797	20,006895	21,791582	23,831043	22,305611	26,934612	6,564927	10,079386	10,266430	14,952004	9,452295	10,404999	11,831915	11,877127	5,290322	9,605727	6,104311	8,968731	8,372416
322,00	12,906314	100,032711	99,924117	70,405012	69,125330	70,656562	70,004129	99,883240	99,788827	29,683456	27,734953	30,097690	29,802680	99,924117	16,812901	26,812050	15,230143	21,676531	15,178761	9,425764	12,536921	6,647664	12,527613	15,605491	19,758302	23,315799	30,819008	17,067198	26,558489	21,406628	27,058989	18,599662	20,277724	21,576005	24,128285	22,267526	27,148837	6,517296	10,353275	10,247168	15,179947	9,392438	10,642722	11,943275	12,118027	5,207040	9,805856	6,017635	9,233470	8,287809
324,00	13,386023	99,899977	100,175631	70,887077	69,476157	70,771199	69,962794	99,854034	99,889392	30,019182	28,226376	30,314067	30,225062	100,175631	16,781491	27,151036	15,170507	22,129051	15,133634	9,476551	12,836470	6,682151	12,833534	15,581638	19,885954	23,160948	30,958396	16,790174	26,886013	21,369363	27,281332	18,381414	20,654611	21,460943	24,474686	21,995336	27,781832	6,465232	10,828029	10,280523	15,440452	9,405633	11,004056	12,091145	12,532613	5,108187	10,198899	6,005552	9,600262	8,203708
326,00	13,768409	99,927539	100,059795	70,741898	69,488645	70,771194	70,324254	100,276875	100,228357	30,313349	28,684798	30,618146	30,446118	100,059795	16,708668	27,401671	15,069211	22,405195	15,075585	9,631278	13,195346	6,784243	13,104877	15,495320	20,087360	22,920699	31,274235	16,586626	26,996228	21,257110	27,529272	18,275113	20,980558	21,250305	24,871519	21,767183	28,171051	6,489089	11,197049	10,295322	15,742338	9,456715	11,280239	12,237336	12,734340	5,086021	10,480500	5,928069	9,934440	8,118629
328,00	14,088841	99,816602	100,286055	70,706213	69,624865	70,698875	70,383537	100,177741	99,958956	30,439663	28,999713	30,813324	30,629039	100,286055	16,613661	27,727664	14,987108	22,711189	14,937609	9,690079	13,531496	6,858295	13,438906	15,436931	20,312768	22,765511	31,460693	16,390195	27,365160	21,379824	27,951258	18,029676	21,307531	21,040025	25,192037	21,564513	28,541675	6,475811	11,539844	10,333399	15,998644	9,440715	11,488587	12,304983	13,011558	4,999185	10,834835	5,866667	10,297415	8,070601
330,00	14,380313	99,825090	99,864334	70,937651	69,594836	70,967913	70,390075	100,245440	99,864841	30,676901	29,272354	31,015137	30,850461	99,864334	16,522004	27,879816	14,935972	22,987227	14,923057	9,758415	13,747263	6,920944	13,645080	15,420644	20,427614	22,787140	31,670704	16,264296	27,359879	21,414019	28,224963	17,878643	21,584387	20,869714	25,682631	21,394105	28,945971	6,490108	11,807873	10,277463	16,228783	9,482618	11,699097	12,448578	13,271950	4,982256	11,106209	5,863163	10,540449	8,047733
332,00	14,668165	99,922734	99,805146	70,805109	69,667661	70,830268	70,312548	100,004530	99,652207	30,807173	29,628623	31,300917	30,944327	99,805146	16,487652	28,238896	14,796302	23,318218	14,867514	9,847219	13,947882	6,978530	13,876218	15,356551	20,573397	22,548558	31,735924	16,162066	27,570716	21,311720	28,384897	17,719135	21,872911	20,593829	26,062834	21,273585	29,477125	6,497848	12,102317	10,322419	16,459365	9,475584	11,969008	12,527333	13,424990	4,984957	11,381030	5,851247	10,821102	8,088823
334,00	15,055978	100,009322	100,171793	70,693970	69,832575	70,806664	70,358199	99,854773	99,911737	30,925390	29,979628	31,288809	31,150299	100,171793	16,308902	28,654221	14,743179	23,622137	14,703134	9,860706	14,283524	7,048193	14,101161	15,278441	20,739986	22,430126	32,048255	16,058831	27,862456	21,388257	28,713819	17,550862	22,293913	20,430127	26,431343	21,093641	29,857603	6,568130	12,456802	10,370523	16,739537	9,535567	12,190549	12,611698	13,703527	4,987977	11,702130	5,852473	11,163866	8,071849
336,00	15,356852	99,871492	100,046253	70,679307	69,417310	70,829844	70,299768	99,780929	99,895132	31,070569	30,181983	31,447795	31,299567	100,046253	16,291133	28,855431	14,658268	23,947588	14,628632	9,954163	14,464127	7,109092	14,383340	15,226509	20,869403	22,284533	32,170075	15,947506	28,002182	21,371776	28,897411	17,378303	22,580917	20,211047	26,760364	20,862959	30,347121	6,624003	12,696278	10,410411	16,941704	9,610078	12,415054	12,717408	13,975148	5,046764	11,961415	5,902462	11,416325	8,153400
338,00	15,660459	100,009835	100,013649	70,593953	69,496882	70,683014	70,226038	99,913615	99,960589	31,263116	30,439809	31,656563	31,496483	100,013649	16,211304	29,123870	14,573000	24,089001	14,603490	9,978750	14,745477	7,248732	14,653981	15,190367	21,057579	22,313204	32,227880	15,987617	28,091177	21,403290	29,055107	17,306484	22,833434	20,091456	27,100602	20,740868	30,701938	6,711941	13,030593	10,588811	17,120466	9,727480	12,651205	12,846367	14,187840	5,145667	12,209921	6,021394	11,748167	8,319016
340,00	15,979594	99,866414	99,957609	70,717829	69,433683	70,874655	70,188230	100,094008	100,060749	31,327316	30,628288	31,734577	31,616327	99,957609	16,220886	29,311299	14,617978	24,404450	14,586745	10,124293	14,953467	7,323700	14,842406	15,211575	21,175480	22,407402	32,533419	16,060290	28,263181	21,500766	29,277840	17,401189	23,116475	20,141433	27,493933	20,927005	31,148130	6,946047	13,286966	10,747507	17,385279	9,903809	12,849239	13,006915	14,358903	5,370868	12,487581	6,233191	12,031691	8,576839
342,00	16,281530	100,069761	99,881202	70,694560	69,266492	70,832151	70,011020	100,172281	99,897200	31,464964	30,882457	31,885600	31,673688	99,881202	16,281170	29,580009	14,695509	24,671058	14,610964	10,213902	15,245619	7,502190	15,114941	15,354231	21,296003	22,483568	32,644826	16,305131	28,411409	21,629481	29,458821	17,521742	23,425132	20,302404	27,771914	21,093124	31,418094	7,223992	13,543981	11,052858	17,602976	10,189214	13,064253	13,158762	14,610328	5,678848	12,809971	6,523801	12,387978	9,014764
344,00	16,571847	99,976575	99,961984	70,656008	69,273531	70,714861	69,895345	100,073206	99,951935	31,638825	31,067196	31,985795	31,829044	99,961984	16,366746	29,786080	14,758563	25,013483	14,714991	10,279694	15,452302	7,648696	15,347514	15,451343	21,453017	22,694024	32,710731	16,668291	28,536791	21,853630	29,591751	17,764847	23,789024	20,561546	28,224486	21,457395	31,903020	7,519700	13,763459	11,386874	17,847614	10,484897	13,276951	13,367355	14,803317	6,083686	13,070244	6,939343	12,670571	9,504659
346,00	16,865999	100,121319	99,939156	70,534849	69,347262	70,542169	69,994020	100,189769	99,991113	31,682056	31,180111	32,144728	31,901854	99,939156	16,450042	30,152154	14,766197	25,316337	14,763987	10,430520	15,645936	7,777970	15,537801	15,631121	21,667679	22,919199	32,938480	17,035761	28,757834	21,984857	29,904753	18,000716	24,083185	20,825876	28,616145	21,816336	32,319015	7,909716	13,983595	11,795161	18,001027	10,906419	13,455153	13,567334	14,965945	6,590153	13,335487	7,428459	12,954798	10,062254
348,00	17,090662	100,024962	99,942183	70,519525	69,200236	70,600760	69,881666	100,128067	99,877465	31,817260	31,380767	32,189006	32,013553	99,942183	16,567613	30,347651	14,947394	25,580689	14,913228	10,521886	15,888785	7,986499	15,813383	15,832502	21,774083	23,162854	33,019131	17,478384	28,897956	22,190623	30,069998	18,325581	24,405754	21,090876	29,027215	22,212975	32,829198	8,337329	14,164990	12,117681	18,219928	11,294492	13,685180	13,759701	15,171610	7,128103	13,567418	7,955027	13,251956	10,688952
350,00	17,370519	100,117803	100,003421	70,427573	69,204068	70,553911	69,902068	99,990726	99,968916	31,828690	31,527412	32,270667	32,116908	100,003421	16,670518	30,567199	15,023854	25,866479	14,993143	10,661916	16,084772	8,170280	16,039816	16,006556	21,875314	23,377652	33,161309	17,949900	29,069746	22,420193	30,259553	18,588184	24,741569	21,462843	29,347217	22,600935	33,218402	8,657379	14,351274	12,535781	18,351451	11,665760	13,918768	13,950990	15,349451	7,628260	13,870291	8,433487	13,596410	11,257649
352,00	17,678852	99,998498	100,104952	70,344305	68,940562	70,365161	69,836324	100,019681	99,993289	31,933951	31,618902	32,424575	32,161194	100,104952	16,758627	30,864877	15,105985	26,163620	15,063404	10,777877	16,298179	8,343112	16,236228	16,070729	22,086865	23,450157	33,253402	18,221942	29,216623	22,553501	30,479440	18,724675	25,013903	21,621120	29,829744	22,921482	33,638990	8,983595	14,577879	12,832032	18,538025	11,949111	14,118998	14,141035	15,573570	8,122000	14,114708	8,890946	13,903785	11,799960
354,00	17,941791	100,049508	100,015438	70,267379	68,877500	70,394981	69,644892	99,905431	99,993950	32,007712	31,811762	32,419491	32,371101	100,015438	16,761009	31,086606	15,116177	26,419494	15,101290	10,874085	16,462906	8,471679	16,516830	16,196385	22,194763	23,565763	33,425280	18,459021	29,327625	22,726302	30,614308	18,836316	25,430217	21,772580	30,132487	23,072472	33,971682	9,244902	14,772235	13,067222	18,762515	12,182602	14,350925	14,300980	15,740016	8,487034	14,408298	9,220652	14,215326	12,191259
356,00	18,223672	100,145721	99,991030	70,327300	68,903154	70,291299	69,613665	100,058830	100,044143	32,117718	31,928861	32,546139	32,372460	99,991030	16,745815	31,326234	15,142208	26,710355	15,064125	10,924830	16,690740	8,589883	16,715507	16,241522	22,327501	23,634247	33,646157	18,609758	29,505432	22,803676	30,773839	18,917240	25,689998	21,817522	30,537352	23,183432	34,420174	9,470847	14,922351	13,254876	18,895148	12,355021	14,522453	14,396866	15,947464	8,772991	14,600423	9,493321	14,492425	12,497085
358,00	18,434642	99,834216	100,077105	70,036435	68,757558	70,119357	69,582701	100,101912	99,987787	32,101995	31,941825	32,650429	32,458663	100,077105	16,671298	31,616390	15,036586	27,000210	14,989176	10,974288	16,875605	8,672456	16,891341	16,190000	22,470778	23,558277	33,733761	18,665448	29,680252	22,804295	31,009027	18,855362	25,948653	21,746445	30,907017	23,116432	34,753090	9,590884	15,093391	13,410179	19,044763	12,478022	14,712112	14,552838	16,068521	8,958706	14,827520	9,679028	14,708309	12,760514
360,00	18,704149	100,002503	99,951804	69,940656	68,656212	70,009935	69,371927	100,030339	100,039387	32,227203	32,086077	32,639998	32,541344	99,951804	16,622889	31,758985	14,987105	27,234259	14,956975	11,043852	17,093927	8,757422	17,108610	16,184954	22,594246	23,501362	33,775860	18,642154	29,765558	22,760990	31,177726	18,775302	26,277387	21,566872	31,221071	23,050615	35,121703	9,730735	15,298235	13,517864	19,255313	12,568046	14,899680	14,632864	16,280308	9,112499	15,094630	9,781883	15,044735	12,890853
362,00	18,957226	99,987417	99,881071	69,874364	68,596804	69,891667	69,212157	100,087130	100,039685	32,315740	32,138070	32,795605	32,620704	99,881071	16,605175	32,011443	14,914595	27,544528	14,826412	11,057572	17,303964	8,860976	17,353523	16,201864	22,707845	23,446177	33,980235	18,588062	29,940084	22,822590	31,273341	18,616395	26,625165	21,472175	31,653303	22,967966	35,432425	9,836006	15,403031	13,554524	19,397826	12,673457	15,062188	14,699525	16,428962	9,210758	15,345669	9,854817	15,274109	12,984575
364,00	19,175048	100,090539	99,987531	69,844902	68,488967	69,872481	69,372886	100,010037	99,970990	32,296363	32,242239	32,783511	32,671061	99,987531	16,511624	32,328242	14,811212	27,879584	14,750810	11,084619	17,462933	8,947447	17,566557	16,130143	22,935252	23,312421	34,085923	18,500464	30,118540	22,826283	31,516293	18,469585	26,922053	21,291204	31,987482	22,823125	35,857990	9,912381	15,533619	13,612401	19,599099	12,721226	15,242204	14,733353	16,608669	9,253328	15,588287	9,903920	15,579273	13,048796
366,00	19,443272	99,928576	99,984467	69,728297	68,508601	69,834983	69,202280	100,029886	100,103629	32,421097	32,353851	32,895947	32,684860	99,984467	16,413970	32,510272	14,642349	28,186443	14,644103	11,105247	17,654330	9,003884	17,757313	16,128758	23,014316	23,236617	34,238034	18,426782	30,223343	22,854012	31,688261	18,378121	27,228346	21,093661	32,334682	22,641607	36,261958	10,012688	15,679866	13,625012	19,714433	12,783317	15,416124	14,815614	16,741952	9,288843	15,830110	9,888214	15,846185	13,096745
368,00	19,682722	100,115156	99,899834	69,609153	68,347257	69,754052	69,012713	100,021243	100,010693	32,477105	32,442948	33,005553	32,809338	99,899834	16,243592	32,759082	14,534637	28,397974	14,547607	11,131156	17,819461	9,054746	17,956920	16,059412	23,173887	23,063572	34,323171	18,274269	30,263239	22,835629	31,785011	18,187305	27,450243	20,805666	32,576424	22,445658	36,624649	10,080990	15,876080	13,701713	19,907999	12,780140	15,614480	14,882335	16,955350	9,307300	16,004686	9,909281	16,112727	13,131148
370,00	19,888863	100,090766	99,908400	69,560820	68,223226	69,759595	69,031608	99,986678	100,107348	32,596508	32,540053	33,054581	32,876241	99,908400	16,149876	33,023185	14,411427	28,717622	14,369301	11,112532	18,060200	9,072446	18,205997	16,013481	23,300090	22,968249	34,493312	18,230048	30,472735	22,860184	31,959274	17,996441	27,799609	20,614201	32,977435	22,255737	36,855355	10,134330	16,046587	13,707110	20,114599	12,806298	15,825573	14,962785	17,074233	9,330620	16,254932	9,937210	16,365571	13,166776
372,00	20,142065	99,967605	100,080156	69,444448	68,191284	69,717890	68,950212	100,041986	100,059509	32,720596	32,542109	33,169115	32,934159	100,080156	16,019304	33,367798	14,239031	29,035196	14,232370	11,148988	18,240756	9,133634	18,380027	15,919256	23,570319	22,775808	34,607610	18,029247	30,556506	22,761792	32,234219	17,838010	28,047398	20,319931	33,374503	21,986394	37,293279	10,223851	16,166067	13,753200	20,262180	12,835252	15,985362	14,982349	17,295492	9,343555	16,522053	9,955614	16,600086	13,234456
374,00	20,451608	100,055718	99,976975	69,236296	67,960757	69,471860	68,763715	99,987340	100,033808	32,703075	32,661524	33,182243	33,052537	99,976975	15,776314	33,594143	14,063607	29,419449	14,014529	11,191728	18,496358	9,190314	18,646049	15,910035	23,799103	22,625919	34,854633	17,854881	30,958605	22,612509	32,391018	17,552285	28,380418	19,954057	33,755168	21,725056	37,744197	10,221133	16,368827	13,713811	20,380475	12,795246	16,142897	15,011930	17,440817	9,304957	16,728374	9,886146	16,975901	13,179553
376,00	20,687303	100,198781	100,192559	69,215220	68,064559	69,269210	68,674111	100,028336	100,043738	32,829630	32,708886	33,219922	33,063039	100,192559	15,624982	33,938634	13,898998	29,748580	13,911772	11,191578	18,690473	9,212884	18,856299	15,869847	23,972325	22,517397	35,063282	17,638263	31,150857	22,545980	32,659078	17,372595	28,678632	19,652028	34,108579	21,467209	38,200083	10,271928	16,497216	13,721918	20,536941	12,792407	16,308507	15,068953	17,662960	9,322550	16,972490	9,858114	17,235026	13,171591
378,00	20,928827	100,132203	100,047123	69,136053	67,895621	69,283885	68,651551	99,985880	100,020802	32,828581	32,837066	33,301535	33,137313	100,047123	15,548028	34,179652	13,791753	30,044821	13,773735	11,199468	18,911909	9,257319	19,053541	15,808059	24,149683	22,369939	35,118270	17,482844	31,265080	22,513060	32,834184	17,175247	28,935829	19,377635	34,491581	21,157764	38,544428	10,329060	16,668884	13,738118	20,707089	12,794715	16,449183	15,118811	17,822903	9,324145	17,189994	9,829397	17,469931	13,195211
380,00	21,180934	100,051117	100,004578	68,988436	67,674655	69,092512	68,536866	99,974805	100,051117	32,917455	32,876793	33,400908	33,253825	100,004578	15,465838	34,493187	13,714330	30,311644	13,681459	11,232322	19,091164	9,318865	19,303399	15,732670	24,339351	22,255360	35,293439	17,381130	31,375933	22,448947	33,029252	16,962931	29,268229	19,122952	34,789628	20,977081	38,848317	10,383665	16,816618	13,721952	20,886000	12,779008	16,662422	15,162568	17,998485	9,312959	17,413482	9,828769	17,755972	13,198042
382,00	21,381779	99,957216	100,092447	68,800169	67,740715	68,958110	68,543816	100,076747	99,969041	33,004150	32,955065	33,450186	33,298099	100,092447	15,410703	34,788024	13,675322	30,670160	13,655746	11,273007	19,305234	9,400132	19,523793	15,723860	24,533503	22,126684	35,446757	17,269760	31,561944	22,462772	33,251446	16,847152	29,542229	18,912974	35,146663	20,804991	39,225796	10,468811	16,973530	13,777408	21,041714	12,795578	16,839573	15,233639	18,170652	9,344988	17,616007	9,852117	18,008047	13,201770
384,00	21,630718	100,048637	99,929160	68,804139	67,593086	68,880242	68,345118	99,987549	100,050473	33,090296	33,000848	33,487746	33,330098	99,929160	15,455896	35,061213	13,724796	31,001562	13,667484	11,371014	19,518133	9,473098	19,699851	15,759461	24,708807	22,074537	35,563964	17,225629	31,731480	22,497992	33,408797	16,736856	29,774761	18,768936	35,521472	20,672116	39,539844	10,541370	17,111631	13,803056	21,196656	12,847316	16,997294	15,349619	18,353219	9,375121	17,845099	9,853193	18,295451	13,272844
386,00	21,838878	99,989617	99,846655	68,739992	67,483729	68,837464	68,204689	100,084245	100,012004	33,161572	33,082616	33,604300	33,412972	99,846655	15,472002	35,315692	13,729802	31,331345	13,692030	11,468231	19,720601	9,566563	19,923921	15,785119	24,900159	22,040506	35,728872	17,136425	31,869295	22,559686	33,632398	16,666347	30,079859	18,641719	35,783041	20,583335	39,829844	10,628462	17,268749	13,868299	21,346019	12,924661	17,156094	15,458086	18,557839	9,443536	18,056238	9,900784	18,511929	13,326147
388,00	22,070858	100,117958	99,913406	68,699247	67,359233	68,722922	68,157119	100,106156	100,068521	33,238012	33,168143	33,676165	33,497083	99,913406	15,540533	35,667723	13,829504	31,656456	13,784225	11,564235	19,968341	9,673368	20,190682	15,799536	25,075841	21,997055	35,856307	17,135300	32,083684	22,583695	33,824462	16,635983	30,392042	18,552083	36,178645	20,504336	40,167561	10,700515	17,425230	13,902986	21,521914	12,965570	17,376703	15,532658	18,747784	9,489513	18,279049	9,926074	18,790609	13,382781
390,00	22,259228	99,916559	99,959326	68,586850	67,366827	68,622237	68,125463	100,133944	99,940252	33,296391	33,227339	33,683407	33,582985	99,959326	15,584049	35,951096	13,861902	32,016355	13,852026	11,616513	20,165868	9,726021	20,383362	15,843795	25,281698	21,944119	36,066300	17,054634	32,271940	22,625813	34,107172	16,563056	30,647987	18,440937	36,524183	20,379736	40,545323	10,795762	17,590189	13,950479	21,650058	12,992154	17,516154	15,647453	18,911071	9,529750	18,456827	9,975574	19,022226	13,438202
392,00	22,527717	100,037014	100,015116	68,568456	67,336047	68,604761	68,089652	100,031328	99,873877	33,306468	33,261150	33,757269	33,625239	100,015116	15,667613	36,283141	13,931030	32,327974	13,893501	11,695485	20,373131	9,831504	20,574173	15,871544	25,491247	21,969081	36,229905	17,087680	32,420433	22,707413	34,315556	16,514017	30,932763	18,346918	36,853302	20,351830	40,862843	10,863023	17,752436	13,984318	21,815947	13,046996	17,727913	15,716259	19,089054	9,567457	18,685313	10,020051	19,246440	13,470790
394,00	22,694176	100,090599	99,961114	68,476844	67,237645	68,575686	67,986649	100,165164	99,953544	33,419633	33,379075	33,866864	33,683792	99,961114	15,716289	36,593872	14,012097	32,624581	13,984323	11,796854	20,583287	9,921636	20,801835	15,934435	25,706953	21,938336	36,403897	17,066276	32,624453	22,776924	34,528503	16,480882	31,173950	18,253590	37,173593	20,282918	41,169861	10,940883	17,878956	14,067481	22,004725	13,115692	17,884071	15,826778	19,286814	9,611316	18,873473	10,053041	19,496453	13,543741
396,00	22,908185	100,008655	100,018096	68,350303	67,175502	68,425661	67,866927	100,193572	99,974394	33,486459	33,416316	33,967105	33,762753	100,018096	15,740770	36,886227	14,021590	32,914948	14,008553	11,846271	20,764419	9,986302	20,980118	15,975046	25,897071	21,895534	36,566228	17,041570	32,801360	22,812831	34,776011	16,407184	31,483558	18,109480	37,550235	20,186681	41,505638	11,038042	18,011256	14,079165	22,167477	13,155515	18,074885	15,918937	19,468632	9,674416	19,064526	10,125496	19,707307	13,610500
398,00	23,146223	100,073063	100,034046	68,320757	67,082292	68,447375	67,812157	100,088167	99,959475	33,517396	33,480576	34,005809	33,811963	100,034046	15,740843	37,153089	14,054035	33,264551	14,043584	11,880753	20,980462	10,038978	21,214913	15,983990	26,103652	21,906263	36,753428	16,999933	32,928771	22,864172	34,995353	16,369863	31,744054	17,974204	37,859511	20,074461	41,762552	11,087846	18,156059	14,097656	22,309271	13,158335	18,216163	15,993784	19,618762	9,679740	19,258171	10,148497	19,931877	13,614629
400,00	23,362610	100,062490	99,864626	68,252891	66,978270	68,353736	67,732167	100,088370	100,009644	33,603793	33,578196	34,041253	33,868065	99,864626	15,669416	37,416208	14,014491	33,534443	14,013141	11,922347	21,184501	10,067411	21,417943	16,002034	26,300332	21,831781	36,894971	16,938525	33,118099	22,856836	35,183582	16,233698	31,946456	17,789042	38,102651	19,898306	42,078999	11,129430	18,339355	14,134261	22,502655	13,207711	18,381400	16,085105	19,841807	9,695178	19,501998	10,145692	20,182499	13,654414
402,00	23,541409	100,140762	99,933761	68,235242	66,881633	68,277967	67,625695	100,108731	99,996221	33,687758	33,636233	34,149277	33,933404	99,933761	15,609790	37,751946	13,948689	33,862594	13,913965	11,928689	21,385173	10,081813	21,603441	15,951791	26,497144	21,747543	37,100396	16,838351	33,308560	22,866778	35,419461	16,075625	32,256785	17,548998	38,417235	19,673754	42,405412	11,169738	18,491514	14,158641	22,610058	13,229702	18,524748	16,101760	19,990665	9,690651	19,648261	10,130966	20,370938	13,616127
404,00	23,726484	100,080550	99,938661	68,131751	66,830981	68,211037	67,552954	99,987501	99,997276	33,668283	33,690533	34,147888	34,007061	99,938661	15,493597	38,048625	13,812144	34,177807	13,800302	11,938784	21,593183	10,047633	21,827459	15,899129	26,700377	21,637154	37,248108	16,697218	33,499128	22,783159	35,650676	15,893556	32,477325	17,225114	38,717088	19,374637	42,683926	11,191525	18,630180	14,150740	22,782114	13,163476	18,739723	16,148947	20,169926	9,643889	19,862370	10,061176	20,566347	13,561742
406,00	23,908474	100,106764	100,006354	67,962313	66,803831	68,127000	67,535037	100,050867	99,997604	33,757377	33,715966	34,200844	34,045285	100,006354	15,296899	38,341036	13,636906	34,474659	13,623112	11,886031	21,766706	10,020375	22,020325	15,823607	26,924300	21,449882	37,465328	16,517279	33,709440	22,721118	35,860166	15,678605	32,766625	16,898453	39,057392	19,073021	43,052876	11,210059	18,745935	14,124309	22,964352	13,159393	18,908335	16,169213	20,338878	9,588168	20,054978	9,994327	20,848174	13,483366
408,00	24,085930	100,025952	100,003004	67,884272	66,720092	68,006676	67,438072	100,098205	99,930453	33,824530	33,778232	34,291649	34,123376	100,003004	15,074760	38,632619	13,433163	34,802568	13,406470	11,819895	21,982345	9,970797	22,212864	15,732725	27,137718	21,253629	37,664109	16,329388	33,920372	22,547318	36,080480	15,426803	33,042890	16,480754	39,367944	18,669000	43,309161	11,230199	18,912186	14,073260	23,134536	13,094723	19,063923	16,154069	20,509371	9,537236	20,222598	9,899265	21,030635	13,402893
410,00	24,351268	100,025439	100,017583	67,797530	66,720039	67,906988	67,413408	99,990845	99,989730	33,866704	33,851787	34,318697	34,198743	100,017583	14,845812	38,923177	13,221347	35,167336	13,192365	11,767597	22,175498	9,920040	22,431715	15,665874	27,344310	21,093336	37,850630	16,165370	34,201571	22,436124	36,319324	15,200943	33,294368	16,109513	39,679146	18,310603	43,607140	11,218069	19,071162	14,040360	23,294573	13,061169	19,269884	16,196258	20,678729	9,468266	20,458403	9,782410	21,208352	13,293247
412,00	24,496344	100,027227	99,942243	67,691332	66,562289	67,887324	67,218894	99,972391	100,009692	33,920234	33,940807	34,362680	34,242880	99,942243	14,661558	39,159584	13,029124	35,431263	13,035259	11,703036	22,384363	9,852808	22,619066	15,603153	27,551982	20,972380	38,049668	15,998366	34,387857	22,357301	36,514077	14,972323	33,524284	15,809280	39,950094	17,973320	43,853825	11,240748	19,205537	14,013776	23,479146	13,012303	19,456083	16,205738	20,887111	9,405600	20,678717	9,697762	21,454696	13,211018
414,00	24,725719	100,086582	100,000739	67,664254	66,434979	67,732102	67,200065	100,061500	100,064766	33,974421	33,982763	34,483257	34,300530	100,000739	14,508139	39,545396	12,869003	35,784313	12,863927	11,686467	22,557442	9,858478	22,832821	15,588504	27,809769	20,847216	38,249302	15,877098	34,602892	22,291118	36,814100	14,781784	33,863276	15,497291	40,301096	17,714435	44,157782	11,277886	19,388664	14,027786	23,658846	13,010131	19,664484	16,231354	21,069506	9,372346	20,884709	9,619860	21,664581	13,148630
416,00	24,919426	100,001991	99,999911	67,559761	66,400933	67,690474	67,119998	99,943787	99,984747	34,040740	34,017941	34,500119	34,352994	99,999911	14,395860	39,836764	12,762345	36,107716	12,774311	11,679470	22,750199	9,847656	23,037679	15,593931	28,077260	20,785064	38,490760	15,796940	34,891805	22,241135	37,075707	14,655367	34,174415	15,253460	40,615985	17,513180	44,480476	11,361159	19,528337	14,074324	23,833045	13,035402	19,848143	16,280890	21,297136	9,381908	21,082394	9,567480	21,846177	13,109860
418,00	25,120518	100,051057	99,975705	67,467290	66,349202	67,620969	67,003369	100,077879	100,041056	34,071299	34,078094	34,641761	34,419450	99,975705	14,394793	40,163431	12,719750	36,447677	12,719394	11,724713	22,990490	9,879743	23,241882	15,624945	28,280902	20,779796	38,689435	15,768234	35,168162	22,300926	37,359974	14,591639	34,479219	15,103297	40,998191	17,358555	44,773975	11,465133	19,687839	14,086550	24,046330	13,037767	20,071386	16,363655	21,477631	9,435706	21,270883	9,527730	22,105481	13,115296
420,00	25,291437	100,143683	100,049317	67,431617	66,299212	67,519629	66,971552	99,949700	100,033343	34,097776	34,100610	34,663665	34,435737	100,049317	14,371145	40,473485	12,738644	36,813644	12,748007	11,763277	23,190919	9,949178	23,465683	15,720849	28,545254	20,785449	38,950557	15,810169	35,413447	22,382084	37,611189	14,555596	34,756911	15,029494	41,269726	17,277855	45,126551	11,570788	19,852625	14,138237	24,201225	13,102643	20,263834	16,451646	21,670333	9,472136	21,500973	9,525113	22,302918	13,137896
422,00	25,495854	100,042081	100,079560	67,283523	66,223776	67,412210	66,861695	99,968266	99,895173	34,170419	34,146273	34,717387	34,488627	100,079560	14,401418	40,776616	12,765497	37,177861	12,757632	11,833004	23,374832	10,010874	23,680304	15,786520	28,815091	20,866182	39,227217	15,853660	35,737428	22,465053	37,907341	14,544955	35,114443	14,956075	41,624078	17,213616	45,468605	11,676936	19,995503	14,217496	24,399419	13,181722	20,472038	16,517919	21,841790	9,534188	21,721001	9,554551	22,528163	13,157648
424,00	25,698301	100,040030	100,018489	67,249680	66,194081	67,365563	66,825348	100,058389	100,015748	34,231362	34,236863	34,755206	34,544933	100,018489	14,459649	41,132098	12,821101	37,566701	12,814420	11,923430	23,595273	10,101471	23,886243	15,904087	29,066235	20,925786	39,454937	15,889001	36,029941	22,544822	38,184437	14,551631	35,462397	14,911717	42,018279	17,206968	45,746285	11,784421	20,190114	14,280395	24,597161	13,264638	20,709306	16,618063	22,044544	9,593339	21,946244	9,597885	22,722395	13,212088
426,00	25,899091	100,053906	99,943280	67,133468	66,049457	67,235446	66,738653	100,046527	99,948770	34,282067	34,243667	34,824094	34,580120	99,943280	14,515546	41,437462	12,855817	37,933549	12,816684	11,997671	23,794542	10,168701	24,117154	16,038798	29,343322	20,956524	39,700326	15,950648	36,346519	22,629669	38,451791	14,554726	35,766450	14,798796	42,344961	17,109185	46,063346	11,908207	20,355168	14,366926	24,776463	13,330109	20,882481	16,693591	22,241081	9,648473	22,158821	9,587938	22,969076	13,248622
428,00	26,141143	100,073624	99,982375	67,133188	65,994644	67,243457	66,678602	99,949384	99,932909	34,298569	34,323156	34,892997	34,665099	99,982375	14,522703	41,797143	12,827019	38,364089	12,819259	12,040585	24,015930	10,214307	24,333966	16,077323	29,629055	20,980744	39,978608	15,959339	36,632973	22,670776	38,774598	14,514449	36,071789	14,697485	42,754304	17,007755	46,406636	12,003603	20,525351	14,403926	24,944848	13,389207	21,105558	16,776249	22,436175	9,666803	22,352535	9,579710	23,193634	13,245086
430,00	26,352963	100,115597	99,981654	67,040926	65,920085	67,205220	66,630656	100,069499	100,020003	34,361646	34,380731	34,945706	34,703654	99,981654	14,453591	42,145619	12,787366	38,758159	12,765460	12,088437	24,259692	10,279121	24,579950	16,112417	29,927772	20,969447	40,271813	15,933956	36,952302	22,677349	39,049548	14,442299	36,448345	14,515896	43,092233	16,851334	46,712181	12,086307	20,710059	14,456211	25,156641	13,400657	21,354698	16,824053	22,661412	9,668331	22,604869	9,542570	23,451944	13,232179
432,00	26,528266	100,072837	100,024951	67,001921	65,860987	67,103559	66,520745	99,997067	100,022817	34,398150	34,464473	34,983283	34,760693	100,024951	14,371592	42,537236	12,686406	39,195943	12,681344	12,080304	24,480936	10,287890	24,830307	16,137949	30,230406	20,918022	40,492785	15,890004	37,308723	22,685516	39,400044	14,335459	36,799967	14,304666	43,448532	16,652130	46,989903	12,155642	20,895618	14,471690	25,356656	13,409349	21,607234	16,879612	22,887862	9,670572	22,809662	9,492537	23,649436	13,189001
434,00	26,748863	100,093448	100,034285	66,982943	65,815133	67,048526	66,449946	100,116491	100,046265	34,484309	34,483218	35,068044	34,821072	100,034285	14,287259	42,895389	12,589122	39,584750	12,577151	12,106308	24,728745	10,337374	25,080085	16,150708	30,521467	20,870152	40,830883	15,828431	37,645638	22,654004	39,699429	14,211835	37,153375	14,103714	43,830165	16,463457	47,365847	12,239340	21,081711	14,505553	25,553298	13,432318	21,815237	16,921704	23,085135	9,662279	23,060551	9,438124	23,860107	13,163382
436,00	26,950198	100,037098	100,027788	66,852683	65,759242	66,957426	66,414434	100,028384	100,031292	34,541938	34,553525	35,089988	34,866568	100,027788	14,261271	43,284693	12,549791	40,029371	12,550899	12,146577	24,947721	10,363483	25,304475	16,226886	30,857062	20,854239	41,136941	15,815142	37,997746	22,680855	40,027541	14,127690	37,508765	13,954762	44,180873	16,342133	47,661853	12,323375	21,253343	14,551176	25,731406	13,455755	22,068569	16,998835	23,301978	9,660098	23,278336	9,419504	24,092914	13,150169
438,00	27,118450	100,074613	99,964976	66,754931	65,647209	66,899520	66,360998	100,114536	99,941617	34,582958	34,568778	35,155913	34,912449	99,964976	14,293270	43,618724	12,591630	40,458736	12,576783	12,207902	25,145096	10,430661	25,537944	16,352960	31,161961	20,926103	41,401136	15,869850	38,330996	22,820976	40,319061	14,150402	37,844223	13,904448	44,502848	16,281252	48,001346	12,440180	21,433851	14,635342	25,931734	13,559487	22,253157	17,081508	23,502874	9,710510	23,463099	9,418035	24,331227	13,171382
440,00	27,333003	100,051391	99,988371	66,705382	65,617311	66,820616	66,277868	100,126123	99,911904	34,652755	34,637219	35,235742	34,919903	99,988371	14,457285	44,026479	12,737922	40,875247	12,724918	12,347064	25,397876	10,591742	25,797045	16,560289	31,478611	21,117657	41,690937	16,030866	38,667327	23,014019	40,630284	14,240314	38,217276	14,000221	44,919875	16,380030	48,304486	12,621833	21,606563	14,771512	26,132110	13,685681	22,486439	17,249259	23,729189	9,815159	23,706864	9,504947	24,543722	13,285343
442,00	27,515709	99,999666	100,000179	66,594452	65,529543	66,730726	66,231555	100,168908	99,943054	34,729204	34,707797	35,283363	34,991828	100,000179	14,789845	44,433171	13,038473	41,293326	13,028502	12,573010	25,608471	10,771417	26,030034	16,861466	31,806982	21,448687	41,998619	16,314188	39,055485	23,365824	40,985534	14,504513	38,630867	14,224650	45,269281	16,677797	48,608831	12,821375	21,821198	14,942448	26,302525	13,881807	22,734265	17,430462	23,929438	9,980301	23,924527	9,661879	24,755122	13,460752
444,00	27,733636	99,933511	100,036299	66,500449	65,471953	66,638899	66,137117	100,095403	99,964631	34,733593	34,751260	35,295922	35,065615	100,036299	15,272999	44,828901	13,503075	41,698825	13,512520	12,872308	25,843200	11,073823	26,282758	17,300363	32,137212	21,921803	42,318413	16,753407	39,380622	23,818438	41,312030	14,915054	38,961557	14,671740	45,598575	17,139491	48,888838	13,088262	22,023459	15,186441	26,533097	14,160465	22,950256	17,677662	24,178296	10,234161	24,145213	9,906431	25,010952	13,747557
446,00	27,883381	99,954385	100,025189	66,402024	65,444160	66,527581	66,131562	100,105011	99,971098	34,772822	34,812644	35,375416	35,126281	100,025189	15,929538	45,165050	14,152345	42,130303	14,159688	13,275467	26,066989	11,444198	26,507080	17,862059	32,460448	22,520299	42,653543	17,352991	39,805618	24,410009	41,644043	15,483817	39,362529	15,265328	45,941657	17,806420	49,226433	13,404146	22,177187	15,494320	26,743278	14,488930	23,178235	17,978972	24,359153	10,569564	24,386087	10,234493	25,231647	14,100094
448,00	28,086409	99,978507	100,029135	66,342145	65,399879	66,468668	66,086179	100,105476	99,984986	34,876806	34,858310	35,424259	35,159019	100,029135	16,701996	45,540887	14,968993	42,503843	14,926268	13,744859	26,290905	11,885610	26,727402	18,479414	32,769158	23,229785	42,931211	18,036129	40,140671	25,099844	41,949433	16,191746	39,661533	15,987150	46,291074	18,608293	49,503747	13,758689	22,386113	15,879208	26,933241	14,894994	23,405899	18,317123	24,568197	10,975924	24,584784	10,638178	25,459260	14,523785
450,00	28,285900	100,050175	99,998826	66,303843	65,280306	66,498256	65,956771	100,070107	100,008702	34,875423	34,927595	35,456493	35,246769	99,998826	17,560238	45,875409	15,787284	42,875254	15,774949	14,192367	26,529673	12,303629	26,932362	19,150484	33,071291	23,993374	43,191719	18,788676	40,458816	25,792593	42,210180	16,954252	40,048534	16,804302	46,618861	19,460480	49,721715	14,099941	22,567441	16,223535	27,133265	15,281975	23,618382	18,631715	24,770233	11,375383	24,804504	11,014886	25,692856	14,931767
452,00	28,475538	100,034678	100,061440	66,271955	65,285140	66,364759	65,876359	100,154030	99,966341	34,952044	34,967181	35,541967	35,272563	100,061440	18,368973	46,237019	16,603471	43,220702	16,619442	14,633538	26,722908	12,722868	27,121609	19,810165	33,381566	24,705519	43,505040	19,491690	40,762872	26,436168	42,559859	17,712155	40,392503	17,524855	46,873724	20,300986	49,990523	14,446324	22,734696	16,586316	27,321935	15,689346	23,846735	18,956198	24,972114	11,804333	24,995999	11,408638	25,890628	15,354006
454,00	28,632507	100,011683	100,067091	66,192210	65,232301	66,330874	65,876007	100,087559	99,977702	35,002378	35,038239	35,566688	35,354891	100,067091	19,164242	46,538794	17,398319	43,559676	17,403752	15,059951	26,946852	13,114405	27,350253	20,434807	33,709729	25,392801	43,804610	20,184669	41,143310	27,023461	42,820862	18,457596	40,757006	18,266264	47,172138	21,093516	50,268346	14,779843	22,922793	16,923353	27,533266	16,049407	24,067169	19,237043	25,161812	12,195335	25,199360	11,748097	26,105681	15,730907
456,00	28,803155	100,057137	100,026500	66,098714	65,131301	66,244286	65,759939	100,105715	100,033319	35,033306	35,099790	35,626966	35,383406	100,026500	19,825296	46,876916	18,053323	43,889415	18,070562	15,414354	27,152136	13,451879	27,573293	20,976448	34,018779	26,002166	44,066215	20,830134	41,429448	27,548975	43,100917	19,103971	41,078648	18,871851	47,477227	21,740250	50,493926	15,057339	23,125738	17,210171	27,702770	16,384181	24,295329	19,527969	25,356862	12,547842	25,406024	12,058819	26,313338	16,050655
458,00	28,964993	100,039625	100,002575	66,078401	65,046751	66,193944	65,714437	100,088286	99,970889	35,104966	35,133052	35,709041	35,456109	100,002575	20,347509	47,188407	18,614614	44,182330	18,586129	15,693046	27,352005	13,733506	27,762869	21,422482	34,318313	26,490474	44,394517	21,317528	41,744298	27,956298	43,377575	19,644147	41,426265	19,380794	47,743738	22,280304	50,712782	15,315326	23,285536	17,462224	27,884701	16,640086	24,489023	19,740419	25,513777	12,842719	25,579968	12,297025	26,512951	16,319539
460,00	29,147080	99,917215	100,015628	65,944499	65,012962	66,109967	65,696853	100,099277	100,021732	35,138234	35,206413	35,732096	35,476893	100,015628	20,768198	47,455907	19,011709	44,507521	19,024895	15,928859	27,534750	13,951491	27,962682	21,800877	34,619907	26,890045	44,658262	21,717684	42,059085	28,327549	43,643403	20,056643	41,715866	19,773631	48,013049	22,676705	50,922936	15,520483	23,458606	17,670074	28,084245	16,872707	24,687371	19,933453	25,710842	13,090454	25,789911	12,506616	26,691574	16,565223
462,00	29,304817	100,009406	99,969071	65,916806	64,929229	66,044027	65,605158	100,021434	100,036645	35,191041	35,237235	35,763267	35,564506	99,969071	21,125850	47,745293	19,376092	44,747216	19,369845	16,118020	27,751514	14,126150	28,146493	22,139715	34,921268	27,260253	44,897902	22,096974	42,342654	28,683424	43,934795	20,436676	42,011270	20,116010	48,276365	23,090327	51,137257	15,728830	23,648147	17,847395	28,262001	17,071958	24,903502	20,089504	25,863880	13,303463	25,959367	12,696715	26,900747	16,761589
464,00	29,474097	100,040364	99,955714	65,842146	64,796102	65,951079	65,497255	100,045609	99,990022	35,253263	35,306859	35,841927	35,607088	99,955714	21,398380	47,982255	19,628464	45,035297	19,643441	16,308112	27,941412	14,282723	28,323886	22,442874	35,228154	27,546853	45,202100	22,390486	42,651212	28,942800	44,116324	20,749786	42,282182	20,394538	48,483998	23,368256	51,325768	15,920378	23,803693	18,012685	28,436777	17,280537	25,097874	20,260465	26,081640	13,483094	26,173019	12,854287	27,077398	16,932862
466,00	29,603672	100,028932	99,953896	65,785909	64,730763	65,890485	65,445638	99,983537	99,994868	35,286275	35,345423	35,922131	35,694295	99,953896	21,657592	48,285720	19,884253	45,331582	19,869064	16,461469	28,121248	14,472248	28,497553	22,763520	35,514909	27,837217	45,442182	22,694029	42,917752	29,233944	44,379807	21,008238	42,581022	20,655774	48,750535	23,687494	51,510483	16,103449	23,991542	18,182600	28,633469	17,450792	25,292906	20,441116	26,236650	13,657327	26,354083	13,008909	27,241421	17,110257
468,00	29,785120	100,059080	99,965429	65,724665	64,643884	65,799403	65,346068	100,014794	100,034308	35,371470	35,404381	35,987037	35,745144	99,965429	21,889600	48,525769	20,116308	45,563102	20,110889	16,648787	28,302488	14,626868	28,648645	23,048034	35,826910	28,161311	45,727500	22,969693	43,189991	29,522473	44,625619	21,247235	42,849904	20,899738	48,980176	23,939826	51,725757	16,306666	24,146566	18,342924	28,818065	17,616490	25,456238	20,602582	26,398671	13,827430	26,540476	13,177903	27,439415	17,294484
470,00	29,913116	100,108063	100,003195	65,667325	64,630526	65,724587	65,361387	99,997747	99,994951	35,425603	35,438815	35,999212	35,773641	100,003195	22,124533	48,816717	20,370837	45,877019	20,359173	16,813722	28,473645	14,777566	28,804499	23,355934	36,120379	28,392175	46,006629	23,236032	43,512198	29,840869	44,889775	21,490116	43,104544	21,155812	49,206597	24,230874	51,939994	16,486068	24,326029	18,498105	28,978121	17,802972	25,645468	20,762119	26,576594	13,979684	26,697239	13,344313	27,543443	17,472106
472,00	30,033696	100,073910	100,053489	65,643919	64,563894	65,674746	65,272117	99,973661	100,008285	35,434699	35,480344	36,046800	35,846052	100,053489	22,380742	49,043024	20,594482	46,150920	20,597705	16,962440	28,648308	14,916438	28,964052	23,649606	36,423138	28,723195	46,272364	23,532395	43,805313	30,120203	45,126167	21,715780	43,385288	21,423410	49,446356	24,501888	52,137667	16,681543	24,473645	18,654121	29,155797	17,962158	25,834456	20,917982	26,727313	14,127199	26,859772	13,480079	27,718270	17,610638
474,00	30,172151	99,997765	100,055933	65,578139	64,518511	65,624452	65,211397	99,920654	99,982309	35,472721	35,555768	36,094144	35,867169	100,055933	22,620603	49,278146	20,831221	46,393520	20,852448	17,107791	28,811997	15,096505	29,125795	23,966144	36,735791	29,023197	46,490052	23,794401	44,044989	30,391315	45,378581	21,947102	43,633449	21,671560	49,645495	24,781826	52,332592	16,871607	24,663553	18,819736	29,300219	18,150763	25,963214	21,082336	26,860520	14,281595	27,028188	13,622263	27,865994	17,768744
476,00	30,348593	100,106645	100,053930	65,531784	64,455909	65,600258	65,152061	99,968988	100,046539	35,522830	35,581070	36,145452	35,956270	100,053930	22,892246	49,533024	21,088138	46,657878	21,094851	17,277595	28,988704	15,248348	29,292911	24,316251	36,999139	29,364991	46,751133	24,097075	44,283244	30,704507	45,580250	22,148009	43,866807	21,916932	49,875164	25,020161	52,487671	17,080049	24,831125	19,014341	29,490188	18,314241	26,155365	21,235602	27,026612	14,427279	27,184513	13,762917	28,035837	17,921259
478,00	30,461478	100,013006	100,060010	65,437335	64,404488	65,520459	65,085483	100,028741	100,021374	35,616606	35,647097	36,225682	35,993749	100,060010	23,121621	49,772149	21,307716	46,913990	21,316224	17,456946	29,170400	15,403080	29,441521	24,603882	37,280723	29,629537	46,958619	24,381870	44,507274	30,946571	45,843461	22,341499	44,150856	22,151886	50,069332	25,262970	52,683353	17,250143	24,985722	19,176704	29,610628	18,490028	26,311395	21,404663	27,187872	14,575495	27,329600	13,917361	28,192973	18,087387
480,00	30,601001	100,062013	100,004005	65,385002	64,328748	65,422004	65,042359	100,044131	99,974871	35,673672	35,702920	36,314237	36,041167	100,004005	23,351851	49,970445	21,518448	47,110909	21,516955	17,616019	29,310137	15,523329	29,613861	24,902073	37,584931	29,924887	47,217789	24,617752	44,733706	31,218258	46,015626	22,547056	44,355834	22,358324	50,281852	25,492471	52,839577	17,447123	25,151503	19,361190	29,770869	18,647349	26,456046	21,548231	27,315295	14,730956	27,488473	14,045326	28,343269	18,229771
482,00	30,715469	100,039899	99,976611	65,347636	64,273745	65,392649	64,944613	100,012541	99,966866	35,728168	35,737932	36,346820	36,075342	99,976611	23,546709	50,187939	21,724623	47,341311	21,726218	17,761515	29,480615	15,678072	29,765257	25,182569	37,860650	30,187392	47,438633	24,866813	44,971335	31,456804	46,245775	22,743009	44,585550	22,561644	50,491452	25,698167	52,991629	17,605373	25,306991	19,502109	29,938790	18,804663	26,616883	21,713202	27,477998	14,857602	27,634934	14,160369	28,483564	18,373592
484,00	30,823609	100,038064	99,993902	65,242845	64,194542	65,337747	64,895415	100,052905	99,985391	35,746515	35,781536	36,401561	36,134902	99,993902	23,746416	50,448400	21,899065	47,579736	21,896867	17,893592	29,613248	15,799373	29,912552	25,423279	38,156986	30,384415	47,652218	25,104144	45,194390	31,685588	46,462396	22,908306	44,847137	22,731274	50,682914	25,871757	53,135240	17,768925	25,475284	19,659957	30,082244	18,949345	26,804993	21,837230	27,621675	14,992923	27,789158	14,282660	28,626615	18,491784
486,00	30,975065	100,067532	99,985588	65,167338	64,112681	65,305173	64,870524	100,020182	99,949491	35,765803	35,822713	36,414444	36,173359	99,985588	23,920991	50,626123	22,060667	47,825775	22,070263	18,017855	29,808080	15,923226	30,089423	25,640029	38,460681	30,636537	47,884923	25,320381	45,396355	31,893307	46,654293	23,136082	45,061120	22,921875	50,847906	26,065528	53,295380	17,903562	25,628746	19,794825	30,245256	19,105630	26,943550	21,977858	27,789184	15,143724	27,936050	14,379212	28,739318	18,603949
488,00	31,114760	100,059617	99,987620	65,136820	64,062309	65,230292	64,783788	100,085104	100,055313	35,821474	35,890290	36,492479	36,249772	99,987620	24,079877	50,831789	22,241108	48,050320	22,228800	18,157455	29,965824	16,050850	30,289415	25,861463	38,744682	30,846748	48,057356	25,518900	45,620641	32,120368	46,864644	23,356541	45,255622	23,124070	51,050860	26,280656	53,483623	18,052055	25,799364	19,930962	30,391696	19,232860	27,117753	22,111689	27,964061	15,290032	28,098369	14,505674	28,922972	18,763992
490,00	31,261501	100,086927	99,999052	65,071142	64,035851	65,171522	64,712709	100,056660	99,988443	35,914201	35,955781	36,543155	36,305574	99,999052	24,260825	51,106632	22,392772	48,334017	22,414574	18,299575	30,120045	16,185980	30,411091	26,080295	39,062265	31,065041	48,319730	25,759703	45,827925	32,326707	47,121039	23,567961	45,531404	23,357509	51,232082	26,520324	53,608477	18,194793	25,959677	20,089434	30,530167	19,391324	27,255392	22,261143	28,104097	15,444581	28,259784	14,637063	29,067382	18,920659
492,00	31,393924	100,006032	99,991691	64,999372	63,968629	65,122795	64,688134	100,073397	99,973905	35,954013	35,993281	36,598837	36,345798	99,991691	24,406835	51,349860	22,537132	48,556370	22,564083	18,423890	30,313137	16,315036	30,569145	26,262948	39,371970	31,256038	48,525932	25,944272	46,033284	32,542375	47,305548	23,814124	45,726857	23,597150	51,405251	26,763994	53,748643	18,333977	26,133353	20,212278	30,689380	19,522771	27,418736	22,404596	28,262919	15,606822	28,424123	14,787166	29,221731	19,067799
494,00	31,508702	99,949700	99,998766	64,896768	63,936454	65,028262	64,576006	100,066733	100,067055	35,977876	36,078319	36,658794	36,379737	99,998766	24,586700	51,516765	22,734477	48,805213	22,756231	18,573830	30,482596	16,462205	30,748844	26,485908	39,627475	31,467813	48,728120	26,174825	46,221837	32,774508	47,487956	24,082783	45,899117	23,894162	51,555395	27,027512	53,872538	18,490176	26,324290	20,363560	30,853489	19,692010	27,552629	22,560142	28,410247	15,773641	28,554124	14,950681	29,340893	19,257516
496,00	31,626678	100,034213	99,984688	64,887321	63,847238	65,029246	64,531970	100,054586	100,027847	36,044103	36,105254	36,690736	36,457801	99,984688	24,842969	51,722586	22,968312	48,974133	22,985801	18,715662	30,615473	16,607314	30,880406	26,729754	39,912063	31,754777	48,912078	26,466337	46,419391	33,090603	47,678468	24,394017	46,114427	24,248922	51,716977	27,387959	54,026020	18,645839	26,481545	20,534156	30,961114	19,854502	27,721855	22,733568	28,564835	15,968262	28,703654	15,151367	29,481286	19,459879
498,00	31,762996	99,958265	100,009811	64,805311	63,807297	64,935988	64,505506	100,109005	100,009453	36,101180	36,156863	36,738151	36,492851	100,009811	25,080580	51,996946	23,195449	49,242303	23,245676	18,900116	30,773696	16,794759	31,019509	27,028644	40,217078	32,054180	49,149039	26,740983	46,628588	33,395854	47,916865	24,729577	46,330395	24,640712	51,893824	27,766687	54,172701	18,820721	26,639920	20,699015	31,116080	20,039594	27,867553	22,919908	28,688204	16,164702	28,818730	15,381710	29,610538	19,689070
500,00	31,879151	100,022984	99,979246	64,808136	63,785726	64,931524	64,427233	100,075340	99,989241	36,129022	36,209324	36,801457	36,576071	99,979246	25,398540	52,167809	23,532447	49,451315	23,559824	19,104046	30,943829	17,003831	31,196907	27,352458	40,534157	32,385808	49,328768	27,107775	46,798968	33,778536	48,085973	25,128329	46,532321	25,071371	52,070338	28,222704	54,276335	19,004010	26,787168	20,886743	31,260249	20,259485	28,015551	23,128228	28,862515	16,411529	28,993267	15,610357	29,765350	19,937477
502,00	32,002866	99,963707	100,023413	64,691061	63,695765	64,846563	64,376986	100,067937	100,012362	36,192018	36,284265	36,868590	36,586934	100,023413	25,738126	52,350795	23,879918	49,639371	23,888655	19,319952	31,094518	17,192656	31,333274	27,729413	40,819389	32,740688	49,558222	27,480647	47,006267	34,117517	48,281324	25,541407	46,677321	25,591281	52,215129	28,729436	54,396725	19,238892	26,990920	21,112260	31,417602	20,477703	28,182489	23,313995	29,016763	16,645151	29,142699	15,866664	29,890698	20,197348
504,00	32,136348	100,029802	99,979544	64,642596	63,644451	64,787591	64,316648	100,063944	100,044250	36,266387	36,342156	36,908969	36,661461	99,979544	26,160586	52,532887	24,278809	49,847096	24,298614	19,574010	31,260028	17,438643	31,496167	28,140929	41,120651	33,180991	49,736911	27,944297	47,169763	34,509888	48,505792	25,970659	46,901467	26,145327	52,356189	29,288453	54,530406	19,462208	27,161971	21,334305	31,525227	20,718817	28,325668	23,527266	29,152608	16,908520	29,301840	16,146190	30,033025	20,486483
506,00	32,237187	99,995100	100,082314	64,599001	63,632679	64,714926	64,243108	100,084794	99,972320	36,297077	36,343506	36,941090	36,665046	100,082314	26,640329	52,806598	24,726543	50,052017	24,800089	19,856611	31,365547	17,691924	31,606436	28,606069	41,455081	33,631620	49,998370	28,416196	47,371519	34,945053	48,698264	26,498640	47,117573	26,745874	52,568847	29,874137	54,717237	19,708815	27,288795	21,564323	31,668627	20,962845	28,448239	23,763566	29,312399	17,182246	29,394904	16,436666	30,152914	20,779693
508,00	32,349288	99,972016	100,009835	64,573747	63,581735	64,661753	64,193189	100,147259	100,011039	36,373797	36,416936	37,016675	36,717796	100,009835	27,143118	52,944595	25,254765	50,204927	25,296628	20,126061	31,519175	17,987975	31,751350	29,060078	41,709241	34,103146	50,134021	28,909245	47,522748	35,396567	48,882520	26,981342	47,332916	27,371085	52,677655	30,463821	54,832190	19,976634	27,452216	21,831582	31,816593	21,238485	28,592300	24,020129	29,425868	17,462549	29,544112	16,740197	30,274945	21,102884
510,00	32,483208	99,956954	99,985170	64,517105	63,488364	64,610428	64,131439	100,151908	100,016749	36,428836	36,452594	37,089679	36,771694	99,985170	27,678439	53,129411	25,809723	50,404292	25,842759	20,422137	31,667066	18,297504	31,868336	29,558846	42,003739	34,601548	50,318080	29,413170	47,722274	35,840997	49,019530	27,524334	47,472909	28,006124	52,805871	31,064343	54,953068	20,243715	27,642992	22,098593	31,935346	21,515933	28,751829	24,238183	29,571182	17,725581	29,699025	17,047460	30,404481	21,389650
512,00	32,580221	99,992406	99,964833	64,470464	63,420808	64,564931	64,058614	100,060177	99,991906	36,457002	36,503965	37,132901	36,779237	99,964833	28,294668	53,266990	26,428044	50,565219	26,441437	20,758624	31,818989	18,587090	32,048321	30,091152	42,337695	35,101068	50,525606	29,963499	47,853070	36,311471	49,223712	28,059959	47,622845	28,626579	52,946180	31,684008	55,033273	20,508823	27,775514	22,346552	32,057044	21,773711	28,860903	24,478598	29,701865	18,018532	29,818636	17,335042	30,520803	21,701652
514,00	32,732394	99,998283	100,008702	64,411056	63,443023	64,482707	64,063299	100,047123	100,036108	36,467862	36,579382	37,170723	36,860368	100,008702	28,946871	53,492671	27,073571	50,795370	27,107820	21,074930	31,971577	18,917079	32,173839	30,641267	42,611846	35,646135	50,733918	30,496046	48,091757	36,753747	49,435243	28,623319	47,881278	29,295045	53,123653	32,343996	55,179119	20,775612	27,954823	22,607687	32,221669	22,039120	29,002357	24,682730	29,855940	18,298420	29,965970	17,645885	30,642954	21,983819
516,00	32,835418	100,081670	99,988061	64,356965	63,357443	64,449400	64,000010	100,099170	100,022566	36,564246	36,600503	37,249160	36,904031	99,988061	29,589331	53,647155	27,749765	50,959605	27,772984	21,396507	32,081699	19,255039	32,303852	31,147525	42,885685	36,174390	50,876909	31,072894	48,236862	37,204880	49,609563	29,245630	48,040399	29,999578	53,225118	32,993340	55,281943	21,059054	28,106609	22,896284	32,342914	22,318198	29,162642	24,917948	30,007532	18,605965	30,118433	17,949869	30,786943	22,308081
518,00	32,931447	100,073385	99,970275	64,320153	63,324183	64,437401	63,903582	100,072503	99,992812	36,605281	36,647022	37,300339	36,949065	99,970275	30,278525	53,806996	28,448322	51,136005	28,467968	21,749435	32,237297	19,602756	32,434073	31,730065	43,191606	36,732581	51,088840	31,670386	48,416641	37,692025	49,766982	29,831037	48,205349	30,657321	53,364998	33,620298	55,395281	21,343355	28,286350	23,155135	32,478631	22,595267	29,284850	25,136495	30,131203	18,901995	30,229920	18,255119	30,922848	22,574767
520,00	33,035100	100,065923	99,961853	64,209557	63,266844	64,339238	63,898730	100,056469	99,959475	36,667880	36,716688	37,316224	36,982882	99,961853	30,946228	53,998744	29,139605	51,337588	29,165885	22,098091	32,377088	19,954044	32,542211	32,249737	43,489990	37,292117	51,258332	32,235149	48,617637	38,117245	49,938402	30,452645	48,412323	31,383067	53,536987	34,262824	55,521470	21,594660	28,417176	23,403540	32,589370	22,873145	29,395610	25,377309	30,249831	19,199805	30,350426	18,569523	31,045750	22,890897
522,00	33,140337	100,056803	99,943835	64,217257	63,172352	64,333564	63,831192	100,030982	99,959493	36,712235	36,738586	37,389690	37,054509	99,943835	31,639665	54,125315	29,815108	51,488513	29,875168	22,453661	32,480475	20,319960	32,690898	32,808179	43,787852	37,851202	51,401824	32,871941	48,719805	38,574895	50,088620	31,152764	48,572114	32,129115	53,641754	34,977704	55,571276	21,872956	28,580916	23,698907	32,706305	23,179969	29,529417	25,601938	30,374289	19,539322	30,498818	18,908145	31,145176	23,199584
524,00	33,258593	100,001335	100,005221	64,068431	63,227898	64,225125	63,815331	100,055492	99,991626	36,728537	36,782512	37,392357	37,085286	100,005221	32,267192	54,345012	30,507958	51,713365	30,531365	22,771463	32,614970	20,656550	32,821068	33,335233	44,119564	38,395560	51,678967	33,415726	48,948824	38,988805	50,284272	31,809470	48,821217	32,904434	53,816789	35,673010	55,754352	22,128038	28,730226	23,962039	32,891011	23,446961	29,686844	25,828746	30,516878	19,838983	30,628899	19,229573	31,283373	23,524448
526,00	33,371839	100,017679	99,980825	64,032954	63,136697	64,115644	63,739318	100,103092	99,957746	36,790121	36,829081	37,499684	37,111491	99,980825	32,908928	54,453701	31,153148	51,853043	31,175902	23,077653	32,782519	21,005410	32,975551	33,862662	44,397223	38,932061	51,838136	34,009725	49,138486	39,484158	50,454926	32,511416	48,955926	33,673331	53,921521	36,403647	55,858231	22,373177	28,887734	24,252787	33,020958	23,724923	29,829183	26,054856	30,674791	20,200257	30,747485	19,591433	31,404647	23,876333
528,00	33,483380	100,092781	100,007105	64,014834	63,065177	64,132524	63,642162	100,080919	99,986017	36,863267	36,890659	37,488323	37,192899	100,007105	33,499992	54,659653	31,750941	52,042878	31,765485	23,379557	32,956597	21,316229	33,104697	34,376010	44,672385	39,460433	51,990545	34,601194	49,280182	39,907044	50,639117	33,204883	49,187917	34,504241	54,071295	37,162259	55,945879	22,631201	29,080737	24,458379	33,131105	24,013464	29,974863	26,270261	30,820119	20,545167	30,901006	19,969659	31,546184	24,218933
530,00	33,588412	100,058663	99,964118	63,942927	63,001418	64,074081	63,639009	100,039065	99,971098	36,885002	36,937839	37,566194	37,211505	99,964118	34,027898	54,788423	32,261476	52,210730	32,283860	23,691025	33,055010	21,611540	33,227691	34,833893	44,952643	39,930552	52,167630	35,167950	49,491867	40,354589	50,785553	33,924916	49,349236	35,345477	54,203445	37,909549	56,059128	22,883789	29,206970	24,752234	33,247784	24,295902	30,091268	26,525259	30,946311	20,890695	31,016615	20,313956	31,664822	24,568692
532,00	33,692780	100,076067	100,052333	63,919592	62,957942	64,022493	63,593048	100,117815	100,030470	36,944658	36,997452	37,633264	37,281740	100,052333	34,510705	54,957128	32,758850	52,359378	32,761794	23,932497	33,193734	21,876508	33,367512	35,302478	45,269161	40,428498	52,365303	35,659704	49,688494	40,841267	51,020235	34,656915	49,552941	36,189458	54,388738	38,650474	56,198263	23,125704	29,388216	24,970892	33,388364	24,532224	30,226147	26,747566	31,086573	21,213077	31,163308	20,665134	31,776178	24,883074
534,00	33,789271	100,020528	100,006557	63,831007	62,944603	63,943732	63,568711	100,136459	99,985242	37,003282	37,015069	37,695417	37,318859	100,006557	34,860516	55,154479	33,168939	52,581584	33,150470	24,168530	33,328706	22,118366	33,490112	35,707027	45,540765	40,887347	52,544361	36,172730	49,866727	41,214734	51,194495	35,295665	49,754950	37,020260	54,517674	39,396030	56,288809	23,361033	29,506525	25,195584	33,510518	24,797590	30,375201	26,972753	31,211564	21,557197	31,295770	21,053016	31,922844	25,248185
536,00	33,902568	100,017512	99,953890	63,778257	62,815630	63,922334	63,462102	100,023973	99,986809	37,005490	37,085477	37,706199	37,380141	99,953890	35,217446	55,275142	33,507770	52,711475	33,513650	24,399658	33,483461	22,319311	33,637550	36,098754	45,815265	41,343877	52,686387	36,676675	50,015754	41,666275	51,352364	35,957250	49,903601	37,822402	54,616463	40,131611	56,406933	23,546641	29,683656	25,391841	33,633175	25,023410	30,550992	27,186441	31,382918	21,839021	31,442881	21,407218	32,036769	25,569192
538,00	34,040442	100,046885	99,980825	63,694787	62,782115	63,778043	63,415658	100,010049	100,023329	37,048697	37,112331	37,711871	37,476844	99,980825	35,479790	55,420619	33,729061	52,891362	33,719930	24,549966	33,622414	22,478367	33,748195	36,428016	46,099979	41,697815	52,864623	37,090170	50,200939	42,047223	51,530486	36,558810	50,095409	38,594255	54,743767	40,763980	56,505036	23,743625	29,874080	25,573564	33,795440	25,214452	30,706871	27,354428	31,521726	22,095940	31,565332	21,695021	32,201853	25,860760
540,00	34,133449	99,996537	100,031388	63,622153	62,738752	63,708091	63,356251	100,088000	99,966055	37,094414	37,183192	37,769735	37,483418	100,031388	35,692802	55,607516	33,937934	53,085840	33,934030	24,734324	33,748233	22,656757	33,870211	36,786637	46,409121	42,039651	53,048342	37,468570	50,390643	42,384967	51,673347	37,117288	50,269026	39,284989	54,883999	41,420355	56,615925	23,928304	30,008942	25,735754	33,910838	25,416428	30,820149	27,568504	31,637543	22,359012	31,697273	22,021478	32,324219	26,140320
542,00	34,249493	100,048721	99,988139	63,552433	62,707365	63,690615	63,315982	100,016224	100,029182	37,135521	37,235093	37,769538	37,579784	99,988139	35,875276	55,744100	34,147298	53,242713	34,117809	24,851193	33,879784	22,779071	34,012648	37,073693	46,655625	42,385334	53,180575	37,802532	50,553906	42,756531	51,850116	37,617618	50,449640	39,954141	54,991847	41,957864	56,705058	24,081835	30,165756	25,875852	34,033242	25,579116	30,942500	27,735141	31,788668	22,587955	31,847942	22,273961	32,418460	26,382148
544,00	34,339038	100,065708	99,991590	63,528740	62,633389	63,713634	63,253129	100,061727	100,001442	37,191427	37,273568	37,848109	37,588301	99,991590	36,078587	55,888551	34,336871	53,389913	34,326407	24,992968	34,005696	22,927675	34,130216	37,338084	46,946609	42,665586	53,319687	38,173330	50,680780	43,124285	52,031642	38,097996	50,629562	40,573120	55,102557	42,526901	56,794292	24,259259	30,308729	26,020235	34,132472	25,759956	31,068546	27,926946	31,892100	22,800091	31,940112	22,542234	32,536456	26,630408
546,00	34,449804	100,062966	100,019777	63,481683	62,597835	63,631934	63,234210	100,070775	99,976510	37,228221	37,332040	37,895408	37,637788	100,019777	36,246666	56,038505	34,497625	53,583115	34,502211	25,130013	34,169078	23,078215	34,280568	37,609455	47,236991	42,923477	53,482503	38,432494	50,890553	43,452871	52,198488	38,515931	50,832909	41,184014	55,266666	43,026286	56,901884	24,405164	30,477542	26,122713	34,274060	25,908574	31,214964	28,084603	32,045054	22,990495	32,107127	22,783275	32,668445	26,841357
548,00	34,543219	99,996758	99,980408	63,411254	62,525535	63,526022	63,150460	100,069225	99,980813	37,274706	37,368214	37,952510	37,688082	99,980408	36,433747	56,224972	34,680465	53,744233	34,651202	25,258040	34,274617	23,230076	34,385595	37,831151	47,476014	43,137655	53,628033	38,682452	51,005733	43,730018	52,352792	38,821182	51,028323	41,621667	55,347133	43,433902	56,970686	24,541798	30,606124	26,231015	34,371462	26,033449	31,321266	28,248134	32,147980	23,118730	32,212812	22,972797	32,775521	27,022886
550,00	34,647733	100,051379	100,031495	63,370538	62,472707	63,516790	63,133109	100,046372	99,999964	37,304801	37,444487	37,987700	37,725317	100,031495	36,630097	56,371349	34,849969	53,914392	34,838223	25,395900	34,421033	23,357460	34,545651	38,034812	47,787029	43,340981	53,790981	38,900316	51,214188	44,030437	52,530426	39,170688	51,163125	42,040130	55,492026	43,833628	57,069665	24,657279	30,774316	26,310828	34,497279	26,140738	31,458950	28,396499	32,319814	23,226807	32,352969	23,126228	32,905671	27,180487
552,00	34,744585	100,039780	99,987954	63,370466	62,395155	63,451082	63,070792	100,096416	99,992961	37,352607	37,442607	38,019031	37,754953	99,987954	36,786652	56,502372	35,038108	54,067785	35,031193	25,529104	34,547654	23,497157	34,655324	38,238674	48,055565	43,519723	53,950602	39,040330	51,370871	44,283849	52,696317	39,391282	51,329929	42,414868	55,588204	44,106856	57,190806	24,778140	30,909491	26,373458	34,595722	26,237547	31,580848	28,544083	32,429132	23,317187	32,467708	23,260550	32,995316	27,324587
554,00	34,877080	99,988824	99,938834	63,304514	62,350094	63,380444	63,017529	100,125325	100,007153	37,432548	37,512839	38,052386	37,818992	99,938834	36,933789	56,638587	35,187438	54,240030	35,147363	25,660521	34,683946	23,633605	34,779575	38,345882	48,285306	43,606550	54,102665	39,142707	51,542574	44,483626	52,853858	39,566144	51,497483	42,704141	55,681199	44,366288	57,259691	24,844719	31,099027	26,439732	34,727317	26,299691	31,755972	28,671315	32,557791	23,362976	32,610747	23,360400	33,123553	27,427381
556,00	34,979779	100,068676	99,950409	63,318902	62,290341	63,381630	62,923819	100,118840	100,081718	37,471667	37,553599	38,109744	37,856880	99,950409	37,103376	56,780845	35,350192	54,402369	35,326245	25,765848	34,814921	23,763584	34,914982	38,475555	48,555797	43,737122	54,218411	39,215207	51,657355	44,705409	52,948034	39,690858	51,638424	42,907554	55,781168	44,545436	57,303268	24,925241	31,237033	26,463056	34,850407	26,359478	31,880200	28,767616	32,700217	23,386773	32,735866	23,434466	33,252490	27,494317
558,00	35,074994	100,093389	99,976075	63,216347	62,235087	63,293731	62,860209	100,132704	100,021625	37,509876	37,606266	38,176715	37,933290	99,976075	37,178940	56,930393	35,424024	54,549724	35,419843	25,881243	34,950992	23,860350	35,036278	38,544944	48,788509	43,743923	54,344720	39,256424	51,803637	44,870690	53,086793	39,715463	51,772761	43,003950	55,889994	44,648564	57,357103	24,976246	31,384429	26,484957	34,961513	26,412374	32,017058	28,899339	32,826367	23,390353	32,848808	23,477222	33,395442	27,558464
560,00	35,171250	100,013971	99,943817	63,195431	62,198269	63,248467	62,839055	100,105119	100,012994	37,551692	37,664825	38,217559	37,961853	99,943817	37,195733	57,072800	35,431248	54,702991	35,429591	25,938064	35,065591	23,949791	35,198653	38,516510	49,077863	43,717897	54,485184	39,197254	51,930946	45,013607	53,272718	39,665055	51,969928	43,043268	56,004530	44,668433	57,465804	25,015607	31,524935	26,482311	35,046533	26,399323	32,129964	28,962716	32,962883	23,342007	32,982406	23,480769	33,495030	27,587658
562,00	35,222015	100,080013	99,905777	63,141686	62,121791	63,209873	62,772328	100,047278	100,011778	37,606323	37,693465	38,272431	37,991846	99,905777	37,177607	57,185084	35,408482	54,853773	35,410729	25,980484	35,190383	24,006225	35,278103	38,524720	49,273646	43,663323	54,559445	39,116570	52,048337	45,148757	53,408229	39,568624	52,087182	43,009812	56,100678	44,644204	57,516396	25,049928	31,645048	26,488039	35,140258	26,432744	32,217780	29,050517	33,043721	23,292185	33,072621	23,455900	33,584705	27,590635
564,00	35,340068	99,986261	100,010264	63,027883	62,084752	63,140470	62,751544	100,053668	100,000155	37,633237	37,733498	38,302273	38,032547	100,010264	37,048233	57,350546	35,297239	55,023986	35,294741	26,005679	35,306254	24,032623	35,407484	38,467881	49,516240	43,572280	54,725504	38,996232	52,189714	45,198649	53,565794	39,381677	52,261275	42,837596	56,244600	44,513729	57,594013	25,066242	31,801739	26,422817	35,245287	26,413679	32,367954	29,118413	33,187181	23,209526	33,187973	23,396331	33,683535	27,554488
566,00	35,422248	99,952489	99,972379	62,979662	62,025774	63,093328	62,664896	100,062168	99,998176	37,666810	37,802780	38,359407	38,080579	99,972379	36,892521	57,485121	35,117301	55,168754	35,086307	25,984073	35,449478	24,017410	35,531741	38,354042	49,736804	43,415010	54,831010	38,830951	52,343947	45,241374	53,701985	39,167482	52,396011	42,641601	56,346500	44,351742	57,698596	25,079149	31,931677	26,384991	35,354519	26,365739	32,463226	29,159269	33,286813	23,082647	33,287877	23,305275	33,803940	27,503118
568,00	35,513541	100,029838	100,024796	62,969923	61,968315	63,045543	62,666911	99,991900	99,989408	37,722605	37,816033	38,396290	38,127363	100,024796	36,687133	57,615846	34,852898	55,339354	34,842181	25,945744	35,567951	23,962572	35,626981	38,246998	49,988750	43,314207	54,962921	38,601735	52,482891	45,274389	53,827631	38,901857	52,532470	42,392784	56,396443	44,131684	57,752627	25,041148	32,072461	26,321927	35,452506	26,320466	32,572189	29,195014	33,399260	22,918810	33,405858	23,200659	33,883709	27,395707
570,00	35,626638	99,992937	99,987334	62,877375	61,916167	62,994456	62,584400	100,014865	100,020552	37,776220	37,863049	38,452283	38,220960	99,987334	36,359450	57,696402	34,536892	55,434030	34,540257	25,853938	35,705590	23,900679	35,740650	38,096714	50,170040	43,122014	55,017811	38,384774	52,566928	45,294675	53,931165	38,560277	52,664793	42,055160	56,493932	43,864363	57,783729	25,014788	32,217681	26,243243	35,568506	26,226321	32,668915	29,222530	33,518714	22,772126	33,492050	23,074898	33,993495	27,312386
572,00	35,701144	100,058210	99,919200	62,850493	61,836833	62,942201	62,535763	100,073254	99,998558	37,836227	37,906682	38,516605	38,243467	99,919200	36,021081	57,858354	34,179056	55,542302	34,158257	25,751925	35,832006	23,802680	35,864112	37,924030	50,397408	42,973173	55,134070	38,125211	52,685571	45,291182	54,069692	38,237053	52,733499	41,708928	56,570494	43,551904	57,840055	24,977505	32,326898	26,181388	35,674205	26,168957	32,782605	29,247186	33,612815	22,621481	33,602622	22,928667	34,075752	27,207500
574,00	35,738891	100,020456	99,918294	62,780768	61,813277	62,843001	62,427807	100,025868	100,006354	37,849504	37,961534	38,564175	38,289502	99,918294	35,620239	57,944763	33,748165	55,686355	33,734840	25,659615	35,887173	23,687735	35,947445	37,735638	50,576603	42,711630	55,202538	37,832695	52,771765	45,212060	54,137444	37,837878	52,839953	41,327927	56,659734	43,212283	57,877380	24,924809	32,443860	26,099294	35,758045	26,076958	32,867417	29,285547	33,712390	22,421594	33,676928	22,773856	34,136239	27,076119
576,00	35,849753	99,976230	100,021446	62,730235	61,779618	62,752563	62,448311	99,984795	100,022471	37,900841	38,002101	38,599342	38,329992	100,021446	35,224313	58,075619	33,300617	55,817640	33,330363	25,509834	36,028725	23,552610	36,058366	37,549269	50,808817	42,477378	55,311751	37,556264	52,883780	45,181328	54,281032	37,454143	52,978069	40,912980	56,755042	42,831853	57,959163	24,897192	32,563695	26,015294	35,851967	25,988156	32,964137	29,257756	33,819634	22,241403	33,772737	22,600864	34,234515	26,944432
578,00	35,919881	99,965757	99,989629	62,654316	61,713606	62,689310	62,362540	99,948537	100,019002	37,948167	38,054872	38,644937	38,385373	99,989629	34,799179	58,164531	32,862750	55,933291	32,865992	25,394467	36,119592	23,436472	36,148271	37,372434	50,993752	42,260969	55,386418	37,226608	52,974325	45,080796	54,370046	37,079623	53,063428	40,527594	56,812483	42,504632	58,030671	24,834423	32,698724	25,922266	35,932887	25,902042	33,050010	29,284611	33,912936	22,057958	33,865035	22,452396	34,325191	26,838487
580,00	36,001971	99,970782	100,035024	62,646848	61,668533	62,666917	62,352055	100,010145	99,992537	37,981117	38,076946	38,683167	38,415015	100,035024	34,393871	58,282208	32,454735	56,027073	32,467270	25,243843	36,205035	23,294537	36,267951	37,207517	51,182204	42,097682	55,500031	36,995366	53,062701	45,050025	54,457122	36,744544	53,193074	40,166762	56,900054	42,189914	58,109504	24,787937	32,800075	25,825754	36,005062	25,817823	33,158809	29,282477	33,992466	21,874723	33,945054	22,305244	34,389186	26,702470
582,00	36,069161	99,890703	99,953085	62,542385	61,645865	62,600887	62,257171	100,093782	100,019407	38,045466	38,151914	38,757771	38,458979	99,953085	33,986741	58,318776	32,011458	56,078285	32,029784	25,152254	36,338452	23,216416	36,350963	37,015262	51,305890	41,859370	55,521590	36,674285	53,130007	44,948074	54,515582	36,368424	53,260523	39,771888	56,943333	41,850510	58,098203	24,767590	32,896665	25,772151	36,090574	25,771785	33,247340	29,328206	34,102190	21,707380	34,047887	22,188751	34,465277	26,616010
584,00	36,135960	99,924791	100,031865	62,493563	61,561280	62,574422	62,262589	100,039577	99,999082	38,057929	38,178787	38,767633	38,486826	100,031865	33,646384	58,404088	31,658557	56,203151	31,667596	25,027031	36,408383	23,080756	36,452943	36,879671	51,484782	41,676778	55,610925	36,448166	53,187376	44,919765	54,626673	36,092660	53,373826	39,464074	57,036722	41,555917	58,186489	24,710163	33,011547	25,686014	36,164558	25,667733	33,336559	29,326141	34,185782	21,537656	34,133017	22,049159	34,560448	26,471716
586,00	36,181450	100,006115	100,005960	62,463576	61,530966	62,524712	62,195319	100,026560	99,973941	38,107681	38,180006	38,843521	38,544926	100,005960	33,317697	58,490086	31,325847	56,291896	31,333524	24,924543	36,505532	22,993492	36,517951	36,730000	51,632357	41,517693	55,672425	36,236104	53,265017	44,881356	54,676461	35,789853	53,441507	39,155933	57,093322	41,274971	58,209705	24,654225	33,101255	25,614297	36,252350	25,596204	33,393678	29,333252	34,250024	21,376671	34,188357	21,953288	34,631658	26,409474
588,00	36,294076	100,009620	100,025463	62,446409	61,468536	62,492341	62,179905	100,041735	99,996507	38,174927	38,271290	38,877669	38,583240	100,025463	32,998851	58,543199	30,983058	56,341648	30,988759	24,834269	36,567160	22,900230	36,593762	36,626399	51,800060	41,361266	55,724442	36,021441	53,337753	44,860184	54,765505	35,507429	53,533792	38,898218	57,162935	41,006747	58,170855	24,645275	33,252090	25,546879	36,359727	25,543496	33,496717	29,337093	34,331974	21,239445	34,311885	21,819001	34,712937	26,320460
590,00	36,343238	100,034881	100,016141	62,433279	61,434966	62,452227	62,125802	100,092804	100,007164	38,201600	38,301840	38,907510	38,607159	100,016141	32,706699	58,625537	30,665854	56,405431	30,689675	24,748512	36,678541	22,796960	36,698514	36,500657	51,948893	41,218865	55,785847	35,843042	53,378862	44,831952	54,797506	35,289794	53,579956	38,661411	57,213402	40,786496	58,246857	24,618635	33,337119	25,502333	36,410904	25,477809	33,556002	29,386288	34,430122	21,105880	34,388638	21,723501	34,818050	26,236904
592,00	36,453941	100,002575	100,053942	62,392348	61,378169	62,410933	62,081027	100,052917	100,024176	38,228408	38,374338	38,965425	38,665313	100,053942	32,425678	58,659393	30,393076	56,491643	30,412018	24,662074	36,764964	22,713989	36,774099	36,410812	52,066255	41,102821	55,824888	35,662097	53,432566	44,826180	54,884040	35,063609	53,681761	38,443521	57,246059	40,589330	58,290738	24,585301	33,442938	25,465772	36,511764	25,416905	33,676955	29,395431	34,528813	20,980366	34,482551	21,638684	34,903291	26,156425
594,00	36,501867	99,972069	100,057137	62,317860	61,340159	62,340403	62,019718	100,036907	100,013304	38,260651	38,423726	38,986018	38,704532	100,057137	32,172364	58,707780	30,118141	56,523496	30,138752	24,588284	36,846668	22,665340	36,880344	36,320364	52,176309	40,988687	55,855674	35,490993	53,467435	44,803229	54,916877	34,895474	53,732049	38,259453	57,288605	40,406170	58,311540	24,568346	33,530593	25,413519	36,576375	25,380287	33,746478	29,424739	34,601706	20,850019	34,563142	21,547629	34,980115	26,105246
596,00	36,571062	100,074875	100,028992	62,295526	61,286664	62,352133	62,017936	100,100148	100,065362	38,311803	38,437161	39,054596	38,724583	100,028992	31,938329	58,752257	29,897597	56,562871	29,890051	24,509047	36,942646	22,588375	36,968800	36,267221	52,312809	40,870035	55,926579	35,386178	53,569150	44,797245	54,968846	34,738162	53,842354	38,095865	57,316172	40,259707	58,318669	24,552380	33,620074	25,365272	36,660993	25,320148	33,831146	29,443428	34,680185	20,759976	34,654677	21,488848	35,053515	26,046428
598,00	36,628327	100,023663	100,034499	62,229514	61,248976	62,284052	61,973214	100,099146	100,034416	38,350791	38,465169	39,091742	38,777554	100,034499	31,713086	58,794135	29,627940	56,624818	29,652646	24,443538	37,017676	22,513078	37,027323	36,190274	52,441329	40,778878	55,977070	35,228005	53,566575	44,787416	55,008042	34,574562	53,870046	37,927833	57,357430	40,101391	58,326882	24,534868	33,696902	25,330889	36,709359	25,299773	33,918548	29,473752	34,773701	20,654865	34,722319	21,405111	35,122022	26,003352
600,00	36,720601	100,013030	100,025117	62,153542	61,223936	62,227398	61,872631	100,166905	99,987119	38,404304	38,516191	39,154750	38,803607	100,025117	31,467283	58,830982	29,388037	56,674683	29,400313	24,394007	37,076676	22,447735	37,095183	36,093953	52,558124	40,634602	55,990630	35,066691	53,647262	44,724232	55,045116	34,365574	53,948182	37,722123	57,367545	39,917418	58,352792	24,528570	33,816159	25,291947	36,801538	25,278258	33,985114	29,493937	34,838513	20,576352	34,832972	21,374464	35,236922	25,951821
602,00	36,752009	100,043070	100,046551	62,113178	61,180246	62,169182	61,833614	100,118566	99,992180	38,438475	38,541195	39,175016	38,853472	100,046551	31,224564	58,847171	29,124328	56,677771	29,109627	24,310952	37,156880	22,371027	37,178171	35,985842	52,645880	40,473983	56,018090	34,911853	53,686845	44,673598	55,096626	34,194249	53,986508	37,496269	57,412326	39,717329	58,382601	24,493574	33,894375	25,235808	36,885726	25,227728	34,054062	29,503101	34,913006	20,475142	34,866592	21,278572	35,301530	25,884059
604,00	36,831206	100,048685	100,023115	62,072045	61,124450	62,158036	61,761230	100,088179	100,026333	38,473454	38,586763	39,221272	38,883391	100,023115	30,948374	58,862132	28,858125	56,717807	28,887337	24,215482	37,261954	22,279921	37,234390	35,837564	52,749974	40,347135	56,072211	34,749669	53,704864	44,585383	55,137050	33,945701	54,053414	37,267792	57,445216	39,472690	58,357400	24,456243	33,975497	25,172174	36,938697	25,149283	34,143770	29,487893	35,003674	20,356299	34,961337	21,185416	35,367385	25,786024
606,00	36,903751	100,040185	100,030923	62,023312	61,082560	62,124944	61,740565	100,119877	100,015032	38,527390	38,631845	39,260867	38,958073	100,030923	30,657148	58,888012	28,579873	56,712723	28,573745	24,132234	37,335584	22,190446	37,332261	35,665953	52,835405	40,148890	56,116658	34,507188	53,750277	44,472972	55,174613	33,673894	54,142433	36,923763	57,464820	39,169282	58,374619	24,433054	34,052137	25,121400	37,017858	25,089613	34,222621	29,493701	35,080162	20,265527	35,033652	21,085608	35,457233	25,710461
608,00	36,961308	100,058722	100,045097	61,999679	61,024046	62,067169	61,693788	100,140250	100,012624	38,608104	38,670585	39,315546	39,005780	100,045097	30,370110	58,894879	28,277007	56,789541	28,278503	24,043803	37,389091	22,101954	37,398815	35,441601	52,929431	39,925477	56,132841	34,253588	53,798246	44,333062	55,211914	33,400166	54,153442	36,575344	57,491791	38,843676	58,371067	24,371658	34,132317	25,068125	37,091976	25,040132	34,317246	29,456732	35,149238	20,138766	35,114899	20,967646	35,518923	25,600448
610,00	37,010497	100,004220	99,986506	61,922032	60,967046	61,958945	61,652517	100,098693	100,031769	38,625258	38,715154	39,348966	39,025843	99,986506	30,075300	58,915204	27,965367	56,752932	27,964970	23,951420	37,470210	22,028311	37,445489	35,205737	53,038579	39,663723	56,155944	33,955306	53,813595	44,106689	55,234361	33,060759	54,209197	36,156213	57,521886	38,453969	58,399242	24,319059	34,226668	25,003231	37,156737	24,965927	34,356672	29,450458	35,211417	20,026511	35,185111	20,830306	35,571244	25,490656
612,00	37,069729	100,058043	99,971271	61,909848	60,946900	61,988246	61,588007	100,172234	99,974746	38,684112	38,745856	39,392713	39,047775	99,971271	29,802001	58,913058	27,718621	56,803590	27,697554	23,862368	37,544677	21,927834	37,506312	35,034740	53,113735	39,445075	56,199199	33,743122	53,865266	43,987238	55,237830	32,735598	54,266113	35,770643	57,506138	38,087922	58,394790	24,279524	34,304982	24,950933	37,214720	24,905425	34,431112	29,435140	35,269284	19,930804	35,254276	20,737167	35,638341	25,405097
614,00	37,123200	100,002217	99,945647	61,830300	60,930532	61,932230	61,538082	100,130916	99,929923	38,720295	38,802183	39,437282	39,068457	99,945647	29,525402	58,923459	27,454332	56,776899	27,435860	23,778768	37,590232	21,859469	37,562427	34,817338	53,193152	39,196447	56,223434	33,478850	53,870040	43,808565	55,262339	32,421139	54,303735	35,367811	57,557470	37,719548	58,405066	24,246334	34,370410	24,916939	37,265345	24,851944	34,510171	29,405478	35,353372	19,847842	35,309762	20,620662	35,709164	25,309032
616,00	37,186295	100,084174	99,999624	61,762708	60,854936	61,896664	61,502093	100,097597	99,958992	38,718021	38,836262	39,484841	39,127427	99,999624	29,308593	58,933312	27,214825	56,806052	27,206904	23,723407	37,682289	21,814471	37,642190	34,691840	53,257543	39,030445	56,221908	33,303651	53,875685	43,678629	55,318379	32,174045	54,326272	35,021934	57,549185	37,369877	58,353198	24,221297	34,451926	24,862182	37,344441	24,818893	34,584081	29,406217	35,415995	19,776699	35,385028	20,520192	35,796925	25,227454
618,00	37,263921	100,069642	99,965441	61,726469	60,794717	61,871409	61,466551	100,048780	100,015461	38,766903	38,904989	39,548346	39,183149	99,965441	29,124743	58,954537	27,030191	56,847036	26,998058	23,652861	37,756270	21,755496	37,716997	34,577170	53,364593	38,889435	56,271237	33,162820	53,953588	43,566209	55,327785	31,948549	54,397696	34,718937	57,574701	37,126523	58,439809	24,237259	34,557748	24,851286	37,436566	24,803916	34,667835	29,415199	35,503364	19,744238	35,470510	20,461908	35,869807	25,169879
620,00	37,317032	100,037885	99,949515	61,699903	60,790282	61,779338	61,392665	100,054789	99,970132	38,815680	38,947144	39,603937	39,217421	99,949515	28,958485	58,975911	26,838031	56,883878	26,803845	23,622215	37,834749	21,726531	37,773174	34,507787	53,442574	38,765705	56,285614	33,045724	53,983432	43,473601	55,376148	31,807300	54,430753	34,496421	57,559836	36,885887	58,390212	24,261121	34,615612	24,876837	37,480718	24,834436	34,726897	29,439127	35,565120	19,746013	35,548016	20,419100	35,947627	25,169307
622,00	37,390172	100,012195	99,985069	61,667013	60,748976	61,775029	61,345857	100,088763	100,020838	38,857543	38,994908	39,642838	39,285085	99,985069	28,801656	58,992457	26,688325	56,876403	26,661697	23,603505	37,910184	21,705061	37,866923	34,493449	53,484505	38,763732	56,288493	33,031014	54,038399	43,410698	55,386764	31,733933	54,478514	34,335700	57,572454	36,776608	58,437854	24,308582	34,707385	24,956839	37,570405	24,880704	34,815258	29,468423	35,652152	19,796984	35,625291	20,423855	36,017951	25,191355
624,00	37,455726	99,987978	99,944770	61,554831	60,662258	61,657864	61,307198	100,077546	99,943507	38,885325	39,008278	39,673945	39,301017	99,944770	28,664359	58,980680	26,525417	56,878132	26,507193	23,578680	37,962428	21,673350	37,935090	34,493095	53,553289	38,735715	56,317747	33,027256	54,066032	43,402463	55,363041	31,686071	54,503286	34,247571	57,582533	36,662880	58,410943	24,369998	34,804291	24,997890	37,653723	24,927479	34,865436	29,540256	35,724676	19,861056	35,680398	20,456201	36,069435	25,235578
626,00	37,514904	99,923819	99,924415	61,489248	60,590893	61,591047	61,207211	100,010455	100,004256	38,901025	39,049295	39,705512	39,387158	99,924415	28,560585	58,994240	26,411739	56,895667	26,371974	23,562509	38,043740	21,668941	37,994081	34,546039	53,635085	38,787109	56,312901	33,077222	54,078603	43,397558	55,416876	31,693590	54,501975	34,186229	57,564163	36,668336	58,389395	24,435249	34,866127	25,076705	37,704641	25,038856	34,933484	29,593039	35,773519	19,973187	35,751987	20,492767	36,148703	25,303036
628,00	37,603921	100,000215	99,970907	61,469436	60,562366	61,566424	61,184245	99,989486	100,005877	38,949525	39,127892	39,719781	39,416736	99,970907	28,499940	58,982456	26,338103	56,925970	26,337710	23,551512	38,114393	21,687689	38,043025	34,698737	53,745341	38,909867	56,343126	33,230913	54,122150	43,458983	55,438656	31,811380	54,576540	34,262666	57,568198	36,724037	58,406526	24,554510	34,970188	25,179610	37,777573	25,180835	35,031101	29,685727	35,839969	20,105517	35,850105	20,591149	36,211890	25,411451
630,00	37,667075	99,923825	99,986398	61,357731	60,496390	61,503553	61,157751	100,041091	100,001907	38,997424	39,143553	39,767396	39,446247	99,986398	28,395027	58,980656	26,256090	56,906801	26,243743	23,584379	38,162509	21,687895	38,087285	34,826335	53,783178	39,051324	56,356102	33,370259	54,129887	43,545282	55,440032	31,952381	54,615235	34,374699	57,594866	36,798081	58,373249	24,666318	35,049856	25,334743	37,809551	25,310770	35,096616	29,815462	35,925597	20,289616	35,889930	20,713031	36,276481	25,558326
632,00	37,721148	100,000715	99,884194	61,375546	60,446125	61,458713	61,086059	100,021338	99,998254	38,998893	39,185515	39,822906	39,495754	99,884194	28,430930	58,965874	26,242441	56,910634	26,224655	23,619574	38,196576	21,716447	38,145909	35,044366	53,813678	39,298442	56,361532	33,627838	54,090089	43,690923	55,421931	32,202670	54,598451	34,623936	57,571524	37,034780	58,373106	24,819778	35,113662	25,490561	37,877762	25,488710	35,148916	29,918209	35,979000	20,499094	35,966447	20,885585	36,321509	25,738153
634,00	37,787613	99,982184	99,933398	61,348814	60,420322	61,450219	61,024427	100,047529	100,055611	39,061019	39,256003	39,876926	39,547816	99,933398	28,457817	58,991301	26,261899	56,891239	26,287860	23,675741	38,319507	21,779647	38,253939	35,312924	53,906697	39,576641	56,383038	33,958131	54,203433	43,907601	55,462921	32,529390	54,692835	34,922087	57,596534	37,372553	58,388603	25,010157	35,207126	25,708166	37,952846	25,724944	35,235268	30,077338	36,090583	20,760038	36,047065	21,097921	36,441761	25,975066
636,00	37,820661	99,973649	99,935156	61,328405	60,406506	61,400521	61,037523	100,053108	100,036645	39,126986	39,289975	39,918926	39,580685	99,935156	28,562367	59,006041	26,382425	56,924194	26,394078	23,773451	38,363779	21,885929	38,296604	35,616076	53,976679	39,881307	56,412607	34,347525	54,230863	44,101134	55,473030	32,883176	54,688144	35,287049	57,584667	37,672821	58,388913	25,193426	35,300121	25,919977	37,990558	25,955406	35,316598	30,232567	36,118945	21,088414	36,114165	21,361946	36,471581	26,215756
638,00	37,870580	100,000191	99,941248	61,254692	60,354358	61,374176	61,006320	100,045490	99,957520	39,147952	39,318645	39,965138	39,601943	99,941248	28,795254	59,029514	26,590550	56,998891	26,623017	23,936294	38,409725	22,036105	38,341036	35,977146	54,050905	40,247130	56,480467	34,748572	54,265702	44,365165	55,530453	33,299455	54,743528	35,731289	57,643318	38,106206	58,403772	25,404543	35,332343	26,149878	38,030785	26,225692	35,356885	30,412897	36,151448	21,399060	36,183348	21,644093	36,512661	26,509184
640,00	37,957668	100,048888	99,948573	61,244863	60,283124	61,373037	60,894543	100,021183	100,026751	39,196631	39,360964	40,020952	39,641616	99,948573	29,147825	59,042686	26,936746	56,916630	26,943222	24,129015	38,501844	22,253041	38,411939	36,351365	54,126120	40,638351	56,473106	35,210097	54,310989	44,667733	55,525643	33,790225	54,731852	36,230963	57,619649	38,550395	58,407021	25,641939	35,410911	26,371896	38,121501	26,489854	35,463929	30,632365	36,240879	21,737126	36,258757	21,929798	36,608469	26,802650
642,00	38,020271	99,984467	99,957877	61,187166	60,263330	61,276257	60,888666	100,059438	100,048995	39,237171	39,432466	40,027526	39,722019	99,957877	29,518157	59,061313	27,305329	56,935698	27,345404	24,353035	38,554981	22,476454	38,454631	36,673808	54,137629	40,986556	56,465173	35,621366	54,343933	44,874147	55,528021	34,200677	54,791385	36,626494	57,628316	38,918155	58,393359	25,836751	35,526231	26,592490	38,203394	26,729709	35,542428	30,769145	36,308211	22,067648	36,304158	22,214067	36,671820	27,088174
644,00	38,061035	100,009906	99,901617	61,190987	60,210735	61,264950	60,857350	100,024104	99,990171	39,267176	39,433154	40,070191	39,716896	99,901617	29,940543	58,990645	27,761638	56,913203	27,773395	24,603210	38,611594	22,725452	38,526899	36,976689	54,221874	41,325024	56,501353	35,952333	54,323250	45,132285	55,571628	34,566453	54,833323	37,038377	57,625067	39,294770	58,384031	26,062199	35,603452	26,784182	38,234511	26,959619	35,572800	30,937910	36,351958	22,382770	36,397895	22,484359	36,711639	27,341589
646,00	38,140309	100,026405	99,989456	61,135733	60,174417	61,227864	60,839307	100,015354	99,983758	39,321658	39,468211	40,117088	39,756709	99,989456	30,380327	59,020823	28,202593	56,950676	28,207836	24,874693	38,644859	23,008698	38,563684	37,258437	54,303581	41,560686	56,553584	36,260521	54,411745	45,360669	55,574977	34,883973	54,872024	37,344104	57,637578	39,605504	58,402777	26,248270	35,622770	27,001092	38,305116	27,171871	35,654682	31,100529	36,406085	22,650276	36,480063	22,722502	36,783460	27,614677
648,00	38,218063	100,017405	100,002718	61,090630	60,150510	61,187989	60,788608	100,013661	100,017846	39,359596	39,514714	40,161246	39,820707	100,002718	30,716184	59,046549	28,572726	56,947029	28,575096	25,088906	38,722268	23,225759	38,660204	37,419760	54,404247	41,736031	56,551296	36,430922	54,448342	45,421723	55,633056	35,019121	54,947567	37,504083	57,669032	39,700294	58,401781	26,426739	35,748923	27,179179	38,378584	27,362540	35,750103	31,240031	36,496985	22,896406	36,558250	22,920403	36,858454	27,794510
650,00	38,250932	100,013959	100,026107	61,048627	60,129768	61,146116	60,737419	100,070274	100,054991	39,437187	39,574733	40,195465	39,852494	100,026107	30,980080	59,034884	28,813294	56,975383	28,860837	25,270078	38,776931	23,465267	38,697734	37,472290	54,432595	41,734082	56,583518	36,503896	54,485953	45,442551	55,613786	35,042554	54,917866	37,475094	57,655483	39,702711	58,401746	26,534325	35,804603	27,296987	38,487580	27,495599	35,804611	31,340009	36,555168	23,088722	36,610249	23,050803	36,885846	27,920789
652,00	38,270995	100,025153	100,038147	61,002439	60,085118	61,107314	60,695863	99,995726	100,064600	39,441732	39,616752	40,233976	39,884749	100,038147	31,110945	59,038842	29,009956	56,981677	29,047146	25,406727	38,829291	23,582254	38,751790	37,347281	54,506564	41,611204	56,595248	36,400267	54,545844	45,275673	55,684310	34,912869	54,951757	37,262824	57,681423	39,488497	58,410662	26,619926	35,882488	27,342105	38,509715	27,572381	35,877237	31,358305	36,613542	23,254818	36,666813	23,146416	36,939457	27,984214
654,00	38,334525	100,004649	100,045872	60,968572	60,049397	61,044776	60,697913	100,083780	99,931204	39,512652	39,632493	40,292090	39,933410	100,045872	31,117225	58,982515	29,019126	56,952667	29,028451	25,480667	38,862842	23,679647	38,781863	37,066475	54,552537	41,260913	56,654072	36,091515	54,542041	44,965911	55,662578	34,488028	54,939777	36,730918	57,635403	39,015684	58,425176	26,646599	35,932907	27,393445	38,576341	27,583465	35,942498	31,356895	36,659306	23,301345	36,726815	23,124143	36,957508	27,957743
656,00	38,365614	100,000453	100,074768	60,912609	59,972757	61,006033	60,620171	100,026095	99,944669	39,511073	39,666301	40,290242	39,944214	100,074768	30,870020	59,005994	28,835025	56,906992	28,864226	25,417545	38,872284	23,675328	38,789853	36,507061	54,631954	40,643352	56,648713	35,592771	54,549807	44,473660	55,718583	33,847374	54,930288	35,916242	57,626081	38,267502	58,362192	26,582623	36,015779	27,289936	38,609657	27,477628	35,954514	31,241527	36,741355	23,257607	36,770093	22,966880	37,006161	27,811700
658,00	38,432485	100,075781	100,026858	60,893947	59,984070	60,966539	60,599387	100,019932	99,959290	39,633811	39,718333	40,368924	40,015069	100,026858	30,442923	58,950830	28,388950	56,834483	28,426754	25,321710	38,964704	23,567620	38,873416	35,737973	54,648548	39,824986	56,674933	34,760967	54,576784	43,725508	55,694973	32,875904	54,958028	34,706280	57,687473	37,181526	58,317894	26,463410	36,103076	27,155325	38,731506	27,281061	36,064228	31,101647	36,816743	23,125014	36,888349	22,693785	37,050924	27,544284
660,00	38,473380	100,017881	100,031722	60,785586	59,875214	60,934484	60,585874	100,047779	99,984270	39,639455	39,746585	40,366134	40,053380	100,031722	29,756892	58,912444	27,719879	56,754011	27,776247	25,045100	39,012298	23,334305	38,895160	34,730539	54,739749	38,701084	56,678021	33,674470	54,595751	42,819893	55,664319	31,658170	54,946077	33,222267	57,583845	35,849112	58,349049	26,235256	36,124429	26,869285	38,737819	26,943505	36,116973	30,787835	36,874005	22,809051	36,917350	22,251026	37,075439	27,133504
662,00	38,531250	100,073576	100,034130	60,823345	59,813732	60,911071	60,490191	100,090265	100,041187	39,682075	39,775980	40,462455	40,068549	100,034130	28,869438	58,885103	26,847917	56,680477	26,916608	24,676454	39,048290	22,990066	38,953659	33,652431	54,735959	37,537250	56,701261	32,548341	54,574615	41,828495	55,703586	30,298841	54,895490	31,607345	57,561272	34,312958	58,275729	25,929061	36,237052	26,527363	38,808614	26,546600	36,202803	30,467620	36,913899	22,396611	37,000230	21,705192	37,149298	26,618075
664,00	38,587254	100,161386	100,056684	60,777950	59,870738	60,881871	60,489398	100,132275	100,013399	39,693004	39,845639	40,480223	40,116891	100,056684	27,884632	58,857268	25,891599	56,632358	25,940713	24,230330	39,090624	22,588578	38,975719	32,535318	54,835612	36,336049	56,699282	31,300727	54,674530	40,746820	55,753630	28,880405	54,956281	29,882404	57,615024	32,710347	58,314097	25,588056	36,283833	26,111099	38,881603	26,097062	36,262786	30,107713	36,981279	21,920867	37,021783	21,087770	37,133330	26,053751
666,00	38,594288	100,047684	100,055099	60,705960	59,721482	60,790777	60,426950	100,090706	99,982107	39,708069	39,855134	40,522483	40,128005	100,055099	26,816204	58,747995	24,860781	56,565696	24,885225	23,785140	39,113030	22,108239	38,993663	31,430894	54,834384	35,151899	56,649703	30,044502	54,614908	39,707270	55,721003	27,442721	54,871696	28,194618	57,535690	31,123394	58,253258	25,211394	36,352670	25,697884	38,948068	25,607666	36,324614	29,762757	37,052125	21,355730	37,080994	20,445965	37,156764	25,471231
668,00	38,664037	99,964035	100,038421	60,590869	59,715551	60,690761	60,398084	100,102258	100,026488	39,777175	39,896709	40,581197	40,218648	100,038421	25,877815	58,767998	23,914462	56,507558	23,964345	23,347978	39,143920	21,695696	39,021161	30,508006	54,853648	34,123275	56,689906	28,969508	54,654014	38,788179	55,728447	26,228410	54,869467	26,721391	57,495302	29,763001	58,280581	24,899474	36,424047	25,307009	39,015430	25,204206	36,359552	29,423732	37,105086	20,878521	37,161377	19,878274	37,211999	24,933939
670,00	38,707709	100,057888	100,075817	60,587990	59,675348	60,689998	60,384917	100,018334	99,978811	39,808291	39,937881	40,601298	40,214801	100,075817	25,150231	58,732134	23,179041	56,444675	23,227592	22,987248	39,183071	21,359457	39,047509	29,820281	54,896474	33,380839	56,706297	28,196687	54,630828	38,102868	55,749267	25,316471	54,880458	25,645930	57,479078	28,696847	58,262378	24,649967	36,468709	25,010589	39,047131	24,848011	36,423436	29,158637	37,130654	20,484060	37,243938	19,433278	37,224206	24,521928
672,00	38,776100	99,952525	100,022984	60,493642	59,636706	60,634732	60,267061	100,063860	100,050390	39,806452	39,997739	40,617654	40,292236	100,022984	24,575888	58,588898	22,625391	56,349015	22,656974	22,714515	39,269969	21,113659	39,080116	29,275915	54,913431	32,761127	56,695455	27,607429	54,633319	37,548444	55,688596	24,593124	54,812026	24,818507	57,467067	27,868885	58,187920	24,486174	36,555949	24,826451	39,149082	24,612957	36,508477	28,994325	37,246436	20,192400	37,300977	19,113137	37,297457	24,209049
674,00	38,830513	100,004351	100,038862	60,496354	59,598476	60,606295	60,279804	100,097561	99,960256	39,882663	40,040171	40,693566	40,321341	100,038862	24,178618	58,572882	22,213966	56,283605	22,267428	22,567134	39,281854	20,986201	39,112899	28,954440	54,920113	32,364291	56,711406	27,180129	54,607832	37,186584	55,722725	24,143791	54,818231	24,310841	57,413512	27,396327	58,174574	24,398059	36,584529	24,730426	39,178613	24,500413	36,559963	28,913131	37,260923	20,019527	37,350777	18,889484	37,305248	24,075939
676,00	38,852313	100,015795	99,974877	60,486567	59,508038	60,575360	60,237080	100,118709	100,095284	39,947364	40,104541	40,742263	40,354541	99,974877	23,895943	58,522612	21,946077	56,238675	21,978012	22,457881	39,330810	20,881031	39,156064	28,766623	54,912055	32,167616	56,706756	26,963797	54,617733	37,000659	55,702060	23,870385	54,817241	23,992802	57,410818	27,064005	58,176571	24,355607	36,666465	24,671191	39,248547	24,403775	36,614332	28,874075	37,352082	19,917783	37,388989	18,776432	37,354282	23,963790
678,00	38,878918	100,012231	100,060928	60,395241	59,495085	60,518312	60,221201	100,086939	99,954194	39,937818	40,117982	40,797767	40,358922	100,060928	23,762916	58,535528	21,825941	56,219637	21,843433	22,419703	39,339939	20,828436	39,183223	28,720772	55,015576	32,139528	56,716663	26,907703	54,662740	36,908284	55,732572	23,754102	54,810506	23,942596	57,397968	26,991799	58,169997	24,382418	36,693779	24,679618	39,278492	24,425679	36,645135	28,870070	37,378252	19,919585	37,439737	18,768992	37,417758	23,982990
680,00	38,941720	100,041771	100,081766	60,359621	59,452635	60,494858	60,151571	100,030768	100,034797	40,008754	40,168226	40,839040	40,411884	100,081766	23,889458	58,512056	21,903878	56,259876	21,945544	22,492041	39,416063	20,930742	39,236537	28,956580	55,008584	32,332382	56,697500	27,092549	54,682660	37,098485	55,754417	23,995963	54,871053	24,180464	57,429713	27,300689	58,175021	24,548614	36,747405	24,857379	39,287993	24,583174	36,726913	28,969908	37,408933	20,094545	37,535745	18,940249	37,452373	24,158698
682,00	39,041081	99,972022	99,933630	60,268188	59,373295	60,421324	60,090804	99,989927	100,041556	40,041360	40,245014	40,853855	40,472534	99,933630	24,360090	58,433586	22,384587	56,195241	22,416481	22,792558	39,519203	21,195841	39,316168	29,490289	55,009139	32,844153	56,706184	27,634180	54,647481	37,502775	55,728006	24,513614	54,835773	24,913940	57,377499	27,979985	58,084667	24,856004	36,858234	25,175381	39,394084	24,903007	36,811149	29,231575	37,537175	20,501739	37,598565	19,315547	37,550059	24,536276
684,00	39,123836	100,042200	100,026548	60,297972	59,394395	60,395634	60,091817	100,067329	100,060475	40,076244	40,297040	40,925148	40,526271	100,026548	25,353301	58,462238	23,389274	56,255245	23,427747	23,357148	39,550936	21,777698	39,367473	30,423105	55,095112	33,709460	56,697357	28,599149	54,741216	38,345581	55,792600	25,535804	54,901779	26,149908	57,413214	29,185408	58,126366	25,346956	36,918396	25,699893	39,471391	25,443423	36,845002	29,621157	37,567094	21,139616	37,653938	19,945015	37,646672	25,196531
686,00	39,146882	99,959666	100,019288	60,267437	59,357142	60,321951	60,047984	100,107825	100,014353	40,164006	40,328246	41,006392	40,542135	100,019288	26,793563	58,495766	24,796100	56,279051	24,881174	24,137503	39,595607	22,553326	39,393243	31,653753	55,122429	34,934044	56,719786	29,894856	54,669607	39,410758	55,741465	26,942122	54,921299	27,845022	57,436389	30,816716	58,113682	26,023021	36,955342	26,357612	39,505690	26,198933	36,907205	30,169618	37,606075	21,973853	37,682343	20,836489	37,702361	26,055470
688,00	39,211872	100,030148	99,975538	60,214353	59,264785	60,358125	59,981823	100,120568	100,062346	40,173349	40,394628	41,039565	40,619579	99,975538	28,723851	58,401215	26,810405	56,280214	26,854327	25,144076	39,673701	23,599295	39,514756	33,292758	55,025929	36,551574	56,686640	31,709370	54,612339	40,847126	55,729175	28,876308	54,901516	30,195737	57,369572	33,038163	58,030468	26,833975	37,039182	27,198863	39,581665	27,105120	36,979163	30,839235	37,700152	23,095976	37,734550	21,956860	37,811700	27,111813
690,00	39,207894	100,029683	99,932146	60,209745	59,220195	60,297066	59,943664	100,043118	100,039554	40,200406	40,403828	41,046372	40,659034	99,932146	31,070140	58,443516	29,236037	56,341207	29,279080	26,324159	39,768288	24,738406	39,574981	35,224351	55,069429	38,519257	56,568730	33,879507	54,617441	42,404538	55,687171	31,179968	54,953569	32,909298	57,370287	35,547000	57,982552	27,762368	37,122622	28,188699	39,599791	28,135279	37,058049	31,573358	37,759906	24,407208	37,830186	23,255293	37,855831	28,308913
692,00	39,272326	99,972510	99,931031	60,096645	59,172851	60,235280	59,863287	100,035489	99,958766	40,233952	40,424454	41,067004	40,657872	99,931031	33,613956	58,468878	31,884703	56,354767	31,927073	27,575362	39,797801	26,079392	39,639559	37,264225	55,094773	40,475357	56,679529	36,124116	54,647988	43,990430	55,707008	33,730033	55,002612	35,767162	57,404232	38,266909	57,997608	28,732547	37,138411	29,234746	39,676982	29,206488	37,082064	32,311907	37,778732	25,815827	37,860253	24,655193	37,930977	29,545856
694,00	39,343980	100,086915	99,967796	60,146290	59,178090	60,281843	59,830582	100,121117	99,976599	40,294898	40,422571	41,181478	40,685529	99,967796	36,172339	58,512735	34,485626	56,372893	34,562007	28,826565	39,840698	27,383631	39,683801	39,311516	55,089641	42,475635	56,651598	38,349083	54,688239	45,530909	55,724597	36,272404	55,018306	38,678497	57,378793	40,876278	58,009392	29,700881	37,164637	30,217785	39,663646	30,264103	37,150931	33,029166	37,806261	27,178815	37,916461	25,940382	37,999701	30,786631
696,00	39,369771	100,018585	99,944478	60,054868	59,141189	60,180491	59,832764	100,135493	100,032341	40,313023	40,505439	41,207936	40,737563	99,944478	38,691667	58,486855	37,084439	56,438392	37,105820	29,984853	39,944309	28,524408	39,780238	41,262165	55,104661	44,346192	56,646246	40,559635	54,641491	46,956539	55,648631	38,780257	55,085808	41,490132	57,394606	43,407562	58,038074	30,637270	37,263200	31,178841	39,734471	31,208971	37,179297	33,660361	37,871683	28,529039	37,967190	27,238241	38,078159	31,865174
698,00	39,421165	100,015640	99,878865	60,059595	59,041876	60,194403	59,746468	100,136423	99,987799	40,411460	40,523565	41,273865	40,780094	99,878865	40,878746	58,498472	39,380479	56,387359	39,402890	31,071988	40,021560	29,641965	39,883700	43,066537	55,117500	46,016467	56,623012	42,541966	54,634875	48,222837	55,667180	41,090477	55,053598	43,969628	57,384908	45,645750	57,971764	31,462392	37,346503	32,068998	39,777732	32,080090	37,232876	34,275427	37,931457	29,709700	38,009790	28,362828	38,130924	32,853603
700,00	39,450064	100,003326	99,955249	60,063297	59,028035	60,138947	59,779233	100,080216	99,981707	40,412879	40,581512	41,286519	40,817320	99,955249	42,751950	58,540267	41,322654	56,520927	41,344279	31,951711	40,038985	30,546761	39,871448	44,598007	55,134350	47,464576	56,645483	44,167396	54,669970	49,266052	55,649740	43,137261	55,134714	46,082440	57,395047	47,516128	57,991338	32,152021	37,317917	32,799134	39,815408	32,819158	37,287471	34,758979	37,992829	30,762294	38,040680	29,283845	38,179287	33,671498
702,00	39,562267	100,035787	99,994421	60,017014	59,060448	60,132557	59,733844	100,144899	99,989247	40,471992	40,590900	41,322508	40,903232	99,994421	44,409236	58,575171	42,975453	56,553704	43,092138	32,670495	40,106747	31,316203	39,951545	45,925844	55,173099	48,637283	56,671745	45,649797	54,698211	50,057334	55,700952	44,845647	55,137676	47,938329	57,439661	49,074027	58,017814	32,788089	37,420651	33,378819	39,914000	33,390573	37,363321	35,177439	38,048849	31,625733	38,146877	30,100313	38,293535	34,331414
704,00	39,525917	100,022995	99,909037	60,032797	58,978027	60,114759	59,708697	100,147033	100,040162	40,498391	40,615341	41,323897	40,921500	99,909037	45,794427	58,569169	44,467404	56,585491	44,494113	33,331379	40,154111	31,979632	40,006763	46,954709	55,176842	49,642095	56,606990	46,830997	54,679936	50,773287	55,687809	46,275294	55,229580	49,458882	57,373297	50,406384	58,013219	33,246762	37,428561	33,899581	39,904326	33,909062	37,377661	35,478610	38,036534	32,383350	38,157189	30,806354	38,350183	34,894222
706,00	39,601216	100,093138	99,932116	59,984809	58,996332	60,112071	59,763068	100,025916	99,886483	40,458506	40,675029	41,367930	40,931848	99,932116	46,927035	58,554846	45,691970	56,612360	45,716366	33,824429	40,179071	32,520911	40,055412	47,832975	55,190623	50,409377	56,596518	47,769243	54,695189	51,318341	55,654645	47,483331	55,196714	50,667077	57,437342	51,463073	57,996279	33,610284	37,507543	34,269410	39,956900	34,269437	37,384909	35,655066	38,120449	32,955325	38,224828	31,347865	38,390216	35,315210
708,00	39,676151	100,126934	99,957168	60,019583	58,939058	60,055327	59,614068	100,108743	99,966234	40,579227	40,732402	41,415641	40,983626	99,957168	48,101372	58,611906	46,807089	56,655133	46,914294	34,334004	40,244183	33,084333	40,165001	48,612079	55,202770	51,117086	56,601286	48,633370	54,651159	51,734257	55,653435	48,548499	55,230623	51,794577	57,430357	52,387333	57,944018	34,012333	37,562874	34,654683	40,011016	34,639966	37,517819	35,935828	38,160470	33,540308	38,250172	31,864753	38,489732	35,795194
710,00	39,657411	100,009143	99,980062	59,872764	58,903128	59,975988	59,586418	100,117958	99,929130	40,617585	40,742370	41,446805	41,033900	99,980062	48,965698	58,563334	47,738650	56,615496	47,829562	34,800199	40,324786	33,580798	40,178651	49,235007	55,230862	51,645017	56,583512	49,236378	54,668343	52,037245	55,637777	49,493495	55,245084	52,673876	57,406855	53,190023	57,923841	34,346578	37,641561	35,040477	40,014040	34,969693	37,523806	36,185160	38,188916	34,042758	38,297081	32,355508	38,500160	36,148912
712,00	39,732513	100,032854	100,061131	59,882510	58,914113	60,042077	59,584016	100,085664	100,006115	40,585917	40,784547	41,467723	41,073367	100,061131	49,903783	58,654767	48,658779	56,702381	48,837167	35,227108	40,363494	33,997712	40,254775	49,837020	55,191422	52,191991	56,648386	49,937630	54,742932	52,378130	55,658740	50,322908	55,299389	53,545141	57,498187	53,857845	57,971156	34,647903	37,644336	35,290891	40,120801	35,226724	37,544006	36,325324	38,253707	34,429419	38,330790	32,777154	38,588047	36,490524
714,00	39,790642	99,950212	100,092065	59,858418	58,857173	60,019279	59,572208	100,101578	99,973696	40,661663	40,839723	41,550472	41,061920	100,092065	50,732476	58,650255	49,489743	56,762755	49,720681	35,662791	40,372384	34,419119	40,338519	50,352418	55,351865	52,605170	56,651294	50,477386	54,761970	52,598310	55,712545	51,077473	55,338567	54,318643	57,530057	54,450053	58,013493	34,899294	37,706244	35,578901	40,149173	35,539120	37,626857	36,467877	38,279340	34,897980	38,354856	33,108032	38,611862	36,772102
716,00	39,807335	100,033963	99,961066	59,789670	58,907986	59,927124	59,553921	100,180769	99,995017	40,714228	40,889403	41,591495	41,108474	99,961066	51,524818	58,717620	50,323802	56,786281	50,532669	36,034539	40,437552	34,836116	40,388253	50,744271	55,312359	53,039485	56,611449	50,926691	54,698551	52,876347	55,674833	51,762086	55,311567	54,953474	57,499832	54,981852	57,949501	35,164034	37,773013	35,852414	40,244535	35,798809	37,705070	36,669144	38,372067	35,277784	38,422316	33,455810	38,694972	37,026709
718,00	39,905858	99,982429	100,052762	59,772515	58,890802	59,890920	59,540451	100,112486	100,017154	40,695658	40,896961	41,559657	41,180083	100,052762	52,297729	58,724117	51,023662	56,760740	51,310623	36,358300	40,508607	35,187718	40,471536	51,216632	55,375218	53,377593	56,609601	51,417840	54,727995	53,113627	55,723798	52,463228	55,441248	55,564886	57,498837	55,503440	57,970530	35,382846	37,806880	36,033890	40,238839	35,971814	37,695774	36,759952	38,381001	35,622942	38,527882	33,797672	38,753104	37,245277
720,00	39,921531	99,934697	99,934506	59,840244	58,838129	59,903419	59,521967	100,144005	100,014555	40,795311	40,950283	41,633624	41,166410	99,934506	52,972978	58,686829	51,746869	56,851393	52,086294	36,740434	40,545109	35,604316	40,497729	51,612192	55,365992	53,762531	56,604403	51,866531	54,771847	53,316265	55,700743	53,082776	55,406761	56,108958	57,486337	56,015646	57,939500	35,600689	37,830159	36,266145	40,299973	36,243030	37,760866	36,920702	38,428292	35,965902	38,573894	34,080794	38,798329	37,476060
722,00	39,946190	100,018048	100,082803	59,830254	58,932936	59,919262	59,542769	99,993777	100,109112	40,779769	41,014099	41,631141	41,224778	100,082803	53,615940	58,689022	52,426082	56,924582	52,743042	37,002513	40,584370	35,892987	40,602261	51,941305	55,416775	54,111695	56,671888	52,271283	54,836041	53,460461	55,729055	53,595102	55,445087	56,617069	57,579219	56,410289	58,069658	35,778630	37,962151	36,420727	40,351382	36,371586	37,854707	37,003574	38,485703	36,196327	38,593113	34,343043	38,942805	37,652194
724,00	40,053499	99,894202	100,068569	59,747559	58,948612	59,855735	59,553480	100,169861	100,097156	40,784872	41,068351	41,694018	41,310033	100,068569	54,141510	58,816081	52,942270	57,010925	53,387344	37,313816	40,682358	36,215609	40,683255	52,182603	55,511820	54,301679	56,719363	52,520329	54,869676	53,598917	55,754912	54,031408	55,572116	56,997746	57,653910	56,700373	58,037794	35,952279	38,046828	36,602604	40,428934	36,530817	37,910920	37,130108	38,521287	36,517689	38,660994	34,567517	38,960803	37,850967
726,00	40,023968	99,912572	99,959600	59,781128	58,863026	59,837705	59,567487	100,102127	100,035250	40,794554	41,062295	41,670448	41,345155	99,959600	54,702598	58,778316	53,479767	57,047564	53,952008	37,534636	40,689391	36,445817	40,736103	52,476591	55,595762	54,588008	56,778014	52,880526	54,923153	53,792268	55,770767	54,465723	55,568469	57,442433	57,628161	57,038105	58,081317	36,063281	38,060626	36,715209	40,411747	36,690843	37,910002	37,162721	38,533577	36,722583	38,669309	34,749249	38,988885	37,977481
728,00	39,997941	99,963832	100,056577	59,825623	58,902687	59,920716	59,556687	100,067425	100,037456	40,887830	41,077709	41,739577	41,337594	100,056577	55,192256	58,776832	53,937727	57,110780	54,420507	37,848517	40,683380	36,752370	40,726316	52,754527	55,526793	54,789865	56,759268	53,147739	54,886484	53,945988	55,849522	54,833376	55,589217	57,825452	57,670796	57,347566	58,011186	36,233756	38,004702	36,896300	40,464565	36,841175	37,940180	37,278798	38,573542	36,910594	38,683587	34,910554	38,995734	38,166478
730,00	40,074402	99,921942	99,978721	59,712523	58,968085	59,919393	59,508342	100,086105	100,031114	40,898129	41,126069	41,727895	41,338566	99,978721	55,633271	58,823937	54,346275	57,132679	54,904342	38,013372	40,782413	36,951649	40,820545	53,003675	55,601901	54,988313	56,744814	53,357667	54,906368	54,087967	55,826432	55,229390	55,604029	58,075786	57,713741	57,610804	58,114165	36,307916	38,080493	37,013113	40,553138	36,921492	37,987164	37,388787	38,623649	37,119856	38,727525	35,119125	38,990760	38,252720
732,00	40,098426	99,919915	100,092769	59,764415	58,998287	59,874982	59,579605	100,033307	99,985808	40,936840	41,148716	41,814440	41,347051	100,092769	55,932283	58,865112	54,706252	57,222438	55,260521	38,190219	40,815601	37,170234	40,823328	53,161448	55,691385	55,089957	56,811786	53,564245	55,012792	54,139870	55,863774	55,495363	55,676925	58,275402	57,709807	57,804316	58,155996	36,440450	38,106519	37,090909	40,528020	37,055510	38,018468	37,466374	38,637146	37,299535	38,788301	35,246381	39,114234	38,357407
734,00	40,175429	100,006461	99,979383	59,830654	58,996820	60,031366	59,575725	99,953222	99,964273	40,953931	41,109669	41,854417	41,400728	99,979383	56,335074	58,952969	55,081218	57,203829	55,617744	38,329154	40,823197	37,369478	40,873727	53,372627	55,753416	55,364120	56,815970	53,799534	55,063725	54,317391	55,950773	55,738235	55,728608	58,608150	57,836425	58,026761	58,197165	36,561862	38,157609	37,197009	40,576839	37,088448	38,039061	37,503135	38,650903	37,429097	38,778251	35,325196	39,122486	38,440332
736,00	40,173191	99,870420	99,918753	59,812748	58,986551	59,951466	59,584832	100,167382	100,039148	41,004640	41,200244	41,872919	41,402817	99,918753	56,569850	58,924931	55,207831	57,301652	55,894113	38,549617	40,873605	37,506902	40,918472	53,512526	55,777657	55,476481	56,825638	53,902841	55,024618	54,346478	55,932492	55,885988	55,720949	58,721238	57,836598	58,144158	58,207732	36,653686	38,186535	37,311202	40,658465	37,253460	38,118243	37,570935	38,706264	37,593329	38,860440	35,468170	39,140061	38,529441
738,00	40,229905	100,009930	100,004053	59,928924	59,023559	60,046721	59,652144	100,114512	99,909568	41,050470	41,200578	41,874588	41,382080	100,004053	56,876290	58,962768	55,548120	57,459456	56,340140	38,679740	40,927237	37,697306	40,997523	53,687567	55,897212	55,646527	56,925225	54,126543	55,169183	54,488051	56,094611	56,198460	55,874366	58,961463	57,858127	58,319193	58,316058	36,749208	38,236785	37,410167	40,644854	37,335318	38,125491	37,649497	38,714427	37,689799	38,920823	35,553923	39,177924	38,629481
740,00	40,310010	99,911100	99,871087	59,954941	59,023786	60,026956	59,644353	100,131381	100,013745	41,084713	41,234076	41,937560	41,444051	99,871087	57,124424	59,008634	55,771250	57,458466	56,537092	38,838822	40,948865	37,862068	41,026628	53,858167	55,910152	55,686378	56,951535	54,258740	55,151379	54,666656	56,014830	56,368911	55,863070	59,132332	57,922351	58,502418	58,295965	36,861122	38,319087	37,500069	40,685663	37,410408	38,132200	37,710166	38,773268	37,850001	38,916394	35,623309	39,239267	38,723123
742,00	40,316090	100,036740	99,955678	60,099441	59,165287	60,145473	59,752816	99,976128	100,023973	41,105694	41,301581	41,993254	41,522208	99,955678	57,378048	59,092796	55,874246	57,531869	56,741560	38,887483	41,036987	37,934163	41,072905	54,028225	56,090420	55,878639	57,070345	54,444754	55,266589	54,712760	56,182528	56,608206	56,052941	59,278536	58,057356	58,646035	58,400095	36,905661	38,326192	37,542912	40,763360	37,472686	38,185614	37,733755	38,810652	37,950429	39,006627	35,703194	39,321682	38,795999
744,00	40,392673	100,081897	100,069880	60,069990	59,201097	60,158199	59,809500	99,997765	99,917215	41,104144	41,308692	42,018995	41,551274	100,069880	57,601511	59,195417	56,093991	57,613868	56,997776	39,012501	41,104779	38,051781	41,145173	54,176211	56,155771	56,011647	57,098979	54,523778	55,394733	54,836583	56,204987	56,657892	56,003237	59,471047	58,102953	58,781600	58,462280	36,966470	38,357532	37,640086	40,822789	37,496194	38,235959	37,779573	38,824889	38,039604	39,011943	35,850883	39,381602	38,902667
746,00	40,436718	99,958360	99,945796	60,030931	59,232187	60,196722	59,826308	100,013340	99,907678	41,156423	41,380519	42,021820	41,615027	99,945796	57,706267	59,199440	56,088489	57,637948	57,126629	39,146394	41,113141	38,187945	41,165009	54,236835	56,208342	56,004786	57,134646	54,547352	55,389082	54,850656	56,258076	56,819665	56,045038	59,530133	58,112919	58,796453	58,499587	37,053001	38,445553	37,698165	40,842000	37,618703	38,257408	37,931991	38,865781	38,084647	39,059111	35,818839	39,383885	38,956314
748,00	40,423402	100,093508	100,045109	60,226983	59,305418	60,330254	59,861916	100,148940	99,749404	41,191110	41,321841	42,152542	41,565531	100,045109	57,911861	59,294832	56,252563	57,726353	57,417953	39,230147	41,165116	38,315174	41,191554	54,448736	56,350917	56,248558	57,235682	54,793400	55,426228	55,090982	56,308037	57,011098	56,140679	59,746575	58,219814	59,024084	58,588839	37,214658	38,471854	37,814227	40,870816	37,744102	38,343275	38,014153	38,905263	38,292670	39,054531	36,004296	39,420083	39,042872
750,00	40,461278	100,071311	100,026870	60,241550	59,324545	60,369158	59,942538	99,996102	99,818701	41,227624	41,407031	42,150271	41,699979	100,026870	58,031189	59,326041	56,383216	57,828128	57,513183	39,285466	41,185388	38,385460	41,243905	54,464394	56,413591	56,267774	57,307512	54,863745	55,557805	55,092502	56,416458	56,976330	56,264549	59,824252	58,317953	59,056664	58,611006	37,191495	38,525257	37,803403	40,850508	37,725222	38,370764	38,043401	38,988042	38,291615	39,106515	35,987586	39,495313	39,071301
752,00	40,566331	99,916404	100,049067	60,284042	59,392297	60,266745	60,024852	100,106621	99,951279	41,293702	41,563159	42,226505	41,699055	100,049067	58,136350	59,412545	56,316876	57,916361	57,625759	39,412537	41,326869	38,485429	41,337901	54,601359	56,451732	56,347251	57,383579	54,954177	55,625767	55,189198	56,489086	57,152832	56,295800	59,849763	58,385754	59,160078	58,672285	37,298921	38,627151	37,886783	40,948808	37,836486	38,492739	38,058388	39,109010	38,375273	39,185807	36,062059	39,499587	39,093506
754,00	40,643963	100,055122	99,808395	60,312212	59,445268	60,406226	59,986639	100,091863	99,977279	41,334784	41,485542	42,229953	41,728866	99,808395	58,248216	59,459966	56,465328	57,929629	57,804191	39,471304	41,276833	38,559413	41,366196	54,737204	56,514972	56,506383	57,351303	55,121064	55,637223	55,368567	56,502062	57,285398	56,231695	59,953368	58,346599	59,296560	58,718890	37,341729	38,693154	38,000220	41,030750	37,898377	38,480672	38,160348	39,098614	38,378972	39,238784	36,181024	39,572638	39,230883
756,00	40,628567	99,954814	99,876601	60,368192	59,518158	60,413885	60,099447	100,109386	99,815595	41,349068	41,519973	42,268768	41,747558	99,876601	58,405226	59,602767	56,503183	58,064955	57,917106	39,495480	41,340932	38,615468	41,398469	54,891038	56,628668	56,564718	57,562441	55,212504	55,680490	55,423009	56,627780	57,380998	56,464106	60,047817	58,475095	59,321892	58,776593	37,439042	38,635045	37,995067	41,007268	37,956551	38,538662	38,179034	39,130256	38,519832	39,307809	36,205044	39,637876	39,262789
758,00	40,584287	100,054455	99,827653	60,499334	59,476960	60,506660	60,158944	100,008893	99,893171	41,443920	41,585237	42,301133	41,807660	99,827653	58,584857	59,528273	56,608564	58,085519	58,059424	39,604187	41,411752	38,756374	41,458032	54,989004	56,669194	56,688499	57,436603	55,342174	55,717891	55,524123	56,675339	57,470232	56,494838	60,144848	58,447719	59,448880	58,829576	37,498847	38,748369	38,090363	41,053355	37,974662	38,560849	38,198537	39,161733	38,587227	39,298958	36,286849	39,606094	39,316392
760,00	40,723991	100,035810	99,991298	60,608673	59,637940	60,522097	60,261661	100,092864	99,994922	41,443548	41,671085	42,317763	41,891879	99,991298	58,718604	59,723818	56,567264	58,218718	58,131522	39,648238	41,515714	38,794935	41,525114	55,031514	56,876850	56,709892	57,673132	55,415064	55,921364	55,569971	56,789440	57,558465	56,651545	60,185975	58,645576	59,510773	59,035176	37,538892	38,848916	38,110507	41,227180	38,009810	38,739359	38,315114	39,225510	38,633975	39,475319	36,345187	39,749131	39,380839
762,00	40,767178	100,045383	99,881089	60,616255	59,698683	60,642821	60,394204	100,075889	100,148392	41,475540	41,691265	42,407537	41,892987	99,881089	58,733189	59,841466	56,600410	58,339256	58,287114	39,721358	41,499543	38,879168	41,556627	55,165040	56,956923	56,890082	57,674515	55,612707	56,042725	55,749255	56,862295	57,721013	56,697047	60,289955	58,691341	59,589505	59,019917	37,613633	38,877064	38,188112	41,264537	38,134572	38,686627	38,404980	39,332780	38,714901	39,466530	36,338842	39,761654	39,406192
764,00	40,867597	100,106490	100,038695	60,641432	59,770995	60,761410	60,413569	100,088406	99,910468	41,527992	41,726035	42,411721	41,939372	100,038695	58,844316	59,814733	56,574798	58,344871	58,333510	39,748174	41,613537	38,890427	41,631904	55,237269	57,041997	56,838053	57,785147	55,529618	56,067330	55,726439	56,829619	57,760465	56,755745	60,416579	58,755696	59,669292	59,103721	37,701494	38,951564	38,211396	41,225499	38,090089	38,758090	38,436654	39,392403	38,721448	39,489478	36,411944	39,853480	39,413029
766,00	40,854654	99,899757	99,862063	60,694897	59,799004	60,692191	60,367125	100,077081	99,918485	41,564855	41,715673	42,520168	41,996422	99,862063	58,878088	59,799713	56,569815	58,407640	58,375108	39,826870	41,606739	38,931721	41,643479	55,300993	57,024956	56,953895	57,844907	55,652636	56,132036	55,759293	56,944937	57,787913	56,804663	60,385460	58,821219	59,668499	59,234232	37,767407	38,945535	38,310927	41,309702	38,200942	38,785127	38,518420	39,405105	38,834241	39,544061	36,465600	39,836320	39,521092
768,00	40,892509	100,107241	99,883950	60,796952	59,869307	60,877562	60,489076	100,032389	100,165987	41,590434	41,829741	42,445377	42,023590	99,883950	58,979255	60,013747	56,600207	58,471262	58,536547	39,841527	41,697928	39,030915	41,700891	55,426633	57,194996	57,125872	58,028215	55,844104	56,196284	56,020397	57,057720	57,913482	56,922269	60,555667	58,912116	59,853619	59,315747	37,801057	39,056760	38,358623	41,422772	38,246518	38,865036	38,530952	39,419389	38,843909	39,635220	36,452115	39,997390	39,573342
770,00	40,942395	99,840838	99,879670	60,803044	59,942156	60,806358	60,543382	100,108254	99,992889	41,652149	41,877583	42,514968	42,067519	99,879670	59,116626	60,071218	56,584239	58,673114	58,605748	39,976689	41,725618	39,142245	41,795462	55,469847	57,298517	57,129574	58,039004	55,882668	56,331336	55,949491	57,101005	57,963479	57,115883	60,613298	58,990031	59,949470	59,328759	37,839648	39,052850	38,396499	41,407993	38,351873	38,965970	38,585401	39,511567	38,933712	39,666358	36,583951	39,997882	39,603120
772,00	40,973046	99,899995	99,985284	60,845673	60,049003	60,939163	60,598737	100,219893	100,070155	41,755700	41,832921	42,586526	42,105496	99,985284	59,224951	60,201782	56,589550	58,683538	58,746010	40,094993	41,733474	39,216304	41,789067	55,645347	57,352960	57,184350	58,138603	56,017345	56,437027	56,041038	57,206291	58,026397	57,071626	60,610712	59,122896	59,920412	59,444094	37,998059	39,104736	38,521397	41,453862	38,468009	38,944781	38,670945	39,526349	39,062014	39,748523	36,657801	40,084568	39,751083
774,00	41,048899	99,989074	99,858969	60,949743	59,987956	60,961950	60,566998	100,125670	99,984980	41,712075	41,867912	42,581001	42,088401	99,858969	59,334600	60,108757	56,629515	58,698213	58,847791	40,046847	41,774228	39,289844	41,836929	55,715495	57,337445	57,382035	58,135724	56,067473	56,431162	56,147206	57,217294	58,232236	57,073867	60,751539	59,139544	59,979153	59,396327	37,997985	39,159623	38,592416	41,463202	38,418952	38,953382	38,727614	39,560664	39,048532	39,820182	36,664745	40,034971	39,737645
776,00	41,039562	99,973375	99,836040	60,896206	60,089362	61,064523	60,691559	100,179911	100,032783	41,834271	42,001489	42,670321	42,192829	99,836040	59,379900	60,156202	56,512922	58,807337	58,895886	40,162072	41,818908	39,312813	41,813970	55,796373	57,487541	57,427561	58,222771	56,110603	56,514984	56,207174	57,271963	58,203131	57,177550	60,853547	59,225255	60,106742	59,491390	38,058215	39,192599	38,590735	41,520846	38,519269	39,022815	38,743755	39,631477	39,132050	39,811933	36,773533	40,112323	39,795613
778,00	41,130149	100,008178	99,983943	61,037582	60,146111	61,223346	60,827118	100,187457	99,974531	41,892615	41,977918	42,770618	42,223409	99,983943	59,626025	60,279208	56,657797	58,898354	59,047800	40,266359	41,817233	39,386398	41,941130	55,906469	57,634085	57,480395	58,277667	56,261444	56,676871	56,363893	57,362187	58,348143	57,363802	60,940498	59,285307	60,262620	59,503168	38,124216	39,290532	38,630131	41,524550	38,555041	39,065015	38,801879	39,647171	39,184225	39,849031	36,778629	40,183517	39,866424
780,00	41,163665	99,917144	100,009561	61,001623	60,289615	61,214095	60,874778	100,138736	99,933505	41,838050	41,993916	42,764947	42,235219	100,009561	59,400570	60,455054	56,567168	58,945549	59,052473	40,194044	41,868582	39,393014	41,999221	55,913419	57,703674	57,493287	58,385044	56,277788	56,810969	56,399536	57,517314	58,322799	57,372719	60,849869	59,372246	60,215849	59,634906	38,134339	39,297488	38,673079	41,588092	38,584208	39,114627	38,878718	39,684781	39,180812	39,880934	36,815989	40,154412	39,832824
782,00	41,253960	100,018346	100,056005	61,101192	60,301477	61,320281	60,914671	100,198793	99,977583	41,865939	42,081630	42,770511	42,351577	100,056005	59,606016	60,507804	56,602192	58,974892	59,189546	40,298921	41,907927	39,414987	42,017719	55,984241	57,881171	57,558948	58,397663	56,396091	56,902575	56,475174	57,490712	58,443111	57,482398	61,039150	59,453684	60,418457	59,780180	38,156524	39,376351	38,698187	41,698307	38,678464	39,228761	38,825309	39,800435	39,215073	39,943439	36,850521	40,271854	39,914989
784,00	41,282493	100,073802	99,980360	61,141169	60,451692	61,314756	60,981691	99,957079	99,985433	41,861793	42,035821	42,786935	42,347986	99,980360	59,662169	60,542440	56,531292	59,087145	59,239405	40,326536	41,962394	39,483088	42,125720	56,086457	57,921451	57,750261	58,544612	56,414843	56,931305	56,513733	57,721698	58,483863	57,507235	61,089331	59,537691	60,323113	59,796989	38,267064	39,421999	38,713866	41,722193	38,644835	39,266849	38,957492	39,899394	39,232606	40,091851	36,769557	40,351918	39,912212
786,00	41,227275	100,065672	100,082076	61,342573	60,442483	61,445880	61,126125	100,152433	99,839056	41,928363	42,159998	42,894775	42,321959	100,082076	59,839380	60,615915	56,587481	59,176767	59,358555	40,326577	42,081797	39,571571	42,097127	56,198293	57,908809	57,804769	58,590442	56,616449	56,964254	56,548929	57,722431	58,569211	57,668972	61,106372	59,658498	60,473239	59,910655	38,245511	39,481589	38,789609	41,719246	38,796428	39,269498	38,928396	39,815852	39,413488	40,062869	36,834523	40,325797	40,047491
788,00	41,286090	100,139797	100,150990	61,348587	60,534191	61,418182	61,071795	100,205600	99,975008	41,999781	42,185959	42,992955	42,329341	100,150990	59,948689	60,734737	56,583470	59,222114	59,442812	40,414733	42,133063	39,638764	42,124289	56,294167	58,050567	57,960457	58,671457	56,616324	57,143897	56,740963	57,820767	58,666986	57,853591	61,227858	59,734422	60,563958	59,973454	38,459903	39,529443	38,835755	41,739386	38,832355	39,339381	39,023438	39,925048	39,409882	40,097567	36,953107	40,381917	40,084115
790,00	41,384169	100,068307	99,990052	61,328000	60,638130	61,434150	61,136115	100,136888	99,768889	41,974235	42,189732	43,003789	42,385852	99,990052	59,795523	60,727441	56,574214	59,263670	59,495705	40,498185	42,097360	39,656693	42,147803	56,310827	58,116299	57,964838	58,657485	56,614655	57,140684	56,754255	57,773018	58,694530	57,751864	61,186355	59,687465	60,594261	59,874046	38,391173	39,518997	38,906261	41,842929	38,810107	39,383525	39,059928	39,957446	39,420909	40,067253	36,996064	40,391064	40,023911
792,00	41,354927	100,025809	100,098753	61,425316	60,549349	61,603451	61,140424	100,159800	99,848312	42,085597	42,263377	43,038741	42,439973	100,098753	59,937519	60,741103	56,640393	59,339380	59,540057	40,577969	42,172641	39,669532	42,181718	56,359416	58,153290	57,948685	58,851075	56,694847	57,218891	56,795776	57,851070	58,806551	57,862282	61,218548	59,651899	60,682946	60,043997	38,487262	39,592591	38,937768	41,910636	38,859636	39,444786	39,124447	39,979473	39,480010	40,234801	36,971438	40,532809	40,033323
794,00	41,432315	100,035930	99,931610	61,493862	60,679799	61,531061	61,193818	100,254524	99,995100	42,156154	42,345506	43,055341	42,494965	99,931610	59,927100	60,703081	56,573606	59,400016	59,391040	40,619391	42,223865	39,764047	42,307755	56,424987	58,235353	57,974195	58,821613	56,756204	57,290375	56,758493	57,763100	58,721089	57,834411	61,246294	59,822279	60,609537	60,051143	38,546830	39,709905	39,057618	41,925147	38,949335	39,556015	39,121684	40,054962	39,621791	40,209439	37,088698	40,596485	40,139893
796,00	41,570374	100,079703	100,039554	61,470914	60,668135	61,599094	61,223400	100,145364	99,984449	42,172205	42,327523	43,088922	42,556944	100,039554	60,058916	60,773569	56,521761	59,463674	59,624308	40,630221	42,284021	39,750326	42,402709	56,444418	58,346206	58,041835	58,874106	56,771916	57,343191	56,814152	57,970423	58,852720	57,929736	61,315000	59,900212	60,538924	60,184145	38,568902	39,772710	39,036968	42,067146	39,027786	39,531648	39,164165	40,157619	39,650279	40,332466	37,065861	40,551463	40,098697
798,00	41,524646	100,064170	100,066066	61,491829	60,809767	61,679322	61,311525	100,005209	99,886495	42,191732	42,399547	43,006381	42,627442	100,066066	60,048699	60,872692	56,599277	59,445935	59,627038	40,710625	42,377457	39,815962	42,400905	56,556094	58,400345	58,115059	58,979207	56,905353	57,385194	56,949198	58,151501	58,850271	58,059710	61,270434	59,956598	60,662597	60,209745	38,541251	39,743605	39,068612	42,028642	39,058158	39,530477	39,189351	40,169063	39,645866	40,298307	37,093771	40,606672	40,155834
800,00	41,630727	99,963260	100,049198	61,499941	60,783100	61,599338	61,346394	100,016141	99,967843	42,231140	42,453068	43,091819	42,580163	100,049198	60,078192	60,790122	56,507921	59,531212	59,683567	40,658355	42,389011	39,833051	42,464101	56,564683	58,298302	58,051485	59,014350	56,904763	57,465833	57,023764	58,014023	58,852762	58,083713	61,288959	59,995443	60,634238	60,183275	38,649562	39,862356	39,082482	42,096555	39,081156	39,734954	39,208448	40,243062	39,630136	40,396649	37,159130	40,673938	40,203354
