Wavelength nm.	BIB_T_Amostra_05_01_SET2025	BIB_T_Amostra_03_02_SET2025	BIB_T_Amostra_02_01_SET2025	BNA_T_Amostra_05_01_SET2025	BNA_T_Amostra_04_02_SET2025	BNA_T_Amostra_03_01_SET2025	BNA_T_Amostra_01_02_SET2025	BPR_T_Amostra_09_02_SET2025	BPR_T_Amostra_03_02_SET2025	BPR_T_Amostra_01_01_SET2025	BBR_T_Amostra_04_01_SET2025	Leitura_T_Branco_1	Leitura_T_Ar_1	Leitura_R_Branco_2_ext	BBB_R_Amostra_07_02_SET2025_ext	BBB_R_Amostra_01_02_SET2025_ext	BBB_R_Amostra_01_01_SET2025_ext	BIB_R_Amostra_06_02_SET2025_ext	BIB_R_Amostra_03_02_SET2025_ext_correto	BIB_R_Amostra_05_01_SET2025_ext_correto	BIB_R_Amostra_03_02_SET2025_ext	BIB_R_Amostra_05_01_SET2025_ext	BIB_R_Amostra_02_01_SET2025_ext	BNA_R_Amostra_05_01_SET2025_ext	BNA_R_Amostra_04_02_SET2025_ext	BNA_R_Amostra_03_01_SET2025_ext	BNA_R_Amostra_01_02_SET2025_ext	BPR_R_Amostra_09_02_SET2025_ext	BPR_R_Amostra_03_02_SET2025_ext	BPR_R_Amostra_01_01_SET2025_ext	BBR_R_Amostra_04_01_SET2025_ext	Leitura_R_Branco_1_ext	Leitura_R_Ar_1_ext	Leitura_T_Branco_2_ext	BBB_T_Amostra_07_02_SET2025_ext	BBB_T_Amostra_01_02_SET2025_ext	BBB_T_Amostra_01_01_SET2025_ext	BIB_T_Amostra_06_02_SET2025_ext	BIB_T_Amostra_05_01_SET2025_ext	BIB_T_Amostra_03_02_SET2025_ext	BIB_T_Amostra_02_01_SET2025_ext	BNA_T_Amostra_05_01_SET2025_ext	BNA_T_Amostra_04_02_SET2025_ext	BNA_T_Amostra_03_01_SET2025_ext	BNA_T_Amostra_01_02_SET2025_ext	BPR_T_Amostra_09_02_SET2025_ext	BPR_T_Amostra_03_02_SET2025_ext	BPR_T_Amostra_01_01_SET2025_ext	BBR_T_Amostra_04_01_SET2025_ext	Leitura_T_Branco_1_ext	Leitura_T_Ar_1_ext	Leitura_R_Branco_2	BBB_R_Amostra_07_02_SET2025	BBB_R_Amostra_01_02_SET2025	BBB_R_Amostra_01_01_SET2025	BIB_R_Amostra_06_02_SET2025	BIB_R_Amostra_05_01_SET2025	BIB_R_Amostra_03_02_SET2025	BIB_R_Amostra_02_01_SET2025	BNA_R_Amostra_05_01_SET2025	BNA_R_Amostra_04_02_SET2025	BNA_R_Amostra_03_01_SET2025	BNA_R_Amostra_01_02_SET2025	BPR_R_Amostra_09_02_SET2025	BPR_R_Amostra_03_02_SET2025	BPR_R_Amostra_01_01_SET2025	BBR_R_Amostra_04_01_SET2025	Leitura_R_Branco_1	Leitura_R_Ar_1	Leitura_T_Branco_2	BBB_T_Amostra_07_02_SET2025	BBB_T_Amostra_01_02_SET2025	BBB_T_Amostra_01_01_SET2025	BIB_T_Amostra_06_02_SET2025
220,00	0,623712	0,408267	0,535731	0,798857	1,334809	0,979665	0,575414	0,699415	0,829372	0,952686	0,507685	2,218431	100,063241	35,597190	6,020553	6,421888	6,940185	7,592443	6,893123	9,015946	9,015946	6,893123	8,868605	8,496503	10,977437	8,030877	6,437408	6,659542	10,160489	7,770919	6,534482	35,336593	99,588948	2,947254	0,140380	0,135943	0,168944	0,172183	0,322810	0,176222	0,396452	0,339696	0,457047	0,283599	0,141377	0,154434	0,577410	0,207687	0,244986	2,310664	99,856377	36,777627	6,273923	7,335599	7,025769	6,769679	8,190067	6,507409	6,758925	9,077756	8,891241	9,568273	8,078630	8,904624	7,890702	8,105496	6,627139	37,327144	99,999624	2,630519	0,513311	0,517247	0,538411	0,531179
222,00	0,627429	0,448484	0,533508	0,858748	1,461119	1,047522	0,608019	0,757449	0,838034	0,970941	0,547689	2,203840	99,957037	35,381755	6,062275	6,562642	7,117492	7,638057	6,885391	9,266769	9,266769	6,885391	8,928544	8,768038	11,353078	8,422158	6,469108	6,901781	10,374845	7,784209	6,588453	35,407296	99,848747	2,986007	0,150618	0,174251	0,173448	0,145925	0,345461	0,184200	0,394177	0,396327	0,465586	0,310128	0,159922	0,192052	0,665938	0,221578	0,232965	2,407302	100,207591	36,618882	6,407714	7,518391	7,163454	6,803046	8,261000	6,641658	6,761536	9,330385	9,187764	9,948923	8,304222	9,236669	8,087619	8,220705	6,793033	36,960420	100,255561	2,601971	0,580744	0,573670	0,617567	0,574846
224,00	0,686505	0,471792	0,557017	0,926827	1,561190	1,157192	0,687202	0,848961	0,911735	1,046647	0,582352	2,213109	100,131094	35,568705	6,287562	6,745084	7,287758	7,902051	7,182311	9,322046	9,322046	7,182311	9,158971	9,126872	11,924842	8,791529	6,722084	7,196940	10,594015	8,021095	6,806394	35,624817	100,056803	3,070476	0,172050	0,170906	0,178095	0,159794	0,380344	0,195951	0,448395	0,413558	0,525136	0,344135	0,163368	0,174126	0,684532	0,238635	0,268375	2,456619	99,883413	36,599502	6,592178	7,709157	7,303328	6,950234	8,384451	6,766649	6,788763	9,624005	9,469359	10,269995	8,573444	9,552550	8,284716	8,191381	6,851768	36,958098	99,478078	2,622430	0,605938	0,641285	0,665496	0,584181
226,00	0,724788	0,501489	0,591660	0,981881	1,647796	1,200429	0,698906	0,888895	0,950254	1,118569	0,643025	2,218976	100,056279	35,669222	6,460238	6,866278	7,411016	7,975581	7,277298	9,451781	9,451781	7,277298	9,246019	9,453373	12,225255	9,083182	6,830435	7,392222	10,826311	8,222871	6,925908	35,777566	100,068510	3,128972	0,212794	0,198395	0,196361	0,197748	0,378350	0,221499	0,442565	0,460293	0,584734	0,394388	0,198134	0,199580	0,740361	0,247997	0,288693	2,530893	100,047600	36,773768	6,749319	7,847961	7,536577	7,105358	8,521271	6,840301	6,951857	10,092538	9,889210	10,566733	8,764105	9,785642	8,389642	8,469874	7,024597	36,805519	100,044715	2,642561	0,678774	0,671995	0,717779	0,634492
228,00	0,782106	0,516969	0,666948	1,016212	1,662406	1,223262	0,717726	0,926604	0,989150	1,105466	0,648395	2,313644	99,644732	35,749561	6,603631	6,990303	7,608389	8,070561	7,259979	9,635009	9,635009	7,259979	9,306517	9,880544	12,559466	9,463999	7,023712	7,659519	10,987444	8,229433	7,064293	35,802817	99,903345	3,227424	0,224529	0,222008	0,218434	0,202387	0,418079	0,233987	0,496198	0,495051	0,657657	0,412149	0,230391	0,226889	0,776990	0,281815	0,316704	2,619631	100,012290	37,092504	6,935212	8,113744	7,787925	7,224169	8,746496	6,915452	7,078648	10,356406	10,211413	11,049516	9,036392	10,126343	8,722853	8,489007	7,290323	37,344915	99,865884	2,727900	0,691853	0,710833	0,753488	0,639555
230,00	0,769507	0,510791	0,640949	1,051625	1,712569	1,278001	0,758397	0,941521	0,978834	1,123091	0,674326	2,341986	99,872363	36,146489	6,777649	7,220875	7,938904	8,347221	7,496814	9,889837	9,889837	7,496814	9,534047	10,300078	13,077593	9,871819	7,242147	8,057595	11,234637	8,419616	7,190534	36,105990	100,417042	3,368902	0,237098	0,216867	0,225950	0,228882	0,473846	0,263632	0,524449	0,554760	0,709310	0,457479	0,235937	0,243262	0,842234	0,293668	0,357394	2,782118	99,716204	37,181681	7,118210	8,405840	7,966349	7,424657	8,766398	7,032631	7,160774	10,651622	10,600141	11,385284	9,186544	10,388448	8,812231	8,657727	7,311235	37,339658	100,217247	2,814701	0,702058	0,742378	0,782951	0,675606
232,00	0,776355	0,536700	0,646828	1,012461	1,695661	1,240033	0,751947	0,935776	0,984232	1,170885	0,640089	2,453973	100,258529	36,434382	6,942387	7,470045	8,045780	8,459414	7,604896	10,036087	10,036087	7,604896	9,610584	10,591970	13,412739	10,307205	7,442891	8,316088	11,455217	8,515156	7,340425	36,456874	99,797308	3,521117	0,266282	0,263531	0,254707	0,238803	0,504898	0,275291	0,594890	0,613496	0,816168	0,517835	0,267817	0,263103	0,924826	0,347919	0,410792	2,903345	99,872047	37,266454	7,278075	8,519156	8,207922	7,548416	8,926523	7,192066	7,187563	11,008645	11,017187	11,792523	9,405800	10,680561	8,968817	8,805420	7,417405	37,538588	99,713737	2,945841	0,714946	0,754812	0,820623	0,696059
234,00	0,778116	0,537990	0,681937	0,998433	1,663405	1,185755	0,704516	0,915746	0,992145	1,149375	0,634983	2,501389	99,554449	36,626869	7,165296	7,669864	8,332825	8,753070	7,746010	10,190129	10,190129	7,746010	9,784348	11,159631	14,027165	10,799152	7,734609	8,815577	11,710194	8,648161	7,617303	36,817914	100,198615	3,669760	0,298214	0,280765	0,291771	0,265788	0,528902	0,310541	0,613476	0,686882	0,869993	0,582860	0,300723	0,284708	0,983659	0,344310	0,430416	3,015819	99,730372	37,764853	7,521559	8,915997	8,589561	7,794666	9,024362	7,267705	7,314232	11,468256	11,456472	12,348799	9,652913	11,145054	9,205727	8,920830	7,572565	37,777433	99,822927	3,033376	0,741595	0,779883	0,815317	0,697138
236,00	0,777308	0,540206	0,695239	0,990367	1,679558	1,185064	0,709139	0,862699	0,957773	1,159702	0,615920	2,633306	99,980158	37,045825	7,334555	7,808129	8,565643	8,869977	7,903835	10,406099	10,406099	7,903835	9,903689	11,558982	14,407378	11,177471	7,888159	9,188074	11,843219	8,744755	7,793964	36,991271	100,245643	3,822004	0,317933	0,317301	0,297642	0,282707	0,578328	0,324482	0,688895	0,791915	0,968005	0,608088	0,329346	0,312738	1,055140	0,358269	0,444107	3,153917	99,695718	37,900716	7,824303	9,405331	9,000274	7,940444	9,228960	7,446636	7,398745	12,094288	11,966197	12,909536	10,064535	11,541848	9,454495	9,074699	7,803585	38,228843	100,096738	3,152896	0,774354	0,775933	0,838419	0,740207
238,00	0,793085	0,552335	0,704768	0,936784	1,696484	1,167192	0,697649	0,889898	0,981182	1,172813	0,625631	2,751633	99,894571	37,383071	7,605048	8,008079	8,741035	8,999968	7,963086	10,612359	10,612359	7,963086	10,054016	11,856113	14,744672	11,608428	8,115821	9,619332	11,995520	8,759065	7,967959	37,208813	99,903005	3,934422	0,387308	0,361857	0,337427	0,302535	0,619331	0,369697	0,724236	0,836685	1,054151	0,681533	0,371051	0,355193	1,143188	0,374853	0,500916	3,268457	99,857742	38,178870	8,274940	9,755369	9,324473	8,080451	9,330657	7,548168	7,544867	12,711261	12,470718	13,469434	10,443418	12,055568	9,674187	9,170546	7,942231	38,568228	100,113022	3,272839	0,777220	0,806837	0,870423	0,750803
240,00	0,825588	0,568722	0,741606	0,947905	1,726528	1,170253	0,694037	0,871780	1,005963	1,186199	0,623618	2,834200	99,982369	37,693638	7,763459	8,270140	8,910801	9,226916	8,171918	10,792021	10,792021	8,171918	10,157152	12,388673	15,302104	11,979242	8,299375	9,911676	12,363711	8,977686	8,115698	37,637842	100,013781	4,118525	0,422315	0,393486	0,350852	0,348436	0,665589	0,388717	0,776600	0,947157	1,162419	0,748049	0,405335	0,369115	1,257247	0,393352	0,554271	3,379612	100,038469	38,624340	8,386945	10,083845	9,708378	8,251609	9,424062	7,570072	7,548539	13,088481	12,936410	13,965778	10,695877	12,545292	9,865399	9,094882	8,075933	38,842693	100,157166	3,402206	0,822794	0,841138	0,904266	0,778498
242,00	0,865087	0,584218	0,765562	0,980725	1,808196	1,194373	0,717060	0,902112	1,002593	1,194194	0,634797	2,945120	100,218618	37,887380	7,994471	8,429667	9,155519	9,321141	8,313924	10,854378	10,854378	8,313924	10,272598	12,728982	15,593895	12,432276	8,489640	10,239762	12,440781	9,040385	8,326750	37,905389	100,174558	4,264165	0,467718	0,434713	0,392903	0,367144	0,730150	0,435060	0,834620	1,027748	1,254326	0,819616	0,444596	0,399149	1,285139	0,411526	0,563392	3,536889	99,865347	38,775715	8,581089	10,269511	9,899186	8,308227	9,425113	7,647634	7,569897	13,404380	13,073502	14,353150	10,847178	12,842321	9,944949	9,257637	8,074661	39,005718	100,088429	3,581063	0,875990	0,885505	0,942901	0,780892
244,00	0,874929	0,613999	0,798006	1,023573	1,860134	1,277147	0,733703	0,934119	1,039513	1,205298	0,646650	3,100139	100,167120	38,143185	8,113143	8,684338	9,413402	9,460047	8,362880	11,033859	11,033859	8,362880	10,322187	12,926657	15,920800	12,699808	8,730816	10,477757	12,573090	9,181084	8,524367	38,098216	100,127840	4,443831	0,503843	0,481181	0,415907	0,403609	0,791879	0,478056	0,904328	1,117899	1,355526	0,902148	0,491682	0,432986	1,399730	0,444252	0,640326	3,647488	100,216067	39,113426	8,622322	10,409210	9,944850	8,297570	9,514508	7,637124	7,588106	13,761415	13,490172	14,596209	11,025653	13,080913	10,077057	9,190059	8,047101	39,498216	100,161207	3,738943	0,939270	0,923661	0,988609	0,838502
246,00	0,931945	0,623445	0,827684	1,047242	1,962704	1,306773	0,754902	0,968499	1,073737	1,269073	0,656063	3,268364	100,029230	38,393840	8,309300	8,818617	9,610919	9,585205	8,479782	11,136772	11,136772	8,479782	10,431653	13,278465	16,214417	13,002203	8,914380	10,697401	12,692285	9,200429	8,677493	38,370347	100,046635	4,637242	0,550269	0,542667	0,457068	0,448640	0,825083	0,506625	0,972126	1,215437	1,481202	0,974424	0,524851	0,473183	1,488206	0,464177	0,705362	3,822375	100,078642	39,511004	8,543613	10,376965	10,037782	8,277388	9,523299	7,575169	7,548476	13,779573	13,540840	14,622527	11,030742	13,175543	9,996369	9,205029	7,957321	39,643365	100,009930	3,900001	0,949399	0,942209	1,017229	0,859560
248,00	0,968530	0,652405	0,880154	1,124147	2,050813	1,381734	0,775817	1,000582	1,132088	1,286451	0,686105	3,424569	99,827403	38,785461	8,520153	9,000427	9,776926	9,802897	8,686499	11,273566	11,273566	8,686499	10,581908	13,510787	16,618420	13,366349	9,000775	11,043994	12,941538	9,373194	8,862209	38,666755	100,137341	4,863186	0,618070	0,585915	0,515914	0,495734	0,914336	0,559772	1,036561	1,316322	1,626729	1,070818	0,589688	0,506094	1,619150	0,513886	0,767247	3,925264	100,043654	39,764014	8,426737	10,304737	10,000742	8,191326	9,486893	7,469297	7,470069	13,829432	13,572025	14,696407	11,012825	13,179260	10,008097	9,139161	7,838989	40,092349	99,723655	4,085429	0,993292	0,978956	1,020823	0,900026
250,00	1,014794	0,682838	0,917039	1,178914	2,156274	1,457009	0,809705	1,046387	1,206181	1,373600	0,712378	3,637123	100,104010	39,199975	8,762465	9,226905	9,955452	9,852635	8,712471	11,451384	11,451384	8,712471	10,687102	13,869628	16,958870	13,663480	9,245168	11,248335	13,147068	9,429522	9,044687	38,851851	99,908203	5,089118	0,673794	0,644598	0,551633	0,529579	0,973402	0,595142	1,135872	1,432788	1,733369	1,156029	0,635657	0,570345	1,719551	0,564302	0,837303	4,045381	100,063443	40,253031	8,332417	10,274772	9,854820	8,160368	9,482899	7,453734	7,534337	13,801025	13,576239	14,621435	10,903385	13,097100	9,913312	9,103965	7,696080	40,382272	99,883455	4,324833	1,055877	0,998996	1,055287	0,947161
252,00	1,088905	0,703534	0,958165	1,217342	2,302167	1,543207	0,842270	1,106670	1,247211	1,456181	0,729056	3,850317	99,884719	39,568517	9,010282	9,431764	10,243955	10,064569	8,849951	11,549469	11,549469	8,849951	10,805245	14,175895	17,331810	13,928996	9,365512	11,461704	13,278154	9,585632	9,236700	39,291617	100,187039	5,267763	0,737537	0,718478	0,632084	0,590496	1,047459	0,648013	1,197484	1,588178	1,913124	1,272942	0,702577	0,618023	1,845289	0,608780	0,911304	4,184449	100,063694	40,737817	8,240774	10,158338	9,829307	8,103987	9,505840	7,453547	7,440197	13,835916	13,634951	14,607227	10,832663	13,209645	9,942025	9,188291	7,521038	41,110775	99,926645	4,669709	1,088627	1,039492	1,104678	1,007106
254,00	1,142669	0,753391	1,024057	1,279831	2,430695	1,630669	0,870080	1,140264	1,342573	1,513565	0,739761	4,133658	99,893486	39,999092	9,205172	9,675620	10,485675	10,235542	8,975444	11,767363	11,767363	8,975444	10,971266	14,488554	17,731230	14,261098	9,574387	11,759450	13,555621	9,670620	9,468961	39,535618	99,985921	5,566334	0,820360	0,779531	0,689691	0,646710	1,120928	0,706928	1,292969	1,750141	2,093268	1,378132	0,776882	0,686368	1,967036	0,683881	1,010708	4,325367	100,049937	41,412494	8,144991	10,065297	9,764831	7,998775	9,509829	7,376891	7,509354	13,795024	13,572976	14,612465	10,784465	12,981056	9,886217	9,133759	7,414585	41,548166	99,918205	4,907218	1,146745	1,078228	1,133556	1,051485
256,00	1,215541	0,784117	1,102096	1,372032	2,593623	1,758234	0,914392	1,203145	1,420337	1,597389	0,778185	4,430882	100,104284	40,655270	9,429018	9,983511	10,841931	10,428962	9,168533	11,989291	11,989291	9,168533	11,118445	14,929815	18,105257	14,667676	9,768189	12,057748	13,785653	9,851930	9,672323	40,083626	100,005078	5,810463	0,899582	0,871229	0,784009	0,703520	1,213275	0,749322	1,399823	1,890222	2,279583	1,506075	0,864947	0,757723	2,147882	0,753542	1,106476	4,412208	100,025415	42,162120	8,034176	10,085299	9,719089	7,982383	9,519014	7,316497	7,486250	13,912068	13,643382	14,644969	10,780028	12,989020	9,901752	9,172886	7,319459	42,255357	99,833506	5,239996	1,180071	1,109256	1,195438	1,113547
258,00	1,299647	0,840720	1,154098	1,463187	2,758617	1,829776	0,951346	1,267780	1,536147	1,697556	0,829694	4,780357	99,877959	41,158277	9,714790	10,316470	11,056138	10,612416	9,347589	12,139378	12,139378	9,347589	11,341494	15,237916	18,616268	15,012093	10,021522	12,337668	14,048629	10,013030	9,897301	40,496543	99,921918	6,123762	1,005499	0,958649	0,851971	0,776812	1,315883	0,837576	1,526694	2,080037	2,500227	1,683905	0,967665	0,840551	2,295857	0,846663	1,222394	4,556955	99,697995	42,698303	7,964787	10,077483	9,691152	7,945812	9,553452	7,267012	7,542250	13,899030	13,655703	14,669992	10,692182	12,973493	9,862453	9,138337	7,257110	43,000931	99,858201	5,681424	1,253388	1,169225	1,234810	1,181424
260,00	1,383850	0,880912	1,234537	1,510379	2,944774	1,953666	1,005740	1,334217	1,650014	1,806345	0,884321	5,148906	99,855888	41,794658	10,031813	10,561915	11,385387	10,852179	9,485015	12,341248	12,341248	9,485015	11,491960	15,670376	19,080579	15,474437	10,210349	12,614615	14,305069	10,138042	10,195258	41,093490	99,821454	6,391512	1,124912	1,071585	0,964390	0,861568	1,421232	0,907212	1,680914	2,292793	2,716311	1,840243	1,072878	0,919834	2,493365	0,924201	1,362910	4,669203	100,105762	43,597156	7,965974	9,980860	9,677707	7,959665	9,655274	7,279579	7,560038	13,868660	13,775721	14,678830	10,739207	12,806012	9,890368	9,190529	7,219265	43,749177	99,974960	6,159426	1,323343	1,230019	1,330687	1,271954
262,00	1,480381	0,960772	1,330303	1,630824	3,188005	2,154658	1,066671	1,392086	1,742541	1,945671	0,943099	5,612995	100,014138	42,587665	10,293046	10,844887	11,744660	11,069866	9,609497	12,563892	12,563892	9,609497	11,712251	16,055626	19,569750	15,897018	10,521488	12,965654	14,568552	10,386974	10,437501	41,453159	99,879038	6,672277	1,257347	1,196887	1,071320	0,974269	1,551511	0,967438	1,837122	2,494997	2,949780	1,998456	1,186008	1,031411	2,707273	1,012769	1,504591	4,745246	100,108159	44,561136	7,923491	10,008802	9,668125	7,984722	9,751125	7,299601	7,594508	13,950774	13,787059	14,763498	10,729168	12,763135	9,949288	9,310315	7,181609	44,736537	99,946642	6,604053	1,422926	1,313651	1,404247	1,384750
264,00	1,611441	1,036166	1,430622	1,725331	3,423483	2,278399	1,154889	1,489484	1,891836	2,063728	1,020301	6,103364	100,111187	43,105742	10,613701	11,042943	12,023915	11,245003	9,773593	12,731655	12,731655	9,773593	11,926376	16,520338	20,027329	16,369277	10,737787	13,228875	14,812115	10,515609	10,765071	42,032415	99,838668	6,967945	1,398711	1,303465	1,170214	1,070827	1,660144	1,050270	2,001197	2,749949	3,216770	2,244880	1,319511	1,138537	2,930785	1,128550	1,634389	4,859875	100,035572	45,597991	7,971378	10,112238	9,785970	8,083712	9,790122	7,332830	7,683913	14,020149	13,980862	14,876911	10,811833	12,800489	10,030556	9,396403	7,186186	45,685750	99,867368	7,082661	1,511502	1,432220	1,517527	1,488190
266,00	1,724315	1,105216	1,536804	1,871938	3,684718	2,476342	1,218743	1,567629	2,027285	2,213951	1,116816	6,597920	100,031185	43,925989	10,855291	11,378074	12,276449	11,510517	10,017271	13,029522	13,029522	10,017271	12,157826	16,963229	20,525692	16,822729	10,992497	13,561033	15,130119	10,701530	11,026320	42,420447	99,845415	7,292739	1,508155	1,437967	1,315502	1,163133	1,811771	1,129913	2,175942	3,024467	3,556047	2,460634	1,465187	1,253942	3,154561	1,249135	1,817205	4,923344	99,953467	46,630466	8,084488	10,141376	9,849195	8,162294	9,913204	7,406303	7,774895	14,084035	14,046095	14,956927	10,887334	12,758827	10,061355	9,481236	7,258181	46,654552	100,045514	7,699743	1,639575	1,529545	1,630091	1,603571
268,00	1,877442	1,212218	1,677543	2,032376	3,999033	2,683829	1,345259	1,702078	2,186475	2,377095	1,209190	7,203194	99,999338	44,698718	11,190557	11,700782	12,636164	11,727028	10,149866	13,282736	13,282736	10,149866	12,405064	17,403691	21,210220	17,312691	11,298446	13,968129	15,426587	10,910460	11,347073	42,927179	99,870461	7,652510	1,697394	1,600332	1,462690	1,296939	1,959290	1,246215	2,396672	3,334140	3,883946	2,736238	1,612165	1,412111	3,419356	1,374135	2,031336	4,959326	100,043428	47,763088	8,125131	10,256431	9,944047	8,208511	10,084460	7,432408	7,876705	14,270724	14,271648	15,160663	10,933307	12,816970	10,199204	9,526129	7,306201	47,779664	100,037527	8,350290	1,764730	1,640520	1,766245	1,740935
270,00	2,011857	1,304293	1,834095	2,190803	4,328190	2,909816	1,446774	1,817336	2,384496	2,576916	1,332670	7,855906	100,207746	45,597538	11,558199	12,077515	13,138294	12,084369	10,306510	13,600934	13,600934	10,306510	12,687905	18,097378	21,849109	17,894492	11,572387	14,275379	15,774706	11,065902	11,727732	43,614441	100,217521	7,954957	1,861562	1,771612	1,640040	1,428763	2,108347	1,291228	2,587653	3,650319	4,268230	2,969904	1,815119	1,566176	3,700690	1,523371	2,186018	4,998070	99,944788	48,906487	8,213308	10,385735	10,074371	8,285911	10,197609	7,523665	7,959162	14,394099	14,499635	15,367186	11,037691	12,921980	10,289188	9,685347	7,364085	49,144253	100,189424	9,045023	1,918079	1,800244	1,921553	1,858579
272,00	2,184834	1,434449	1,997792	2,395257	4,677434	3,154292	1,578091	1,998700	2,597482	2,813450	1,492189	8,583079	100,100076	46,242824	11,859996	12,375259	13,385110	12,337442	10,582567	13,815275	13,815275	10,582567	12,945287	18,505123	22,474805	18,393815	11,855533	14,678343	16,133587	11,295822	11,923810	44,047174	99,965215	8,272809	2,075681	1,951537	1,838549	1,589337	2,280679	1,417964	2,829150	4,019475	4,642365	3,281212	1,993052	1,729212	4,015398	1,681867	2,424402	5,015201	100,003231	50,132835	8,357916	10,446082	10,188890	8,490270	10,347894	7,594310	8,077498	14,642419	14,741127	15,559490	11,128949	12,953605	10,404426	9,822855	7,492609	50,351280	99,929833	9,812817	2,078290	1,970115	2,082772	2,020325
274,00	2,370847	1,557510	2,172953	2,573767	5,100898	3,468703	1,742067	2,168613	2,811661	3,053894	1,643286	9,341086	100,050497	47,079805	12,276175	12,793945	13,773184	12,627479	10,825079	14,149112	14,149112	10,825079	13,289730	19,069956	23,157650	18,937621	12,182808	15,053999	16,501145	11,567398	12,380626	44,439572	99,929947	8,609588	2,320920	2,174943	2,031335	1,744696	2,449238	1,533187	3,091000	4,402664	5,031773	3,627031	2,216966	1,946460	4,317638	1,855568	2,706258	5,053893	99,772036	51,444721	8,546712	10,635440	10,424824	8,562735	10,510527	7,645034	8,196086	14,870524	14,961532	15,851437	11,361956	13,091017	10,528769	9,978046	7,573218	51,518929	99,861681	10,652009	2,295619	2,153768	2,280621	2,221806
276,00	2,561043	1,697246	2,385207	2,840102	5,553590	3,731124	1,935828	2,366654	3,017409	3,305424	1,825641	10,155678	100,239468	47,873881	12,658115	13,165268	14,159825	12,966502	10,990448	14,439295	14,439295	10,990448	13,520575	19,680037	23,802443	19,517900	12,535681	15,405269	16,834919	11,863443	12,731348	44,910127	100,086546	8,899654	2,545146	2,371601	2,234647	1,918409	2,658436	1,638797	3,343392	4,786616	5,502198	3,954026	2,432923	2,129258	4,653877	2,053328	2,923833	5,053748	99,873322	52,707690	8,726773	10,847997	10,620249	8,675978	10,650195	7,790317	8,359110	15,169697	15,372993	16,129813	11,567653	13,260157	10,727601	10,099079	7,762729	52,841830	100,032783	11,533978	2,535945	2,389137	2,518120	2,413483
278,00	2,754885	1,843729	2,548532	3,073418	6,038740	4,094140	2,150045	2,594337	3,280036	3,578477	2,013077	11,037728	99,923509	48,705697	12,994719	13,539356	14,508349	13,232926	11,210851	14,705724	14,705724	11,210851	13,828474	20,151344	24,461658	20,117725	12,801969	15,890075	17,176779	12,044277	13,063122	45,246515	99,951088	9,214572	2,782385	2,604226	2,449276	2,098702	2,854050	1,767638	3,589910	5,225520	5,920297	4,334741	2,670311	2,345526	5,017933	2,237456	3,225655	5,072923	99,849391	54,230368	8,951617	11,108749	10,896024	8,858130	10,856748	7,874300	8,513518	15,562326	15,708886	16,524783	11,762875	13,459592	10,952052	10,328232	7,922433	54,254168	99,871236	12,435623	2,794397	2,572087	2,739343	2,607971
280,00	2,945102	2,008226	2,819103	3,352276	6,509148	4,471959	2,377781	2,841653	3,548438	3,860618	2,262140	11,957322	100,021684	49,455231	13,413988	13,935159	14,918408	13,508391	11,468868	14,984080	14,984080	11,468868	14,083607	20,826392	25,048652	20,701428	13,092744	16,192554	17,532450	12,270240	13,487071	45,748454	99,885172	9,552905	3,046867	2,836712	2,705746	2,297591	3,064529	1,894112	3,867721	5,699174	6,429339	4,727533	2,930201	2,581399	5,351909	2,439903	3,496592	5,106442	99,779749	55,538481	9,208278	11,417814	11,077001	9,029458	11,057439	8,014535	8,737438	15,965118	16,084841	16,961840	12,087161	13,665043	11,122175	10,526536	8,134662	55,590010	100,027299	13,390478	3,038065	2,849637	3,032137	2,848297
282,00	3,219892	2,211114	3,036724	3,622767	7,119437	4,841014	2,628083	3,121013	3,852499	4,138707	2,493718	12,814550	100,165486	50,294352	13,775742	14,319573	15,365067	13,809326	11,691342	15,301207	15,301207	11,691342	14,357714	21,483018	25,713947	21,338886	13,496399	16,600184	17,819567	12,526298	13,802178	46,007434	99,946326	9,876436	3,333200	3,080203	2,966067	2,507089	3,300205	2,018457	4,228660	6,155677	6,963281	5,158725	3,200488	2,847484	5,727511	2,692038	3,825259	5,139701	99,819529	56,802636	9,547749	11,689869	11,432291	9,268747	11,336458	8,191994	8,843749	16,324425	16,508608	17,416546	12,380528	13,915196	11,369500	10,675850	8,360644	56,800711	100,049746	14,416914	3,362902	3,094005	3,334437	3,115529
284,00	3,455480	2,418693	3,287107	4,014710	7,652298	5,354596	2,954779	3,452256	4,136904	4,463618	2,761808	13,765119	100,309718	50,957757	14,263745	14,672013	15,726532	14,112522	11,842030	15,627548	15,627548	11,842030	14,698197	21,963064	26,438013	21,970515	13,861829	17,072833	18,145120	12,797654	14,200941	46,511024	100,050175	10,184760	3,634731	3,364838	3,216796	2,706569	3,473157	2,138335	4,508814	6,629086	7,426538	5,562380	3,487473	3,084841	6,099150	2,884317	4,162591	5,238136	99,939787	58,055788	9,886417	12,078743	11,837010	9,529176	11,525895	8,342685	9,119767	16,851868	17,076804	18,010439	12,662847	14,304084	11,600856	10,903044	8,707967	58,147305	99,892354	15,357409	3,689681	3,445988	3,686132	3,345016
286,00	3,729883	2,627296	3,541003	4,381223	8,273633	5,821365	3,280720	3,895153	4,497282	4,818413	3,106698	14,701656	99,904639	51,636344	14,651212	15,107606	16,101190	14,435238	12,169477	15,899587	15,899587	12,169477	14,891629	22,623414	27,186060	22,589293	14,213127	17,576049	18,417138	13,008918	14,671846	46,758363	99,843860	10,562513	3,933773	3,632629	3,472973	2,945229	3,700565	2,270727	4,817656	7,084797	7,972762	5,942169	3,795556	3,377528	6,424163	3,137935	4,467003	5,296222	99,607497	59,317100	10,387641	12,621784	12,331566	9,849542	11,703892	8,540577	9,320166	17,462692	17,725317	18,693006	13,138761	14,772719	11,883865	11,138597	9,011874	59,528011	100,014615	16,351929	4,085037	3,835246	4,075462	3,670559
288,00	3,980558	2,858378	3,845719	4,824367	8,996820	6,394838	3,695389	4,333832	4,855148	5,192108	3,477413	15,688162	100,166535	52,276194	15,000094	15,507773	16,523314	14,779706	12,332740	16,202682	16,202682	12,332740	15,247123	23,137917	27,830061	23,175204	14,546494	18,014131	18,793839	13,137361	15,043323	47,301513	99,967688	10,959923	4,251066	3,944884	3,798974	3,170389	3,922738	2,429273	5,118722	7,648994	8,479176	6,416520	4,124747	3,634456	6,824384	3,364229	4,789178	5,380870	100,145113	60,471994	10,955963	13,187417	12,923589	10,182391	12,071457	8,811062	9,543529	18,223615	18,556529	19,508253	13,703135	15,445702	12,176908	11,442197	9,445588	60,516483	99,951547	17,353019	4,537694	4,238472	4,505586	3,954476
290,00	4,240261	3,109891	4,153462	5,246459	9,714736	6,954842	4,108015	4,831133	5,203964	5,558408	3,880038	16,504152	100,054717	53,001988	15,456504	15,879591	16,973981	15,042999	12,479708	16,467337	16,467337	12,479708	15,531576	23,770843	28,426662	23,838104	14,925002	18,534298	19,148342	13,483562	15,394124	47,704646	99,913377	11,300644	4,620446	4,184745	4,104416	3,380695	4,147655	2,578254	5,432004	8,123359	9,014419	6,901652	4,412986	3,957206	7,132168	3,624145	5,125006	5,546856	99,883509	61,690766	11,598136	13,747570	13,480450	10,601142	12,291954	9,012131	9,851401	19,023250	19,313687	20,504944	14,231332	16,046326	12,480584	11,783836	10,014053	61,894220	100,032842	18,243648	5,027679	4,725415	4,971549	4,302221
292,00	4,551866	3,402053	4,446681	5,763667	10,428326	7,608191	4,525626	5,399347	5,603027	5,941857	4,277916	17,462218	99,901599	53,623670	15,898506	16,261940	17,283827	15,319933	12,708513	16,776210	16,776210	12,708513	15,745763	24,416284	28,975892	24,469310	15,297410	19,017671	19,416586	13,724735	15,791619	48,281592	99,829203	11,738482	4,925809	4,518967	4,393418	3,601349	4,416940	2,710319	5,726071	8,634438	9,515697	7,389471	4,751347	4,290884	7,500495	3,862067	5,511885	5,728240	100,010848	62,850058	12,309156	14,494814	14,237009	10,987999	12,595068	9,282747	10,112625	19,925851	20,221752	21,424432	14,956614	16,808082	12,920278	12,054457	10,487097	62,990534	100,096202	19,153717	5,543539	5,212501	5,543368	4,648440
294,00	4,857432	3,723779	4,778248	6,381609	11,222902	8,280067	4,982061	5,934011	6,000158	6,310766	4,750830	18,299885	99,900031	54,409564	16,312890	16,663352	17,659584	15,578043	13,014591	16,985396	16,985396	13,014591	16,033722	25,040761	29,597452	25,088161	15,607101	19,579750	19,688505	13,879173	16,169015	48,766935	99,849272	12,207465	5,284574	4,793343	4,685828	3,826175	4,631798	2,872474	6,076309	9,168770	10,035978	7,818522	5,057745	4,638073	7,878511	4,123809	5,811583	5,946838	100,032127	64,226103	13,271701	15,362598	15,036024	11,493953	12,928064	9,682796	10,401845	21,090753	21,225686	22,667365	15,649109	17,755896	13,393281	12,405010	11,243086	64,150178	100,193048	20,155388	6,126016	5,836355	6,114993	5,037545
296,00	5,173434	3,998094	5,104001	6,871793	11,930633	9,020149	5,398804	6,517648	6,419443	6,665782	5,214734	19,204959	100,082123	55,107051	16,715997	17,146082	18,033417	15,890668	13,163626	17,238772	17,238772	13,163626	16,350392	25,706169	30,224133	25,810179	16,096266	20,050439	19,992679	14,111458	16,519211	49,313003	100,033820	12,725966	5,575620	5,106321	4,972119	4,054603	4,850041	3,052345	6,370099	9,674252	10,535689	8,295700	5,437324	4,936670	8,247569	4,351373	6,170688	6,227149	99,980772	64,831942	14,157166	16,167723	15,840359	11,958799	13,281858	9,887153	10,700800	22,141023	22,250569	23,747689	16,319288	18,661603	13,782978	12,691446	11,868709	64,981019	99,993742	20,979075	6,730052	6,395431	6,729467	5,376264
298,00	5,419813	4,275671	5,413688	7,444570	12,646164	9,676064	5,815147	7,043293	6,765559	7,049532	5,669330	20,007883	99,936467	55,957758	17,198254	17,495224	18,444885	16,147688	13,369916	17,612873	17,612873	13,369916	16,592321	26,246437	30,810577	26,317790	16,449547	20,521268	20,286936	14,296414	16,922751	50,100189	100,082016	13,206628	5,900489	5,405521	5,286365	4,264604	5,083249	3,182692	6,669404	10,152238	11,000133	8,776265	5,758223	5,258213	8,507398	4,606329	6,497870	6,528936	100,089717	65,667373	15,009329	16,836409	16,582641	12,277374	13,515194	10,144434	10,919502	23,060507	23,183361	24,893874	17,014585	19,493991	14,145076	12,971132	12,492290	65,911651	99,850881	21,801248	7,284486	6,874178	7,269100	5,753006
300,00	5,720546	4,564126	5,689191	7,932641	13,274764	10,290104	6,144501	7,468160	7,109609	7,334300	6,094289	20,760627	99,990863	56,603110	17,535190	17,787203	18,782350	16,400233	13,611120	17,888254	17,888254	13,611120	16,816911	26,637363	31,411734	26,979142	16,806532	20,903695	20,538868	14,478770	17,269208	50,751460	100,262201	13,778354	6,247933	5,680225	5,597094	4,515204	5,319984	3,362305	6,930792	10,658118	11,497359	9,207134	6,074969	5,587241	8,844128	4,841977	6,807744	6,881349	100,123703	66,539598	15,673552	17,463391	17,242643	12,658614	13,862157	10,464311	11,191858	23,950152	23,980449	25,844324	17,634380	20,289767	14,525524	13,232106	13,083169	66,607702	100,105977	22,641593	7,754917	7,377071	7,793409	6,048655
302,00	5,971476	4,794777	5,927807	8,381571	13,910022	10,829294	6,421653	7,830413	7,405899	7,609987	6,391774	21,608119	100,053561	57,436919	17,863423	18,176509	19,095291	16,645038	13,836774	18,030621	18,030621	13,836774	17,058848	27,146748	31,835735	27,496558	17,050442	21,357156	20,721374	14,695217	17,579445	51,509172	99,882782	14,449731	6,585941	6,005868	5,879236	4,707084	5,561920	3,525230	7,253706	11,138204	11,932914	9,670117	6,374427	5,926938	9,179714	5,076775	7,123022	7,303312	99,938178	67,264372	16,198438	18,070164	17,739405	12,998217	14,062387	10,612383	11,399766	24,739222	24,653570	26,753271	18,163082	20,847812	14,727646	13,433979	13,505612	67,461884	99,974066	23,357655	8,219071	7,817013	8,237860	6,316329
304,00	6,191909	5,004684	6,178359	8,765624	14,458834	11,354880	6,706470	8,164693	7,761391	7,913607	6,739037	22,198655	100,150812	58,006865	18,175879	18,482079	19,440916	16,900104	13,935496	18,284762	18,284762	13,935496	17,289951	27,649453	32,260925	27,880478	17,344847	21,753845	20,922023	14,855513	17,923388	52,328634	99,874425	15,108788	6,895649	6,279807	6,179467	4,927871	5,793313	3,722063	7,522535	11,541165	12,417145	10,055216	6,678057	6,226978	9,412719	5,313724	7,448182	7,769229	99,774092	68,004489	16,647598	18,453781	18,211874	13,272299	14,320575	10,778543	11,557593	25,268298	25,354639	27,467212	18,551745	21,337752	15,043762	13,669226	13,887641	68,148386	99,897462	24,084358	8,627903	8,208997	8,644706	6,641310
306,00	6,393822	5,210022	6,372034	9,168588	14,942531	11,819516	6,908930	8,354544	7,984585	8,136535	7,019760	22,883148	100,099289	58,932406	18,612476	18,880872	19,823273	17,148811	14,241475	18,636578	18,636578	14,241475	17,509241	28,202853	32,795489	28,538832	17,752697	22,184595	21,171202	15,062158	18,289080	53,137189	99,868411	15,719894	7,218668	6,578062	6,432303	5,136247	6,034663	3,919541	7,703335	12,055877	12,841591	10,509577	7,019009	6,555866	9,693173	5,534454	7,727487	8,314665	99,701470	68,821317	17,048481	18,815891	18,553895	13,458347	14,534251	10,996532	11,747460	25,770539	25,736111	27,962890	18,904804	21,746510	15,199211	13,813265	14,278349	68,749064	100,125337	24,719399	8,938423	8,550064	8,898394	6,895368
308,00	6,625767	5,378390	6,614732	9,457430	15,385148	12,178247	7,050871	8,556136	8,257599	8,335502	7,255304	23,425145	100,232339	59,732449	19,038257	19,167991	20,105565	17,354952	14,416331	18,771416	18,771416	14,416331	17,814320	28,533772	33,204827	28,974524	18,045512	22,548337	21,471344	15,267830	18,679020	53,940666	99,940622	16,487832	7,528358	6,820347	6,778381	5,393850	6,254902	4,113464	8,032379	12,512924	13,331263	10,917523	7,360681	6,885584	10,021775	5,842119	8,011890	8,961801	99,873346	69,290388	17,369170	18,918128	18,618891	13,649833	14,611506	11,059149	11,841553	26,132861	26,169124	28,441304	19,226852	21,932870	15,484571	14,005633	14,444090	69,298190	99,916762	25,319952	9,254306	8,789220	9,204044	7,087890
310,00	6,792748	5,501835	6,776331	9,682731	15,764591	12,540467	7,137289	8,677390	8,468339	8,580807	7,480092	23,929568	99,897826	60,420769	19,313358	19,358443	20,392540	17,552811	14,546636	19,002289	19,002289	14,546636	17,907840	28,969648	33,525252	29,321694	18,388633	22,828077	21,733597	15,419413	18,931560	54,760903	99,796575	17,286423	7,845205	7,172631	7,025500	5,582868	6,518035	4,347337	8,228227	12,884860	13,721894	11,407453	7,672134	7,229251	10,262600	6,091686	8,325220	9,622417	100,173986	69,628030	17,556533	19,006084	18,852264	13,772215	14,807793	11,204895	12,058216	26,539224	26,472205	28,860798	19,438308	22,114953	15,431996	14,024121	14,521386	69,860578	100,200486	25,862280	9,490308	8,996207	9,410695	7,244987
312,00	6,991468	5,671439	7,008438	9,977551	16,047429	12,781051	7,273108	8,805885	8,691890	8,749195	7,611313	24,456233	100,284505	61,252874	19,580451	19,760270	20,777279	17,892213	14,729464	19,265884	19,265884	14,729464	18,133502	29,404971	34,004107	29,867986	18,660931	23,379245	21,820992	15,595199	19,244228	55,873924	100,152051	18,019082	8,114403	7,422547	7,309871	5,721597	6,769757	4,531868	8,480381	13,328834	14,145359	11,754491	7,986651	7,503315	10,452369	6,289995	8,592722	10,282517	99,924242	70,184004	17,650405	19,188900	18,915232	13,896643	14,914955	11,271901	12,117683	26,792365	26,694503	29,141366	19,568495	22,276953	15,603699	14,130829	14,697652	70,332533	100,110221	26,331967	9,716681	9,198669	9,637367	7,472961
314,00	7,147258	5,828173	7,189241	10,157219	16,477975	13,132580	7,274850	8,842888	8,791529	8,833440	7,739732	24,849162	100,020003	61,823308	19,874792	20,026356	20,961398	18,043846	14,887322	19,511010	19,511010	14,887322	18,393221	29,757640	34,342518	30,463201	18,967529	23,603997	21,993351	15,731931	19,514269	56,695700	99,989504	18,931507	8,359405	7,725114	7,595862	5,956082	7,002857	4,784799	8,740422	13,682990	14,483328	12,109581	8,269956	7,788769	10,720465	6,557874	8,908097	11,121978	99,886054	70,413172	17,683068	19,204769	18,939848	13,916211	15,041760	11,320484	12,177357	26,929256	26,955494	29,451069	19,843851	22,315143	15,734138	14,211223	14,799339	70,416105	100,029290	26,809525	9,810736	9,297527	9,809127	7,675765
316,00	7,261901	5,938001	7,327076	10,319315	16,667373	13,322483	7,314879	8,826767	8,962923	9,001780	7,941008	25,177160	100,186574	62,676889	20,194630	20,275979	21,194683	18,235819	15,095842	19,658795	19,658795	15,095842	18,508913	30,208355	34,790328	30,661240	19,326551	23,944689	22,144461	15,901124	19,848642	57,617325	99,969500	19,878665	8,714155	8,019666	7,925667	6,185379	7,281237	4,972993	9,035196	14,172274	14,902154	12,561350	8,579061	8,122048	10,974066	6,756955	9,192116	11,983375	100,111461	70,595938	17,683382	19,129284	18,962193	14,035118	15,191889	11,391011	12,273141	27,049369	27,141711	29,666248	19,942987	22,273034	15,690960	14,261152	14,720200	70,638186	100,018728	27,230826	10,007841	9,408437	9,868373	7,801671
318,00	7,489458	6,081842	7,441756	10,539338	16,863941	13,539806	7,321823	8,816391	9,092104	9,095595	8,035185	25,567442	99,818915	63,238961	20,554833	20,512302	21,469611	18,456337	15,201820	19,840188	19,840188	15,201820	18,617630	30,418849	35,137963	31,155756	19,450745	24,257658	22,395810	16,023427	20,213039	58,565718	99,776250	20,690557	9,007907	8,254062	8,165082	6,435882	7,480809	5,203149	9,200855	14,478278	15,326123	12,916479	8,816511	8,441600	11,182921	7,045517	9,479138	12,857057	99,914980	70,920724	17,659321	19,158962	18,937416	14,078298	15,293968	11,472991	12,430100	27,289787	27,282232	29,815263	20,011169	22,258988	15,754573	14,254320	14,700773	71,058059	100,044024	27,504694	10,072574	9,518035	9,988429	7,964294
320,00	7,569523	6,119180	7,541745	10,629316	17,092995	13,819587	7,304462	8,737393	9,173481	9,158076	8,057757	25,772077	99,983233	64,024323	20,836830	20,881328	21,722169	18,775888	15,473185	20,172113	20,172113	15,473185	18,848521	30,930379	35,520074	31,519857	19,926703	24,699301	22,522849	16,178909	20,476796	59,497690	99,980819	21,579699	9,252395	8,542755	8,462865	6,573729	7,741863	5,465157	9,396978	14,875616	15,662019	13,277584	9,210396	8,687422	11,422501	7,260294	9,739663	13,837907	100,286949	71,200430	17,483337	19,029823	18,766643	14,186062	15,356445	11,412078	12,429652	27,396438	27,365211	29,873019	20,044665	22,236469	15,813388	14,288975	14,633909	71,198517	99,941093	27,929854	10,204202	9,657791	10,047366	8,106133
322,00	7,702220	6,242613	7,704441	10,767753	17,229167	13,920230	7,281983	8,752647	9,351784	9,318102	8,192986	26,176402	99,857557	64,676547	21,130627	21,063548	22,089882	18,978576	15,618637	20,321193	20,321193	15,618637	19,057375	31,327355	35,857546	31,999227	20,173515	24,941894	22,583038	16,458669	20,728761	60,554117	100,021267	22,378750	9,511433	8,817589	8,715905	6,799237	7,967875	5,674230	9,597776	15,229765	16,048004	13,627303	9,436675	9,033228	11,603580	7,426409	9,997001	14,825825	100,026071	71,389842	17,459810	18,907590	18,668385	14,179043	15,438718	11,462190	12,564689	27,412313	27,480727	30,046540	20,130436	22,109072	15,785234	14,367154	14,537534	71,524698	99,902117	28,158227	10,182048	9,583137	10,104407	8,214071
324,00	7,898544	6,342993	7,803661	10,893044	17,459139	14,080745	7,262529	8,658713	9,466143	9,424006	8,260895	26,563197	100,100052	65,564942	21,441893	21,447393	22,318250	19,227909	15,778445	20,636155	20,636155	15,778445	19,290605	31,780159	36,145297	32,514727	20,485757	25,405344	22,894187	16,654150	21,073996	61,567181	100,179398	23,440543	9,938073	9,117650	9,042993	6,973700	8,289330	5,920146	9,783502	15,521167	16,442925	14,067547	9,768687	9,303913	11,849269	7,670666	10,326822	16,037205	99,874228	71,645564	17,065693	18,711428	18,486765	14,085868	15,546653	11,440992	12,631901	27,260274	27,411750	30,018756	20,100641	21,922615	15,694754	14,429131	14,406760	71,557528	100,083148	28,612292	10,313444	9,681010	10,099814	8,331914
326,00	8,019581	6,445592	7,906196	10,932057	17,585966	14,137420	7,218931	8,626894	9,546414	9,470627	8,305216	26,716435	99,883389	65,941268	21,753220	21,656603	22,512239	19,384547	16,007383	20,831437	20,831437	16,007383	19,431999	32,049516	36,545601	32,917783	20,881672	25,816214	22,982861	16,724166	21,352854	62,268341	100,061321	24,264356	10,189489	9,445541	9,332819	7,175498	8,510091	6,159955	9,987763	15,987508	16,775262	14,358072	10,076396	9,684438	12,119219	7,911414	10,536701	17,090192	99,880445	71,543306	16,879658	18,517837	18,265420	14,120385	15,547489	11,436347	12,689197	27,299213	27,476835	29,990771	20,024352	21,685353	15,676330	14,410402	14,342216	71,713185	100,140738	28,700686	10,266521	9,612796	10,095924	8,401962
328,00	8,066998	6,554224	8,028004	11,029253	17,704459	14,224996	7,278315	8,550763	9,603724	9,584485	8,373962	26,943409	99,847496	66,570395	22,117613	21,965359	22,845887	19,560657	16,173677	21,054822	21,054822	16,173677	19,650766	32,342470	36,874485	33,260152	21,224804	26,080471	23,165169	16,827203	21,660334	63,158077	100,148129	25,024718	10,506619	9,712935	9,624672	7,366528	8,720671	6,364232	10,229050	16,268830	17,119232	14,785531	10,393962	9,959397	12,285666	8,098099	10,876881	18,157995	100,058532	71,681243	16,712168	18,398887	18,112980	14,143337	15,676178	11,464558	12,758847	27,136895	27,358505	29,863659	20,090246	21,463174	15,649584	14,418349	14,219086	71,891791	100,143731	28,999856	10,299551	9,609814	10,136452	8,524531
330,00	8,251739	6,576293	8,181953	11,147256	17,841539	14,396302	7,307313	8,574577	9,695163	9,672926	8,454053	27,268815	100,131977	67,136627	22,397482	22,178668	23,062125	19,748983	16,282292	21,204561	21,204561	16,282292	19,746308	32,747042	37,130359	33,651698	21,457496	26,388583	23,335080	17,000435	21,902786	63,975537	99,970281	25,849384	10,730977	10,001639	9,857246	7,555182	8,987585	6,609814	10,421314	16,574617	17,421922	15,125762	10,677271	10,207729	12,484451	8,360913	11,093061	19,267523	100,101030	71,687889	16,545637	18,163009	18,006298	14,032237	15,714493	11,454597	12,796184	27,065450	27,330154	29,768384	20,034513	21,274067	15,602165	14,443861	14,127509	71,696585	99,872243	29,270503	10,305305	9,635250	10,143950	8,629737
332,00	8,292399	6,679041	8,243262	11,197331	17,900448	14,392453	7,308967	8,581363	9,803720	9,791064	8,450603	27,311751	100,205338	67,534477	22,670175	22,350220	23,359965	19,949670	16,483697	21,402769	21,402769	16,483697	19,909473	32,983676	37,431064	34,004533	21,781273	26,716292	23,383231	17,102966	22,221693	64,699191	99,950957	26,545572	11,001399	10,207547	10,131748	7,737234	9,151738	6,794769	10,587284	16,947573	17,726849	15,375754	10,922044	10,473441	12,631191	8,495099	11,318880	20,372334	99,828780	71,717870	16,323204	17,985873	17,731637	14,031836	15,802902	11,479033	12,869138	26,940185	27,232268	29,723158	19,865794	21,151739	15,514709	14,383952	13,995041	71,759325	100,044215	29,392561	10,307395	9,629727	10,084657	8,666418
334,00	8,457076	6,759597	8,365032	11,309391	18,003398	14,472041	7,358400	8,610132	9,839532	9,880983	8,515498	27,487776	100,127864	67,964178	22,909030	22,604492	23,574248	20,140180	16,618529	21,597923	21,597923	16,618529	20,105405	33,304700	37,634915	34,408492	22,041656	26,957670	23,491612	17,228758	22,417600	65,398073	100,066006	27,327883	11,246743	10,551608	10,379317	7,938493	9,365497	7,002236	10,737038	17,231101	18,050712	15,698132	11,193375	10,756800	12,802656	8,726557	11,598505	21,439061	99,976534	71,955991	16,062327	17,782927	17,554513	14,037979	15,862544	11,467443	12,908380	26,965210	27,161121	29,574630	19,880949	20,846389	15,522476	14,485377	13,893154	71,907067	100,028408	29,654816	10,274894	9,585574	10,125127	8,766189
336,00	8,584461	6,814806	8,428460	11,338264	18,092519	14,505415	7,448231	8,633716	9,880842	9,985618	8,587781	27,571982	100,061631	68,237734	23,114052	22,871242	23,754241	20,358837	16,758758	21,784596	21,784596	16,758758	20,249224	33,592179	37,956753	34,731561	22,297153	27,189419	23,592137	17,366742	22,781415	65,797776	99,660420	27,944031	11,461721	10,743099	10,602470	8,104543	9,556279	7,223807	10,946142	17,482966	18,275961	16,033368	11,455246	11,049745	12,924863	8,912484	11,747961	22,389869	99,836397	71,937597	15,885688	17,688064	17,501354	14,057744	15,960677	11,509794	13,030846	26,887581	27,077198	29,564023	19,870731	20,726413	15,465812	14,492646	13,808733	72,016901	100,023460	29,809242	10,251042	9,588111	10,109797	8,898599
338,00	8,657316	6,891355	8,525851	11,474568	18,208438	14,634535	7,573208	8,769450	9,971838	10,066706	8,639032	27,693638	99,943525	68,685347	23,426314	23,181482	23,988450	20,525749	16,911715	22,003812	22,003812	16,911715	20,368591	33,947343	38,256636	35,150015	22,613026	27,662900	23,781060	17,465796	23,045245	66,574079	99,988168	28,530946	11,744068	11,053714	10,906386	8,279438	9,782752	7,420573	11,056859	17,831947	18,581805	16,378224	11,718299	11,359733	13,101785	9,113004	12,049811	23,367921	100,040531	71,817213	15,735373	17,572220	17,276967	14,008366	16,020592	11,485431	12,990971	26,751503	27,065784	29,428568	19,845805	20,571661	15,493685	14,541933	13,744898	71,924472	100,062108	29,784271	10,281368	9,595290	10,069253	8,929207
340,00	8,782431	6,964184	8,664333	11,692183	18,345781	14,737761	7,805776	8,966002	10,086200	10,265473	8,747515	27,869022	100,065386	68,815935	23,617817	23,447792	24,266221	20,662884	17,103845	22,167683	22,167683	17,103845	20,506866	34,272853	38,474694	35,425255	22,935981	27,911687	23,949453	17,597719	23,298936	67,110324	100,117612	29,140133	11,975960	11,242738	11,142333	8,438600	9,935700	7,638314	11,252001	18,146296	18,840408	16,596305	11,951903	11,602889	13,256033	9,278920	12,263222	24,319232	99,798417	71,803737	15,684633	17,417988	17,294882	14,032537	16,101728	11,551705	13,078566	26,829028	27,066743	29,448548	19,875245	20,647784	15,468416	14,596853	13,718970	71,891344	100,202274	29,958078	10,351994	9,648840	10,143371	9,001278
342,00	8,862008	7,044454	8,683801	11,855378	18,484440	14,829282	8,076915	9,261329	10,126270	10,379872	8,853231	27,860448	99,862325	69,351149	23,977414	23,647812	24,577330	20,849666	17,199494	22,342357	22,342357	17,199494	20,687908	34,669989	38,856238	35,862377	23,276299	28,361028	24,143285	17,799672	23,703580	67,606306	100,345790	29,736188	12,301384	11,550127	11,405937	8,669219	10,206917	7,821012	11,426228	18,396387	19,126236	16,998205	12,305216	11,910573	13,424546	9,486177	12,561806	25,204611	100,102460	71,676981	15,595949	17,460369	17,229262	14,058879	16,175033	11,628845	13,110200	26,853961	27,157462	29,499900	19,988228	20,748651	15,556677	14,656386	13,711336	71,809542	99,990976	30,117184	10,351192	9,683323	10,153873	9,141071
344,00	8,980832	7,134018	8,810121	12,103830	18,614440	15,066077	8,441765	9,692348	10,240874	10,579830	8,920196	28,073984	99,976331	69,482917	24,227887	23,875564	24,786541	21,069276	17,411736	22,527339	22,527339	17,411736	20,853709	34,988707	38,954961	36,185569	23,445338	28,563440	24,126700	17,850095	23,908535	67,980504	99,978602	30,095413	12,423790	11,767721	11,662143	8,766490	10,317437	7,953229	11,535719	18,671185	19,301830	17,302631	12,477370	12,164384	13,505258	9,675873	12,741286	25,881255	99,931645	71,655238	15,671515	17,397781	17,236090	14,114349	16,270408	11,630439	13,224842	27,032217	27,224088	29,733348	20,122124	20,935509	15,583828	14,787097	13,718057	71,673793	100,042069	30,154172	10,497118	9,772524	10,266490	9,195799
346,00	9,119879	7,200658	8,931370	12,389805	18,839549	15,223436	8,867832	10,168941	10,370014	10,765438	9,100007	28,199422	100,000012	69,468993	24,479112	24,036008	24,998046	21,245033	17,515855	22,681908	22,681908	17,515855	20,993167	35,207036	39,194566	36,504298	23,787875	28,880402	24,232331	17,986767	24,167369	68,156183	100,048459	30,542004	12,737879	12,078390	11,926858	8,978085	10,528806	8,163519	11,727327	18,952498	19,628252	17,549576	12,789452	12,491486	13,683175	9,845309	13,028388	26,642641	99,893308	71,613228	15,763085	17,526025	17,350170	14,197424	16,455694	11,649342	13,281742	27,228355	27,422476	29,956445	20,267583	21,234402	15,706584	14,898540	13,816224	71,744239	100,253248	30,259365	10,580625	9,870573	10,384983	9,298766
348,00	9,251989	7,317884	9,034137	12,666593	18,966584	15,433270	9,304151	10,636549	10,492457	10,979146	9,248619	28,282881	100,070488	69,731110	24,746422	24,335854	25,229543	21,414389	17,680463	22,902223	22,902223	17,680463	21,173234	35,408127	39,386541	36,863598	24,021031	29,223225	24,297947	18,120617	24,513274	68,585497	100,031328	31,005836	12,993215	12,292682	12,144284	9,110348	10,685121	8,332199	11,921378	19,214378	19,832450	17,885026	13,037352	12,723900	13,828158	10,002771	13,203575	27,331620	100,037467	71,448278	15,859735	17,614126	17,470551	14,291255	16,613734	11,780211	13,413335	27,451000	27,527949	30,087054	20,486027	21,491791	15,717538	14,958517	13,891643	71,671450	99,827212	30,396438	10,653791	9,991398	10,496408	9,416511
350,00	9,363054	7,443929	9,113830	12,980142	19,175091	15,651184	9,751331	11,111622	10,636501	11,187343	9,384656	28,320682	100,127077	69,808507	24,996510	24,594907	25,437042	21,584992	17,789464	22,998701	22,998701	17,789464	21,268816	35,783687	39,638045	37,268889	24,362089	29,447630	24,487026	18,240967	24,757610	68,899399	99,998987	31,321442	13,234928	12,550224	12,361893	9,300822	10,855058	8,471122	12,021752	19,428231	20,052737	18,083672	13,291584	13,030566	13,895360	10,190270	13,384356	27,919787	99,891424	71,429789	15,908219	17,740807	17,512861	14,357805	16,706914	11,847077	13,447373	27,668583	27,650809	30,393103	20,659408	21,733698	15,854995	15,063566	13,987546	71,609634	100,015628	30,469176	10,781363	10,144080	10,601607	9,504099
352,00	9,527159	7,520922	9,220561	13,203181	19,356433	15,858752	10,112654	11,519091	10,729677	11,380467	9,536847	28,459620	100,392795	69,932288	25,254577	24,759418	25,628993	21,753173	17,933545	23,218302	23,218302	17,933545	21,463281	36,033344	39,899912	37,557441	24,672875	29,819727	24,567646	18,354720	25,021318	69,035959	100,025272	31,649342	13,457701	12,833409	12,624651	9,438155	11,047290	8,674765	12,200049	19,769691	20,295618	18,438162	13,523342	13,302040	14,070359	10,384135	13,686553	28,492320	100,066030	71,375221	15,951118	17,740571	17,549236	14,386478	16,753808	11,888728	13,513324	27,812541	27,759379	30,446848	20,703402	21,999368	15,858600	15,161337	14,029545	71,468276	99,881017	30,627042	10,891557	10,256160	10,731591	9,603953
354,00	9,602132	7,619599	9,308715	13,372923	19,430541	15,946852	10,394911	11,809182	10,823914	11,482115	9,629598	28,505996	100,007379	69,913775	25,464329	24,985825	25,863373	21,880311	18,076399	23,413619	23,413619	18,076399	21,575205	36,261466	40,087396	37,815717	24,875407	30,104655	24,623764	18,457499	25,222349	69,104052	99,937558	31,925970	13,650458	13,089645	12,819397	9,606011	11,206124	8,825053	12,358680	19,973250	20,492125	18,709542	13,791667	13,598642	14,224863	10,529718	13,864340	28,989640	100,032735	71,201497	15,926985	17,745674	17,582153	14,446755	16,924030	11,945680	13,603930	27,876219	27,812302	30,589706	20,837708	22,038759	15,909319	15,263297	14,061815	71,310651	99,941140	30,613041	10,994570	10,352498	10,830214	9,681386
356,00	9,711650	7,692359	9,415846	13,521992	19,508152	16,044694	10,589936	12,041447	10,855211	11,634126	9,724376	28,587103	100,139427	69,859731	25,765526	25,207287	26,047745	22,050932	18,176088	23,503584	23,503584	18,176088	21,693864	36,531353	40,329200	38,109669	25,162128	30,368569	24,765183	18,616229	25,535986	69,271922	99,886775	32,114610	13,915145	13,298409	13,082021	9,747729	11,388080	8,960655	12,528287	20,170377	20,699610	19,005367	14,028396	13,855691	14,340714	10,655291	14,109154	29,420716	99,934447	71,172446	15,901504	17,739658	17,583665	14,433134	17,036581	11,962369	13,653967	27,887285	27,874556	30,617282	20,868433	22,092038	15,906309	15,324455	14,022951	71,363091	99,920702	30,774963	11,010983	10,408898	10,840854	9,751604
358,00	9,796724	7,728963	9,490655	13,614570	19,592306	16,104096	10,758097	12,223042	10,936239	11,705530	9,802235	28,668836	100,004196	69,891202	25,948313	25,322303	26,209417	22,240974	18,325372	23,653954	23,653954	18,325372	21,790357	36,818069	40,426809	38,400799	25,448710	30,630457	24,875948	18,714610	25,772196	69,359499	99,927980	32,294002	14,154495	13,534933	13,274007	9,903936	11,524984	9,127783	12,647973	20,426886	20,883657	19,216505	14,230207	14,100960	14,442122	10,791998	14,226386	29,785642	99,865842	71,177220	15,811607	17,692566	17,498364	14,461823	17,101641	11,993287	13,767289	27,899152	27,815893	30,510616	20,925453	22,073625	15,935606	15,377264	14,020677	71,231633	100,108457	30,834752	11,067639	10,443445	10,889858	9,806684
360,00	9,871245	7,829943	9,563109	13,724583	19,656250	16,149956	10,879430	12,301622	11,005822	11,799669	9,867404	28,763312	100,028837	69,956839	26,265913	25,637323	26,430297	22,436617	18,466893	23,880102	23,880102	18,466893	22,049680	37,108079	40,735149	38,798273	25,780350	30,946678	25,003836	18,818560	26,109266	69,438398	100,009215	32,505906	14,327677	13,788804	13,471100	10,057309	11,687288	9,240553	12,767822	20,649911	21,095783	19,457890	14,506689	14,361565	14,547449	11,004086	14,498989	30,087608	99,907035	71,104598	15,668212	17,582408	17,420270	14,432520	17,164637	12,024058	13,782214	27,751011	27,737424	30,504167	20,883633	21,930699	15,910326	15,430945	13,944560	71,060252	99,951982	30,893025	11,059028	10,490891	10,940392	9,903380
362,00	9,997999	7,867923	9,652426	13,780798	19,700140	16,187221	10,978199	12,363598	11,049440	11,863522	9,914221	28,755069	100,118017	70,022219	26,449051	25,807053	26,658025	22,583179	18,635163	24,096636	24,096636	18,635163	22,154830	37,345478	41,001084	39,154929	25,958583	31,308153	25,111866	19,011918	26,404989	69,570708	99,994874	32,726216	14,562720	14,024185	13,710900	10,235855	11,875327	9,429737	12,936729	20,930441	21,321665	19,768171	14,771196	14,626774	14,728560	11,149786	14,666325	30,466864	100,003529	70,969027	15,522462	17,511009	17,283718	14,458837	17,256919	11,968145	13,825411	27,708083	27,595988	30,328616	20,824608	21,728897	15,846804	15,460084	13,825116	70,954305	100,094914	31,003818	11,098734	10,491401	10,947707	9,942519
364,00	10,069892	7,956310	9,747019	13,813335	19,728796	16,190037	11,060712	12,404898	11,072883	11,981732	9,984837	28,798559	100,110853	69,854254	26,650861	25,992391	26,836830	22,787024	18,788086	24,226588	24,226588	18,788086	22,319107	37,601617	41,076505	39,396542	26,250041	31,466827	25,154430	19,098791	26,654661	69,456184	100,056565	32,797635	14,768142	14,212239	13,900450	10,367122	12,036970	9,552806	13,085020	21,157803	21,448061	19,982016	14,960262	14,878175	14,821841	11,323369	14,880563	30,647591	100,094187	70,756185	15,385081	17,347513	17,206363	14,455125	17,349061	12,000673	13,909672	27,510175	27,502087	30,193877	20,764247	21,610929	15,851645	15,495709	13,770962	70,729971	99,995631	31,084430	11,054023	10,563186	11,018469	9,993443
366,00	10,183081	8,006953	9,787996	13,885045	19,751005	16,203573	11,065329	12,444101	11,127842	12,088936	10,019559	28,880599	99,998200	69,872165	26,963666	26,228034	27,051982	22,977768	18,903649	24,503948	24,503948	18,903649	22,437590	37,859449	41,318482	39,739868	26,548079	31,832311	25,351468	19,225384	26,975533	69,472945	100,014710	33,009338	15,005590	14,448908	14,152536	10,526966	12,191225	9,741373	13,237853	21,402551	21,734992	20,251347	15,247923	15,175912	14,950997	11,461160	15,133835	30,921277	100,109792	70,834833	15,243083	17,281848	17,104089	14,411004	17,418453	12,011340	13,928701	27,521363	27,358299	30,007595	20,645493	21,395046	15,838708	15,498744	13,645029	70,783687	100,009918	31,152683	11,096965	10,559396	10,978020	10,025444
368,00	10,261347	8,038972	9,867261	13,884647	19,810328	16,186264	11,129838	12,426457	11,197021	12,138745	10,014722	28,907290	100,030708	69,762993	27,168345	26,404318	27,263933	23,122317	19,108276	24,701434	24,701434	19,108276	22,603053	38,142949	41,437799	39,995429	26,878840	32,033160	25,400853	19,380642	27,233890	69,461066	99,951226	33,106819	15,151264	14,696671	14,282140	10,678203	12,316499	9,813922	13,353023	21,535459	21,864122	20,481248	15,457232	15,376967	15,012352	11,633017	15,290393	31,058550	99,835104	70,868552	15,099299	17,172126	16,969757	14,465170	17,542732	11,974254	14,006913	27,330074	27,220762	29,928327	20,623536	21,154016	15,785190	15,635973	13,482518	70,716316	100,116789	31,233728	11,033443	10,536831	10,946016	10,076629
370,00	10,361868	8,090684	9,935369	13,910680	19,810551	16,157795	11,192250	12,420966	11,169533	12,240417	10,070902	28,968906	99,940372	69,874156	27,427238	26,620188	27,443811	23,369373	19,256754	24,936450	24,936450	19,256754	22,763865	38,408488	41,695422	40,379030	27,138948	32,258397	25,559795	19,561772	27,481931	69,536453	99,946207	33,164459	15,405062	14,897311	14,535919	10,841977	12,501903	10,030482	13,571632	21,758729	22,033900	20,745616	15,678713	15,634255	15,178204	11,763634	15,498324	31,288341	100,032735	70,790350	14,876191	16,983344	16,781290	14,469895	17,629814	11,957483	14,076693	27,106753	27,067828	29,696101	20,519333	20,978013	15,711853	15,605320	13,340952	70,592695	99,970430	31,214494	11,013946	10,485777	10,907552	10,144094
372,00	10,443684	8,166346	10,027225	13,964339	19,820896	16,172066	11,196908	12,404813	11,258712	12,372721	10,035372	29,078972	99,994779	69,663256	27,646708	26,839483	27,624580	23,566130	19,410302	25,158396	25,158396	19,410302	23,030166	38,692778	41,967046	40,648341	27,392659	32,562101	25,687167	19,688021	27,768764	69,460976	99,999708	33,295813	15,625432	15,071668	14,711191	11,006251	12,636499	10,112472	13,670267	22,024255	22,192773	20,954712	15,907001	15,852229	15,309536	11,921123	15,710521	31,438228	99,867409	70,706731	14,645080	16,800518	16,610497	14,367579	17,722446	11,936615	14,075787	27,002516	26,864535	29,378131	20,384352	20,677629	15,634841	15,647972	13,211112	70,443761	100,034463	31,342268	10,974780	10,481814	10,909502	10,203169
374,00	10,480025	8,187178	10,091634	13,907959	19,828449	16,154546	11,218138	12,444352	11,307233	12,424526	10,067567	29,068029	99,907786	69,682455	28,023919	27,165297	27,947402	23,782580	19,726740	25,420728	25,420728	19,726740	23,262788	38,964862	42,248005	41,023609	27,790523	33,010083	25,908023	19,788893	27,982974	69,415593	100,054574	33,529109	15,851311	15,376182	14,994435	11,237302	12,945268	10,383065	13,925113	22,281893	22,508517	21,253110	16,177139	16,167316	15,465084	12,155183	15,961944	31,654358	100,010538	70,278108	14,201827	16,490260	16,335765	14,143434	17,628674	11,922241	14,187120	26,696536	26,683688	29,054454	20,278107	20,450202	15,604997	15,657528	13,007264	70,322281	99,934340	31,290764	10,891011	10,410879	10,848218	10,226048
376,00	10,577511	8,260917	10,185356	13,903181	19,803475	16,072612	11,265579	12,371042	11,386310	12,495223	10,093095	29,157287	100,028861	69,506383	28,260902	27,388209	28,077638	24,059385	19,954900	25,698584	25,698584	19,954900	23,449066	39,250028	42,506504	41,276547	28,085572	33,261445	26,081619	19,923225	28,291214	69,231105	100,022149	33,653364	16,081291	15,599711	15,185186	11,406528	13,159500	10,554672	14,120987	22,499554	22,668955	21,528749	16,421841	16,423306	15,613379	12,340092	16,182509	31,791347	100,120008	70,248342	13,986076	16,271977	16,135007	14,102261	17,764406	11,899158	14,257482	26,461294	26,499581	28,821528	20,164967	20,200863	15,568145	15,763949	12,869412	70,380121	99,980140	31,407014	10,826399	10,357837	10,808571	10,285908
378,00	10,710506	8,326907	10,270494	13,942687	19,871938	16,057496	11,286834	12,362033	11,440375	12,601398	10,099912	29,263252	100,035238	69,391817	28,440794	27,555922	28,358623	24,253210	20,102775	25,901294	25,901294	20,102775	23,648371	39,452952	42,610663	41,612014	28,362477	33,534381	26,201531	20,106293	28,565395	69,169879	99,900699	33,774102	16,282949	15,813175	15,411514	11,587838	13,346614	10,720665	14,273919	22,738323	22,882722	21,767642	16,640317	16,663128	15,757522	12,500578	16,350776	31,936511	100,107932	70,085776	13,720289	16,062857	15,969549	14,072695	17,881957	11,891402	14,337973	26,221383	26,275250	28,544202	20,043355	19,933952	15,515985	15,767717	12,735249	70,280570	99,904358	31,464058	10,739236	10,319553	10,748794	10,326283
380,00	10,805682	8,407721	10,370925	13,939090	19,863243	16,063508	11,346881	12,371819	11,470693	12,712871	10,129519	29,321244	100,062656	69,294238	28,721657	27,733627	28,426126	24,442789	20,285530	26,214504	26,214504	20,285530	23,908260	39,747715	42,815116	41,819313	28,672278	33,868781	26,300558	20,297557	28,803453	69,066966	99,987555	33,770925	16,438098	16,001917	15,558483	11,751641	13,494164	10,878460	14,442338	22,960110	23,024906	21,980640	16,897579	16,864946	15,853973	12,639388	16,546896	32,033113	100,069177	70,086569	13,580489	15,952234	15,776363	14,074691	17,986159	11,923580	14,451537	26,142007	26,194525	28,379899	20,003551	19,750825	15,525368	15,818046	12,662251	70,198160	100,031948	31,537473	10,739513	10,289875	10,699255	10,402008
382,00	10,903402	8,495818	10,438725	13,978951	19,946212	16,061120	11,402079	12,389418	11,553563	12,822391	10,187498	29,359618	100,138938	69,198471	28,957593	27,946725	28,666180	24,698529	20,458914	26,446959	26,446959	20,458914	24,107543	39,981696	43,078461	42,150310	28,944898	34,063759	26,531684	20,455465	29,099956	69,077927	99,890548	33,877963	16,665913	16,212815	15,774910	11,918930	13,715968	11,039035	14,614859	23,141746	23,221345	22,206216	17,121892	17,055745	15,984288	12,768012	16,751413	32,086000	99,940056	69,978040	13,435294	15,781069	15,675190	14,070103	18,083906	11,939166	14,511603	25,918067	26,032764	28,107861	19,935991	19,556704	15,490009	15,917082	12,612219	70,090085	99,998975	31,619993	10,726543	10,259903	10,706596	10,442374
384,00	11,020166	8,525689	10,542216	13,994803	19,942202	16,065617	11,464930	12,409589	11,608304	12,943129	10,219581	29,405385	99,998778	69,236040	29,202592	28,171396	28,959140	24,943799	20,691560	26,749358	26,749358	20,691560	24,360956	40,301627	43,336019	42,553711	29,341131	34,372666	26,655707	20,624417	29,454538	69,073939	99,905020	33,970955	16,850051	16,418633	15,969221	12,069315	13,896483	11,219212	14,790575	23,324698	23,395057	22,425002	17,334738	17,299514	16,136494	12,958945	16,964966	32,210436	100,010371	69,945735	13,320662	15,674599	15,544225	14,113268	18,255696	11,968197	14,631407	25,845960	25,987417	28,029174	19,878431	19,440949	15,502337	15,998188	12,580144	69,924372	100,028849	31,636932	10,700350	10,240574	10,664821	10,552508
386,00	11,182168	8,655406	10,660011	14,064108	19,988552	16,126488	11,564868	12,435623	11,691336	13,030769	10,285947	29,459760	100,088799	69,154775	29,477218	28,390625	29,138440	25,191775	20,937000	27,022737	27,022737	20,937000	24,572125	40,587866	43,563777	42,918175	29,596627	34,687054	26,848891	20,772167	29,761353	68,960541	100,036836	34,028167	17,041987	16,609058	16,142483	12,289045	14,138080	11,379227	14,963581	23,538727	23,580115	22,689119	17,560953	17,535682	16,303973	13,119730	17,140833	32,296866	99,973649	69,887602	13,258833	15,607092	15,515129	14,183891	18,354039	12,040494	14,738469	25,792384	25,938806	27,932930	19,892558	19,373626	15,530245	16,069598	12,615462	69,940728	99,964803	31,751871	10,727631	10,243800	10,655669	10,640475
388,00	11,277974	8,732396	10,759506	14,079235	20,082366	16,123095	11,651321	12,477656	11,743679	13,123575	10,365603	29,537469	100,043643	69,019729	29,712769	28,558767	29,354721	25,392720	21,154091	27,292472	27,292472	21,154091	24,831408	40,808830	43,791944	43,174535	29,930988	34,910750	26,999995	20,969044	30,034029	68,884540	99,943137	34,146789	17,230457	16,800122	16,359085	12,426287	14,313364	11,552434	15,127195	23,750596	23,762575	22,905831	17,805468	17,736709	16,428894	13,277590	17,369319	32,403779	99,903369	69,704866	13,213407	15,528558	15,417206	14,217952	18,567251	12,125958	14,887695	25,702244	25,874704	27,842087	19,891721	19,277002	15,549584	16,161412	12,668611	69,831985	99,979490	31,767192	10,737781	10,251518	10,697679	10,750790
390,00	11,431499	8,837986	10,870288	14,146520	20,121151	16,195598	11,719027	12,544549	11,820504	13,270299	10,432807	29,571310	100,077927	69,007611	29,956096	28,776070	29,543054	25,711310	21,397944	27,567747	27,567747	21,397944	25,065735	41,060865	44,003308	43,463188	30,280018	35,234317	27,147499	21,130925	30,330583	68,812543	99,987525	34,237114	17,448638	17,003793	16,512199	12,640442	14,549549	11,743918	15,342982	23,980209	23,965606	23,183787	18,023811	17,967489	16,583906	13,463345	17,596206	32,494017	99,969733	69,625944	13,190854	15,496893	15,372579	14,330950	18,682870	12,176298	14,969909	25,616875	25,852865	27,799267	19,904098	19,224480	15,557396	16,258915	12,711887	69,807553	99,879217	31,832296	10,761580	10,264537	10,684504	10,809274
392,00	11,546566	8,905720	10,962433	14,186521	20,180520	16,220708	11,821517	12,585247	11,908653	13,387938	10,476341	29,620513	100,013149	68,856752	30,201471	29,000413	29,773188	25,893804	21,627980	27,881792	27,881792	21,627980	25,333971	41,389424	44,254059	43,777215	30,562425	35,520101	27,335975	21,331738	30,612734	68,710828	99,968314	34,302756	17,631955	17,214511	16,702482	12,849221	14,773586	11,942826	15,518031	24,189204	24,185991	23,410679	18,278669	18,170330	16,749769	13,646443	17,811866	32,593703	100,048137	69,603193	13,163598	15,423691	15,329716	14,402758	18,824261	12,251388	15,115763	25,587568	25,855944	27,777013	19,913818	19,154353	15,653145	16,366136	12,750871	69,691396	100,062060	31,901041	10,806609	10,267299	10,679427	10,924354
394,00	11,673689	9,008882	11,072122	14,242193	20,255952	16,290435	11,933991	12,648711	11,971222	13,507368	10,543281	29,685339	100,129056	68,878627	30,468571	29,203123	30,035651	26,167828	21,814364	28,188497	28,188497	21,814364	25,578129	41,652948	44,482309	44,141823	30,923939	35,722837	27,509981	21,495724	30,898529	68,777609	99,970978	34,361508	17,804250	17,387749	16,888618	13,024616	14,967391	12,071602	15,680277	24,376622	24,355859	23,630886	18,480891	18,370043	16,887417	13,801670	18,010205	32,662681	100,071681	69,514817	13,071501	15,372856	15,241757	14,470607	19,009522	12,326308	15,296230	25,563103	25,819314	27,703485	19,935651	19,081005	15,665238	16,459508	12,791081	69,607812	99,996150	31,940040	10,775527	10,284827	10,700274	11,014119
396,00	11,787054	9,106216	11,176234	14,286011	20,281653	16,325703	11,986081	12,669064	12,038734	13,616945	10,580613	29,762417	99,998146	68,775392	30,691943	29,429439	30,183917	26,438901	22,082560	28,463781	28,463781	22,082560	25,843883	41,914520	44,704127	44,377261	31,235194	35,991001	27,690318	21,675020	31,208739	68,637675	100,008500	34,480458	17,993385	17,574209	17,043062	13,176401	15,159339	12,266016	15,857773	24,579191	24,495865	23,859128	18,677601	18,601614	17,033543	13,953152	18,226667	32,763305	100,041175	69,482511	13,035479	15,314303	15,157562	14,501554	19,179712	12,404609	15,389663	25,481158	25,785202	27,664575	19,914141	18,965885	15,680662	16,580433	12,804417	69,607812	100,054955	31,988177	10,756991	10,288863	10,652971	11,067173
398,00	11,939853	9,167126	11,294533	14,349504	20,337082	16,375414	12,066901	12,691128	12,118308	13,725530	10,610361	29,811865	100,143087	68,657905	30,952179	29,669118	30,451643	26,706195	22,265798	28,771091	28,771091	22,265798	26,060429	42,219093	44,966352	44,725659	31,543329	36,312827	27,837577	21,850429	31,595281	68,576837	100,020814	34,511185	18,166433	17,775017	17,229491	13,366835	15,388407	12,424574	16,046311	24,782571	24,706693	24,058004	18,936639	18,781298	17,174508	14,099531	18,385276	32,855853	100,036085	69,373393	12,929650	15,198778	15,080228	14,549437	19,318224	12,421413	15,526778	25,418606	25,726274	27,513468	19,869702	18,837968	15,736513	16,623907	12,789664	69,441110	99,950498	32,085118	10,761192	10,269050	10,632352	11,176662
400,00	12,038698	9,268931	11,387270	14,331365	20,332843	16,376048	12,140350	12,668312	12,159777	13,822573	10,635240	29,871005	100,137985	68,571520	31,195581	29,857406	30,658305	26,947945	22,528987	29,042470	29,042470	22,528987	26,291943	42,466050	45,150638	44,955060	31,834009	36,553478	28,051049	22,031762	31,803110	68,581063	99,971735	34,552640	18,350641	17,952672	17,429739	13,553804	15,581651	12,601081	16,245991	24,979120	24,849583	24,272424	19,142981	19,008841	17,320038	14,282085	18,617457	32,897264	100,027800	69,307160	12,776497	15,055794	14,927396	14,562616	19,452447	12,484094	15,655757	25,277928	25,636744	27,365434	19,804098	18,675640	15,738583	16,735171	12,735900	69,458807	100,047863	32,169637	10,714002	10,207807	10,600492	11,217874
402,00	12,116697	9,303470	11,482219	14,308213	20,317049	16,320664	12,152600	12,623677	12,230901	13,906927	10,624453	29,947501	100,060034	68,512666	31,439161	30,067280	30,906850	27,205536	22,726201	29,332164	29,332164	22,726201	26,497629	42,705521	45,312408	45,248240	32,140145	36,812907	28,239170	22,233273	32,109562	68,422145	99,997348	34,640548	18,565620	18,173750	17,598343	13,754506	15,826556	12,783964	16,416895	25,201398	25,036526	24,490327	19,393764	19,205861	17,462821	14,431550	18,823034	32,999104	100,073028	69,219816	12,620848	14,858893	14,715420	14,554663	19,550976	12,490405	15,740307	25,092879	25,495964	27,114582	19,698901	18,467925	15,740234	16,788353	12,649833	69,328904	99,942279	32,180476	10,648006	10,143167	10,515842	11,264317
404,00	12,230553	9,368099	11,534903	14,278123	20,313147	16,290197	12,140376	12,571786	12,250558	13,989155	10,588873	29,994670	100,110829	68,506712	31,702900	30,311343	31,140539	27,489510	22,979409	29,674032	29,674032	22,979409	26,776940	42,978093	45,578143	45,503682	32,455453	37,057111	28,441396	22,388288	32,446688	68,438530	99,974543	34,730065	18,707091	18,320483	17,772983	13,929082	16,009885	12,952238	16,595286	25,362670	25,237074	24,665484	19,574524	19,385342	17,613463	14,577198	19,037728	33,046556	99,918699	69,206566	12,347340	14,663036	14,505005	14,477748	19,672126	12,465248	15,819432	24,851075	25,260282	26,814499	19,564885	18,211377	15,683244	16,870756	12,517743	69,283605	99,982840	32,292125	10,528073	10,037363	10,413092	11,283208
406,00	12,309968	9,409791	11,611807	14,210312	20,278391	16,182382	12,117956	12,478212	12,291390	14,075036	10,522208	30,015734	100,066590	68,435252	31,966311	30,539334	31,358454	27,791426	23,215687	29,991740	29,991740	23,215687	27,048069	43,208969	45,828044	45,782092	32,790548	37,347707	28,626275	22,606692	32,730779	68,327147	100,011754	34,784845	18,903154	18,515235	17,964754	14,108819	16,192098	13,113903	16,778535	25,490722	25,409681	24,901968	19,797522	19,551806	17,747748	14,745925	19,246569	33,039597	99,978632	69,108254	12,081322	14,386433	14,237209	14,437363	19,758922	12,472907	15,883267	24,601431	24,973680	26,451883	19,366388	17,896743	15,636148	16,921026	12,332502	69,199634	99,955922	32,321832	10,382850	9,902868	10,292531	11,303453
408,00	12,413843	9,433591	11,666010	14,115839	20,213729	16,050257	12,112275	12,375993	12,338546	14,167950	10,453274	30,046216	100,084424	68,323457	32,212093	30,813348	31,610197	28,049374	23,472457	30,250227	30,250227	23,472457	27,309018	43,436730	46,035698	46,082997	33,106381	37,575233	28,798249	22,779755	32,994887	68,217087	99,997407	34,810132	19,096965	18,687335	18,159483	14,286429	16,411786	13,298915	16,958228	25,685519	25,542551	25,084755	19,988313	19,726162	17,892402	14,871097	19,420490	33,140859	99,949616	69,005305	11,767758	14,086749	13,926002	14,346944	19,836706	12,404892	15,955810	24,196434	24,681909	26,038569	19,118366	17,530052	15,540534	16,977730	12,145521	69,107318	100,007796	32,370868	10,221162	9,765473	10,148679	11,321789
410,00	12,474009	9,489977	11,736985	14,034218	20,141186	15,951179	12,076551	12,247592	12,378361	14,247668	10,377245	30,115518	99,991196	68,230605	32,557142	31,065619	31,886530	28,305280	23,722765	30,568877	30,568877	23,722765	27,585039	43,677312	46,231404	46,283981	33,461818	37,855157	28,984374	23,000273	33,338168	68,153214	99,974406	34,918949	19,277495	18,885522	18,323258	14,491890	16,623011	13,475573	17,160438	25,888327	25,732413	25,299555	20,237723	19,895165	18,068968	15,041757	19,608904	33,206460	99,928927	68,915308	11,449575	13,811342	13,667157	14,265350	19,920090	12,350553	16,020983	23,882756	24,382660	25,677726	18,833427	17,195266	15,499051	17,017414	11,911832	69,000787	100,067461	32,411373	10,070929	9,631081	10,015709	11,307574
412,00	12,561435	9,540964	11,822686	13,960601	20,124851	15,842143	12,052438	12,169643	12,413786	14,350919	10,301927	30,168378	100,126565	68,163580	32,831219	31,297168	32,147735	28,608647	23,999435	30,875799	30,875799	23,999435	27,843839	43,959939	46,453962	46,609581	33,753994	38,113937	29,246822	23,157836	33,688796	68,102628	99,928510	34,939441	19,468585	19,088368	18,511488	14,683044	16,847347	13,673232	17,321938	26,061156	25,902492	25,511536	20,447454	20,116940	18,235424	15,215011	19,839364	33,272836	99,911517	68,822539	11,180095	13,555786	13,420352	14,173143	20,039703	12,344383	16,079067	23,584153	24,127544	25,239077	18,654789	16,868848	15,476631	17,101531	11,728488	68,965101	99,919945	32,496184	9,953491	9,522291	9,899452	11,347758
414,00	12,639044	9,601920	11,905568	13,874732	20,081384	15,731478	12,034763	12,081352	12,471560	14,447658	10,265339	30,220783	100,108945	68,094033	33,129478	31,600332	32,473564	28,913689	24,221133	31,207725	31,207725	24,221133	28,144673	44,153866	46,660328	46,810472	34,125060	38,400894	29,411948	23,391710	34,008321	67,999160	99,997884	34,970057	19,638927	19,284314	18,697213	14,880469	17,043743	13,852854	17,523843	26,215193	26,048321	25,688282	20,671326	20,294718	18,355495	15,374669	20,047772	33,300948	99,825788	68,796366	10,961840	13,353053	13,204415	14,141957	20,173021	12,341604	16,197690	23,333678	23,888583	24,906746	18,493365	16,604330	15,442534	17,187652	11,570361	68,842262	100,001621	32,573527	9,835812	9,447184	9,802973	11,394577
416,00	12,753721	9,674604	11,990797	13,838699	20,033798	15,657046	12,034996	12,043320	12,511764	14,559978	10,235676	30,223140	100,027359	67,997354	33,398345	31,878158	32,721168	29,260033	24,541096	31,546047	31,546047	24,541096	28,492713	44,505301	46,949509	47,179154	34,494770	38,710862	29,671821	23,629932	34,339929	67,936361	100,034249	35,001433	19,847107	19,485369	18,871383	15,073946	17,292152	14,070334	17,691031	26,436195	26,244336	25,912550	20,902781	20,471638	18,520240	15,521619	20,241122	33,382234	99,878901	68,683577	10,798261	13,221171	13,099778	14,137605	20,285662	12,344006	16,308659	23,146424	23,751523	24,665204	18,385978	16,411500	15,488276	17,326069	11,467960	68,763769	99,944758	32,557860	9,745589	9,372770	9,736045	11,428771
418,00	12,978089	9,773102	12,125988	13,881268	20,083779	15,673172	12,118235	11,989862	12,616634	14,723602	10,246071	30,289355	100,112140	67,988706	33,763608	32,240844	33,105212	29,562703	24,832505	31,896302	31,896302	24,832505	28,799450	44,813901	47,215807	47,467643	34,808505	39,001143	29,940158	23,856045	34,721333	67,850554	100,034213	35,063127	20,026787	19,734636	19,116350	15,285087	17,517354	14,247136	17,934991	26,600587	26,405168	26,145774	21,122283	20,627303	18,681350	15,710817	20,491228	33,429873	99,979013	68,648034	10,723398	13,172519	13,037996	14,182360	20,508786	12,410808	16,463737	23,020579	23,683710	24,480206	18,317474	16,271208	15,553321	17,430285	11,401651	68,681264	99,910271	32,657242	9,730873	9,366693	9,736829	11,521271
420,00	13,126700	9,882088	12,237804	13,901503	20,105028	15,655650	12,177865	11,991885	12,719868	14,832138	10,282683	30,335832	100,055420	67,855436	34,102172	32,514486	33,425850	29,864550	25,127831	32,311422	32,311422	25,127831	29,114377	45,107043	47,432119	47,761008	35,203719	39,273947	30,153951	24,073242	35,061219	67,821223	100,014949	35,114413	20,268436	19,959742	19,328764	15,490399	17,759822	14,447360	18,153284	26,802793	26,583585	26,333243	21,367654	20,853791	18,882446	15,877530	20,679708	33,480194	99,947459	68,542325	10,663779	13,142657	12,998456	14,263916	20,695856	12,538579	16,644628	22,972579	23,662038	24,406710	18,344830	16,215429	15,644579	17,601182	11,398122	68,626493	99,991918	32,726973	9,716959	9,394080	9,752860	11,592214
422,00	13,274263	10,008833	12,359840	13,938978	20,161630	15,676746	12,237491	12,034111	12,817569	14,969561	10,322729	30,374017	99,957734	67,871016	34,473211	32,888168	33,780149	30,238852	25,466338	32,647446	32,647446	25,466338	29,465133	45,346352	47,654235	48,076737	35,555971	39,610386	30,423185	24,312887	35,410613	67,717248	100,077808	35,164088	20,488335	20,206553	19,547662	15,711844	18,001910	14,687650	18,364252	26,997072	26,768997	26,548740	21,560578	21,036030	19,044264	16,059282	20,938875	33,577645	99,981964	68,534350	10,656232	13,136517	12,990509	14,341658	20,970850	12,663200	16,843037	23,001990	23,671111	24,308087	18,368740	16,174859	15,732287	17,761338	11,400875	68,596792	100,037718	32,756451	9,714356	9,402528	9,779422	11,693712
424,00	13,433495	10,145030	12,504573	13,988116	20,239712	15,672624	12,306095	12,064647	12,922159	15,101925	10,381475	30,357197	100,008047	67,679870	34,791172	33,181971	34,133488	30,587125	25,740188	32,976860	32,976860	25,740188	29,797867	45,647603	47,873425	48,293608	35,952863	39,915210	30,677381	24,550685	35,788703	67,583871	100,030172	35,222104	20,725307	20,436129	19,788675	15,936574	18,234201	14,888385	18,582964	27,182397	26,960835	26,766947	21,816617	21,264644	19,226903	16,230179	21,121888	33,614331	99,933279	68,504000	10,620812	13,144267	13,013595	14,463820	21,219921	12,786199	17,069300	22,999981	23,707680	24,283527	18,402967	16,123706	15,870364	17,958809	11,438236	68,528795	100,071061	32,803634	9,749497	9,453952	9,817441	11,804857
426,00	13,590671	10,276869	12,667216	14,031145	20,289721	15,676266	12,359474	12,079534	13,020588	15,246594	10,436945	30,462089	100,038743	67,684937	35,179102	33,564109	34,498444	30,976954	26,110992	33,370781	33,370781	26,110992	30,163896	45,990056	48,184994	48,626029	36,337757	40,253705	30,921754	24,805483	36,158320	67,603624	100,054646	35,312912	20,934805	20,679325	19,987980	16,157541	18,475112	15,137881	18,804716	27,383983	27,147686	26,954997	22,039719	21,457665	19,436559	16,431861	21,390192	33,672699	99,958873	68,327069	10,598107	13,122036	12,986532	14,559883	21,435052	12,898640	17,251785	22,940990	23,711404	24,186686	18,390901	16,082571	15,969515	18,115841	11,425702	68,460488	99,981534	32,892409	9,759643	9,472479	9,830772	11,904645
428,00	13,743372	10,403987	12,793796	14,058615	20,323801	15,695995	12,410291	12,071846	13,140331	15,385325	10,462794	30,503350	100,002599	67,540407	35,545394	33,972132	34,873521	31,311500	26,410100	33,731750	33,731750	26,410100	30,526260	46,295643	48,503000	48,950180	36,740932	40,564731	31,211570	25,068206	36,539599	67,482483	99,993438	35,320586	21,160056	20,946129	20,245430	16,405267	18,717805	15,346937	19,013171	27,559379	27,330953	27,148476	22,257265	21,668157	19,578132	16,612560	21,621495	33,693609	99,898666	68,286943	10,489971	13,047279	12,924962	14,601932	21,675088	13,007855	17,440158	22,865961	23,658672	24,048071	18,372446	15,963531	16,029671	18,300420	11,392855	68,342036	99,978495	32,918292	9,714434	9,450760	9,816685	11,996093
430,00	13,891698	10,490350	12,919065	14,033283	20,334572	15,660308	12,421519	12,055100	13,226065	15,545741	10,446605	30,569401	100,081336	67,487264	36,021626	34,402075	35,309657	31,742841	26,794463	34,138677	34,138677	26,794463	30,935946	46,644378	48,745111	49,251014	37,121952	40,929613	31,515372	25,347582	36,915848	67,421401	99,996167	35,391945	21,410976	21,243928	20,505671	16,630511	19,016238	15,573643	19,283438	27,785027	27,512237	27,383205	22,530478	21,885663	19,808151	16,817299	21,880063	33,809406	99,929237	68,209040	10,355417	12,922052	12,830436	14,628528	21,878342	13,079683	17,646457	22,712693	23,519346	23,837687	18,285610	15,826464	16,106583	18,425848	11,303770	68,299758	99,950618	32,971042	9,664430	9,419470	9,780245	12,078417
432,00	14,010325	10,599854	13,040474	14,016519	20,306946	15,562478	12,404744	11,985251	13,292396	15,634552	10,417862	30,586299	99,952048	67,392886	36,371362	34,741002	35,698655	32,080573	27,121985	34,560794	34,560794	27,121985	31,294844	46,934453	48,993489	49,504501	37,510219	41,241464	31,763130	25,603336	37,331539	67,340034	99,987704	35,471213	21,651572	21,476601	20,764321	16,891758	19,263878	15,839455	19,497436	27,943525	27,683780	27,604094	22,760233	22,105958	19,980031	16,998146	22,138734	33,807960	99,900538	68,083948	10,208268	12,799083	12,681904	14,665295	22,088622	13,140479	17,813449	22,519256	23,415609	23,613016	18,150277	15,617894	16,117053	18,589114	11,205509	68,159676	99,962336	33,006692	9,579232	9,340091	9,711797	12,138730
434,00	14,151019	10,705505	13,179521	13,980722	20,276177	15,496843	12,424667	11,922331	13,401946	15,805766	10,423261	30,672333	100,082564	67,379850	36,821228	35,206929	36,162522	32,579732	27,525157	35,001975	35,001975	27,525157	31,723946	47,282365	49,311578	49,850169	37,944415	41,656312	32,112622	25,908101	37,781262	67,299914	100,000978	35,495567	21,896917	21,792597	20,984717	17,138414	19,518578	16,074401	19,755097	28,170979	27,901420	27,848300	23,034832	22,299328	20,159219	17,186132	22,365384	33,874595	99,967653	68,050873	10,060935	12,676059	12,566638	14,648396	22,301815	13,206366	18,041956	22,348635	23,273316	23,336962	18,053935	15,455672	16,211814	18,763906	11,110869	68,132108	100,033355	33,078128	9,532030	9,290381	9,653833	12,214866
436,00	14,288113	10,809960	13,306926	13,959756	20,284188	15,435095	12,436953	11,895166	13,487990	15,934420	10,432833	30,691621	99,954313	67,217600	37,248513	35,635263	36,566779	32,972482	27,927738	35,404059	35,404059	27,927738	32,150590	47,606996	49,605095	50,150186	38,369024	41,999352	32,405090	26,179451	38,153225	67,181212	99,987495	35,547054	22,138995	22,097006	21,287753	17,391640	19,798815	16,359100	20,017129	28,366494	28,097284	28,030652	23,274526	22,534056	20,369552	17,427473	22,618003	33,949098	99,967158	68,006730	9,994749	12,632489	12,504952	14,715838	22,536767	13,290277	18,259391	22,237538	23,205501	23,193030	18,004601	15,311797	16,286634	18,966444	11,056693	68,092263	100,052381	33,082998	9,487698	9,285899	9,632707	12,275843
438,00	14,479953	10,967163	13,505282	14,037064	20,351210	15,465413	12,533432	11,927971	13,633697	16,113099	10,482952	30,773449	100,093925	67,174631	37,690043	36,067718	36,996189	33,404851	28,301546	35,807416	35,807416	28,301546	32,593533	47,930557	49,868289	50,445849	38,766080	42,315963	32,717156	26,513749	38,609952	67,074716	100,048125	35,600987	22,418457	22,351590	21,527962	17,653342	20,046593	16,588402	20,266725	28,560492	28,288093	28,229126	23,539916	22,724921	20,582378	17,603134	22,860178	33,984792	99,987739	67,873293	9,985315	12,667863	12,551989	14,842391	22,782144	13,449636	18,514769	22,219987	23,215887	23,132485	18,037106	15,278970	16,436833	19,142330	11,072844	67,943037	99,993587	33,182067	9,530475	9,329472	9,695690	12,415881
440,00	14,693511	11,148195	13,684717	14,119239	20,477837	15,550767	12,645674	12,034237	13,765953	16,277969	10,607900	30,820078	100,028777	67,113894	38,122874	36,538142	37,486255	33,824065	28,698292	36,243403	36,243403	28,698292	33,036029	48,279044	50,167727	50,755268	39,166325	42,683372	33,033061	26,826736	39,028117	67,040193	99,952310	35,656953	22,672229	22,632673	21,792582	17,893933	20,299965	16,848290	20,513779	28,732252	28,462136	28,466511	23,749876	22,966953	20,761774	17,822225	23,125610	34,053135	99,970728	67,795295	10,108779	12,840128	12,762110	15,078503	23,097892	13,669793	18,804884	22,369419	23,389015	23,199683	18,217210	15,369962	16,663887	19,397108	11,198464	67,900538	99,956822	33,242881	9,675404	9,484360	9,842708	12,593162
442,00	14,918254	11,367325	13,892399	14,281721	20,646177	15,706348	12,862323	12,198479	13,954301	16,481937	10,799937	30,834413	100,022769	66,999769	38,555205	36,927703	37,950733	34,275186	29,104641	36,650363	36,650363	29,104641	33,457315	48,572576	50,385070	51,066768	39,593801	43,060115	33,350512	27,107683	39,440078	66,969794	99,987572	35,731453	22,920620	22,927637	22,050987	18,161839	20,586818	17,129134	20,755525	28,954422	28,669742	28,615940	23,997480	23,212200	20,971096	18,036991	23,382896	34,087604	100,061858	67,731929	10,394338	13,209666	13,107318	15,393069	23,519729	14,032574	19,202541	22,717175	23,756842	23,517913	18,603724	15,644974	16,987962	19,685559	11,460870	67,818695	99,938035	33,270064	9,876544	9,721464	10,101518	12,794437
444,00	15,217780	11,644391	14,168875	14,538682	20,914026	15,991555	13,150753	12,487647	14,201699	16,714182	11,078989	30,871922	100,005889	67,013937	39,012173	37,413907	38,397157	34,705091	29,506177	37,068439	37,068439	29,506177	33,910310	48,943353	50,725979	51,408243	40,007493	43,451154	33,680168	27,423808	39,879265	66,906798	100,013435	35,759366	23,185387	23,213094	22,317861	18,407813	20,847566	17,378215	21,018158	29,139370	28,855628	28,817105	24,231094	23,443131	21,166672	18,222687	23,618035	34,139717	99,965310	67,652684	10,861292	13,730390	13,626455	15,861329	23,980409	14,490189	19,636995	23,255868	24,318764	24,067029	19,123656	16,112384	17,399172	20,063609	11,891672	67,698187	99,888045	33,303669	10,223794	10,108790	10,472209	13,080582
446,00	15,552521	11,981755	14,460626	14,901699	21,263625	16,400303	13,511254	12,852418	14,491229	16,967010	11,446127	30,944744	100,078130	66,915685	39,449829	37,874430	38,847888	35,150778	29,908693	37,453419	37,453419	29,908693	34,304744	49,234849	51,003623	51,679182	40,438575	43,836185	34,053117	27,746940	40,253097	66,869652	100,039697	35,822114	23,444189	23,485823	22,553040	18,649611	21,108049	17,630972	21,260580	29,334152	29,059979	29,002506	24,476784	23,687406	21,376632	18,465112	23,854111	34,195536	99,987847	67,615348	11,500476	14,465860	14,334339	16,449070	24,589792	15,104535	20,198931	24,011375	25,158074	24,882455	19,841480	16,816713	17,980631	20,532480	12,505318	67,662013	99,984419	33,399451	10,689130	10,556943	10,956278	13,442560
448,00	15,903594	12,332484	14,776763	15,311049	21,642235	16,850674	13,906956	13,287412	14,793848	17,230628	11,847570	30,988982	100,062358	66,763175	39,848882	38,293657	39,209515	35,522020	30,276799	37,851161	37,851161	30,276799	34,709343	49,519208	51,179361	51,910686	40,775958	44,180328	34,324145	28,043413	40,638915	66,719937	99,995309	35,848185	23,685646	23,745699	22,822358	18,909279	21,348563	17,887524	21,522735	29,497251	29,245606	29,217473	24,686491	23,972043	21,570119	18,655881	24,105787	34,253860	99,935472	67,526847	12,285291	15,270694	15,150933	17,109339	25,196731	15,755710	20,718449	24,874333	26,035085	25,781670	20,653325	17,617458	18,564297	20,963855	13,205858	67,611647	99,956340	33,451158	11,191899	11,086943	11,493826	13,823605
450,00	16,277747	12,696923	15,053286	15,741478	22,009861	17,304017	14,297876	13,765809	15,104197	17,479299	12,254342	31,019074	100,036192	66,775823	40,293092	38,749957	39,715040	35,988197	30,694744	38,278428	38,278428	30,694744	35,141042	49,811000	51,541835	52,198142	41,169369	44,556957	34,681809	28,348973	41,046411	66,697198	100,099766	35,945964	23,922306	24,061054	23,081453	19,151621	21,611284	18,137535	21,748452	29,698265	29,402518	29,395837	24,920416	24,193655	21,775275	18,863031	24,349532	34,329146	100,004768	67,445260	13,115017	16,150829	15,995611	17,834100	25,847238	16,443872	21,287890	25,832736	27,019504	26,777086	21,509305	18,503566	19,220695	21,440762	13,972634	67,516208	100,029182	33,479089	11,728901	11,610340	12,048015	14,190838
452,00	16,649009	13,040216	15,369256	16,144760	22,389750	17,763916	14,694144	14,209133	15,398993	17,744216	12,672247	31,080890	100,060427	66,645622	40,624362	39,095151	40,087649	36,360115	31,048405	38,591185	38,591185	31,048405	35,495394	50,024658	51,734942	52,380753	41,498870	44,865903	34,963885	28,630736	41,379872	66,578656	99,931073	36,000288	24,175376	24,334019	23,336574	19,418342	21,867961	18,393978	21,999650	29,879484	29,619357	29,553264	25,134590	24,444152	21,988401	19,042723	24,549332	34,367874	100,015473	67,444837	13,935156	16,963461	16,788530	18,521903	26,533896	17,127711	21,855970	26,759166	27,999488	27,742147	22,346403	19,411884	19,870654	21,937205	14,741631	67,498511	99,993819	33,507764	12,226619	12,098721	12,556791	14,560449
454,00	16,984901	13,351399	15,650889	16,526408	22,717080	18,200485	15,037261	14,612968	15,696704	18,001221	13,045165	31,116161	100,040066	66,652006	41,063240	39,531282	40,534088	36,757836	31,459171	39,005131	39,005131	31,459171	35,953081	50,353986	52,025574	52,691585	41,911507	45,208496	35,297671	28,948373	41,746956	66,548258	100,052619	36,063507	24,402405	24,580702	23,553468	19,664644	22,106959	18,658867	22,239299	30,043152	29,797727	29,752547	25,349626	24,700272	22,206661	19,268036	24,785605	34,439391	99,991250	67,384130	14,661747	17,686222	17,507653	19,159758	27,136636	17,782666	22,371775	27,582830	28,837436	28,628579	23,080289	20,240659	20,469627	22,367771	15,484747	67,410845	100,060129	33,568999	12,689544	12,558256	13,002081	14,906608
456,00	17,302912	13,655797	15,917696	16,855724	23,011823	18,545491	15,349631	14,988910	15,938187	18,224782	13,381663	31,145173	100,072455	66,626137	41,439790	39,938843	40,932810	37,158811	31,830731	39,334428	39,334428	31,830731	36,334953	50,610554	52,257204	52,920103	42,250812	45,581737	35,647175	29,257041	42,122310	66,486812	100,062895	36,079103	24,631414	24,855591	23,777121	19,894093	22,307970	18,892533	22,434168	30,227774	29,933465	29,914591	25,549793	24,920605	22,371669	19,451664	24,985357	34,458268	100,010896	67,300767	15,309200	18,320431	18,122643	19,699530	27,706251	18,365079	22,821195	28,322217	29,574302	29,362366	23,719209	20,973496	21,011701	22,764090	16,092369	67,344737	100,008547	33,629787	13,073866	12,915665	13,374236	15,208292
458,00	17,564440	13,899465	16,151877	17,127986	23,248820	18,815865	15,594669	15,290816	16,170861	18,408875	13,633370	31,184244	100,077641	66,516405	41,843840	40,350315	41,349238	37,528819	32,209530	39,740929	39,740929	32,209530	36,702827	50,872016	52,466965	53,143042	42,588422	45,937514	35,971969	29,559615	42,443067	66,487503	100,020230	36,149776	24,862522	25,101250	24,031386	20,131856	22,555590	19,136161	22,674377	30,410370	30,119777	30,103412	25,773084	25,157145	22,603984	19,644018	25,219160	34,517106	100,081086	67,209226	15,776698	18,768744	18,583713	20,160097	28,193873	18,851319	23,246029	28,858650	30,139738	29,974315	24,203347	21,549676	21,480083	23,129015	16,574694	67,244840	99,994612	33,677083	13,357617	13,185272	13,659592	15,452053
460,00	17,811787	14,146310	16,354136	17,361511	23,471180	19,061609	15,832607	15,552060	16,395032	18,603784	13,879456	31,246015	100,096679	66,478109	42,160732	40,733442	41,751298	37,879688	32,587081	40,024221	40,024221	32,587081	37,058422	51,056874	52,655637	53,302503	42,896691	46,229157	36,269090	29,868263	42,787957	66,410327	100,031006	36,161172	25,061071	25,319660	24,234413	20,325983	22,749786	19,355434	22,861940	30,521777	30,251056	30,198517	25,946599	25,360122	22,773993	19,822606	25,418952	34,556144	99,965549	67,146963	16,188449	19,168900	18,986589	20,584585	28,662503	19,258712	23,611629	29,361337	30,613285	30,454385	24,636754	22,018103	21,865919	23,452349	16,958074	67,187953	100,012028	33,749637	13,603015	13,441423	13,892426	15,697765
462,00	18,050770	14,358096	16,566056	17,578185	23,648271	19,290823	16,012901	15,763140	16,584462	18,792127	14,044592	31,275007	100,090826	66,388780	42,550096	41,153508	42,121896	38,261908	32,939634	40,363625	40,363625	32,939634	37,416339	51,290381	52,877498	53,535086	43,261763	46,561182	36,587679	30,164951	43,085122	66,341054	100,043321	36,227146	25,285861	25,590596	24,459592	20,584969	22,990385	19,595765	23,096569	30,684170	30,444154	30,386344	26,159117	25,562248	22,976442	20,050564	25,629616	34,628478	100,032079	67,067963	16,509828	19,502226	19,326396	20,900448	29,028565	19,651257	23,985082	29,696646	31,007856	30,805537	25,008911	22,412924	22,240999	23,783489	17,260322	67,124307	99,998879	33,764660	13,822313	13,647145	14,127684	15,906802
464,00	18,238680	14,555307	16,740790	17,733471	23,807339	19,450139	16,202909	15,928805	16,753279	18,974420	14,217433	31,311592	100,070357	66,351318	42,894423	41,478917	42,475289	38,636789	33,320010	40,653953	40,653953	33,320010	37,776011	51,561105	53,096437	53,697520	43,515629	46,806252	36,913291	30,431798	43,413898	66,309857	100,100911	36,280003	25,487310	25,811446	24,685533	20,794292	23,210135	19,830795	23,341028	30,852622	30,587101	30,532166	26,322070	25,730321	23,153366	20,216933	25,848788	34,697080	100,069582	66,947204	16,802333	19,827449	19,622028	21,181753	29,362264	19,995347	24,287570	30,038685	31,328607	31,118485	25,303978	22,735615	22,557779	24,056812	17,535904	67,085147	100,032079	33,808959	13,994020	13,854896	14,307538	16,074233
466,00	18,438932	14,736088	16,949949	17,885602	23,939639	19,625440	16,394988	16,132689	16,931818	19,150136	14,369911	31,365260	100,035882	66,204625	43,203077	41,791585	42,772806	38,927612	33,658609	40,972459	40,972459	33,658609	38,059288	51,662374	53,264970	53,813195	43,782988	47,065476	37,204960	30,676076	43,671912	66,147470	99,974895	36,379156	25,727043	26,068160	24,892649	21,042253	23,458372	20,075846	23,533101	30,979875	30,757868	30,662689	26,517320	25,942248	23,358120	20,410027	26,033783	34,766543	100,063622	66,925913	17,096858	20,181805	19,989720	21,494107	29,709947	20,337982	24,616939	30,343336	31,652302	31,412816	25,641003	23,010157	22,856231	24,331504	17,758651	67,038256	100,025117	33,857563	14,199924	14,068913	14,527956	16,259260
468,00	18,646020	14,951897	17,107494	18,027020	24,102223	19,755182	16,558361	16,281243	17,099524	19,330007	14,536662	31,362286	100,017226	66,179013	43,560296	42,141074	43,106788	39,297572	34,023830	41,320360	41,320360	34,023830	38,434470	51,921552	53,469712	54,013795	44,136891	47,368196	37,511575	30,987892	43,970829	66,146088	100,031388	36,398619	25,928575	26,291323	25,110430	21,264115	23,654814	20,300731	23,752122	31,152657	30,926925	30,815169	26,716223	26,115623	23,558012	20,585662	26,227686	34,794530	100,020611	66,811526	17,390352	20,553309	20,347467	21,791300	30,035874	20,651311	24,936436	30,595273	31,910023	31,621504	25,966933	23,296170	23,175791	24,607006	18,011326	66,949081	99,963206	33,872378	14,393273	14,307056	14,748266	16,436283
470,00	18,834174	15,128244	17,333315	18,188325	24,240935	19,917290	16,782953	16,451494	17,289357	19,518718	14,691730	31,430438	100,092912	66,115892	43,873918	42,482653	43,491450	39,621738	34,352979	41,621941	41,621941	34,352979	38,775939	52,104223	53,661788	54,232490	44,438720	47,647417	37,850893	31,278005	44,251955	66,113871	100,088179	36,463583	26,129550	26,512128	25,288039	21,455371	23,841581	20,525338	23,937722	31,272173	31,068838	30,942294	26,916111	26,293063	23,760943	20,783657	26,410547	34,832963	100,039494	66,811025	17,713569	20,982768	20,767541	22,080913	30,340081	20,966005	25,278100	30,865964	32,203603	31,891516	26,298431	23,524913	23,513910	24,919613	18,260536	66,889107	99,968195	33,941391	14,626233	14,563365	14,994596	16,638686
472,00	19,016996	15,324508	17,500702	18,321267	24,388894	20,056213	16,961111	16,608734	17,475756	19,701476	14,854792	31,484279	100,118685	66,056246	44,170493	42,809504	43,765858	39,914599	34,728169	41,906226	41,906226	34,728169	39,083922	52,270108	53,812611	54,391479	44,635898	47,855321	38,120648	31,558117	44,507694	66,048104	100,112498	36,464655	26,319692	26,733720	25,485656	21,691903	24,061078	20,736009	24,137546	31,408724	31,217465	31,072548	27,053916	26,472476	23,932834	20,941471	26,596534	34,914967	100,027895	66,708589	18,043779	21,391594	21,183556	22,368795	30,646136	21,279258	25,566456	31,097534	32,459822	32,071987	26,629400	23,749252	23,808731	25,166014	18,476763	66,805315	99,971479	34,002289	14,831167	14,836036	15,263225	16,819669
474,00	19,201785	15,496171	17,698045	18,436770	24,494644	20,151961	17,137256	16,756746	17,662267	19,855712	14,996685	31,510186	100,036764	66,034579	44,451219	43,111402	44,108155	40,246877	35,046399	42,183822	42,183822	35,046399	39,370069	52,473462	53,955591	54,538769	44,981566	48,083791	38,450423	31,840947	44,814563	65,959716	100,060940	36,550799	26,513359	26,930699	25,675789	21,876122	24,267618	20,955029	24,332455	31,534669	31,351215	31,206584	27,238649	26,611993	24,113998	21,123159	26,764736	34,954780	100,004876	66,657376	18,380599	21,861126	21,630381	22,687678	30,925068	21,601491	25,865188	31,343308	32,735139	32,280350	26,954514	23,957184	24,137472	25,425512	18,725815	66,771448	99,961257	34,036681	15,032743	15,091310	15,516803	17,005786
476,00	19,387318	15,682206	17,870012	18,583089	24,625865	20,279673	17,327778	16,891293	17,819417	20,007201	15,167791	31,528622	100,105655	65,866208	44,733617	43,386900	44,384012	40,533403	35,344660	42,460364	42,460364	35,344660	39,669809	52,616525	54,123235	54,658186	45,193669	48,272270	38,716382	32,091305	45,065171	65,883452	100,008225	36,583596	26,706254	27,147174	25,859815	22,097583	24,477051	21,166793	24,540409	31,675690	31,541082	31,349120	27,410054	26,798189	24,307090	21,305302	26,954731	35,042900	100,076294	66,620708	18,725735	22,305909	22,046313	22,975650	31,252679	21,890198	26,190415	31,562728	33,001959	32,444480	27,276209	24,177474	24,450375	25,707626	18,954763	66,728371	100,063384	34,112531	15,239140	15,350306	15,768112	17,183277
478,00	19,535726	15,854229	18,031926	18,702811	24,741073	20,374566	17,506121	17,029649	17,997274	20,205043	15,308489	31,587252	100,039673	65,859151	45,002669	43,697184	44,695106	40,838993	35,657334	42,772400	42,772400	35,657334	39,919999	52,772033	54,269606	54,775685	45,429042	48,501861	39,011425	32,371891	45,354316	65,858787	100,028491	36,658025	26,905087	27,352777	26,038370	22,290100	24,665363	21,368189	24,744064	31,809849	31,708810	31,487980	27,597749	26,955783	24,509846	21,497007	27,134269	35,110497	100,059032	66,532928	19,021796	22,710705	22,445640	23,275501	31,572014	22,207971	26,487553	31,772918	33,262876	32,649827	27,588239	24,366248	24,762449	25,975749	19,176300	66,653216	99,978328	34,114978	15,427424	15,578836	16,011897	17,356326
480,00	19,739324	16,021603	18,216330	18,826441	24,876532	20,495708	17,680195	17,147259	18,162060	20,348066	15,459736	31,594801	99,994284	65,759063	45,292845	43,973672	44,975924	41,127220	35,986656	43,060416	43,060416	35,986656	40,253580	52,947366	54,418993	54,943615	45,700935	48,684520	39,294407	32,677069	45,581973	65,830237	100,002456	36,714569	27,104771	27,572313	26,232570	22,492531	24,884020	21,590324	24,926664	31,975847	31,825995	31,598029	27,765310	27,128193	24,676830	21,658750	27,343434	35,149768	100,111866	66,471773	19,297595	23,087133	22,810477	23,552029	31,867158	22,516340	26,775628	32,017031	33,486259	32,786816	27,878010	24,549831	25,073591	26,228702	19,384140	66,561562	99,941355	34,175518	15,608592	15,798084	16,199161	17,525245
482,00	19,912125	16,203654	18,390520	18,978441	25,020629	20,615865	17,831737	17,281955	18,351209	20,502876	15,591407	31,636518	100,072491	65,697289	45,592350	44,261116	45,260957	41,444415	36,308420	43,349335	43,349335	36,308420	40,532580	53,122789	54,574531	55,088580	45,968315	48,885450	39,610344	32,947877	45,845029	65,753436	100,025094	36,744899	27,268255	27,761668	26,418558	22,704047	25,072986	21,811880	25,119644	32,064366	31,968287	31,727639	27,929902	27,260545	24,863870	21,838266	27,512524	35,180959	100,023448	66,471726	19,542634	23,385668	23,092644	23,824626	32,167304	22,788891	27,071682	32,228485	33,735698	33,024165	28,171292	24,757148	25,382492	26,525286	19,578002	66,548920	100,067556	34,221756	15,768075	15,994847	16,393177	17,690156
484,00	20,094594	16,369684	18,564397	19,100839	25,152624	20,748684	17,990711	17,418440	18,505615	20,676404	15,727933	31,701365	100,065422	65,651011	45,822662	44,546142	45,550588	41,685927	36,657274	43,622199	43,622199	36,657274	40,811813	53,250551	54,716498	55,231261	46,156079	49,120301	39,895481	33,235914	46,109319	65,682191	99,999732	36,756083	27,434623	27,944583	26,566774	22,891645	25,262359	22,008346	25,293624	32,186207	32,056302	31,848672	28,077611	27,411240	25,045767	21,988957	27,656454	35,244986	100,018263	66,376799	19,729851	23,616266	23,313297	24,042751	32,446012	23,068938	27,336937	32,441238	33,943433	33,163783	28,375393	24,930039	25,634643	26,755765	19,734101	66,480809	100,023472	34,296694	15,914267	16,135783	16,552185	17,849696
486,00	20,272444	16,546050	18,727043	19,248696	25,268549	20,894146	18,142670	17,566881	18,631762	20,848387	15,840599	31,754696	100,089347	65,607452	46,072015	44,856608	45,802185	41,989309	36,979276	43,930599	43,930599	36,979276	41,097200	53,425664	54,896933	55,352032	46,453437	49,324080	40,179157	33,518991	46,372944	65,605772	100,034451	36,858800	27,621111	28,155494	26,769242	23,113441	25,480151	22,251788	25,492325	32,337007	32,242003	31,972513	28,260055	27,591547	25,245154	22,199830	27,877343	35,294333	100,067949	66,345984	19,874232	23,776720	23,508145	24,280058	32,735127	23,312685	27,603921	32,655418	34,189641	33,392316	28,610554	25,119135	25,886706	27,003446	19,895698	66,409183	100,003302	34,318909	16,008490	16,262659	16,665998	17,997438
488,00	20,436993	16,697575	18,877696	19,404727	25,422427	21,043700	18,280753	17,691092	18,782468	20,987724	15,946755	31,789044	100,094879	65,557313	46,369752	45,112741	46,109754	42,290893	37,336388	44,229397	44,229397	37,336388	41,427067	53,616595	55,000198	55,517048	46,731830	49,546570	40,485391	33,829176	46,650618	65,569842	100,017607	36,868039	27,807233	28,324795	26,945293	23,299672	25,653568	22,441591	25,660953	32,441151	32,357815	32,086295	28,401884	27,724242	25,418916	22,342500	28,020489	35,349774	100,073445	66,248548	19,988589	23,907936	23,636480	24,505693	32,988635	23,538290	27,872056	32,879993	34,378546	33,598176	28,789580	25,324738	26,130447	27,224225	20,051722	66,333544	99,947476	34,408614	16,125081	16,336347	16,764213	18,144588
490,00	20,618391	16,851039	19,047828	19,557823	25,532517	21,215196	18,410994	17,859659	18,921965	21,153067	16,087264	31,816131	100,056541	65,479904	46,625686	45,367447	46,387309	42,617700	37,643373	44,512045	44,512045	37,643373	41,708556	53,767014	55,169094	55,650836	46,929765	49,713227	40,789405	34,101987	46,925840	65,542251	100,024104	36,914742	27,966863	28,523505	27,102453	23,495024	25,858369	22,645356	25,827390	32,560146	32,472557	32,195526	28,558940	27,861708	25,607845	22,531444	28,168270	35,362545	99,999732	66,185653	20,138392	24,016523	23,752455	24,721529	33,245608	23,799895	28,108439	33,126268	34,613600	33,865288	29,038826	25,549266	26,354998	27,474907	20,170823	66,255957	99,947417	34,417221	16,242054	16,436101	16,851670	18,293832
492,00	20,798583	17,033902	19,226557	19,748710	25,729272	21,400847	18,585585	18,041654	19,073696	21,310781	16,208105	31,864661	100,054789	65,413958	46,893787	45,662558	46,592259	42,906520	37,986028	44,833297	44,833297	37,986028	41,964650	53,910393	55,319399	55,757922	47,200269	49,913964	41,060719	34,421539	47,124404	65,447271	100,058460	36,966690	28,148329	28,706437	27,275380	23,702149	26,062191	22,855070	26,023149	32,703340	32,612893	32,320023	28,715596	28,037909	25,782236	22,698420	28,342304	35,444462	100,023353	66,132337	20,299426	24,197504	23,914844	24,919979	33,554068	24,064077	28,395194	33,425027	34,857547	34,193498	29,261494	25,810489	26,574633	27,733895	20,363066	66,234660	100,005460	34,466690	16,355015	16,553846	16,964819	18,454911
494,00	20,958047	17,179674	19,400567	19,922085	25,868627	21,585043	18,745612	18,223952	19,231758	21,477756	16,342999	31,917995	100,068378	65,354401	47,118172	45,919105	46,871680	43,176997	38,306564	45,116824	45,116824	38,306564	42,278454	54,041541	55,496246	55,888999	47,426322	50,097835	41,378394	34,671488	47,401655	65,445191	100,065780	37,028390	28,322387	28,891593	27,458057	23,908260	26,266024	23,083182	26,226968	32,821304	32,738078	32,452452	28,862503	28,172642	25,981212	22,862633	28,538692	35,497943	100,015032	66,085839	20,480901	24,391909	24,114054	25,212121	33,868989	24,341834	28,726888	33,761457	35,155776	34,526265	29,601300	26,121885	26,820192	27,981415	20,529412	66,164559	100,006127	34,536153	16,482270	16,664419	17,087083	18,623348
496,00	21,173513	17,366959	19,566911	20,144308	26,045340	21,822289	18,973169	18,425323	19,381693	21,633668	16,495119	31,963360	100,090265	65,323126	47,366893	46,145880	47,114193	43,478921	38,668832	45,418990	45,418990	38,668832	42,572358	54,197204	55,603886	56,015235	47,694060	50,279421	41,670579	34,953678	47,602323	65,361631	100,046921	37,057400	28,461647	29,041612	27,579945	24,075209	26,435608	23,261172	26,378503	32,925329	32,849848	32,566652	29,034695	28,279501	26,161677	23,034993	28,693315	35,502633	99,950457	66,064280	20,758633	24,661130	24,406260	25,486419	34,153166	24,638407	29,018864	34,093451	35,482109	34,913981	29,926249	26,442015	27,115431	28,258902	20,754869	66,180420	100,046396	34,576863	16,655327	16,830873	17,253578	18,792942
498,00	21,350344	17,554131	19,729009	20,355701	26,230979	22,056293	19,187337	18,638644	19,551876	21,808010	16,658917	32,013401	100,073171	65,205610	47,556922	46,329716	47,304872	43,720046	38,941184	45,643958	45,643958	38,941184	42,840859	54,316914	55,689627	56,096947	47,885513	50,458932	41,900769	35,243142	47,821280	65,258116	99,928021	37,130883	28,646931	29,204950	27,749097	24,260679	26,652884	23,493168	26,570109	33,077958	33,024055	32,699719	29,202297	28,445017	26,354301	23,232199	28,882334	35,572642	100,047648	66,034859	21,061447	24,982165	24,733870	25,826359	34,486058	24,965791	29,316512	34,495890	35,820976	35,356200	30,310535	26,841128	27,403784	28,529662	21,011314	66,115820	100,055921	34,607828	16,855530	17,027169	17,453367	18,970986
500,00	21,594286	17,770448	19,942936	20,601226	26,406699	22,299665	19,429883	18,879718	19,738874	21,980040	16,864103	32,055646	100,065398	65,120345	47,741261	46,562675	47,524157	43,977138	39,265501	45,945036	45,945036	39,265501	43,095437	54,441702	55,837291	56,214505	48,086068	50,587612	42,211616	35,498184	48,066998	65,186781	99,973679	37,189442	28,829700	29,401040	27,914125	24,500044	26,863933	23,716550	26,757422	33,178410	33,130702	32,807204	29,367641	28,585103	26,528326	23,391047	29,045194	35,621721	100,009978	65,936530	21,476927	25,422302	25,174648	26,156682	34,799764	25,297216	29,672757	34,934312	36,226174	35,822675	30,776110	27,267557	27,763590	28,827974	21,314330	66,064399	100,029445	34,694588	17,084341	17,283806	17,688614	19,179744
502,00	21,806544	17,994113	20,138866	20,845565	26,639819	22,572240	19,710450	19,164455	19,964990	22,164394	17,069884	32,101205	100,087225	65,147758	48,022667	46,806079	47,766364	44,264331	39,621243	46,246341	46,246341	39,621243	43,374589	54,570979	55,986303	56,349647	48,342586	50,812978	42,507073	35,822192	48,296767	65,153295	100,037086	37,262571	28,978160	29,562917	28,084952	24,690555	27,048156	23,916882	26,975080	33,314666	33,255097	32,931197	29,508504	28,720734	26,715928	23,584300	29,213032	35,655603	100,062656	65,817201	21,923070	25,948215	25,675464	26,509428	35,102841	25,677854	29,969651	35,396013	36,635253	36,282426	31,243858	27,739817	28,127709	29,104248	21,638861	65,931338	99,958634	34,746525	17,366709	17,570570	17,998452	19,394779
504,00	22,034073	18,212929	20,357001	21,118073	26,883990	22,824717	20,002958	19,446141	20,148350	22,352496	17,301698	32,148293	100,083280	65,018356	48,206237	47,005582	47,927704	44,524801	39,921448	46,472591	46,472591	39,921448	43,652701	54,648626	56,045848	56,371230	48,521736	50,938296	42,795554	36,096749	48,472038	65,079737	99,965471	37,275234	29,122519	29,730523	28,213742	24,857602	27,235863	24,130674	27,096373	33,401263	33,389968	33,060700	29,647318	28,858265	26,912618	23,748574	29,384896	35,713413	100,037003	65,808219	22,481468	26,578283	26,321170	26,944524	35,522997	26,117527	30,375305	35,902864	37,124470	36,789680	31,795606	28,262815	28,525203	29,409832	22,042304	65,899193	100,044549	34,791175	17,698586	17,921747	18,332642	19,636513
506,00	22,251940	18,430796	20,547685	21,381271	27,075931	23,109967	20,312016	19,719601	20,365681	22,516957	17,541669	32,166618	100,024402	65,001053	48,412171	47,244489	48,196939	44,825664	40,249699	46,814752	46,814752	40,249699	43,905610	54,798007	56,183171	56,550986	48,793754	51,104826	43,103138	36,395523	48,760331	65,069580	100,050783	37,315670	29,268849	29,880756	28,364745	25,092021	27,448112	24,314880	27,270392	33,519980	33,508107	33,166826	29,818836	29,005399	27,099302	23,906210	29,515028	35,779631	99,974900	65,716016	23,098260	27,263546	27,015573	27,382898	35,896692	26,558292	30,754423	36,419719	37,620249	37,365276	32,396916	28,815538	28,946868	29,747966	22,506273	65,840632	99,982542	34,833258	18,006615	18,295869	18,703422	19,850037
508,00	22,504984	18,710251	20,798589	21,654490	27,301326	23,389429	20,631856	20,033939	20,621558	22,737314	17,839777	32,231244	100,111997	64,931071	48,625982	47,477984	48,363483	45,054922	40,569383	47,068894	47,068894	40,569383	44,198027	54,924458	56,309849	56,671172	49,026516	51,289594	43,384731	36,709729	48,971164	65,021062	100,030863	37,400272	29,393411	30,051872	28,493357	25,250405	27,634078	24,555920	27,443123	33,653268	33,603421	33,291444	29,952592	29,124874	27,287915	24,076809	29,684600	35,829398	100,022006	65,704763	23,799841	28,052056	27,750689	27,879632	36,331776	27,044910	31,186292	36,970434	38,145751	37,910053	33,031344	29,388180	29,458007	30,084512	23,009077	65,859050	100,012350	34,869885	18,396255	18,706153	19,131583	20,145023
510,00	22,739592	18,943661	21,027829	21,909934	27,514553	23,660417	20,930943	20,321755	20,855890	22,911067	18,120323	32,255965	100,049901	64,844865	48,815608	47,614247	48,538098	45,266426	40,859231	47,309285	47,309285	40,859231	44,450524	55,018395	56,403124	56,728178	49,195114	51,440513	43,642667	36,961487	49,135339	64,899856	99,932718	37,439892	29,575211	30,198708	28,661513	25,444415	27,826855	24,752799	27,601713	33,743140	33,760509	33,401784	30,096665	29,257303	27,471462	24,263451	29,844746	35,850251	100,021136	65,610701	24,510856	28,849331	28,554016	28,390428	36,732104	27,541867	31,578374	37,512892	38,679573	38,466236	33,640659	29,957932	29,898989	30,398229	23,551854	65,741193	99,964476	34,903786	18,774614	19,127962	19,548593	20,412104
512,00	22,990535	19,211079	21,270873	22,188106	27,745399	23,928267	21,263915	20,614748	21,105935	23,110859	18,443593	32,321417	100,082552	64,871246	49,014926	47,877738	48,769969	45,570332	41,228572	47,616729	47,616729	41,228572	44,711402	55,130082	56,510997	56,848854	49,464905	51,627737	43,940437	37,269595	49,338967	64,892060	99,981123	37,468529	29,704508	30,352303	28,809395	25,646141	28,001198	24,951762	27,777120	33,862069	33,829427	33,484286	30,264395	29,371235	27,667823	24,437831	29,989225	35,878971	100,006485	65,561026	25,303987	29,703385	29,413494	28,917065	37,185302	28,075594	32,003146	38,048816	39,224547	39,030033	34,272039	30,583483	30,409968	30,756462	24,162835	65,703857	100,020564	34,973583	19,187237	19,613145	19,996782	20,683582
514,00	23,243748	19,487792	21,520077	22,468857	27,969095	24,231221	21,577397	20,931455	21,357960	23,315530	18,752117	32,372057	100,132716	64,745623	49,230972	48,023450	48,936927	45,814979	41,533616	47,833988	47,833988	41,533616	44,951221	55,258566	56,658381	56,909645	49,656504	51,772761	44,257793	37,563860	49,523199	64,824623	99,981058	37,520745	29,861909	30,501354	28,925228	25,808504	28,192279	25,146213	27,936509	33,965495	33,947247	33,571923	30,392244	29,503357	27,842724	24,602148	30,145341	35,928115	99,918777	65,537679	26,112458	30,561560	30,245200	29,493847	37,661535	28,633335	32,474461	38,635838	39,810285	39,579713	34,909871	31,212312	30,943778	31,097946	24,812087	65,615219	100,035679	35,035241	19,606963	20,048504	20,454615	20,973946
516,00	23,519067	19,773141	21,764722	22,734855	28,208986	24,501367	21,880415	21,218425	21,616291	23,507439	19,101095	32,432452	100,208259	64,695668	49,362382	48,227653	49,096403	46,038315	41,825527	48,091713	48,091713	41,825527	45,195258	55,369377	56,675845	57,029188	49,856052	51,901394	44,489872	37,861270	49,733204	64,709872	99,941659	37,550941	30,005050	30,670378	29,069725	25,979796	28,371677	25,345981	28,121758	34,056935	34,092981	33,703414	30,522057	29,621774	28,041342	24,766254	30,289572	35,996395	99,941754	65,457022	26,920295	31,417289	31,094691	30,050203	38,079616	29,152066	32,920888	39,183030	40,395591	40,162981	35,549390	31,832474	31,487659	31,468630	25,467658	65,565932	99,996728	35,096401	20,015326	20,489068	20,880303	21,256533
518,00	23,759350	20,018110	21,976419	23,006314	28,400987	24,743630	22,175854	21,487616	21,850772	23,700121	19,410653	32,450297	100,062609	64,645529	49,581993	48,480773	49,350920	46,301177	42,156610	48,345023	48,345023	42,156610	45,431203	55,455858	56,844038	57,106352	50,047100	52,095854	44,787121	38,158634	49,956235	64,681053	99,946296	37,612027	30,161396	30,829895	29,224905	26,168424	28,572881	25,556386	28,289998	34,163055	34,186721	33,822969	30,677933	29,770455	28,213435	24,935250	30,455652	36,024562	99,943519	65,365249	27,718237	32,213029	31,881773	30,625191	38,533425	29,696950	33,367431	39,751092	40,960503	40,685269	36,157426	32,493159	31,990296	31,839052	26,121703	65,497214	100,024366	35,100582	20,409180	20,869046	21,263054	21,521591
520,00	24,014065	20,301294	22,247688	23,310657	28,640109	25,064743	22,506255	21,826960	22,106341	23,893131	19,761336	32,479495	100,143397	64,603788	49,783859	48,654982	49,507964	46,553788	42,465538	48,608893	48,608893	42,465538	45,704001	55,567575	56,958914	57,195842	50,261301	52,227664	45,046005	38,422725	50,134581	64,646721	99,956602	37,641469	30,322316	30,999666	29,336619	26,352143	28,753617	25,756592	28,474405	34,309867	34,324098	33,895999	30,830863	29,901233	28,443456	25,151959	30,589631	36,098477	99,940372	65,375519	28,488961	33,041272	32,670534	31,197432	39,016587	30,264664	33,808976	40,364209	41,525018	41,309971	36,774427	33,191487	32,549727	32,230932	26,789120	65,458608	99,985242	35,174266	20,811553	21,289864	21,698436	21,803415
522,00	24,292767	20,557572	22,486429	23,593152	28,867772	25,367528	22,795729	22,175686	22,369432	24,096045	20,087971	32,522947	100,122178	64,529645	49,997577	48,877898	49,744889	46,818197	42,816177	48,908728	48,908728	42,816177	45,947820	55,714315	57,067204	57,325172	50,500017	52,414137	45,379603	38,759649	50,365293	64,600229	99,971306	37,690178	30,463737	31,156218	29,514983	26,547617	28,932044	25,955889	28,647894	34,378785	34,415630	33,999217	30,967915	30,018735	28,592941	25,288540	30,746686	36,132637	99,973798	65,323758	29,314300	33,801234	33,438399	31,766176	39,519387	30,861056	34,253997	41,024968	42,167810	41,969013	37,415990	33,916056	33,056849	32,637843	27,511787	65,466422	100,005746	35,203919	21,199387	21,675228	22,061357	22,078611
524,00	24,536653	20,851256	22,730795	23,908098	29,106328	25,697568	23,119445	22,529536	22,610135	24,302945	20,406178	32,557145	100,146163	64,485705	50,154340	49,003306	49,899361	46,990654	43,104947	49,108973	49,108973	43,104947	46,162194	55,772287	57,086301	57,379496	50,624013	52,539325	45,638728	39,021483	50,523883	64,537704	99,926269	37,741554	30,593926	31,296626	29,654703	26,724866	29,133403	26,174715	28,830466	34,501326	34,552938	34,127083	31,113067	30,164522	28,771374	25,469905	30,888078	36,169502	99,905294	65,261316	30,066761	34,518552	34,112081	32,354373	39,975873	31,393930	34,677330	41,635352	42,728111	42,612270	38,033321	34,642020	33,585826	32,973757	28,144106	65,339696	99,977648	35,264760	21,578318	22,039276	22,411311	22,368538
526,00	24,800974	21,110050	22,966057	24,223171	29,332790	26,027858	23,461866	22,865342	22,850126	24,477123	20,709428	32,617927	100,041044	64,424014	50,345606	49,232423	50,101191	47,245732	43,409705	49,365455	49,365455	43,409705	46,430224	55,899513	57,217556	57,471585	50,836748	52,659601	45,884094	39,308557	50,690806	64,425659	99,958420	37,820789	30,789939	31,466165	29,796571	26,926330	29,325554	26,382637	28,991589	34,573379	34,660316	34,208527	31,267595	30,270028	28,977209	25,629726	31,048709	36,227635	99,974096	65,179139	30,753112	35,177308	34,818345	32,860106	40,428615	31,934965	35,071599	42,295730	43,332604	43,312028	38,688314	35,397071	34,109870	33,378685	28,794101	65,290469	99,981880	35,297471	21,942459	22,351550	22,749260	22,635446
528,00	25,064507	21,400222	23,201209	24,551630	29,576629	26,377785	23,779461	23,227836	23,087971	24,674523	21,020529	32,653099	100,145006	64,332944	50,503361	49,421233	50,297356	47,528693	43,702897	49,629828	49,629828	43,702897	46,687385	55,947930	57,246917	57,555109	51,050109	52,797133	46,134907	39,572003	50,904578	64,389420	99,872553	37,875497	30,910686	31,637409	29,945943	27,089003	29,509094	26,587218	29,140261	34,731689	34,763232	34,346488	31,418771	30,399379	29,159793	25,817549	31,220755	36,290082	99,951744	65,163493	31,425542	35,762665	35,407847	33,371213	40,904808	32,448319	35,498303	42,961648	43,933892	44,010800	39,290515	36,182427	34,560603	33,734012	29,364648	65,241045	99,985158	35,360906	22,238788	22,666590	23,057967	22,893840
530,00	25,317514	21,634422	23,427357	24,885507	29,781395	26,710266	24,122135	23,609476	23,318483	24,879737	21,282473	32,692382	100,065804	64,296174	50,689095	49,600533	50,440413	47,789228	44,037491	49,897921	49,897921	44,037491	46,903649	56,120795	57,358783	57,618165	51,274067	53,001255	46,418804	39,897525	51,058567	64,354879	99,898267	37,939385	31,060204	31,795523	30,089211	27,288187	29,703951	26,791391	29,337376	34,828877	34,868976	34,443015	31,557199	30,531707	29,351488	26,006544	31,386876	36,342201	99,985510	65,109068	32,010865	36,318675	35,954008	33,897260	41,358149	32,979438	35,904855	43,619511	44,518358	44,764870	39,920932	36,973867	35,074657	34,100401	29,887572	65,197271	100,003302	35,370490	22,549491	22,949353	23,327564	23,140545
532,00	25,549045	21,873878	23,653392	25,195658	30,012402	27,061853	24,462487	23,957872	23,554069	25,036845	21,547544	32,734716	100,144136	64,343429	50,925946	49,896529	50,712264	48,020867	44,418222	50,209862	50,209862	44,418222	47,236556	56,230295	57,539219	57,793194	51,477236	53,215265	46,732175	40,225804	51,339883	64,358485	100,030947	37,964648	31,193629	31,935832	30,225429	27,494833	29,884610	26,996082	29,500157	34,935075	34,999618	34,526834	31,686968	30,682874	29,534566	26,170525	31,521621	36,386603	100,011265	65,050018	32,551488	36,847964	36,456421	34,329832	41,783750	33,442664	36,306241	44,299439	45,086557	45,487416	40,533751	37,809727	35,530394	34,465849	30,366099	65,158373	100,019670	35,464332	22,828327	23,198913	23,589922	23,389576
534,00	25,786039	22,110032	23,830086	25,517455	30,220455	27,400035	24,760923	24,293987	23,747867	25,244349	21,744598	32,800066	100,063825	64,180559	51,079911	50,054574	50,861967	48,290798	44,692621	50,404632	50,404632	44,692621	47,480744	56,318772	57,567286	57,835096	51,646560	53,304076	46,995452	40,501499	51,521432	64,258844	99,952197	37,988308	31,346527	32,091945	30,363458	27,676928	30,083358	27,214187	29,664120	35,025388	35,106629	34,651849	31,828275	30,798301	29,677427	26,341498	31,684420	36,422160	99,969500	64,976311	32,995459	37,275136	36,908165	34,768903	42,176038	33,929503	36,640921	44,919881	45,625487	46,202737	41,092339	38,533631	35,959449	34,802029	30,730963	65,079004	99,942887	35,496357	23,078266	23,437439	23,799159	23,606323
536,00	26,020533	22,341222	24,024454	25,830722	30,416709	27,744699	25,076771	24,636182	23,945266	25,404748	21,948276	32,805458	100,054538	64,129585	51,281625	50,251746	51,069683	48,514426	45,041424	50,682300	50,682300	45,041424	47,748271	56,458789	57,712215	57,971340	51,870030	53,496528	47,277191	40,824014	51,701844	64,217919	99,980032	38,022482	31,487790	32,252356	30,515400	27,846590	30,234277	27,418849	29,858613	35,143360	35,207152	34,755170	31,990519	30,929026	29,888558	26,522288	31,823435	36,453810	99,964905	64,998525	33,447969	37,731794	37,382436	35,207948	42,655137	34,395310	37,052211	45,569736	46,188718	46,930391	41,771919	39,352539	36,387974	35,181430	31,109416	65,108371	100,072396	35,527194	23,268650	23,646012	24,032179	23,790428
538,00	26,227495	22,538158	24,189535	26,107591	30,618769	28,057545	25,361568	24,981439	24,149324	25,583714	22,127724	32,872176	100,064516	64,081025	51,452535	50,435710	51,240593	48,808724	45,374835	50,949055	50,949055	45,374835	47,995636	56,527013	57,778358	58,062828	52,064371	53,659499	47,560790	41,109559	51,884210	64,162534	99,986017	38,076106	31,613493	32,413906	30,647632	28,030446	30,426353	27,631184	30,007482	35,227841	35,292342	34,818417	32,097167	31,043619	30,048901	26,683453	31,966597	36,485118	99,906892	64,849001	33,687881	38,042140	37,666690	35,441360	42,980412	34,790424	37,341300	46,094617	46,652097	47,545087	42,266068	40,066516	36,800545	35,482815	31,340575	64,960855	99,997020	35,506013	23,441838	23,820266	24,205740	24,011213
540,00	26,422375	22,742113	24,386121	26,361233	30,798933	28,322801	25,662321	25,277263	24,313524	25,768539	22,261801	32,889938	100,068665	64,024580	51,637638	50,621074	51,433319	49,065220	45,676628	51,193905	51,193905	45,676628	48,246780	56,627405	57,860804	58,122522	52,253371	53,816295	47,821259	41,424632	52,038193	64,125860	100,003457	38,185477	31,754428	32,567841	30,801687	28,239444	30,651489	27,859923	30,186319	35,328841	35,421929	34,947985	32,263756	31,219766	30,267280	26,889363	32,138637	36,545745	99,989009	64,809871	33,968675	38,377377	38,004348	35,790044	43,359435	35,181382	37,689069	46,653777	47,109604	48,212069	42,788368	40,772083	37,160665	35,772431	31,572276	64,934915	100,038648	35,555565	23,598242	24,003115	24,394955	24,193569
542,00	26,654795	22,932041	24,553645	26,636544	30,968314	28,620151	25,937068	25,562692	24,487899	25,948164	22,397093	32,938153	100,083828	63,987905	51,783818	50,806206	51,593339	49,324080	45,985898	51,465982	51,465982	45,985898	48,474574	56,727618	57,950836	58,206898	52,415264	53,969616	48,102614	41,718400	52,259362	64,102608	100,067937	38,208258	31,897131	32,731783	30,905259	28,416461	30,821422	28,022948	30,366042	35,445088	35,559282	35,037681	32,379651	31,315157	30,419540	27,047798	32,275000	36,596239	99,980253	64,780134	34,244287	38,662121	38,329694	36,095738	43,707380	35,552663	37,988380	47,140357	47,549012	48,770851	43,249673	41,394779	37,511346	36,087155	31,734306	64,856255	100,014842	35,599077	23,756886	24,179472	24,550886	24,378492
544,00	26,837954	23,110211	24,720213	26,858255	31,109667	28,851569	26,150513	25,797021	24,645075	26,092103	22,510074	32,966903	100,027919	63,960499	51,969534	50,986874	51,763141	49,531540	46,299413	51,690072	51,690072	46,299413	48,759595	56,856596	58,027911	58,320361	52,628165	54,152703	48,367265	42,039281	52,462077	64,015985	100,025308	38,225096	32,006818	32,857487	31,045935	28,583908	30,990279	28,231743	30,510962	35,516775	35,630330	35,136309	32,532319	31,428179	30,596712	27,221918	32,437694	36,636567	99,915862	64,675504	34,450856	38,957581	38,639155	36,419469	44,089028	35,920009	38,308057	47,596490	47,935000	49,340048	43,712997	41,961393	37,811294	36,347398	31,889725	64,804387	99,963742	35,634699	23,891753	24,355930	24,709606	24,530981
546,00	27,058780	23,325197	24,889942	27,088526	31,281555	29,110059	26,417753	26,044312	24,823765	26,267350	22,626613	33,009660	100,100374	63,887167	52,097720	51,154035	51,937008	49,798861	46,614751	51,913983	51,913983	46,614751	48,982880	56,956780	58,105022	58,372939	52,785325	54,252261	48,608238	42,318118	52,663159	63,966453	99,994993	38,277730	32,159045	32,984960	31,163418	28,749815	31,159911	28,411695	30,679131	35,608280	35,711801	35,242090	32,633659	31,537637	30,774739	27,383116	32,563743	36,676934	99,940306	64,678568	34,686890	39,256287	38,905510	36,729249	44,450897	36,330825	38,606372	48,073474	48,339200	49,820459	44,192106	42,471254	38,126165	36,652759	32,049987	64,762253	99,974042	35,698754	24,035169	24,523839	24,877983	24,743521
548,00	27,243584	23,499399	25,071976	27,283865	31,389943	29,312095	26,615211	26,234731	24,958935	26,423490	22,735319	33,061513	100,000787	63,866627	52,276868	51,339281	52,145576	50,037628	46,950281	52,219820	52,219820	46,950281	49,215493	57,063597	58,213049	58,463717	52,980137	54,367542	48,872522	42,624500	52,875561	63,947648	100,063550	38,314065	32,279700	33,144090	31,274638	28,935283	31,336010	28,627169	30,838814	35,731179	35,815623	35,319439	32,762951	31,666204	30,943769	27,560794	32,688648	36,712602	99,951059	64,652544	34,866172	39,581570	39,198640	37,028560	44,787017	36,695561	38,955534	48,487866	48,684338	50,274038	44,555530	42,914832	38,438588	36,883098	32,188427	64,726400	100,021207	35,740098	24,170417	24,683054	25,016713	24,907619
550,00	27,430871	23,703459	25,253889	27,484941	31,538647	29,515988	26,827580	26,408875	25,102979	26,587355	22,869326	33,092344	100,111628	63,796198	52,426171	51,512504	52,262813	50,248086	47,258523	52,452648	52,452648	47,258523	49,491021	57,160997	58,272517	58,543694	53,152323	54,564929	49,156013	42,927182	53,042883	63,913530	100,081146	38,379720	32,423741	33,287442	31,422913	29,126331	31,529623	28,838691	31,030884	35,815644	35,924697	35,444257	32,901046	31,807551	31,119415	27,759635	32,867381	36,778304	99,958426	64,548546	35,060111	39,820832	39,478275	37,283289	45,100367	37,084639	39,233744	48,777828	48,987338	50,683284	44,904748	43,311837	38,698658	37,113103	32,326427	64,675021	99,987829	35,786760	24,314633	24,856368	25,195307	25,103533
552,00	27,601600	23,878011	25,417432	27,641812	31,643781	29,658675	26,992196	26,508713	25,217423	26,725107	22,946338	33,108321	100,085378	63,753998	52,590436	51,677382	52,451831	50,516719	47,556555	52,702945	52,702945	47,556555	49,707758	57,244080	58,350360	58,630782	53,309679	54,721892	49,366629	43,211409	53,197533	63,815713	100,085425	38,394862	32,565457	33,460709	31,559348	29,313973	31,711712	29,054153	31,182855	35,901868	36,024901	35,518840	33,037835	31,915209	31,290019	27,926922	33,007327	36,834499	99,979568	64,431703	35,225728	40,110207	39,733508	37,590191	45,379418	37,418205	39,544266	49,135306	49,252528	51,022905	45,198777	43,672621	38,933089	37,357166	32,457551	64,629549	99,964988	35,817721	24,427605	25,002167	25,323898	25,261146
554,00	27,749389	24,030994	25,565597	27,755415	31,727007	29,798448	27,136472	26,610908	25,316495	26,873013	23,047520	33,160600	100,042999	63,689435	52,774411	51,859623	52,635598	50,768304	47,874790	52,959198	52,959198	47,874790	49,976313	57,385039	58,436024	58,719319	53,507793	54,842472	49,622044	43,494189	53,399253	63,768822	100,122750	38,474467	32,734048	33,628461	31,724119	29,505834	31,906372	29,282933	31,374550	36,031923	36,124533	35,645747	33,167857	32,060641	31,468311	28,099248	33,163822	36,884135	100,006294	64,422745	35,380313	40,325573	39,972085	37,838432	45,654833	37,770116	39,867818	49,352992	49,447995	51,320928	45,487350	43,918401	39,139640	37,595004	32,581714	64,544183	99,956775	35,864595	24,529471	25,118479	25,461411	25,426692
556,00	27,914500	24,173880	25,694269	27,868950	31,822452	29,910997	27,276114	26,677808	25,416926	27,020773	23,126799	33,198360	100,045121	63,638043	52,905053	52,000618	52,742541	50,993663	48,165175	53,164589	53,164589	48,165175	50,173366	57,399988	58,422148	58,758330	53,612161	54,954576	49,813914	43,759954	53,542018	63,682473	100,003994	38,528398	32,855827	33,768481	31,855068	29,693258	32,102758	29,485956	31,543279	36,111310	36,224094	35,735828	33,318725	32,171917	31,633860	28,283682	33,317474	36,933285	99,970603	64,375859	35,502452	40,542942	40,179738	38,110241	45,916784	38,094059	40,155756	49,574664	49,696159	51,572078	45,741230	44,106650	39,324695	37,785694	32,664299	64,518565	99,973160	35,890985	24,637209	25,254402	25,578469	25,577450
558,00	28,050032	24,330971	25,841677	27,953702	31,886908	29,985270	27,364540	26,721558	25,496405	27,145207	23,174086	33,236063	100,000787	63,523048	53,035605	52,155018	52,869707	51,206124	48,399916	53,379971	53,379971	48,399916	50,389957	57,419521	58,522761	58,834922	53,767753	55,069721	50,052869	44,032991	53,745019	63,631284	99,981773	38,566417	32,989633	33,889449	31,983835	29,861471	32,277811	29,665595	31,689432	36,222836	36,327636	35,817090	33,429638	32,252625	31,787884	28,449458	33,462331	36,966896	99,981326	64,329743	35,597470	40,726116	40,378410	38,358748	46,186411	38,390785	40,441844	49,736777	49,841094	51,751870	45,932043	44,200274	39,502490	38,011357	32,766286	64,478475	99,994832	35,923627	24,705935	25,360984	25,687099	25,741985
560,00	28,179878	24,462709	25,999787	28,027359	31,941324	30,070522	27,456447	26,720762	25,573862	27,286744	23,249665	33,274496	100,055134	63,530910	53,205550	52,342486	53,032476	51,459819	48,729745	53,633326	53,633326	48,729745	50,656992	57,562351	58,578670	58,899826	53,959566	55,212671	50,312322	44,307590	53,921586	63,604450	100,029099	38,595268	33,099043	34,043792	32,088184	30,038148	32,427484	29,855058	31,841743	36,292836	36,414865	35,884935	33,535004	32,393304	31,936431	28,603750	33,593938	37,000835	99,968606	64,254957	35,625386	40,854776	40,502489	38,524187	46,350420	38,622034	40,686107	49,807107	49,901813	51,816285	46,071330	44,202405	39,600804	38,157943	32,768273	64,403129	99,895948	35,993212	24,793521	25,491345	25,805217	25,902864
562,00	28,268206	24,597406	26,110962	28,061917	31,992531	30,084804	27,526763	26,676753	25,644132	27,398846	23,238909	33,288896	100,060570	63,479733	53,305978	52,471328	53,178567	51,651716	48,995617	53,844023	53,844023	48,995617	50,831228	57,650632	58,648962	58,970904	54,079765	55,291045	50,512242	44,582814	54,093474	63,554412	100,025594	38,638496	33,220446	34,171838	32,205060	30,201474	32,604679	30,020320	31,988421	36,390427	36,502647	35,987127	33,651403	32,496822	32,122990	28,757676	33,696851	37,011856	99,959642	64,236814	35,649109	41,000566	40,585765	38,685322	46,535528	38,836068	40,901411	49,857017	49,985749	51,908970	46,148822	44,163784	39,679319	38,273820	32,709998	64,391768	99,969834	36,015138	24,819456	25,574258	25,873289	26,031181
564,00	28,375959	24,662694	26,199570	28,068697	32,009360	30,099374	27,539802	26,610473	25,656185	27,508828	23,245239	33,329287	99,990010	63,400251	53,434539	52,594286	53,288704	51,857764	49,273005	54,031020	54,031020	49,273005	51,042026	57,706445	58,710474	59,011835	54,206121	55,392706	50,695831	44,810033	54,229391	63,461041	99,982661	38,676915	33,328849	34,296310	32,334831	30,365047	32,765049	30,224872	32,146496	36,456212	36,603341	36,061886	33,778808	32,596362	32,256126	28,909782	33,868331	37,088689	100,019491	64,152354	35,525790	40,991208	40,652806	38,812488	46,630964	38,998684	41,076663	49,872217	49,988532	51,895076	46,172047	44,038981	39,732438	38,361239	32,607511	64,326841	99,974114	36,057204	24,842186	25,641707	25,925106	26,129076
566,00	28,446695	24,747553	26,306993	28,062293	32,038102	30,087775	27,568454	26,555970	25,706074	27,631474	23,225264	33,375123	99,996811	63,378370	53,600109	52,718472	53,441232	52,049607	49,549562	54,235655	54,235655	49,549562	51,286596	57,825750	58,747470	59,094256	54,374784	55,532867	50,943512	45,100448	54,422748	63,461423	100,064158	38,732088	33,459863	34,427899	32,423103	30,516446	32,928416	30,393264	32,286656	36,530167	36,696053	36,128560	33,887893	32,701129	32,412541	29,093799	33,986083	37,113366	99,951762	64,086866	35,365662	40,989953	40,603641	38,830414	46,758261	39,099562	41,233823	49,784097	49,943629	51,761389	46,161920	43,808728	39,741901	38,453692	32,399455	64,254308	99,940735	36,098826	24,836141	25,703532	25,996879	26,224416
568,00	28,522959	24,809894	26,383767	28,034523	32,037827	30,043942	27,565286	26,440254	25,729924	27,729037	23,143058	33,402997	100,017571	63,275033	53,687823	52,850986	53,534645	52,270591	49,761653	54,430282	54,430282	49,761653	51,448536	57,857925	58,762926	59,175444	54,474068	55,595005	51,131958	45,306301	54,500848	63,393164	100,027263	38,770700	33,596513	34,594935	32,557338	30,700400	33,112109	30,571941	32,456782	36,628884	36,793917	36,228284	33,998740	32,802719	32,564649	29,224050	34,139347	37,183362	99,994034	64,030045	35,175550	40,954825	40,550190	38,837442	46,826059	39,206704	41,343620	49,628228	49,822274	51,612359	46,090356	43,548766	39,702570	38,521403	32,139203	64,209831	99,938291	36,124593	24,812128	25,747162	26,039708	26,288790
570,00	28,578249	24,858788	26,457638	27,962682	32,047379	29,980847	27,528247	26,296636	25,748363	27,817157	23,046365	33,427501	100,038385	63,264644	53,826457	53,007221	53,669846	52,449173	50,011188	54,633534	54,633534	50,011188	51,620382	57,933444	58,832228	59,240997	54,615468	55,732155	51,304746	45,553055	54,691494	63,331676	100,021243	38,828564	33,739999	34,725058	32,682389	30,870327	33,286119	30,766997	32,602829	36,726302	36,907873	36,316508	34,120134	32,897279	32,700366	29,379502	34,270459	37,255651	100,013638	64,001727	34,913298	40,871891	40,499049	38,814881	46,873695	39,207664	41,482943	49,537423	49,705940	51,464760	45,996037	43,225020	39,653057	38,584432	31,803638	64,186978	99,931806	36,177611	24,738652	25,803381	26,039863	26,332027
572,00	28,627503	24,863268	26,488796	27,915168	32,012808	29,894507	27,476522	26,174450	25,743875	27,895209	22,952439	33,453551	99,986094	63,159144	53,942108	53,066236	53,750759	52,605534	50,218570	54,797733	54,797733	50,218570	51,791459	57,979107	58,850974	59,258610	54,686737	55,774814	51,480782	45,752868	54,775572	63,264561	99,957144	38,830081	33,822876	34,825993	32,754242	30,997580	33,387607	30,913883	32,726258	36,794141	36,970624	36,352062	34,210965	32,963359	32,815593	29,498297	34,332320	37,261641	99,922240	63,935286	34,571448	40,766227	40,380707	38,731796	46,858421	39,204007	41,547894	49,274713	49,577963	51,227468	45,863542	42,834577	39,609554	38,577572	31,443870	64,136851	99,933171	36,205146	24,667090	25,816143	26,068562	26,366174
574,00	28,651127	24,903089	26,534805	27,861255	31,978515	29,809564	27,408361	26,014790	25,761279	27,958113	22,812869	33,497420	100,014281	63,198239	54,045838	53,199965	53,912467	52,833879	50,482190	54,990494	54,990494	50,482190	51,975340	58,065051	58,958238	59,368247	54,830122	55,867219	51,680470	45,990506	54,957134	63,281792	100,027299	38,883373	33,955583	34,960011	32,855093	31,138319	33,532983	31,084803	32,893068	36,873180	37,065887	36,446106	34,327638	33,055156	32,959560	29,651642	34,454948	37,331161	99,969202	63,839495	34,234446	40,602919	40,230632	38,625500	46,855816	39,175692	41,606289	49,098584	49,392727	51,001412	45,738116	42,498809	39,520374	38,625130	31,018052	64,040136	99,948305	36,223313	24,591570	25,844988	26,080704	26,395878
576,00	28,652656	24,877062	26,591787	27,755451	31,953242	29,720747	27,340493	25,855911	25,771755	28,034621	22,669487	33,505660	100,017989	63,078791	54,146320	53,280771	53,969049	52,937657	50,681353	55,131745	55,131745	50,681353	52,116740	58,095503	58,956820	59,370476	54,916930	55,962932	51,846439	46,169853	55,054569	63,195866	100,002515	38,917214	34,060973	35,048610	32,966885	31,294736	33,678967	31,245831	33,015797	36,969414	37,154734	36,502159	34,423196	33,147189	33,105621	29,765534	34,612143	37,395018	99,955010	63,831425	33,870256	40,479878	40,085369	38,488907	46,909568	39,153281	41,685903	48,900676	49,214154	50,780767	45,582184	42,128763	39,456403	38,644609	30,609620	64,059287	100,038433	36,270347	24,502589	25,866964	26,089817	26,391181
578,00	28,691164	24,899678	26,623699	27,674422	31,910026	29,633865	27,296257	25,719211	25,757718	28,094611	22,531059	33,545548	100,007296	63,000095	54,228300	53,351581	54,071444	53,106964	50,885862	55,289686	55,289686	50,885862	52,267283	58,140010	58,982253	59,455240	55,016226	56,004775	52,010489	46,350497	55,151772	63,179916	99,976492	38,978517	34,181005	35,187158	33,057678	31,419760	33,822200	31,383932	33,145791	37,036103	37,234429	36,613613	34,512556	33,260024	33,240327	29,897299	34,696290	37,422389	99,981070	63,770181	33,512685	40,342531	39,950523	38,313568	46,859661	39,088464	41,697180	48,671028	49,002588	50,512481	45,419410	41,725606	39,371195	38,619930	30,169210	63,954490	99,975580	36,318618	24,417038	25,880787	26,070434	26,413852
580,00	28,714836	24,894705	26,637655	27,595598	31,854501	29,529348	27,202919	25,560403	25,778127	28,161243	22,397223	33,561784	99,987149	62,946969	54,343039	53,427303	54,152703	53,230417	51,055378	55,414671	55,414671	51,055378	52,388781	58,172852	58,973676	59,441555	55,090255	56,094825	52,138430	46,535692	55,245709	63,091445	99,963880	38,991559	34,252965	35,285279	33,137780	31,560832	33,928725	31,515858	33,275563	37,104121	37,313479	36,661252	34,606093	33,326703	33,347228	30,031377	34,798896	37,447494	99,956626	63,730943	33,189982	40,229875	39,796388	38,209081	46,853656	39,028779	41,745073	48,438722	48,849401	50,264293	45,250306	41,378677	39,328653	38,649482	29,762891	63,951737	100,009012	36,346358	24,316289	25,876278	26,082635	26,390532
582,00	28,760245	24,910527	26,672882	27,533242	31,848595	29,454279	27,169850	25,425908	25,775516	28,239235	22,267705	33,611810	100,042379	62,964195	54,465389	53,570491	54,208654	53,410310	51,281244	55,575705	55,575705	51,281244	52,527219	58,231986	59,058809	59,505183	55,199015	56,175393	52,314883	46,749410	55,375528	63,117123	100,043082	39,037827	34,380600	35,387880	33,234620	31,667033	34,061778	31,663284	33,364367	37,178475	37,375367	36,734304	34,691796	33,412924	33,488196	30,157211	34,903440	37,501469	99,988228	63,689375	32,834303	40,052268	39,641529	38,024467	46,858230	38,993797	41,729638	48,255759	48,651704	50,014848	45,068014	41,052410	39,231586	38,637030	29,343158	63,865203	99,978411	36,384797	24,256429	25,923103	26,114136	26,420227
584,00	28,801921	24,904382	26,702145	27,459595	31,809908	29,404715	27,105558	25,303182	25,789902	28,288162	22,140369	33,635032	100,042629	62,857497	54,451144	53,578860	54,252666	53,499550	51,373690	55,678689	55,678689	51,373690	52,631879	58,250320	59,027636	59,491467	55,228496	56,180733	52,406341	46,855968	55,433661	62,981814	99,989665	39,100638	34,470969	35,488826	33,327311	31,810078	34,187791	31,816623	33,481628	37,259111	37,464634	36,828759	34,822518	33,528101	33,610523	30,259961	35,022771	37,559432	100,046754	63,634080	32,538950	39,932138	39,530182	37,902385	46,854505	38,931763	41,749868	48,043206	48,520505	49,794596	44,936189	40,699929	39,164811	38,630062	28,982705	63,806617	99,970132	36,446297	24,179675	25,953823	26,132947	26,426119
586,00	28,828946	24,916020	26,727977	27,392897	31,760108	29,325062	27,052456	25,167972	25,781026	28,334191	22,014129	33,650792	100,010777	62,788314	54,519773	53,666621	54,313302	53,584683	51,542538	55,788088	55,788088	51,542538	52,742082	58,285898	59,043378	59,520233	55,347311	56,248522	52,534574	47,026291	55,523592	62,954545	100,013876	39,134976	34,554267	35,589427	33,416709	31,923535	34,315643	31,942981	33,593345	37,364894	37,541211	36,903077	34,909523	33,612770	33,734053	30,396113	35,118428	37,614778	100,043690	63,590348	32,235667	39,821711	39,401710	37,784922	46,831366	38,888872	41,747180	47,829551	48,326719	49,603999	44,806144	40,418842	39,101386	38,625041	28,635630	63,747591	99,977511	36,469048	24,096268	25,977126	26,155421	26,430801
588,00	28,854373	24,921295	26,764706	27,339587	31,738386	29,261416	27,018702	25,035870	25,796396	28,411958	21,900854	33,696097	100,023592	62,774038	54,571396	53,707772	54,365194	53,712463	51,723105	55,892831	55,892831	51,723105	52,850324	58,354610	59,079158	59,586889	55,438298	56,348103	52,652240	47,177842	55,630511	62,914062	100,006223	39,171475	34,653646	35,685965	33,489913	32,037866	34,416485	32,074347	33,695558	37,436536	37,629431	36,991632	35,001287	33,690694	33,847558	30,524087	35,225505	37,656498	100,049853	63,556129	31,989050	39,763078	39,335576	37,704831	46,833882	38,855308	41,774270	47,653943	48,196837	49,412960	44,684708	40,170079	39,054957	38,672477	28,297678	63,726562	99,959600	36,518565	24,020204	26,022127	26,189548	26,434553
590,00	28,873819	24,921732	26,802456	27,257094	31,709191	29,200530	26,953980	24,927644	25,787896	28,462693	21,792106	33,733672	100,024247	62,722427	54,629207	53,783441	54,435456	53,811151	51,865804	55,994290	55,994290	51,865804	52,951592	58,324319	59,086770	59,569550	55,507720	56,373096	52,745366	47,310871	55,679339	62,854177	100,038624	39,206088	34,735054	35,774761	33,570325	32,137272	34,507379	32,174736	33,777010	37,482417	37,694278	37,034717	35,106137	33,772528	33,959258	30,610323	35,326061	37,694705	100,021636	63,553697	31,747398	39,712098	39,285591	37,607497	46,898189	38,865849	41,802299	47,533980	48,086634	49,258316	44,580418	39,937446	39,055765	38,674828	27,987191	63,677722	100,053239	36,569047	23,965067	26,058009	26,217216	26,438934
592,00	28,922501	24,949896	26,839721	27,239573	31,725714	29,155481	26,925859	24,851187	25,814471	28,527582	21,700487	33,786204	100,018442	62,666070	54,675603	53,808105	54,467463	53,892404	51,961756	56,061047	56,061047	51,961756	53,011429	58,339405	59,086144	59,582180	55,544960	56,411201	52,865052	47,440064	55,741650	62,776816	99,971044	39,253953	34,809837	35,871732	33,642894	32,237962	34,605718	32,309541	33,883631	37,539527	37,757623	37,114623	35,178921	33,852023	34,063533	30,716127	35,398683	37,715226	100,010729	63,480783	31,540525	39,664823	39,251980	37,513620	46,874011	38,877323	41,843119	47,392672	47,972041	49,124014	44,520557	39,727107	39,049762	38,694927	27,709529	63,660848	100,028563	36,609423	23,935005	26,108691	26,265541	26,465043
594,00	28,957540	24,936324	26,868230	27,184269	31,718886	29,119685	26,919478	24,771459	25,818104	28,594926	21,604247	33,825806	100,042188	62,601906	54,719436	53,858966	54,516214	53,986120	52,105099	56,133348	56,133348	52,105099	53,098238	58,366454	59,104151	59,637225	55,628675	56,458092	52,963501	47,574461	55,817634	62,744349	99,986559	39,283413	34,872645	35,948357	33,707568	32,353988	34,703293	32,430857	33,969030	37,633029	37,838763	37,172022	35,238117	33,943424	34,175742	30,839047	35,484371	37,746125	100,012684	63,468897	31,338626	39,645854	39,240792	37,476322	46,945363	38,861752	41,876164	47,259954	47,862870	48,984253	44,452778	39,547503	39,040554	38,718069	27,441576	63,631028	100,015891	36,645135	23,874782	26,172552	26,296997	26,487443
596,00	29,007196	24,956776	26,888043	27,173638	31,688729	29,080182	26,909709	24,679559	25,827497	28,660887	21,523856	33,831376	100,012994	62,598383	54,756176	53,915310	54,545826	54,067147	52,237362	56,195629	56,195629	52,237362	53,197736	58,356291	59,078258	59,625077	55,689800	56,504518	53,039044	47,696641	55,868512	62,704045	99,976450	39,326045	34,979138	36,043000	33,789739	32,471436	34,839308	32,538268	34,078112	37,691534	37,899128	37,231672	35,336322	34,018070	34,296477	30,941924	35,579064	37,802887	99,979341	63,442445	31,128243	39,592275	39,182326	37,355781	46,916831	38,864419	41,890413	47,134358	47,756058	48,883283	44,388399	39,424133	39,027485	38,716742	27,191454	63,581622	99,988419	36,689958	23,839323	26,233950	26,361611	26,513758
598,00	29,041317	24,994360	26,933169	27,143395	31,717366	29,062238	26,894581	24,623583	25,862935	28,726071	21,450163	33,903876	100,034046	62,507284	54,775250	53,952265	54,568350	54,135072	52,347469	56,289387	56,289387	52,347469	53,261721	58,380795	59,085518	59,616482	55,741215	56,559265	53,145826	47,830954	55,894065	62,635303	99,977666	39,389887	35,081819	36,138517	33,866566	32,595715	34,921724	32,667437	34,162939	37,767366	37,983495	37,319943	35,432187	34,096658	34,394363	31,044933	35,674801	37,869599	100,021744	63,314688	30,935869	39,540863	39,143953	37,274447	46,896788	38,848913	41,898572	47,009945	47,655681	48,749101	44,337985	39,248121	39,007336	38,760972	26,937169	63,516903	99,978304	36,758530	23,784667	26,285648	26,401871	26,529008
600,00	29,087123	24,999584	26,973909	27,111539	31,704465	29,016235	26,889315	24,569915	25,879291	28,769347	21,378690	33,932307	100,061607	62,495959	54,834771	54,002583	54,601955	54,222178	52,430576	56,369090	56,369090	52,430576	53,323311	58,373523	59,116685	59,606123	55,801898	56,582993	53,226835	47,969651	55,930424	62,592286	100,008953	39,447999	35,155001	36,201575	33,960551	32,654512	35,064343	32,769105	34,249270	37,826824	38,028231	37,393811	35,529786	34,185612	34,495986	31,144443	35,780704	37,916860	100,058496	63,285565	30,731001	39,492363	39,096120	37,182885	46,891940	38,856912	41,888744	46,891725	47,562444	48,646235	44,275048	39,076698	38,959667	38,768372	26,731429	63,449121	100,010860	36,800435	23,760587	26,298594	26,438943	26,578847
602,00	29,090938	25,000304	26,984313	27,060077	31,683773	28,969088	26,854131	24,485159	25,884706	28,837502	21,283710	33,947709	99,985564	62,425476	54,888916	54,080069	54,662591	54,308438	52,567017	56,460750	56,460750	52,567017	53,422040	58,432072	59,141475	59,671575	55,901825	56,661409	53,323013	48,060840	56,011611	62,545496	99,979746	39,510691	35,222149	36,295423	34,025559	32,787177	35,128325	32,866487	34,368035	37,906778	38,111469	37,447163	35,623154	34,264037	34,592536	31,260493	35,855606	37,917447	100,009251	63,241285	30,471465	39,336875	38,952920	37,034616	46,883595	38,731402	41,868505	46,713021	47,366679	48,427564	44,130054	38,892114	38,891724	38,772830	26,440218	63,403374	99,940127	36,819631	23,658717	26,294753	26,428774	26,566133
604,00	29,109460	24,955694	26,995161	27,005196	31,665191	28,919882	26,804727	24,400498	25,893277	28,911504	21,190366	34,007400	100,081801	62,375385	54,902488	54,062474	54,629242	54,353303	52,646464	56,491029	56,491029	52,646464	53,471702	58,421743	59,119052	59,643590	55,858010	56,694162	53,418255	48,151481	56,028426	62,512153	100,000012	39,515370	35,308555	36,378565	34,093612	32,877836	35,214046	33,006126	34,435615	37,938541	38,155901	37,505364	35,682070	34,329551	34,698001	31,359559	35,917941	37,982732	100,028384	63,210118	30,179569	39,165556	38,771740	36,896324	46,830884	38,639531	41,846210	46,527702	47,225580	48,235875	43,982857	38,623351	38,808623	38,757816	26,188210	63,369119	100,027347	36,874381	23,589218	26,273209	26,393825	26,549706
606,00	29,109368	24,960496	26,990169	26,933166	31,625205	28,839505	26,748511	24,311821	25,854939	28,950340	21,105270	34,027633	100,030363	62,339729	54,916358	54,111630	54,715580	54,423380	52,734947	56,591350	56,591350	52,734947	53,535360	58,446002	59,124267	59,650022	55,940831	56,733966	53,510571	48,262307	56,063074	62,474656	99,972373	39,557040	35,369754	36,459935	34,166658	32,974419	35,282025	33,087188	34,515682	38,018513	38,226995	37,578183	35,747042	34,392539	34,786591	31,446028	35,994288	38,016501	100,013351	63,192779	29,879692	38,929799	38,515368	36,740837	46,767262	38,483965	41,826040	46,291143	46,999907	47,981730	43,801004	38,327995	38,672048	38,723031	25,950482	63,377571	100,094819	36,918318	23,480906	26,234221	26,348430	26,529849
608,00	29,114211	24,921757	27,015197	26,861429	31,569901	28,742892	26,697284	24,218439	25,854874	29,000720	21,029668	34,087121	100,028372	62,303984	54,943407	54,150748	54,731256	54,485387	52,850121	56,596893	56,596893	52,850121	53,567445	58,437312	59,112084	59,648168	55,999029	56,723642	53,549182	48,390755	56,114960	62,375522	99,969256	39,614803	35,426280	36,519635	34,246585	33,056971	35,408142	33,223188	34,619850	38,060057	38,306558	37,640423	35,831216	34,491929	34,895697	31,551492	36,068353	38,065875	100,052595	63,130552	29,514906	38,607529	38,231891	36,529782	46,603969	38,303870	41,720790	46,013439	46,727431	47,675747	43,574020	37,972790	38,514942	38,689554	25,655290	63,289547	100,037551	36,978924	23,364955	26,131636	26,254031	26,507676
610,00	29,089004	24,878418	26,973560	26,762706	31,510469	28,643718	26,589403	24,092025	25,834590	29,059070	20,930775	34,124050	100,056827	62,292176	54,974669	54,171610	54,727501	54,537904	52,920288	56,661201	56,661201	52,920288	53,615099	58,434582	59,135449	59,638035	56,034905	56,808287	53,650856	48,457614	56,132579	62,388057	99,975812	39,637771	35,514218	36,624968	34,300864	33,122367	35,475761	33,280444	34,669182	38,103923	38,343957	37,694007	35,891888	34,533232	34,983024	31,602234	36,128381	38,092744	100,030386	63,070238	29,147464	38,259116	37,885174	36,335477	46,500823	38,099974	41,604924	45,683223	46,459815	47,338948	43,283460	37,598690	38,341373	38,641384	25,360468	63,238347	100,060308	37,009078	23,237632	25,997725	26,159367	26,480076
612,00	29,064682	24,857856	26,988304	26,676607	31,489414	28,574422	26,501057	23,968512	25,816342	29,068860	20,852830	34,157634	100,070453	62,200946	54,967880	54,171950	54,715610	54,576337	52,989501	56,699240	56,699240	52,989501	53,665787	58,406305	59,079230	59,622109	56,057698	56,813264	53,684789	48,550087	56,146610	62,325472	100,013614	39,708027	35,597456	36,700085	34,392741	33,260015	35,571843	33,385423	34,773311	38,212577	38,432103	37,771672	35,985371	34,624144	35,107744	31,735414	36,241779	38,137522	100,066602	62,994373	28,769273	37,882286	37,479669	36,097699	46,304405	37,858477	41,496834	45,317137	46,125862	46,942407	42,956048	37,145203	38,127440	38,556004	25,075147	63,143986	99,995089	37,057471	23,124811	25,925258	26,051226	26,447150
614,00	29,047397	24,818991	26,978543	26,570237	31,429687	28,475091	26,413590	23,854037	25,806195	29,128414	20,779701	34,201321	100,001919	62,209171	55,017847	54,226899	54,765797	54,621583	53,077453	56,764036	56,764036	53,077453	53,731191	58,434880	59,117496	59,633291	56,083077	56,817001	53,781044	48,662251	56,223303	62,286180	99,998993	39,738324	35,658264	36,759904	34,447372	33,320940	35,640243	33,490476	34,833848	38,261753	38,469115	37,828714	36,050662	34,692249	35,180810	31,829509	36,307645	38,173902	100,084412	62,967587	28,429341	37,515843	37,151980	35,904390	46,187627	37,654096	41,440907	44,988668	45,827171	46,594733	42,649606	36,758128	37,964550	38,533917	24,864157	63,150108	100,008714	37,082520	22,990300	25,800499	25,928095	26,398879
616,00	29,056546	24,810423	26,997557	26,527464	31,411931	28,378695	26,363125	23,774546	25,801706	29,175004	20,724393	34,226668	100,033057	62,132674	55,048794	54,233211	54,855561	54,669970	53,170609	56,797075	56,797075	53,170609	53,800809	58,445531	59,142327	59,668118	56,134486	56,870681	53,822231	48,745772	56,242615	62,254095	99,931943	39,776859	35,752109	36,849877	34,524629	33,409205	35,742509	33,587411	34,918359	38,326541	38,552177	37,901253	36,150825	34,750450	35,286129	31,941441	36,394510	38,238254	100,070274	62,931931	28,141469	37,188718	36,861515	35,711402	46,074045	37,476081	41,358358	44,738302	45,575944	46,307170	42,389783	36,425149	37,826502	38,509446	24,658714	63,099885	100,056124	37,129575	22,892651	25,709993	25,827250	26,383916
618,00	29,068488	24,804620	27,009931	26,462054	31,389922	28,332838	26,303610	23,719707	25,811848	29,217622	20,679227	34,277681	100,037086	62,057251	55,041301	54,249424	54,851556	54,705024	53,205657	56,821764	56,821764	53,205657	53,820449	58,391392	59,101564	59,603584	56,142211	56,845880	53,898335	48,802799	56,244540	62,179154	99,966127	39,819318	35,778791	36,922875	34,573716	33,513105	35,828805	33,681920	35,007435	38,375202	38,620740	37,937659	36,236846	34,804389	35,378563	32,006949	36,466053	38,247862	99,980509	62,907463	27,848271	36,899126	36,577147	35,556251	45,973170	37,305734	41,353813	44,490469	45,376188	46,056071	42,133278	36,155358	37,720090	38,534033	24,478710	63,065994	100,034320	37,147069	22,802521	25,617403	25,748301	26,371327
620,00	29,098898	24,824297	27,027422	26,431811	31,383827	28,322893	26,294664	23,692152	25,861743	29,299641	20,641986	34,271228	100,037563	62,054050	55,076492	54,267770	54,870635	54,812384	53,320050	56,863600	56,863600	53,320050	53,885055	58,420074	59,122163	59,626651	56,191599	56,892133	53,988683	48,898599	56,269461	62,132645	99,966437	39,839000	35,864371	36,993691	34,682679	33,593559	35,923994	33,768725	35,079148	38,433707	38,682285	37,997177	36,291039	34,859401	35,460532	32,099068	36,549264	38,316658	99,986458	62,840760	27,614260	36,644298	36,316526	35,428482	45,917666	37,194684	41,289070	44,252214	45,187157	45,811903	41,999739	35,893917	37,616298	38,541791	24,295032	63,018924	100,042105	37,226260	22,735220	25,534138	25,664467	26,365471
622,00	29,159105	24,870513	27,086371	26,465082	31,432545	28,322887	26,305395	23,715705	25,923127	29,395178	20,633602	34,351885	100,114548	61,990869	55,116028	54,344392	54,881620	54,815626	53,355485	56,909007	56,909007	53,355485	53,950298	58,366978	59,088218	59,629965	56,259048	56,903833	54,058433	48,995772	56,282759	62,060833	99,972898	39,911926	35,926592	37,081850	34,720308	33,672360	36,013663	33,876014	35,143033	38,491613	38,753453	38,060144	36,356711	34,943330	35,549998	32,214138	36,630145	38,356355	100,020885	62,779605	27,405369	36,431676	36,086610	35,303184	45,878583	37,078393	41,262031	44,102252	45,054358	45,643312	41,846430	35,703361	37,612018	38,563338	24,156527	62,974018	100,001967	37,280563	22,683397	25,520986	25,659999	26,373693
624,00	29,199421	24,896280	27,106246	26,472646	31,452718	28,334206	26,318765	23,718113	25,965813	29,445663	20,604347	34,384337	100,065601	61,937797	55,145651	54,375505	54,918993	54,877806	53,428113	56,920660	56,920660	53,428113	53,977251	58,426380	59,129763	59,614080	56,289899	56,931275	54,128236	49,112576	56,330615	62,006104	100,016713	39,950994	36,009651	37,154174	34,817508	33,791947	36,073729	33,988917	35,225469	38,540018	38,792533	38,114202	36,461517	35,005456	35,668635	32,306531	36,701167	38,402206	100,059462	62,735248	27,238944	36,255264	35,952172	35,225523	45,880404	37,031633	41,236630	44,030997	44,949338	45,538789	41,738284	35,631597	37,626231	38,650674	24,029741	62,910014	99,962717	37,278622	22,658388	25,491929	25,623381	26,379678
626,00	29,298028	24,969654	27,145588	26,530647	31,530330	28,399867	26,391956	23,819681	26,059633	29,570350	20,613618	34,412897	100,036001	61,875731	55,148667	54,405969	54,926777	54,939258	53,495479	56,980354	56,980354	53,495479	53,996301	58,386612	59,120041	59,606349	56,329572	56,959462	54,186124	49,160981	56,352443	61,985970	99,993861	39,978305	36,071187	37,215930	34,884629	33,844140	36,155492	34,062377	35,317406	38,583076	38,849190	38,158879	36,502251	35,059491	35,720557	32,369691	36,730325	38,407546	99,984914	62,670559	27,112058	36,125118	35,800588	35,165605	45,912609	37,023389	41,298571	43,991417	44,910857	45,458090	41,700694	35,607451	37,708136	38,720155	23,932315	62,841249	100,001383	37,334347	22,613882	25,491786	25,636166	26,380447
628,00	29,382649	25,033623	27,199438	26,616132	31,634757	28,489017	26,480529	23,925564	26,170549	29,678255	20,624729	34,454197	100,113642	61,876315	55,204684	54,450607	54,972368	54,986835	53,571981	57,016659	57,016659	53,571981	54,059744	58,448648	59,123880	59,598362	56,351441	57,024270	54,241556	49,246541	56,372088	61,945599	100,012922	40,021804	36,155337	37,290236	34,937295	33,929929	36,202195	34,143376	35,406575	38,634667	38,909090	38,226926	36,593872	35,111731	35,810947	32,464418	36,814427	38,470224	99,993861	62,654686	26,986659	36,027005	35,683727	35,133949	45,948520	37,042281	41,310346	43,963397	44,942760	45,464832	41,746411	35,642552	37,806553	38,863331	23,844044	62,836081	100,002956	37,379655	22,611566	25,546816	25,663325	26,455724
630,00	29,496372	25,105369	27,254137	26,728261	31,724322	28,588060	26,582986	24,084964	26,271635	29,800242	20,654081	34,473014	100,063574	61,795968	55,183685	54,459155	54,998994	55,005288	53,597695	57,034403	57,034403	53,597695	54,101145	58,428413	59,077811	59,633005	56,367135	56,977123	54,281062	49,315345	56,386524	61,876059	99,992567	40,102643	36,228839	37,368447	35,017833	34,001771	36,322746	34,234869	35,474896	38,689959	38,974574	38,291416	36,648542	35,184985	35,906088	32,545999	36,889347	38,524929	99,995774	62,531692	26,904780	35,940623	35,632506	35,095319	46,024325	37,072593	41,343835	44,014996	44,966438	45,501006	41,787091	35,759413	37,951541	38,993621	23,757340	62,728369	99,949056	37,403160	22,604440	25,557467	25,702384	26,468426
632,00	29,634058	25,203305	27,332008	26,850536	31,818545	28,700131	26,712134	24,229912	26,392660	29,892087	20,672251	34,519777	100,019336	61,765391	55,221319	54,455298	54,994708	55,039215	53,676891	57,026827	57,026827	53,676891	54,100525	58,426088	59,041125	59,577978	56,386679	57,019502	54,350013	49,397764	56,385291	61,819470	99,950731	40,114295	36,281982	37,450099	35,080183	34,098282	36,376154	34,329334	35,546517	38,744059	39,010456	38,329449	36,737663	35,224134	35,997477	32,639173	36,965257	38,530755	99,918848	62,549525	26,912650	35,939729	35,643384	35,117540	46,196738	37,161696	41,391522	44,143659	45,134678	45,633698	41,936675	35,970372	38,129652	39,185825	23,766434	62,721127	100,015152	37,416005	22,629464	25,632331	25,762269	26,510686
634,00	29,782671	25,324500	27,437970	27,025715	31,949866	28,882343	26,914355	24,486051	26,567346	30,009320	20,729659	34,546521	100,090671	61,725599	55,256116	54,533982	55,038470	55,079418	53,762907	57,095420	57,095420	53,762907	54,190630	58,401626	59,046513	59,597111	56,464171	56,990838	54,422039	49,506381	56,380814	61,806357	99,982667	40,149456	36,365718	37,478939	35,147154	34,180304	36,443910	34,414136	35,614216	38,796738	39,064217	38,395655	36,793876	35,281789	36,065787	32,728240	37,015849	38,573319	99,941725	62,478769	26,952454	36,006987	35,673156	35,221922	46,342820	37,294704	41,501939	44,306064	45,283225	45,782590	42,134887	36,273795	38,341957	39,347160	23,780051	62,651247	99,967253	37,486386	22,668739	25,718245	25,881544	26,561743
636,00	29,945514	25,450641	27,535382	27,237287	32,113370	29,113141	27,092776	24,755898	26,718524	30,162543	20,853810	34,592140	100,092554	61,629182	55,304903	54,539764	55,053526	55,143279	53,793269	57,115901	57,115901	53,793269	54,195386	58,357024	59,028560	59,580338	56,438124	57,015139	54,464447	49,567804	56,383348	61,751109	99,966484	40,179670	36,447966	37,590039	35,206187	34,225473	36,534369	34,507811	35,699576	38,867816	39,129567	38,443565	36,853427	35,368806	36,140984	32,814485	37,093228	38,640067	99,943078	62,478197	27,084973	36,121455	35,790026	35,357445	46,555728	37,500179	41,638809	44,562072	45,527309	46,062037	42,402267	36,606801	38,640046	39,592752	23,910277	62,660068	100,025976	37,546620	22,777994	25,891304	26,021397	26,655227
638,00	30,115744	25,641000	27,650928	27,445710	32,257426	29,310152	27,326366	25,035632	26,892406	30,283910	20,995456	34,643653	100,018036	61,615628	55,329418	54,542929	55,086643	55,196464	53,853881	57,126349	57,126349	53,853881	54,251182	58,376431	59,038085	59,560031	56,459910	57,062352	54,536325	49,651951	56,441009	61,731219	100,018346	40,238556	36,487740	37,649560	35,278052	34,338498	36,578786	34,598777	35,768512	38,946864	39,208266	38,495922	36,909282	35,421649	36,219633	32,886890	37,159869	38,632244	99,949980	62,437189	27,292302	36,308688	35,975319	35,563946	46,779078	37,754145	41,805831	44,821635	45,792958	46,316874	42,666781	37,012899	38,954648	39,838609	24,117580	62,582344	100,030243	37,567180	22,944251	26,030830	26,184919	26,781604
640,00	30,302954	25,830740	27,814880	27,677873	32,448342	29,591405	27,551994	25,357947	27,072567	30,411327	21,200876	34,660798	100,030756	61,571807	55,353475	54,566759	55,105716	55,227315	53,952897	57,146984	57,146984	53,952897	54,325622	58,366746	59,020531	59,548742	56,545246	57,084823	54,604173	49,748820	56,441057	61,717045	100,024426	40,282336	36,540791	37,738079	35,332525	34,419483	36,642337	34,654757	35,838872	38,974407	39,242694	38,564378	36,990497	35,491648	36,290261	33,004153	37,212521	38,700026	99,940908	62,371457	27,615923	36,561471	36,221182	35,866150	47,004730	38,064530	42,006004	45,147908	46,059993	46,666673	42,972800	37,441713	39,319056	40,070230	24,428295	62,538040	100,033629	37,601221	23,148870	26,237825	26,406050	26,944509
642,00	30,449933	25,988939	27,943644	27,896881	32,614499	29,818568	27,788588	25,655526	27,227277	30,534527	21,443805	34,684467	99,948072	61,564881	55,364817	54,643506	55,155259	55,285329	54,029965	57,211024	57,211024	54,029965	54,387623	58,400881	59,090519	59,569538	56,577474	57,135916	54,659796	49,859855	56,511670	61,691272	100,066769	40,323028	36,653897	37,792960	35,413691	34,485444	36,748230	34,758019	35,926861	39,047980	39,321926	38,634899	37,046927	35,550231	36,392108	33,086431	37,288588	38,764963	99,966699	62,305057	28,007498	36,795986	36,466226	36,160374	47,173041	38,328534	42,173824	45,420629	46,312809	46,917748	43,270129	37,884316	39,582685	40,346840	24,816075	62,489456	99,916875	37,649581	23,391129	26,410964	26,582581	27,135843
644,00	30,582315	26,199695	28,126758	28,083479	32,780445	29,999548	28,005236	25,921255	27,394241	30,685344	21,719089	34,721124	99,985975	61,515349	55,327559	54,635602	55,136412	55,291587	54,074419	57,194149	57,194149	54,074419	54,419827	58,342677	59,020531	59,553874	56,582892	57,074046	54,721886	49,906209	56,473780	61,639047	100,021172	40,345657	36,699939	37,878653	35,480776	34,566334	36,805612	34,847528	36,003959	39,110991	39,360383	38,670334	37,116659	35,611260	36,485386	33,177531	37,333858	38,805702	99,988329	62,291300	28,431845	37,062988	36,733949	36,499023	47,361833	38,621730	42,426196	45,684806	46,581265	47,218516	43,533692	38,234699	39,887294	40,572736	25,293872	62,478727	99,974936	37,677097	23,643190	26,623797	26,802680	27,309647
646,00	30,721357	26,376233	28,272304	28,264672	32,926881	30,213454	28,211230	26,172578	27,539167	30,817822	21,995454	34,754553	99,983943	61,457503	55,343926	54,630941	55,175835	55,320632	54,096454	57,180285	57,180285	54,096454	54,451448	58,339560	58,989376	59,502238	56,565958	57,117778	54,757082	49,983758	56,468171	61,559957	100,021839	40,391025	36,726716	37,904388	35,522014	34,647492	36,868113	34,909430	36,062527	39,113522	39,384750	38,706571	37,187698	35,664046	36,544505	33,250332	37,394643	38,826770	99,905264	62,231046	28,822643	37,279853	36,911133	36,800888	47,489128	38,811046	42,625451	45,846879	46,702838	47,373256	43,702030	38,487777	40,092650	40,707451	25,784305	62,452739	99,958587	37,730399	23,888069	26,790792	26,996502	27,492106
648,00	30,822247	26,545203	28,415868	28,407189	33,048135	30,348495	28,380981	26,403782	27,696818	30,941716	22,267455	34,786284	100,069237	61,420286	55,329841	54,659939	55,168551	55,355787	54,140943	57,215387	57,215387	54,140943	54,468238	58,319843	58,940858	59,507465	56,611407	57,093358	54,799461	50,130165	56,472945	61,513150	100,002670	40,440404	36,804625	38,007122	35,608861	34,703484	36,961907	34,991261	36,125174	39,187074	39,453802	38,761574	37,285578	35,742778	36,630023	33,372295	37,497741	38,867936	99,991244	62,190640	29,102859	37,343302	37,001872	37,059060	47,515881	38,914555	42,731059	45,886067	46,703309	47,394645	43,789467	38,598794	40,174991	40,861663	26,190072	62,335265	99,974734	37,766922	24,146600	26,904944	27,107766	27,677968
650,00	30,864194	26,655927	28,508723	28,484222	33,125022	30,407733	28,474304	26,513824	27,772382	31,049961	22,477791	34,814367	100,042629	61,350882	55,300927	54,626143	55,154616	55,372739	54,188758	57,230538	57,230538	54,188758	54,460967	58,266765	58,917862	59,476483	56,590337	57,042426	54,823053	50,154626	56,493843	61,438209	99,957526	40,443593	36,829647	38,038239	35,639966	34,769905	37,002477	35,052040	36,194295	39,221010	39,512637	38,797170	37,320268	35,753086	36,687848	33,432537	37,502870	38,880149	99,880403	62,182206	29,263246	37,306327	36,964351	37,149534	47,456855	38,902396	42,820653	45,836243	46,637753	47,332421	43,753892	38,557830	40,174228	40,976274	26,526335	62,345475	99,997407	37,782678	24,280253	26,934534	27,149346	27,752939
652,00	30,833992	26,700318	28,568411	28,504938	33,184418	30,416203	28,537032	26,595670	27,826017	31,110767	22,646371	34,848672	100,057268	61,319834	55,350226	54,652774	55,184543	55,405432	54,215986	57,232779	57,232779	54,215986	54,502141	58,296978	58,945173	59,460855	56,658620	57,096225	54,929060	50,261408	56,505769	61,395311	100,038874	40,497017	36,873254	38,110852	35,734740	34,852582	37,071601	35,138044	36,267462	39,283833	39,558533	38,886297	37,369603	35,796928	36,810824	33,535653	37,583315	38,926822	99,913180	62,121487	29,214299	36,989418	36,682788	37,133855	47,168800	38,654840	42,772248	45,520848	46,323597	46,981099	43,497697	38,290599	39,960426	40,940273	26,761144	62,296206	99,987406	37,807092	24,356920	26,852077	27,086195	27,796814
654,00	30,764231	26,698241	28,597224	28,434315	33,133313	30,336773	28,453085	26,572475	27,809179	31,181297	22,761023	34,907424	99,996531	61,256498	55,310220	54,664916	55,198407	55,412436	54,255855	57,253236	57,253236	54,255855	54,519814	58,222055	58,920634	59,397048	56,685704	57,037437	54,972768	50,379699	56,468236	61,391020	99,963081	40,562734	36,934906	38,163590	35,764539	34,969893	37,167537	35,239851	36,354029	39,353839	39,635709	38,920829	37,459132	35,851619	36,861026	33,637020	37,651306	39,002338	100,002754	62,083679	28,982905	36,419258	36,147758	36,959049	46,821490	38,271296	42,638120	45,020974	45,828611	46,444863	43,012616	37,750924	39,526421	40,860879	26,844272	62,266278	99,975556	37,885964	24,348173	26,629734	26,884350	27,790627
656,00	30,562413	26,585189	28,549159	28,245735	33,013850	30,098972	28,313169	26,431313	27,670664	31,160763	22,795001	34,916383	100,020814	61,174411	55,287516	54,631770	55,198431	55,437678	54,314733	57,239777	57,239777	54,314733	54,604870	58,224440	58,917600	59,405607	56,713921	57,058918	55,026984	50,423294	56,458616	61,312002	100,061417	40,609255	36,958706	38,184464	35,827577	35,008386	37,242332	35,312063	36,431542	39,396638	39,684904	39,002743	37,484077	35,883239	36,972731	33,699650	37,733668	39,028749	100,021493	62,044621	28,452903	35,496205	35,250655	36,543298	46,249440	37,558144	42,400134	44,282031	45,118675	45,686921	42,284057	36,862028	38,903809	40,644833	26,752239	62,180817	99,990547	37,896478	24,162388	26,214370	26,490745	27,668434
658,00	30,292141	26,418781	28,451338	27,942500	32,842696	29,788345	28,020063	26,192376	27,515289	31,157783	22,720131	34,959099	100,010908	61,194098	55,214775	54,584706	55,153078	55,451858	54,319936	57,249016	57,249016	54,319936	54,532814	58,129287	58,846873	59,329921	56,676245	56,999159	55,033159	50,490803	56,423938	61,292994	99,969220	40,604290	37,001270	38,226280	35,865429	35,059088	37,283465	35,358292	36,490887	39,460710	39,726466	39,026532	37,569532	35,873032	37,034473	33,812359	37,741223	39,069694	99,940032	62,009448	27,614897	34,248507	34,060302	35,904008	45,489532	36,650458	41,964132	43,261093	44,055253	44,567990	41,251010	35,640278	38,027123	40,316823	26,428819	62,164152	99,990618	37,939495	23,818454	25,620183	25,957537	27,487925
660,00	29,978132	26,156539	28,285754	27,545187	32,582504	29,344165	27,605882	25,755879	27,259871	31,118935	22,553307	35,010612	100,068605	61,100471	55,159718	54,617923	55,160987	55,443269	54,342645	57,286435	57,286435	54,342645	54,592335	58,096659	58,824670	59,303671	56,661844	56,949097	55,087793	50,595552	56,408715	61,219555	99,993515	40,663892	37,011886	38,232896	35,884139	35,122940	37,346584	35,441789	36,546057	39,488626	39,779851	39,076850	37,607402	35,874617	37,097213	33,857131	37,770575	39,134511	100,015879	61,953473	26,479813	32,748771	32,617846	35,117874	44,635230	35,560256	41,433454	42,002621	42,855430	43,242726	39,922392	34,160125	36,968145	39,930585	25,855893	62,163019	100,057328	38,018167	23,341858	24,914783	25,257877	27,228904
662,00	29,557070	25,794390	28,055823	27,015921	32,223848	28,782663	27,102783	25,178736	26,943666	31,022611	22,270864	35,008708	100,057685	61,044264	55,023742	54,551637	55,093777	55,415678	54,346985	57,258880	57,258880	54,346985	54,548961	58,053392	58,794934	59,204102	56,684399	56,851894	55,108994	50,656700	56,373686	61,179847	99,940199	40,725777	37,023968	38,272744	35,933620	35,224682	37,417471	35,525557	36,605090	39,535886	39,815322	39,123628	37,668496	35,868850	37,195203	33,969146	37,835804	39,153013	100,042856	61,901337	25,187033	31,085217	30,987209	34,143761	43,653220	34,299752	40,818366	40,589797	41,443425	41,718104	38,463160	32,473007	35,793981	39,427611	25,058913	62,098712	100,015724	38,024518	22,748908	24,090806	24,478890	26,865005
664,00	29,170421	25,374529	27,812931	26,454824	31,857887	28,161922	26,523784	24,586064	26,613128	30,897397	21,908358	35,058895	100,014067	61,017382	54,965156	54,490399	55,108505	55,461031	54,423547	57,253337	57,253337	54,423547	54,577279	58,009869	58,742428	59,169722	56,681764	56,835860	55,164713	50,736165	56,335759	61,167371	99,927866	40,730113	37,007210	38,279289	35,959452	35,254019	37,472939	35,548487	36,669365	39,574146	39,859360	39,135855	37,732872	35,845983	37,260658	34,027848	37,911251	39,209566	100,016975	61,888373	23,841713	29,441082	29,393226	33,126613	42,751649	33,029225	40,167621	39,117515	40,017173	40,121892	36,939031	30,813834	34,613109	38,960162	24,151005	62,093955	100,053573	38,056239	22,093803	23,222061	23,656148	26,453176
666,00	28,757405	24,999484	27,545947	25,862136	31,428128	27,504358	25,945824	23,946494	26,234299	30,771166	21,491431	35,094556	100,077999	60,974276	54,852170	54,458535	55,014211	55,412638	54,382443	57,307190	57,307190	54,382443	54,548085	57,929498	58,681053	59,159333	56,703681	56,774879	55,210274	50,804830	56,265002	61,127800	100,015426	40,797937	37,043035	38,313058	36,025229	35,339084	37,560260	35,668471	36,736923	39,662808	39,910752	39,222795	37,800217	35,868356	37,382776	34,152314	37,914354	39,269069	100,092041	61,810321	22,476870	27,785242	27,801579	32,063058	41,815406	31,780937	39,468253	37,595868	38,503915	38,523221	35,420462	29,129037	33,463603	38,413274	23,158422	61,991203	99,940300	38,113058	21,426052	22,403122	22,814699	26,018673
668,00	28,424042	24,620919	27,318716	25,369379	31,119844	26,975387	25,408027	23,393942	25,937882	30,714798	21,112481	35,127440	100,064278	60,967749	54,806018	54,419345	54,993629	55,419093	54,418802	57,264334	57,264334	54,418802	54,551375	57,902771	58,665866	59,112918	56,692499	56,725079	55,259848	50,841552	56,248111	61,065245	100,014019	40,797588	37,021932	38,306671	36,007544	35,358202	37,610257	35,665143	36,756501	39,633125	39,928046	39,215705	37,843600	35,802150	37,397170	34,208146	37,967423	39,219797	99,973601	61,780715	21,312474	26,460478	26,455921	31,172934	41,045874	30,730176	38,929147	36,325493	37,298262	37,154156	34,147152	27,730969	32,528323	38,004422	22,311622	62,001580	100,010991	38,158473	20,825741	21,674897	22,118692	25,697172
670,00	28,176609	24,335274	27,136469	24,931483	30,807915	26,525268	24,984196	22,946064	25,698066	30,637830	20,803316	35,163784	100,086367	60,883832	54,710078	54,361778	54,945678	55,389357	54,431432	57,248640	57,248640	54,431432	54,499513	57,803828	58,653754	59,031624	56,675982	56,674981	55,265999	50,898540	56,188339	60,978442	100,011861	40,851194	37,038791	38,337344	36,026433	35,387594	37,630880	35,743695	36,772513	39,693078	39,979950	39,248669	37,896451	35,804269	37,445855	34,282154	37,988985	39,277136	99,983788	61,772281	20,430331	25,439984	25,449815	30,464795	40,492195	29,899594	38,449737	35,346302	36,356059	36,127177	33,178207	26,657432	31,831849	37,677804	21,610121	61,961204	99,991262	38,178775	20,357379	21,116549	21,578673	25,400123
672,00	27,990985	24,170285	27,058655	24,638228	30,626565	26,225922	24,684931	22,601998	25,545999	30,629772	20,577469	35,205853	100,091588	60,819918	54,580897	54,265690	54,868758	55,375212	54,406279	57,248819	57,248819	54,406279	54,460466	57,740641	58,500218	58,994216	56,621790	56,568533	55,287433	50,953376	56,144464	60,962534	99,995458	40,944752	37,091202	38,392860	36,099163	35,463002	37,728959	35,795099	36,887494	39,778221	40,015715	39,353353	37,965724	35,852838	37,553948	34,401649	38,047260	39,367753	100,019920	61,709952	19,757736	24,669914	24,700633	29,927906	40,055484	29,282975	38,091290	34,581244	35,590589	35,322613	32,375571	25,885338	31,296614	37,485754	21,047510	61,901098	100,013089	38,228619	20,006067	20,716164	21,166264	25,169623
674,00	27,909079	24,030848	26,993743	24,422415	30,478731	26,005527	24,470362	22,371314	25,432721	30,580577	20,411673	35,230973	99,948984	60,816932	54,586232	54,294509	54,914862	55,348659	54,455966	57,290643	57,290643	54,455966	54,532760	57,763702	58,569950	58,941776	56,665444	56,606203	55,305654	51,080596	56,148422	60,929132	100,052297	40,970075	37,086257	38,407177	36,149484	35,510594	37,756282	35,862437	36,892372	39,779007	40,071076	39,377066	37,983498	35,872623	37,598529	34,458295	38,084516	39,378393	99,905878	61,644512	19,299391	24,124861	24,152672	29,582554	39,761513	28,912982	37,899697	34,052956	35,138935	34,748197	31,897405	25,322559	30,999637	37,307376	20,642383	61,813331	99,917024	38,243148	19,728956	20,410690	20,869529	25,038221
676,00	27,905902	24,018358	26,981458	24,335186	30,440664	25,913000	24,361688	22,253682	25,422752	30,621150	20,278341	35,216451	100,078142	60,821438	54,590726	54,276472	54,883784	55,415869	54,459733	57,333064	57,333064	54,459733	54,532069	57,737416	58,568704	58,947527	56,695330	56,594843	55,375630	51,109385	56,114066	60,940403	100,117099	40,962419	37,134168	38,456264	36,170501	35,560799	37,819889	35,880461	36,952427	39,784229	40,117154	39,375064	38,053748	35,897228	37,687007	34,501889	38,076043	39,404091	99,951327	61,638045	19,019231	23,821492	23,853423	29,348961	39,628604	28,731775	37,831593	33,790821	34,811705	34,474820	31,637967	24,990660	30,805007	37,295246	20,347978	61,818439	99,987823	38,286412	19,592312	20,269719	20,676392	24,999590
678,00	27,965850	24,062243	27,059299	24,373490	30,465806	25,919741	24,389103	22,244446	25,469929	30,715659	20,231470	35,275429	100,154305	60,797107	54,607993	54,266220	54,920876	55,392092	54,478288	57,306546	57,306546	54,478288	54,515862	57,680017	58,563608	58,943993	56,700110	56,589544	55,403602	51,160926	56,103253	60,850346	100,097954	41,029704	37,178820	38,529405	36,210594	35,646212	37,870520	35,969889	37,015671	39,864650	40,154594	39,421692	38,108966	35,931626	37,750003	34,539261	38,150051	39,448783	100,020182	61,607003	18,847965	23,729645	23,749572	29,282480	39,682850	28,721315	37,809330	33,769634	34,701180	34,347928	31,544396	24,901919	30,767328	37,349200	20,184019	61,740077	100,004184	38,371512	19,569069	20,257281	20,641445	25,036773
680,00	28,113475	24,193983	27,179530	24,550003	30,606610	26,077238	24,531932	22,394544	25,591299	30,782589	20,317073	35,316095	100,015700	60,715598	54,569858	54,238266	54,870355	55,417877	54,467648	57,273370	57,273370	54,467648	54,553241	57,651794	58,505529	58,921307	56,715345	56,567198	55,394107	51,218623	56,092566	60,823226	100,048709	41,057569	37,271586	38,597158	36,302081	35,661387	37,932733	36,040738	37,052166	39,894712	40,214878	39,473879	38,151696	35,981080	37,756234	34,618554	38,218945	39,492610	99,965835	61,598295	19,004129	23,992035	23,981395	29,441214	39,907998	28,920826	38,033473	34,035683	34,937793	34,610078	31,841707	25,161734	31,036532	37,538996	20,263022	61,757123	100,023210	38,408998	19,662142	20,431562	20,782553	25,135741
682,00	28,405067	24,492916	27,405408	24,891579	30,852163	26,445088	24,908188	22,755900	25,864863	30,972204	20,600045	35,348606	100,013113	60,663408	54,615682	54,269063	54,901809	55,353105	54,540342	57,327664	57,327664	54,540342	54,573417	57,642591	58,479303	58,909225	56,654233	56,564575	55,432051	51,253772	56,112790	60,800880	100,033081	41,098714	37,342799	38,678214	36,335105	35,745889	37,985247	36,082900	37,117442	39,957064	40,264025	39,528003	38,252637	36,090070	37,867570	34,739935	38,279533	39,532879	100,009429	61,552590	19,574691	24,723178	24,659352	29,970196	40,298280	29,510742	38,435939	34,739053	35,520476	35,245648	32,507724	25,794721	31,566095	37,896058	20,735911	61,750132	100,045669	38,420540	20,055546	20,882952	21,219730	25,422290
684,00	28,821278	24,989156	27,811950	25,457245	31,269705	26,993608	25,522351	23,394419	26,283967	31,235012	21,107052	35,373583	99,988365	60,621554	54,696876	54,303032	54,938155	55,448979	54,551399	57,324356	57,324356	54,551399	54,600990	57,688546	58,471948	58,888805	56,692046	56,577981	55,477858	51,296031	56,111473	60,781389	100,054491	41,159362	37,430823	38,784027	36,382413	35,811651	38,058335	36,169553	37,212974	39,972913	40,301830	39,591399	38,249844	36,179015	37,921521	34,791115	38,324195	39,584705	100,025356	61,478716	20,712142	26,010248	25,985360	30,888957	40,964717	30,468294	39,123344	35,757211	36,490077	36,320010	33,629549	26,906174	32,403392	38,381922	21,687390	61,652195	99,937510	38,425544	20,777920	21,664783	21,991591	25,911605
686,00	29,372215	25,637442	28,309855	26,254132	31,848654	27,785856	26,369855	24,245955	26,839289	31,575656	21,895114	35,445273	100,149465	60,583544	54,733276	54,320264	54,943484	55,384684	54,556292	57,287300	57,287300	54,556292	54,574180	57,679009	58,416444	58,845484	56,687438	56,654227	55,443913	51,312798	56,084412	60,707605	100,054455	41,166687	37,473091	38,821015	36,435151	35,851660	38,065365	36,201614	37,234813	39,979947	40,333328	39,580813	38,305530	36,246344	37,961072	34,820396	38,346568	39,561802	99,847215	61,415422	22,351611	27,789661	27,702144	32,271484	41,880694	31,853917	40,038186	37,356722	37,888339	37,860894	35,253751	28,502172	33,667049	39,073086	23,116285	61,620510	100,021255	38,543952	21,786110	22,755904	23,040676	26,597962
688,00	30,037776	26,409668	28,954393	27,194548	32,525957	28,796721	27,394426	25,324130	27,568507	31,942007	22,847848	35,459605	100,073349	60,547018	54,789102	54,404449	54,960179	55,400330	54,554731	57,296485	57,296485	54,554731	54,635400	57,651252	58,385700	58,860648	56,687528	56,650734	55,468959	51,376182	56,125861	60,647720	100,030112	41,197515	37,557584	38,923499	36,519367	35,932526	38,126487	36,302871	37,327150	40,034258	40,343273	39,655006	38,410130	36,366513	38,030216	34,907106	38,431537	39,608428	99,902976	61,368579	24,610381	30,187789	30,046391	33,970043	43,014300	33,591908	41,091922	39,219001	39,686179	39,796820	37,246934	30,599114	35,223779	39,969426	25,060177	61,612666	100,000834	38,562855	23,069805	24,064597	24,333234	27,413133
690,00	30,712625	27,272606	29,600757	28,264433	33,240956	29,874614	28,547543	26,604113	28,313160	32,320577	24,020216	35,488385	100,072372	60,490113	54,860818	54,411936	55,006057	55,482894	54,680115	57,296264	57,296264	54,680115	54,647887	57,642043	58,360207	58,905804	56,722528	56,791246	55,424732	51,435935	56,150866	60,650629	100,049734	41,240135	37,695858	39,004067	36,626089	35,982898	38,230953	36,384642	37,415418	40,119925	40,435150	39,711016	38,421136	36,550969	38,101622	34,978434	38,516444	39,649135	99,940920	61,361802	27,369475	32,953689	32,741201	36,019540	44,390184	35,598314	42,341575	41,424188	41,744053	42,048588	39,511001	33,155224	37,045291	41,008335	27,506560	61,534965	99,987686	38,568008	24,526691	25,552124	25,829667	28,293335
692,00	31,515911	28,205758	30,321416	29,394722	34,058097	31,052837	29,791969	27,948397	29,205003	32,749787	25,311103	35,530841	100,092971	60,463554	54,942191	54,465950	55,040222	55,511296	54,713094	57,289654	57,289654	54,713094	54,694444	57,658863	58,350122	58,831304	56,745172	56,811661	55,542076	51,470131	56,165874	60,608149	100,084460	41,289893	37,799156	39,155623	36,705485	36,064309	38,279045	36,505538	37,490222	40,171447	40,477630	39,776933	38,490617	36,629155	38,142440	35,106635	38,595012	39,737946	100,006115	61,321402	30,374479	35,881174	35,640889	38,153449	45,736957	37,708840	43,626222	43,694144	43,855760	44,428939	41,882455	35,910901	38,975978	41,994706	30,130151	61,526662	99,958318	38,620889	26,149380	27,129462	27,386492	29,268864
694,00	32,206327	29,055095	31,015474	30,431542	34,705663	32,044289	30,882719	29,216263	29,997033	33,109128	26,503211	35,557878	100,135159	60,411155	55,008531	54,539013	55,080813	55,578834	54,749197	57,317978	57,317978	54,749197	54,740268	57,666975	58,396184	58,873278	56,730771	56,905943	55,532604	51,492411	56,215072	60,610169	100,027859	41,319343	37,875825	39,203498	36,730361	36,131877	38,350114	36,530921	37,525886	40,233767	40,537035	39,832246	38,545093	36,749607	38,222748	35,112226	38,655722	39,753187	99,954522	61,304247	33,274546	38,634768	38,334379	40,114012	47,046489	39,616165	44,773418	45,786405	45,815337	46,581909	44,017279	38,557518	40,818661	42,951125	32,767528	61,456060	99,929029	38,653892	27,641433	28,584063	28,815889	30,157977
696,00	32,888615	29,830173	31,632170	31,401005	35,307083	33,029470	31,937659	30,443349	30,755928	33,423477	27,673632	35,566646	100,135922	60,346460	55,009985	54,509652	55,108911	55,543619	54,702932	57,240152	57,240152	54,702932	54,728001	57,663745	58,290589	58,843946	56,692451	56,891358	55,483425	51,448280	56,168789	60,498434	99,959666	41,313544	37,988698	39,295384	36,803350	36,203271	38,341549	36,617330	37,643546	40,228248	40,580195	39,845216	38,617688	36,880741	38,243866	35,183507	38,722444	39,757875	99,961972	61,277866	36,300102	41,411743	41,042599	42,090222	48,333272	41,522208	45,918372	47,791779	47,681943	48,669201	46,182159	41,265094	42,565712	43,886590	35,370994	61,434287	99,964160	38,680851	29,048276	29,950932	30,162346	30,981147
698,00	33,480656	30,575088	32,217538	32,235223	35,847735	33,870381	32,825911	31,539750	31,417394	33,723596	28,722456	35,576543	100,124311	60,384583	55,210316	54,623264	55,192465	55,611813	54,824191	57,240295	57,240295	54,824191	54,773396	57,715505	58,335906	58,873367	56,714833	57,038236	55,554378	51,549357	56,257677	60,567814	100,061655	41,366535	38,052246	39,385760	36,891171	36,302462	38,408756	36,716306	37,694308	40,348893	40,614301	39,941275	38,694969	37,016159	38,315946	35,241809	38,790661	39,832386	99,957824	61,239809	38,978618	43,803716	43,378159	43,739578	49,466091	43,228322	46,823677	49,461660	49,388549	50,469738	47,998390	43,644887	44,152495	44,797620	37,725413	61,390305	99,990499	38,705796	30,338275	31,168389	31,312883	31,672627
700,00	33,998689	31,211415	32,657632	32,960987	36,310273	34,557900	33,607629	32,471380	32,045910	34,039566	29,634956	35,657442	100,147617	60,307807	55,165148	54,596430	55,140471	55,609268	54,834914	57,264227	57,264227	54,834914	54,780477	57,688004	58,314639	58,875847	56,682199	57,085878	55,564910	51,546758	56,253260	60,441083	100,014317	41,431004	38,145152	39,457855	36,940056	36,398551	38,465327	36,772096	37,769374	40,344813	40,698111	39,975920	38,697150	37,085107	38,374269	35,295391	38,830903	39,855343	99,966067	61,183941	41,183582	45,795208	45,303914	45,146817	50,417155	44,616550	47,612035	50,906992	50,719559	51,921988	49,428639	45,696148	45,430183	45,445171	39,649236	61,344868	99,977612	38,771933	31,464693	32,167444	32,327077	32,282731
702,00	34,414855	31,704873	33,069840	33,546880	36,683345	35,135791	34,184060	33,270410	32,548907	34,224397	30,351585	35,668528	100,114977	60,225832	55,270410	54,624933	55,151355	55,648249	54,809505	57,211256	57,211256	54,809505	54,794383	57,713437	58,257723	58,863270	56,702405	57,062477	55,532813	51,551062	56,303716	60,444981	100,039244	41,449982	38,248557	39,546281	37,033507	36,404800	38,512751	36,849537	37,826660	40,382192	40,740317	39,973187	38,761857	37,176859	38,441151	35,364187	38,882723	39,888588	99,958646	61,081171	43,233404	47,465333	46,916705	46,240136	51,219666	45,746964	48,238319	52,050740	51,791739	53,087634	50,624728	47,459751	46,544206	46,063173	41,364488	61,332738	99,925697	38,791683	32,385749	32,978129	33,130896	32,823235
704,00	34,746397	32,127526	33,415520	34,031105	36,926389	35,595733	34,699112	33,941981	32,910764	34,429932	30,960867	35,714093	100,109816	60,293680	55,319721	54,648930	55,264252	55,729282	54,901397	57,291466	57,291466	54,901397	54,852527	57,717991	58,332145	58,871198	56,729430	57,088238	55,562609	51,591194	56,274337	60,435534	100,007057	41,521177	38,317949	39,624703	37,074715	36,485308	38,616848	36,899051	37,876037	40,461800	40,765312	40,075058	38,813511	37,269294	38,501367	35,418642	38,965625	39,902174	99,947542	61,136913	44,796029	48,855451	48,238629	47,232863	51,888752	46,705508	48,804915	52,945131	52,693588	54,131043	51,589328	48,921907	47,429124	46,588206	42,784178	61,323661	100,010717	38,825235	33,157960	33,676779	33,802646	33,216727
706,00	35,052970	32,540190	33,701321	34,406632	37,185106	35,982564	35,139900	34,498918	33,276948	34,595472	31,510702	35,737300	100,083768	60,233414	55,376881	54,703498	55,259466	55,697280	54,873711	57,283837	57,283837	54,873711	54,816371	57,718289	58,266252	58,850914	56,677556	57,099241	55,562937	51,602697	56,310409	60,322982	99,942750	41,524297	38,379723	39,754069	37,126064	36,526975	38,628352	36,941516	37,920034	40,488261	40,812346	40,112323	38,883531	37,375700	38,557789	35,460812	39,034063	39,955026	99,928612	61,066657	46,177733	49,893093	49,293387	48,024058	52,354461	47,512019	49,290383	53,733814	53,362572	54,868692	52,367109	50,119817	48,184717	46,950519	44,056475	61,286169	99,964255	38,853368	33,797881	34,237382	34,315023	33,564433
708,00	35,328847	32,863984	33,970296	34,758884	37,411559	36,306378	35,495564	35,000694	33,546180	34,741169	32,007316	35,767230	100,080276	60,199988	55,408287	54,742438	55,261427	55,710369	54,939717	57,233578	57,233578	54,939717	54,874158	57,750505	58,292001	58,842796	56,773317	57,133603	55,570513	51,697111	56,366473	60,316873	100,043344	41,584578	38,488847	39,781505	37,227926	36,613691	38,654625	37,034684	38,021550	40,537030	40,909410	40,141076	38,942555	37,499976	38,594925	35,566857	39,108866	39,992324	99,893481	61,021221	47,330582	50,786704	50,161940	48,688442	52,837414	48,161525	49,622014	54,333389	53,960764	55,488431	52,993846	51,120842	48,795179	47,295940	45,148408	61,190480	100,007594	38,873181	34,358838	34,676269	34,791270	33,883518
710,00	35,530552	33,172140	34,223178	35,064980	37,627837	36,604157	35,817519	35,449407	33,827722	34,867808	32,447666	35,773268	100,060821	60,124236	55,419731	54,782528	55,323392	55,748105	54,948407	57,225692	57,225692	54,948407	54,951507	57,690758	58,212864	58,854342	56,711364	57,222247	55,586338	51,692897	56,331426	60,291606	99,978709	41,625884	38,591048	39,919749	37,319374	36,702773	38,766164	37,140617	38,087803	40,632942	40,951431	40,236604	39,009324	37,553510	38,691884	35,655221	39,199466	40,095952	99,982953	61,004597	48,373139	51,513326	50,832337	49,326178	53,174990	48,732576	49,994573	54,875046	54,440010	56,101590	53,554559	52,066511	49,346483	47,566137	46,170041	61,188149	100,023127	38,898084	34,884799	35,072196	35,118377	34,167331
712,00	35,750142	33,455819	34,460858	35,333011	37,796280	36,829510	36,124679	35,863650	34,044904	34,959161	32,894585	35,816112	100,028849	60,145515	55,524462	54,866999	55,299145	55,787110	54,971802	57,262230	57,262230	54,971802	54,910642	57,736313	58,265418	58,880591	56,746793	57,159400	55,595005	51,679271	56,354815	60,296845	99,965948	41,660815	38,667566	39,976361	37,314430	36,742237	38,777703	37,206018	38,139507	40,630779	40,970170	40,237471	38,994831	37,639228	38,728848	35,657150	39,239442	40,058187	99,930382	61,008734	49,366364	52,207249	51,488084	49,874583	53,574270	49,337646	50,295460	55,283958	54,914212	56,543601	54,027981	52,897412	49,775445	47,876710	47,105172	61,176181	99,944514	38,980308	35,299343	35,380650	35,431454	34,415311
714,00	35,970798	33,680591	34,657434	35,586286	37,923822	37,093985	36,392522	36,208510	34,280699	35,103756	33,258039	35,825312	100,085616	60,054070	55,531424	54,868674	55,331993	55,806369	55,020118	57,198840	57,198840	55,020118	54,961407	57,739753	58,232385	58,852118	56,713760	57,234704	55,609357	51,646268	56,430608	60,232586	99,970931	41,692057	38,729963	40,052947	37,441671	36,823404	38,849828	37,283772	38,196477	40,736279	41,068584	40,328991	39,126024	37,742129	38,788673	35,725078	39,301068	40,074098	99,955732	60,982960	50,184798	52,724594	51,995987	50,425094	53,923213	49,888551	50,601500	55,741161	55,258536	57,005715	54,496795	53,620380	50,168443	48,124731	48,032179	61,137885	100,011051	39,001980	35,706243	35,658714	35,704207	34,641415
716,00	36,150134	33,952329	34,821349	35,816345	38,062060	37,268969	36,649150	36,572874	34,445903	35,181722	33,669803	35,843846	99,951249	60,100740	55,592960	54,965335	55,422592	55,843818	55,038083	57,229453	57,229453	55,038083	55,003953	57,763404	58,244389	58,890867	56,751800	57,286978	55,638576	51,792198	56,445915	60,271120	99,964637	41,712135	38,821620	40,155357	37,493193	36,875805	38,882363	37,337953	38,216785	40,741217	41,064817	40,351981	39,138526	37,788114	38,816845	35,759884	39,335662	40,180710	99,953198	60,922289	50,985122	53,222895	52,505565	50,913090	54,197139	50,330001	50,913423	56,155324	55,626154	57,387394	54,881167	54,316020	50,616342	48,377824	48,846969	61,143762	100,049973	39,022803	36,083740	35,907850	35,945195	34,877795
718,00	36,274624	34,123406	34,958988	35,967645	38,137230	37,428769	36,842141	36,867610	34,613523	35,234889	33,968484	35,857224	99,913388	60,106194	55,686074	54,931754	55,427909	55,898279	55,102491	57,273656	57,273656	55,102491	54,995304	57,765061	58,309573	58,918363	56,793016	57,292742	55,616307	51,786250	56,474930	60,236502	100,005531	41,747344	38,886297	40,180835	37,513074	36,892718	38,932028	37,355536	38,306245	40,773976	41,103917	40,395236	39,193156	37,825680	38,901624	35,826215	39,390126	40,171278	99,879628	60,938925	51,691997	53,592807	52,848649	51,325530	54,354346	50,678664	51,110011	56,418937	55,921388	57,715589	55,130154	54,937977	50,874645	48,594925	49,618295	61,050773	99,945951	39,023790	36,440438	36,082163	36,116570	35,049534
720,00	36,481315	34,381661	35,186255	36,216930	38,272846	37,657520	37,022713	37,151864	34,780747	35,371360	34,310359	35,913035	100,051022	60,096008	55,771136	54,997694	55,462134	55,932224	55,091888	57,260364	57,260364	55,091888	55,028331	57,777810	58,253151	58,905911	56,793243	57,336551	55,704445	51,847798	56,455964	60,236996	99,945557	41,774353	38,933226	40,255919	37,574252	36,968857	38,991156	37,378493	38,391376	40,816748	41,108388	40,425774	39,214715	37,846410	38,894460	35,848784	39,402884	40,159139	99,876696	60,920054	52,344769	53,996646	53,283942	51,731193	54,626852	51,096714	51,403368	56,722897	56,224006	58,000392	55,422729	55,493903	51,205748	48,707879	50,366879	61,028808	99,924636	39,060229	36,794701	36,328003	36,398461	35,282975
722,00	36,607006	34,600079	35,327366	36,356559	38,379052	37,774613	37,220889	37,418860	34,984481	35,488969	34,631276	35,911223	99,966836	60,121816	55,855954	55,114502	55,550867	55,995572	55,254388	57,365429	57,365429	55,254388	55,153435	57,827789	58,304310	58,992368	56,815386	57,409650	55,800998	51,863247	56,553859	60,267639	100,054109	41,817015	39,088252	40,292600	37,655234	37,046182	39,071992	37,530574	38,408208	40,850171	41,259235	40,442234	39,277345	37,977692	38,995770	35,906965	39,538133	40,236863	99,965727	60,931969	53,070575	54,440677	53,691423	52,227628	54,911709	51,474583	51,698548	57,108486	56,616420	58,401477	55,835569	56,049520	51,510245	48,981893	51,100218	61,148787	100,052810	39,123371	37,058449	36,523032	36,540642	35,445741
724,00	36,720553	34,749001	35,512006	36,520785	38,493007	37,968245	37,357858	37,662420	35,115924	35,542089	34,898812	36,002484	100,084424	60,107690	55,986744	55,101240	55,620092	56,030113	55,247903	57,278866	57,278866	55,247903	55,155504	57,884079	58,278292	58,981830	56,910199	57,408166	55,774564	51,903784	56,633854	60,257822	100,054932	41,858110	39,118785	40,389282	37,704942	37,084728	39,033303	37,510082	38,440573	40,873146	41,249958	40,522709	39,256251	37,986010	39,016211	35,985965	39,549899	40,290987	100,047004	60,943550	53,573227	54,726666	53,963250	52,520221	55,056417	51,863301	51,843113	57,287294	56,780189	58,638889	56,041193	56,463122	51,762867	49,070626	51,654410	61,124998	99,968010	39,165643	37,350950	36,734104	36,751431	35,643357
726,00	36,891165	34,940207	35,647690	36,713105	38,590184	38,098460	37,548152	37,859881	35,222280	35,628319	35,194719	35,983059	100,091636	60,087365	56,043971	55,170935	55,622637	56,074858	55,293310	57,314277	57,314277	55,293310	55,155879	57,898599	58,312029	59,049916	56,908792	57,407111	55,779499	51,976025	56,559777	60,234416	99,980360	41,883990	39,197266	40,502253	37,736210	37,143785	39,106408	37,614736	38,537177	40,934414	41,268289	40,515086	39,336154	38,010064	39,075902	36,024269	39,633197	40,312681	99,920100	60,955280	54,084516	55,066884	54,322177	52,851814	55,320603	52,106297	52,062124	57,573807	57,035244	58,837330	56,219810	56,920457	51,976871	49,346048	52,277362	61,096001	99,950671	39,208940	37,650123	36,886275	36,913726	35,816264
728,00	36,916804	35,068059	35,783383	36,782500	38,642561	38,148892	37,647164	38,042790	35,346758	35,692137	35,366762	36,013725	99,975479	60,046554	56,008691	55,218619	55,663061	56,027138	55,242884	57,303798	57,303798	55,242884	55,174804	57,855934	58,296019	58,998495	56,855386	57,390618	55,769861	51,960635	56,637019	60,163248	99,872541	41,909745	39,281827	40,572226	37,814504	37,251878	39,168274	37,610275	38,530871	40,961343	41,260001	40,608326	39,388812	38,091660	39,115793	36,089402	39,665711	40,313718	99,871004	60,928595	54,569811	55,233246	54,604036	53,105998	55,412900	52,356333	52,194977	57,683593	57,208204	58,973753	56,356156	57,220423	52,178955	49,440631	52,705616	61,091608	99,942178	39,226016	37,851325	37,017900	37,049672	35,934404
730,00	37,064973	35,229796	35,864121	36,868316	38,704282	38,267902	37,739009	38,154042	35,429326	35,802242	35,553029	36,039206	100,101972	60,074252	56,176794	55,325657	55,789679	56,136072	55,401957	57,424670	57,424670	55,401957	55,341041	57,988465	58,356214	59,035188	56,916189	57,526189	55,899853	52,075982	56,773347	60,248202	99,878645	41,931829	39,298880	40,609023	37,868136	37,243176	39,189902	37,672085	38,580191	40,939721	41,320047	40,597302	39,419165	38,097271	39,101174	36,066806	39,702678	40,348968	99,872810	60,936403	55,024189	55,589044	54,864764	53,399748	55,580324	52,624893	52,431792	57,889724	57,387304	59,142417	56,587029	57,491851	52,390760	49,553764	53,184503	61,134237	100,038695	39,214784	38,021567	37,149152	37,183702	36,084941
732,00	37,134778	35,384169	35,955161	37,030774	38,801938	38,394544	37,829235	38,309699	35,541880	35,803568	35,811877	36,059704	100,014317	60,144722	56,272012	55,377930	55,861193	56,195688	55,457246	57,440490	57,440490	55,457246	55,373949	57,967991	58,438748	59,104180	57,036150	57,574618	55,968356	52,132791	56,819403	60,324878	99,979508	41,952360	39,369199	40,640467	37,891507	37,276515	39,201087	37,734428	38,640395	41,065443	41,320592	40,625623	39,480701	38,157570	39,212346	36,116439	39,735124	40,339276	99,895728	61,022836	55,323726	55,812794	55,026704	53,681540	55,664998	52,884018	52,658641	58,050060	57,540822	59,364963	56,743956	57,780939	52,578527	49,669066	53,690159	61,150241	99,997389	39,223680	38,244244	37,323207	37,304100	36,197317
734,00	37,228724	35,490072	36,125192	37,131995	38,859844	38,448134	37,973300	38,408506	35,645425	35,909784	35,940713	36,112839	100,102055	60,095280	56,328005	55,466771	55,899632	56,214821	55,473322	57,422608	57,422608	55,473322	55,401516	57,963622	58,455831	59,134376	57,004559	57,547086	55,978978	52,212274	56,837994	60,270977	99,974513	41,939840	39,455214	40,773636	37,973529	37,337902	39,250785	37,807310	38,704672	41,076574	41,372409	40,694955	39,486849	38,224524	39,262176	36,247903	39,798129	40,411845	99,909818	60,971570	55,743217	55,979854	55,281752	53,894985	55,824894	53,072053	52,733994	58,210874	57,711363	59,509856	56,857407	58,015335	52,699971	49,855033	53,929204	61,165506	99,968028	39,288422	38,382420	37,429923	37,427068	36,349490
736,00	37,335610	35,573533	36,148572	37,181136	38,889745	38,487417	38,089699	38,535631	35,717142	35,998204	36,081612	36,109561	100,092411	60,111934	56,474984	55,587649	55,978495	56,321907	55,551690	57,479620	57,479620	55,551690	55,461520	58,088428	58,513600	59,237838	57,054597	57,642359	56,068468	52,277815	56,896609	60,301679	99,981326	42,066684	39,514184	40,792707	38,074675	37,457198	39,320534	37,902352	38,779527	41,133335	41,434115	40,754074	39,584211	38,282147	39,336377	36,292017	39,863726	40,435642	100,096667	60,969692	55,996305	56,222123	55,453813	54,044163	55,992150	53,291887	52,892178	58,325648	57,815498	59,596038	57,007557	58,216488	52,796185	49,927756	54,263896	61,244023	99,921304	39,272827	38,551435	37,547910	37,492791	36,434120
738,00	37,422875	35,699365	36,320594	37,320128	38,993847	38,621968	38,162649	38,692534	35,827205	36,084887	36,232197	36,180672	100,077403	60,127646	56,566894	55,635929	56,045133	56,413513	55,600214	57,531464	57,531464	55,600214	55,523896	58,146071	58,477736	59,283620	57,110482	57,671285	56,086141	52,320009	56,997448	60,306048	99,967676	41,998017	39,578715	40,806445	38,042966	37,453347	39,303082	37,882292	38,795549	41,159317	41,478366	40,749282	39,583406	38,251820	39,314637	36,282972	39,874402	40,413353	99,849910	61,076272	56,246030	56,301445	55,619830	54,228479	56,109005	53,480321	53,035265	58,457565	57,937348	59,621382	57,161421	58,447707	53,007543	50,011945	54,502016	61,241663	99,985445	39,356574	38,720122	37,642106	37,617511	36,529219
740,00	37,464201	35,794178	36,381680	37,352717	39,024675	38,671041	38,246146	38,740999	35,881692	36,140025	36,365125	36,182377	100,050616	60,185200	56,638145	55,660564	56,134492	56,430060	55,690545	57,635462	57,635462	55,690545	55,662739	58,210355	58,520311	59,358132	57,192773	57,661265	56,163609	52,403015	57,000017	60,332704	99,906105	42,084929	39,721152	40,946689	38,143376	37,510908	39,420277	38,007835	38,961738	41,183335	41,563997	40,835571	39,638114	38,413510	39,483878	36,369666	39,956865	40,550944	100,060534	60,997081	56,455523	56,536239	55,816478	54,424334	56,185776	53,588337	53,144878	58,538479	58,033502	59,795737	57,210499	58,537626	53,161913	50,088328	54,846370	61,225796	99,822229	39,409107	38,846025	37,776485	37,700820	36,622661
742,00	37,490097	35,872075	36,464894	37,421936	39,041397	38,732162	38,292670	38,839737	35,977378	36,146885	36,439931	36,199847	100,000834	60,235071	56,739318	55,828613	56,274962	56,562907	55,807370	57,700688	57,700688	55,807370	55,707717	58,223832	58,598012	59,345090	57,215786	57,875276	56,205612	52,513528	57,101041	60,359907	100,004768	42,123935	39,774871	41,013640	38,203296	37,594494	39,418793	38,092768	38,967818	41,274843	41,601157	40,853190	39,764285	38,450733	39,480534	36,391315	39,971790	40,547177	99,990362	61,051023	56,692505	56,729579	55,967540	54,593885	56,341261	53,822488	53,345466	58,662516	58,189136	59,879065	57,373744	58,732551	53,250563	50,266337	54,995346	61,314553	99,853629	39,403012	38,927811	37,843364	37,799233	36,710438
744,00	37,610972	36,003476	36,607638	37,515813	39,155138	38,773164	38,408390	38,967887	36,089474	36,310664	36,608058	36,268085	100,176907	60,274637	56,906778	55,922985	56,299877	56,628418	55,824512	57,769018	57,769018	55,824512	55,813020	58,290297	58,645242	59,385347	57,302004	57,882404	56,309575	52,564514	57,195932	60,431230	99,985075	42,150739	39,837307	41,064090	38,256934	37,605861	39,478642	38,092822	38,976997	41,275844	41,592968	40,871009	39,788455	38,468230	39,503133	36,455387	40,057483	40,612260	99,936968	61,098349	56,871045	56,867486	56,132519	54,797804	56,475633	53,938174	53,440636	58,813018	58,298564	60,002846	57,454056	58,897561	53,387666	50,441587	55,278277	61,354697	99,946195	39,489239	39,108914	37,993175	37,948906	36,836272
746,00	37,735820	36,138266	36,645997	37,642270	39,249706	38,875401	38,523006	39,049962	36,133859	36,338085	36,666524	36,320281	100,143552	60,296959	56,871802	55,955100	56,426585	56,629694	55,931938	57,841879	57,841879	55,931938	55,848658	58,313549	58,823526	59,445024	57,475144	57,905322	56,328321	52,656585	57,276082	60,478145	99,903888	42,202133	39,893758	41,162777	38,351440	37,706861	39,539224	38,197577	39,013892	41,247085	41,696885	40,959132	39,785820	38,508061	39,580762	36,524129	40,082526	40,603036	99,948239	61,134368	57,047015	56,987798	56,227595	54,908818	56,519556	54,072678	53,546953	58,836609	58,377749	60,045820	57,527876	58,894187	53,468192	50,502247	55,429530	61,363524	99,885195	39,474478	39,225075	38,071248	38,001096	36,964154
748,00	37,785301	36,248714	36,749017	37,645489	39,273724	38,945597	38,604337	39,178777	36,201653	36,352813	36,767924	36,358497	100,117874	60,409468	56,955665	56,009972	56,474906	56,788647	56,030297	57,895142	57,895142	56,030297	55,936974	58,422989	58,821380	59,548604	57,433724	58,112091	56,415111	52,788162	57,368612	60,527754	100,013757	42,199299	39,930594	41,218957	38,414970	37,720954	39,645737	38,165238	39,100873	41,319558	41,729060	41,025445	39,839065	38,596189	39,614272	36,574009	40,140191	40,711427	99,816185	61,315769	57,266665	57,200170	56,408232	55,101353	56,632918	54,285264	53,727716	59,059089	58,578563	60,303861	57,693934	59,149992	53,663087	50,636089	55,615920	61,507231	100,029910	39,545906	39,307776	38,131642	38,130179	37,079772
750,00	37,800616	36,262044	36,786693	37,730643	39,281297	39,005962	38,647306	39,208451	36,286309	36,478579	36,836565	36,420009	100,036693	60,443205	57,077897	56,153452	56,561816	56,867152	56,153977	58,009326	58,009326	56,153977	56,020969	58,548743	58,946186	59,628320	57,515252	58,108640	56,580800	52,890569	57,359999	60,628629	99,983287	42,243901	39,978141	41,307384	38,485390	37,805036	39,626998	38,233307	39,231563	41,432950	41,803664	41,019189	39,940789	38,643998	39,692798	36,671832	40,215275	40,732467	99,954039	61,226702	57,450354	57,281137	56,501502	55,107599	56,729728	54,330230	53,848946	59,043896	58,642966	60,315818	57,763064	59,206086	53,724158	50,682914	55,699432	61,568421	99,979055	39,553347	39,413375	38,272583	38,174820	37,097451
752,00	37,833965	36,336821	36,869419	37,720358	39,342916	39,044887	38,675416	39,210159	36,297244	36,473805	36,847779	36,346000	100,037265	60,480326	57,236487	56,220353	56,686115	56,945217	56,170785	57,995546	57,995546	56,170785	56,069046	58,548152	59,017825	59,654874	57,637250	58,186531	56,601822	52,943265	57,466048	60,640544	99,963361	42,349717	40,101558	41,362998	38,508180	37,873703	39,782825	38,377556	39,257142	41,411582	41,886434	41,142359	40,030158	38,676035	39,724672	36,719120	40,302667	40,774617	100,038707	61,339098	57,597029	57,411873	56,653291	55,326456	56,813389	54,511517	53,938144	59,181994	58,714235	60,388136	57,826716	59,348458	53,850311	50,832349	55,964667	61,550206	100,051665	39,567170	39,424193	38,249665	38,209257	37,125024
754,00	37,891239	36,418462	36,948121	37,793124	39,356479	39,033985	38,696080	39,298436	36,422402	36,542821	36,951020	36,386555	99,998492	60,494024	57,231134	56,234193	56,695032	56,983417	56,277376	58,098167	58,098167	56,277376	56,143999	58,637953	59,058130	59,703374	57,629907	58,274060	56,646848	53,036350	57,556355	60,647672	99,936914	42,368981	40,088862	41,347194	38,537398	37,883571	39,779204	38,367459	39,290711	41,469970	41,842771	41,093257	40,016860	38,723022	39,759454	36,788711	40,312621	40,784636	99,893588	61,345541	57,700366	57,427347	56,788135	55,435151	56,857467	54,560584	54,101789	59,219360	58,795410	60,401481	57,971799	59,407765	53,889668	50,970095	56,002194	61,551511	99,876601	39,666790	39,567080	38,328528	38,334072	37,225056
756,00	37,929907	36,497882	36,997736	37,815848	39,434886	39,089853	38,819706	39,387712	36,431882	36,542252	37,029475	36,472631	100,052655	60,587180	57,437205	56,429213	56,799811	57,101029	56,351620	58,202487	58,202487	56,351620	56,237453	58,686996	59,081835	59,773254	57,757443	58,330512	56,758970	53,139269	57,587296	60,712701	99,947596	42,354473	40,120393	41,423810	38,558033	37,902224	39,736247	38,418618	39,296970	41,453999	41,877401	41,144559	40,001220	38,733509	39,816478	36,776116	40,356782	40,824538	99,812227	61,386919	57,840955	57,635981	56,898409	55,569637	57,083559	54,720777	54,225338	59,369367	58,819920	60,492706	58,097988	59,508342	54,015315	51,078516	56,178194	61,616117	99,989450	39,664036	39,619827	38,400900	38,335150	37,310317
758,00	38,044804	36,585635	37,151900	37,937391	39,511281	39,192006	38,840932	39,377454	36,514845	36,706132	37,085694	36,486644	100,046313	60,721868	57,523996	56,503445	56,940866	57,202381	56,561160	58,402485	58,402485	56,561160	56,408805	58,849317	59,252661	59,948128	57,876039	58,448756	56,922060	53,265101	57,744634	60,886532	100,018132	42,341822	40,202725	41,541824	38,657254	37,999287	39,829311	38,533542	39,353591	41,585022	41,955623	41,233358	40,092233	38,841656	39,885452	36,910307	40,369856	40,900370	99,868846	61,474913	57,935214	57,788378	57,019532	55,642569	57,097590	54,904109	54,305047	59,375834	58,899492	60,574770	58,242762	59,605068	54,159105	51,180750	56,297755	61,714500	99,978071	39,659154	39,699298	38,490945	38,410786	37,355262
760,00	38,068175	36,657774	37,144870	37,941638	39,510295	39,279309	38,872302	39,459911	36,624727	36,748365	37,176505	36,507276	100,042474	60,634911	57,504576	56,562662	56,956691	57,308561	56,548697	58,271188	58,271188	56,548697	56,460780	58,822811	59,191865	59,958810	57,932949	58,501744	56,928587	53,404349	57,733607	60,845333	99,924695	42,458111	40,344268	41,608036	38,728723	38,026273	39,865014	38,575408	39,430583	41,583574	42,030561	41,342363	40,186110	38,906020	39,931476	36,935452	40,474164	40,912762	99,937892	61,459851	58,071005	57,764590	57,040167	55,772746	57,147038	54,936671	54,385614	59,397036	58,973861	60,635245	58,098936	59,502208	54,077446	51,207489	56,346047	61,637944	99,869180	39,740926	39,781249	38,518345	38,499415	37,432945
762,00	38,111913	36,735812	37,192404	37,983570	39,570805	39,335197	38,978255	39,540413	36,610430	36,790821	37,178108	36,529472	100,050628	60,795164	57,672483	56,689459	57,072186	57,331336	56,676477	58,380055	58,380055	56,676477	56,514686	58,946115	59,317279	59,978944	57,999581	58,565193	57,020217	53,452957	57,880920	60,876191	99,948794	42,536241	40,360561	41,710889	38,803613	38,125011	39,924964	38,710597	39,534673	41,699290	42,091474	41,376027	40,243724	38,943654	40,023166	36,981791	40,568438	41,006669	100,071788	61,639595	58,169901	57,977515	57,211816	55,878758	57,215703	55,117363	54,569864	59,559602	59,172720	60,765165	58,402866	59,791929	54,356086	51,423734	56,455970	61,824703	99,837095	39,743724	39,782870	38,583142	38,515586	37,473410
764,00	38,222358	36,784455	37,321395	38,069761	39,559305	39,344415	39,018252	39,629745	36,727071	36,859190	37,313712	36,605456	100,022078	60,824603	57,764703	56,777567	57,228500	57,372946	56,842601	58,531964	58,531964	56,842601	56,542361	58,927572	59,372890	60,126132	58,060211	58,646566	57,122242	53,513801	57,970482	61,003208	99,989617	42,520896	40,448055	41,737515	38,842702	38,176975	40,011397	38,771960	39,565623	41,733915	42,119581	41,389441	40,301764	38,998854	40,109399	37,148505	40,599746	41,095784	100,052905	61,663485	58,220690	58,003533	57,333970	55,992597	57,282573	55,124909	54,555881	59,561145	59,202498	60,807806	58,368158	59,852588	54,454792	51,477450	56,547540	61,800492	99,807966	39,840710	39,942485	38,720855	38,620988	37,562412
766,00	38,296518	36,882991	37,374946	38,110206	39,631924	39,412609	39,042825	39,670017	36,835566	36,945781	37,361062	36,610967	100,085139	61,026376	57,880050	56,913465	57,315671	57,564420	56,908548	58,617336	58,617336	56,908548	56,706458	59,118313	59,526402	60,161525	58,224332	58,694786	57,196927	53,651696	58,088243	61,077505	100,027966	42,554340	40,443614	41,705933	38,864139	38,199824	40,018383	38,744053	39,537179	41,742602	42,098606	41,416377	40,272033	38,961244	40,118581	37,085655	40,557775	40,979955	99,933362	61,771452	58,467072	58,138776	57,414359	56,130731	57,466555	55,279928	54,803652	59,736413	59,320515	60,916972	58,522332	59,965813	54,562789	51,611364	56,767082	61,948436	100,054514	39,870375	39,920208	38,785544	38,673487	37,640426
768,00	38,396087	36,938208	37,427545	38,174736	39,695033	39,530087	39,211747	39,737853	36,884141	36,978725	37,436000	36,671329	100,210881	60,891908	57,956487	56,940746	57,266980	57,531667	56,906241	58,624893	58,624893	56,906241	56,751704	59,086651	59,508425	60,201055	58,202928	58,764279	57,266790	53,707784	58,129686	61,032420	99,912190	42,579374	40,505752	41,770661	38,940567	38,284710	40,041125	38,772815	39,703578	41,739330	42,147443	41,454101	40,311176	39,046311	40,183967	37,113172	40,676227	41,030255	99,824351	61,793041	58,546460	58,300620	57,507873	56,229204	57,534873	55,401403	54,856277	59,764141	59,420902	60,943556	58,558339	59,995687	54,633051	51,705325	56,875718	61,937630	99,867231	39,948529	40,033120	38,799322	38,777196	37,729767
770,00	38,377640	37,007415	37,511685	38,203508	39,715657	39,476120	39,190930	39,800620	36,899677	37,060538	37,460944	36,733419	100,222099	61,097968	58,059567	57,146913	57,480186	57,764077	57,077068	58,794850	58,794850	57,077068	56,967604	59,268004	59,606576	60,377079	58,413142	58,877981	57,429945	53,898799	58,253807	61,284035	99,975866	42,653206	40,532675	41,870013	38,943675	38,306695	40,151328	38,864383	39,742833	41,780213	42,203695	41,491535	40,431201	39,093354	40,256393	37,280193	40,726501	41,133568	99,838448	61,880463	58,636755	58,347100	57,640952	56,348276	57,633448	55,554008	54,915971	59,891355	59,497774	61,093885	58,686250	60,090405	54,799539	51,826423	56,939304	62,054920	100,057185	39,907005	40,071774	38,833737	38,799670	37,735152
772,00	38,401091	37,063113	37,532789	38,272870	39,734408	39,497918	39,213070	39,828664	36,919183	37,138030	37,505135	36,649159	100,124812	61,052752	58,121449	57,108450	57,485098	57,728636	57,115018	58,777970	58,777970	57,115018	56,913257	59,237969	59,593463	60,377264	58,376932	58,926433	57,405186	53,857476	58,214486	61,245418	100,051093	42,650473	40,564975	41,877833	39,001203	38,329992	40,166080	38,862988	39,718759	41,803110	42,278230	41,485190	40,394557	39,124385	40,198815	37,235174	40,653378	41,112071	99,805117	61,929655	58,636677	58,355373	57,653195	56,444216	57,637370	55,585390	55,058318	59,990144	59,498453	61,075395	58,791173	60,209960	54,844129	51,939046	57,082570	62,092954	99,896169	39,913043	40,192357	38,846606	38,824233	37,848565
774,00	38,441858	37,116909	37,644717	38,276187	39,780763	39,561757	39,256990	39,865959	36,980161	37,168819	37,480372	36,747086	100,113428	61,093831	58,194172	57,287282	57,646662	57,875323	57,236367	58,889043	58,889043	57,236367	57,072341	59,326023	59,707266	60,469264	58,522785	59,109479	57,531291	53,981507	58,335918	61,278540	100,033295	42,659223	40,611094	41,945153	39,078772	38,369578	40,170234	38,912982	39,782983	41,862524	42,281106	41,539147	40,422681	39,183369	40,283167	37,293929	40,709391	41,137326	99,739099	61,936921	58,708084	58,472097	57,780969	56,448472	57,624322	55,674261	55,122876	59,894502	59,513623	61,132848	58,755386	60,145015	54,898304	51,979822	57,137740	62,138307	99,907571	39,971524	40,175968	39,005589	38,882768	37,851498
776,00	38,509890	37,141097	37,659085	38,281369	39,766136	39,605027	39,325568	39,883509	37,057340	37,229922	37,576163	36,770013	100,083244	61,200166	58,249837	57,395273	57,638806	57,930917	57,315284	58,995891	58,995891	57,315284	57,131916	59,371513	59,794158	60,487998	58,551425	59,102935	57,665282	54,076034	58,406156	61,438864	99,956000	42,743933	40,708810	41,968662	39,108464	38,464066	40,293348	38,988745	39,874518	41,894296	42,350978	41,609710	40,565056	39,267141	40,372032	37,343684	40,831897	41,216359	99,906081	62,004679	58,872169	58,575982	57,824129	56,643629	57,813370	55,810130	55,173749	60,036659	59,637105	61,226708	58,864725	60,296708	54,950255	52,122146	57,188129	62,253416	99,920005	40,033323	40,273389	39,001769	38,926107	37,886494
778,00	38,497365	37,218493	37,704778	38,375121	39,962280	39,698237	39,389580	39,974704	37,126869	37,318665	37,654606	36,785755	100,011718	61,221725	58,356214	57,356852	57,754761	57,936937	57,475525	58,972788	58,972788	57,475525	57,143730	59,464413	59,747016	60,588378	58,599967	59,144741	57,702750	54,142308	58,398235	61,418420	99,981380	42,713588	40,783465	42,057225	39,162499	38,484219	40,215659	38,968930	39,882043	41,942871	42,331570	41,609550	40,551338	39,365724	40,369460	37,367457	40,861425	41,225353	99,788475	62,096542	59,003854	58,696151	57,931268	56,657648	57,943922	55,880481	55,324745	60,136795	59,680033	61,282414	58,941096	60,310447	55,212551	52,256078	57,225466	62,193310	100,034332	40,091556	40,286553	39,060611	38,984576	38,002342
780,00	38,599843	37,267709	37,768114	38,382038	39,917481	39,685941	39,390901	40,011346	37,152776	37,351325	37,709349	36,829072	100,143504	61,205137	58,422887	57,329649	57,772344	58,015072	57,392102	59,048223	59,048223	57,392102	57,168692	59,433270	59,869641	60,589606	58,647543	59,154183	57,745486	54,187346	58,451962	61,340553	99,923348	42,773327	40,816325	42,168424	39,211905	38,593638	40,343010	39,075351	39,958173	41,973084	42,449269	41,668683	40,611541	39,307231	40,434116	37,483954	40,920961	41,283676	99,699676	62,032765	59,068382	58,835489	58,045554	56,761521	57,962888	55,982774	55,434692	60,231024	59,751266	61,324531	59,032315	60,379076	55,188465	52,358907	57,414335	62,318456	99,986029	40,085670	40,288365	39,107063	39,045957	38,035816
782,00	38,597828	37,305987	37,756398	38,396987	39,903277	39,652753	39,424065	40,003663	37,160978	37,333623	37,679636	36,778155	99,908507	61,406142	58,473688	57,547820	57,930529	58,159649	57,531816	59,110802	59,110802	57,531816	57,321006	59,616780	59,957087	60,717493	58,708930	59,402829	57,900864	54,307234	58,611381	61,466843	99,944872	42,911807	40,883818	42,202404	39,348143	38,630918	40,441483	39,208251	40,021193	42,090330	42,539892	41,765693	40,702897	39,447343	40,538955	37,618378	40,977877	41,372696	99,940461	62,200332	59,110141	58,933985	58,096653	56,844670	58,049935	56,089115	55,508393	60,211575	59,858519	61,350483	59,101671	60,472095	55,289286	52,396154	57,424217	62,308621	100,002193	40,032050	40,320796	39,157596	39,023492	38,045052
784,00	38,621476	37,358519	37,798327	38,419795	39,982805	39,727634	39,527225	40,081051	37,204278	37,488183	37,783214	36,879176	100,027502	61,375755	58,586365	57,618058	57,976389	58,212113	57,598972	59,196669	59,196669	57,598972	57,351595	59,679818	60,001975	60,754699	58,794951	59,354562	57,944226	54,377389	58,638221	61,509627	99,872380	42,890784	41,000211	42,244712	39,320183	38,702506	40,387553	39,154267	40,049422	42,167664	42,492604	41,774616	40,745515	39,445260	40,636757	37,622079	40,986502	41,413292	99,916285	62,096751	59,107816	58,840925	58,106589	56,880051	58,044696	56,132513	55,533534	60,203993	59,800124	61,402029	59,093601	60,486251	55,360699	52,433521	57,375753	62,281418	99,934191	40,143740	40,435231	39,209130	39,179185	38,078263
786,00	38,680312	37,478831	37,942350	38,440591	40,009972	39,739764	39,493072	40,143836	37,301591	37,490594	37,807244	36,898381	100,020695	61,288476	58,682466	57,623076	58,031029	58,260751	57,654089	59,238708	59,238708	57,654089	57,470018	59,640342	60,097688	60,737431	58,738607	59,353334	58,034652	54,448944	58,612806	61,545289	99,885887	42,877319	40,947080	42,263204	39,408395	38,651258	40,446359	39,262551	40,114209	42,102864	42,593333	41,798848	40,779698	39,473954	40,635639	37,570450	41,087407	41,378680	99,901670	62,183255	59,280866	58,959317	58,200109	56,965071	58,100581	56,259203	55,725038	60,361630	59,884095	61,366332	59,080571	60,531056	55,346555	52,614284	57,474744	62,428278	99,783063	40,202695	40,503657	39,329457	39,157102	38,198835
788,00	38,775080	37,515363	37,985009	38,484278	40,074617	39,803284	39,563411	40,136239	37,363175	37,527049	37,854180	36,919004	100,038588	61,532915	58,630705	57,714242	58,049643	58,357108	57,708329	59,267491	59,267491	57,708329	57,488930	59,648949	60,066378	60,767299	58,891702	59,330279	58,084923	54,509515	58,645016	61,616683	99,915826	42,938071	41,013947	42,374268	39,456284	38,802883	40,505180	39,359748	40,139616	42,160380	42,610124	41,901639	40,805262	39,579284	40,750399	37,764975	41,144302	41,458577	99,889344	62,208211	59,256184	59,061873	58,201188	56,994408	58,180201	56,239665	55,693084	60,307145	59,830213	61,419064	59,099489	60,487670	55,466247	52,577853	57,542092	62,372565	99,801779	40,190601	40,492305	39,242408	39,191413	38,191631
790,00	38,740766	37,591571	38,039839	38,545516	40,123600	39,881766	39,595163	40,243301	37,432912	37,670380	37,927201	36,962786	100,081241	61,568010	58,838391	57,802725	58,164316	58,359700	57,837462	59,361094	59,361094	57,837462	57,608259	59,817147	60,168082	60,905063	59,068459	59,555477	58,170909	54,710090	58,804739	61,677521	100,028718	43,029025	41,022462	42,458379	39,447984	38,812593	40,567791	39,431277	40,271923	42,300525	42,666912	41,886863	40,862215	39,625213	40,741479	37,785202	41,131157	41,434482	99,973315	62,337607	59,280199	59,068996	58,295405	57,088554	58,266020	56,338763	55,815548	60,382211	59,900707	61,481696	59,231085	60,562408	55,542022	52,694488	57,644671	62,432086	99,954009	40,268594	40,608892	39,416137	39,265147	38,294590
792,00	38,775483	37,589359	38,112819	38,579217	40,154132	39,850026	39,607698	40,252683	37,408271	37,716705	37,990502	36,907178	99,973357	61,526942	58,812368	57,886690	58,173764	58,361518	57,841498	59,421223	59,421223	57,841498	57,564116	59,882456	60,180825	60,889947	58,935779	59,564018	58,144313	54,548407	58,767200	61,703211	99,903798	43,011436	41,073039	42,470205	39,515167	38,778055	40,559357	39,331159	40,195122	42,194539	42,644864	41,892156	40,796912	39,565945	40,736032	37,803218	41,113025	41,434303	99,803704	62,355500	59,485084	59,164339	58,419216	57,255626	58,301008	56,476694	55,870020	60,408449	59,970248	61,539489	59,285516	60,660923	55,668604	52,856874	57,889962	62,563264	99,936140	40,319148	40,613374	39,381400	39,328858	38,324401
794,00	38,829803	37,626863	38,040203	38,578677	40,181401	39,836308	39,568686	40,192792	37,424338	37,668785	38,004804	36,987647	99,917865	61,590219	58,913237	57,914251	58,238530	58,531088	57,916498	59,455621	59,455621	57,916498	57,665718	59,872282	60,305804	60,884607	59,088004	59,653217	58,269888	54,661870	58,764970	61,790234	99,896258	43,060935	41,246977	42,533198	39,609259	38,941869	40,629497	39,418229	40,287048	42,314407	42,748538	41,948316	40,878001	39,725250	40,837005	37,861884	41,282099	41,462016	99,777102	62,441766	59,552443	59,236389	58,472264	57,182151	58,394039	56,551671	56,002659	60,464144	59,947795	61,589283	59,387100	60,675913	55,803454	52,960336	57,826275	62,561327	99,843931	40,364733	40,601525	39,485541	39,354679	38,308829
796,00	38,841522	37,751389	38,124821	38,625485	40,132549	39,884531	39,700013	40,307635	37,518433	37,726349	38,059312	37,075257	100,028527	61,758399	59,057611	58,084905	58,384079	58,632851	58,082277	59,572524	59,572524	58,082277	57,734883	59,894705	60,444677	61,111510	59,181523	59,710664	58,345413	54,993522	59,021741	61,843652	100,015450	43,092594	41,166472	42,646858	39,670989	38,974112	40,724346	39,642480	40,373266	42,385042	42,798477	42,046905	40,996879	39,685094	40,951434	37,976065	41,331846	41,578323	99,948090	62,453985	59,598684	59,327382	58,575499	57,356232	58,336443	56,582612	56,065023	60,435921	60,090679	61,584556	59,488267	60,688365	55,792326	52,966744	57,814115	62,552148	99,860173	40,294442	40,703914	39,493430	39,390382	38,412085
798,00	38,913983	37,765798	38,119251	38,673183	40,231666	39,909440	39,748043	40,333098	37,614077	37,857726	38,076565	37,152684	99,941587	61,729461	59,224343	58,177274	58,565331	58,709961	58,187908	59,635752	59,635752	58,187908	57,962275	60,076553	60,403663	61,203402	59,332174	59,859329	58,453804	54,937136	59,113020	61,867732	100,009739	43,146047	41,277114	42,712644	39,667332	39,038715	40,749213	39,574048	40,496045	42,445514	42,835084	42,108822	41,032708	39,711642	41,043481	37,982982	41,333815	41,662365	99,852872	62,448502	59,554458	59,195268	58,557379	57,378602	58,409303	56,598532	56,100959	60,537791	59,990674	61,463398	59,352773	60,732108	55,782974	53,026038	57,827121	62,600744	99,790001	40,419525	40,763032	39,521390	39,477283	38,486573
800,00	39,023915	37,811393	38,311520	38,727012	40,307891	39,992377	39,816657	40,427789	37,630957	37,967166	38,162631	37,178883	100,116825	61,736542	59,163225	58,182955	58,537728	58,710796	58,198720	59,585428	59,585428	58,198720	57,877380	60,042232	60,492116	61,059463	59,305149	59,858948	58,400780	55,023724	59,113121	61,923856	99,955100	43,211144	41,319633	42,618355	39,748338	39,015806	40,786842	39,581600	40,472698	42,381793	42,952976	42,023227	41,004604	39,805660	41,015947	37,980506	41,432059	41,612846	99,787927	62,601894	59,739107	59,428304	58,715373	57,577610	58,501774	56,743532	56,301427	60,572970	60,167283	61,696118	59,454387	60,793918	55,910182	53,182119	57,963181	62,678051	99,930519	40,448171	40,899980	39,639178	39,520055	38,580149
