Wavelength nm.	Leitura_T_Branco_1_ext	Leitura_T_Branco_2	Leitura_T_Branco_2_ext	PRODPRI_R_Amostra_09_01_SET2025	PRODPRI_R_Amostra_09_01_SET2025_ext	PRODPRI_R_Amostra_09_02_SET2025	PRODPRI_R_Amostra_09_02_SET2025_ext	PRODPRI_T_Amostra_09_01_SET2025	PRODPRI_T_Amostra_09_01_SET2025_ext	PRODPRI_T_Amostra_09_01_SET2025_ext_OK	PRODPRI_T_Amostra_09_02_SET2025	PRODPRI_T_Amostra_09_02_SET2025_ext	BBB_R_Amostra_06_02_SET2025	BBB_R_Amostra_06_02_SET2025_ext	BBB_R_Amostra_08_02_SET2025	BBB_R_Amostra_08_02_SET2025_ext	BBB_R_Amostra_10_01_SET2025	BBB_R_Amostra_10_01_SET2025_ext	BBB_T_Amostra_06_02_SET2025	BBB_T_Amostra_06_02_SET2025_ext	BBB_T_Amostra_08_02_SET2025	BBB_T_Amostra_08_02_SET2025_ext	BBB_T_Amostra_10_01_SET2025	BBB_T_Amostra_10_01_SET2025_ext	BIB_R_Amostra_01_02_SET2025	BIB_R_Amostra_01_02_SET2025_ext	BIB_R_Amostra_02_02_SET2025	BIB_R_Amostra_02_02_SET2025_ext	BIB_R_Amostra_03_01_SET2025	BIB_R_Amostra_03_01_SET2025_ext	BIB_R_Amostra_04_02_SET2025	BIB_R_Amostra_04_02_SET2025_ext	BIB_T_Amostra_01_02_SET2025	BIB_T_Amostra_01_02_SET2025_ext	BIB_T_Amostra_02_02_SET2025	BIB_T_Amostra_02_02_SET2025_ext	BIB_T_Amostra_03_01_SET2025	BIB_T_Amostra_03_01_SET2025_ext	BIB_T_Amostra_04_02_SET2025	BIB_T_Amostra_04_02_SET2025_ext	BNA_R_Amostra_01_01_SET2025	BNA_R_Amostra_01_01_SET2025_ext	BNA_R_Amostra_02_01_SET2025	BNA_R_Amostra_02_01_SET2025_ext	BNA_R_Amostra_04_01_SET2025	BNA_R_Amostra_04_01_SET2025_ext	BNA_T_Amostra_01_01_SET2025	BNA_T_Amostra_01_01_SET2025_ext	BNA_T_Amostra_02_01_SET2025	BNA_T_Amostra_02_01_SET2025_ext	BNA_T_Amostra_04_01_SET2025	BNA_T_Amostra_04_01_SET2025_ext	Leitura_R_Ar_1	Leitura_R_Ar_1_ext	Leitura_R_Branco_1	Leitura_R_Branco_1_ext	Leitura_R_Branco_1_OK	Leitura_R_Branco_2	Leitura_R_Branco_2_ext	Leitura_T_Ar_1	Leitura_T_Ar_1_ext	Leitura_T_Branco_1
220,00	2,770188	2,761110	2,971007	6,179412	5,498077	6,318397	5,714046	0,549124	0,149622	0,318176	0,489992	0,116654	6,048455	3,433662	6,540717	8,527506	6,540717	5,574928	0,317451	0,054466	0,487035	0,259782	0,336059	0,123523	6,897011	7,328435	6,792998	9,177615	6,132477	6,660022	6,804538	5,463899	0,560737	0,118078	0,595328	0,192881	0,430292	0,265764	0,359207	0,124389	8,491936	7,549268	8,545461	9,585041	9,533068	11,286792	0,665228	0,197767	0,949594	0,220957	1,229097	0,227349	99,732566	99,793261	2,823900	36,222920	36,391228	36,278155	36,256313	99,711972	99,855077	2,512950
222,00	2,834236	2,736788	2,989663	6,307549	5,559535	6,601807	5,780281	0,590721	0,149525	0,348171	0,516676	0,126761	6,111152	3,504219	6,598462	8,592623	6,598462	5,704105	0,327818	0,079681	0,546572	0,279729	0,396127	0,111533	7,038225	7,411701	6,875324	9,280448	6,185256	6,766724	6,939331	5,611394	0,640782	0,137622	0,641640	0,207161	0,458412	0,275394	0,393835	0,146196	8,748048	7,830808	8,774867	9,962704	9,804166	11,573758	0,692087	0,193500	1,071597	0,216268	1,297598	0,258094	99,638003	100,054562	2,834084	36,289582	36,343747	36,048844	36,379758	100,018585	99,916106	2,572507
224,00	2,904997	2,771515	3,069949	6,522807	5,619095	6,721038	5,857622	0,667185	0,140660	0,351323	0,588907	0,153637	6,215971	3,499379	6,776412	8,827307	6,776412	5,936182	0,374753	0,069272	0,564658	0,264039	0,415863	0,132462	7,242336	7,590485	6,958900	9,466162	6,382947	6,826551	7,200769	5,645140	0,716349	0,150584	0,694414	0,220388	0,488780	0,301073	0,460707	0,164002	9,188654	8,034819	9,181690	10,414353	10,250317	12,040117	0,785605	0,219575	1,132862	0,243625	1,379595	0,287681	100,500846	99,917138	2,914904	36,227906	36,610377	36,004159	36,261269	99,687815	99,978280	2,575160
226,00	2,960405	2,813485	3,070842	6,648786	5,637208	6,799948	5,928084	0,710705	0,162766	0,427741	0,607330	0,159801	6,335975	3,537931	6,938274	9,094047	6,938274	5,972491	0,388852	0,084865	0,613304	0,308045	0,464555	0,145116	7,277620	7,718409	7,138305	9,462695	6,383111	6,930485	7,327130	5,804410	0,727436	0,154083	0,712287	0,248168	0,537756	0,299830	0,501635	0,168939	9,387755	8,171704	9,421930	10,822894	10,665704	12,413177	0,841281	0,235924	1,204839	0,277326	1,489395	0,310318	99,976808	99,794638	2,892246	36,174262	36,311662	36,012867	36,283243	100,372648	99,856031	2,625301
228,00	3,084618	2,929669	3,202070	6,676294	5,842483	6,965727	6,103187	0,738073	0,164150	0,469189	0,663096	0,186999	6,334790	3,516074	7,129955	9,293576	7,129955	6,026833	0,434032	0,086993	0,616521	0,330771	0,478149	0,157515	7,503363	7,795525	7,224018	9,667787	6,403338	7,063270	7,392019	5,878980	0,769037	0,155539	0,724874	0,265224	0,563547	0,331714	0,521598	0,197568	9,789814	8,356067	9,627534	11,315765	10,966511	12,977317	0,835949	0,274821	1,241645	0,312330	1,521383	0,345341	99,960321	99,801260	3,024239	36,214527	36,554170	36,280900	36,535418	99,760336	100,046027	2,660005
230,00	3,253363	3,080913	3,277268	6,818949	5,991590	7,060508	6,171240	0,757214	0,198266	0,530177	0,682602	0,201089	6,435750	3,573530	7,291004	9,505083	7,291004	6,228532	0,429384	0,098539	0,667650	0,336950	0,500250	0,166507	7,593618	7,993929	7,195136	9,794369	6,517527	7,119246	7,482415	5,958771	0,765440	0,200562	0,758992	0,277374	0,562408	0,344029	0,511226	0,213551	9,971631	8,633327	9,942818	11,743884	11,367644	13,253781	0,880278	0,286260	1,256314	0,329088	1,557831	0,372832	100,100291	99,954683	3,090301	36,442548	36,808243	36,481491	36,595589	100,056434	99,970800	2,778000
232,00	3,359196	3,144637	3,440344	6,955831	6,198157	7,315022	6,358492	0,771818	0,216068	0,576999	0,695838	0,229813	6,559349	3,545944	7,489999	9,762284	7,489999	6,274647	0,424668	0,104645	0,654669	0,396646	0,492518	0,185180	7,727773	8,168695	7,413425	9,939297	6,664259	7,276531	7,731727	6,060714	0,762736	0,210824	0,793589	0,313077	0,588595	0,392892	0,496052	0,245464	10,430295	8,804777	10,352118	12,214566	11,874053	13,591553	0,874397	0,318167	1,225684	0,373001	1,587078	0,420756	100,026476	99,321127	3,230127	36,602616	37,144113	36,834821	36,991537	100,039732	99,840891	2,890311
234,00	3,516166	3,301044	3,537424	7,098562	6,311708	7,401504	6,513453	0,770488	0,236298	0,664103	0,673303	0,257522	6,671049	3,622298	7,707348	9,988763	7,707348	6,557825	0,431952	0,123401	0,643444	0,426848	0,495211	0,207758	7,783835	8,311651	7,507744	10,188910	6,717655	7,483923	7,838289	6,208740	0,795805	0,225415	0,804889	0,346656	0,548937	0,413003	0,498344	0,259577	10,738734	9,107450	10,646465	12,789437	12,234021	14,071545	0,836458	0,361221	1,203587	0,398735	1,547058	0,469670	99,651587	99,875337	3,341882	37,006915	37,276319	37,028861	37,272307	99,809217	99,821717	3,034697
236,00	3,729877	3,409765	3,769415	7,330973	6,507161	7,702897	6,756697	0,769423	0,261704	0,718585	0,691323	0,280690	6,821682	3,694589	8,052564	10,391328	8,052564	6,698119	0,417894	0,142438	0,641004	0,445340	0,512333	0,240999	7,934771	8,417019	7,686372	10,325844	6,867766	7,556895	8,036340	6,391069	0,797196	0,259926	0,795611	0,371550	0,549353	0,485540	0,477560	0,299492	11,210427	9,425262	11,166842	13,326631	12,815252	14,534515	0,850034	0,390347	1,158718	0,441015	1,540243	0,516446	99,813002	100,079954	3,502842	37,374595	37,625018	37,180337	37,617293	99,720758	99,931204	3,165563
238,00	3,877058	3,557624	3,894293	7,593440	6,700934	7,935823	6,973549	0,805391	0,289222	0,805312	0,681032	0,337004	7,013999	3,743893	8,431391	10,554212	8,431391	6,888968	0,428950	0,164434	0,643890	0,484966	0,502694	0,263368	8,081011	8,537840	7,739684	10,440521	6,991698	7,683726	8,197353	6,496700	0,804621	0,286657	0,834542	0,407139	0,547443	0,513675	0,456860	0,330912	11,674885	9,532724	11,633214	13,855791	13,420378	15,001063	0,808595	0,411068	1,150081	0,462130	1,569404	0,565474	100,072134	100,035465	3,729163	37,720931	37,858078	37,668741	37,879694	99,963140	99,903733	3,288331
240,00	4,063493	3,728838	4,078402	7,742687	6,830175	8,131788	7,133947	0,799381	0,303640	0,869734	0,702434	0,360512	7,094029	3,733477	8,698442	10,815453	8,698442	7,038897	0,443967	0,178519	0,689882	0,526942	0,498799	0,282127	8,202903	8,744276	7,840830	10,522591	6,997868	7,833957	8,222613	6,644150	0,820905	0,314927	0,845655	0,450969	0,584182	0,536610	0,473915	0,350646	11,966118	9,877522	12,114116	14,287570	13,974066	15,281446	0,830283	0,455723	1,164862	0,506749	1,618885	0,628297	99,824071	100,058115	3,845418	37,861180	38,148987	37,938440	38,230869	99,993545	100,366521	3,416638
242,00	4,273911	3,902183	4,313786	7,775903	7,037143	8,204751	7,301360	0,822117	0,335032	0,982960	0,723882	0,394666	7,101110	3,819687	8,821671	11,037790	8,821671	7,124076	0,463078	0,200660	0,695987	0,594384	0,538141	0,322810	8,245473	8,799113	7,884340	10,691455	7,046729	7,935972	8,323474	6,661259	0,861277	0,333801	0,883631	0,508181	0,581314	0,581834	0,467891	0,379524	12,285378	10,042488	12,434361	14,743814	14,294370	15,646517	0,854224	0,513545	1,191281	0,566077	1,676637	0,707355	99,843645	99,837893	4,012809	38,160333	38,312176	38,180572	38,429305	100,263655	100,380909	3,612980
244,00	4,442547	4,078406	4,516082	7,851732	7,219473	8,196978	7,503387	0,864561	0,353358	1,038351	0,737562	0,437888	7,070732	3,925531	8,863876	11,323693	8,863876	7,359685	0,469231	0,211640	0,717231	0,638885	0,559507	0,340010	8,237470	9,029143	7,932837	10,801122	7,126635	8,069931	8,349507	6,883313	0,875533	0,369665	0,937598	0,539329	0,589374	0,638164	0,485096	0,416450	12,453005	10,252168	12,716264	15,221909	14,517808	16,117369	0,883646	0,548068	1,213472	0,633635	1,755187	0,769027	99,886155	100,422859	4,280506	38,650140	38,738269	38,576585	38,896501	100,054932	99,768472	3,780781
246,00	4,647341	4,317150	4,707801	7,732589	7,388684	8,115325	7,649555	0,879915	0,393229	1,149852	0,768117	0,490709	6,943832	3,926069	8,915617	11,587044	8,915617	7,528485	0,478632	0,233293	0,722896	0,683528	0,587300	0,377414	8,231185	9,041554	7,913460	10,960429	7,024185	8,164969	8,271153	6,926478	0,897029	0,404554	0,981871	0,580939	0,603944	0,679365	0,494661	0,454307	12,494581	10,373721	12,777692	15,561751	14,671592	16,434820	0,903793	0,608600	1,266179	0,669617	1,817528	0,862398	99,876994	100,128949	4,399423	38,881493	39,141601	39,026242	39,055181	100,103283	100,130439	3,987325
248,00	4,875011	4,497112	4,975493	7,669806	7,606526	8,084778	7,826302	0,929682	0,434530	1,264493	0,772736	0,524441	6,778771	3,988790	8,837679	11,892000	8,837679	7,654840	0,480954	0,275206	0,759460	0,732939	0,599915	0,408807	8,223590	9,167303	7,895889	11,047772	7,000450	8,207756	8,171660	6,982257	0,935404	0,438609	1,003423	0,637254	0,628553	0,726791	0,497599	0,495908	12,492448	10,548201	12,804200	15,878357	14,594987	16,673857	0,975154	0,668937	1,341240	0,736438	1,914530	0,934434	99,927294	99,916834	4,650441	39,148709	39,466467	39,170262	39,398849	99,757165	99,920273	4,173479
250,00	5,095254	4,736484	5,215870	7,520896	7,753593	7,926371	8,088940	0,943816	0,465272	1,348497	0,808251	0,563576	6,612888	4,037303	8,756807	12,057569	8,756807	7,787744	0,497948	0,312288	0,773873	0,831037	0,610055	0,471301	8,173448	9,298164	7,819368	11,167047	6,970190	8,307000	8,084339	7,090957	0,954414	0,474551	1,049594	0,700556	0,659415	0,782486	0,507423	0,537306	12,507005	10,799818	12,853247	16,220924	14,728291	16,998558	1,011023	0,733252	1,406536	0,801904	1,971724	1,031377	100,121915	99,665189	4,882696	39,643914	39,904162	39,760458	39,934471	99,895406	100,014043	4,402983
252,00	5,353403	5,031363	5,479801	7,400293	7,949711	7,789075	8,277515	0,965544	0,515603	1,443766	0,833354	0,634252	6,469949	4,171245	8,631349	12,390320	8,631349	8,097309	0,529320	0,343767	0,808437	0,902893	0,638175	0,505140	8,179259	9,447113	7,829803	11,303693	6,891957	8,458014	7,948473	7,211275	1,014159	0,516651	1,108364	0,775635	0,681335	0,845865	0,524373	0,565852	12,470304	10,976477	12,854016	16,713668	14,734837	17,424852	1,073037	0,798130	1,483374	0,905338	2,097527	1,140350	99,964166	100,147402	5,201552	40,223876	40,397331	40,105161	40,466768	100,281060	99,765098	4,687481
254,00	5,683403	5,358751	5,835472	7,323810	8,160091	7,735287	8,460250	1,013397	0,563078	1,605603	0,843861	0,704772	6,377675	4,224580	8,601341	12,740086	8,601341	8,251690	0,542277	0,382238	0,863580	0,994091	0,667376	0,572072	8,115339	9,541044	7,783256	11,444993	6,811609	8,524518	7,884476	7,240345	1,034131	0,569641	1,165284	0,840322	0,727131	0,917790	0,545508	0,621165	12,460944	11,164238	12,830320	17,074260	14,707057	17,730765	1,138756	0,877845	1,557860	1,003677	2,214022	1,269585	100,000572	100,008333	5,512306	40,698701	41,021869	40,710154	40,989503	100,294352	100,000584	4,978774
256,00	6,030848	5,691439	6,259949	7,248082	8,466350	7,612453	8,750667	1,075734	0,631763	1,719625	0,904212	0,774911	6,272246	4,324763	8,549938	13,085930	8,549938	8,465364	0,568448	0,433696	0,891117	1,089816	0,678469	0,628596	8,086298	9,737465	7,800596	11,637173	6,812283	8,685786	7,820914	7,373008	1,092259	0,639533	1,233891	0,929479	0,754040	0,993304	0,591348	0,685758	12,457971	11,419153	12,875655	17,558661	14,786963	18,179108	1,213968	0,978490	1,673332	1,111947	2,384011	1,415513	99,971426	99,843949	5,886675	41,424260	41,618106	41,512153	41,577208	99,772310	99,849492	5,308703
258,00	6,416593	6,137695	6,737732	7,201689	8,725339	7,524601	9,036805	1,136314	0,707178	1,852651	0,939518	0,877066	6,187245	4,450109	8,471253	13,464944	8,471253	8,702621	0,598311	0,501942	0,952729	1,209659	0,713241	0,702413	8,071032	9,938869	7,761684	11,871795	6,811122	8,881250	7,697958	7,504927	1,166434	0,693107	1,290162	1,040507	0,772375	1,067463	0,610422	0,750745	12,448409	11,711895	12,783465	18,002024	14,812812	18,620010	1,302492	1,073795	1,761827	1,232468	2,486491	1,579833	99,874955	100,229073	6,296691	42,296165	42,333367	42,079118	42,398721	99,823320	100,213873	5,733975
260,00	6,759070	6,603688	7,182609	7,143633	8,943684	7,516408	9,293821	1,223779	0,762643	2,022823	0,995312	0,954095	6,112472	4,493928	8,569536	13,746694	8,569536	8,929869	0,638206	0,550225	1,015574	1,348673	0,744233	0,793091	8,103451	10,033531	7,878754	12,073203	6,757282	9,014305	7,700756	7,551659	1,234160	0,761918	1,407724	1,135389	0,852945	1,165998	0,628282	0,826456	12,567528	11,958029	12,897260	18,453494	14,947152	19,040702	1,374083	1,192935	1,894390	1,340790	2,671539	1,725888	100,193894	99,906993	6,772248	42,941558	43,064073	43,058673	43,184003	99,927241	99,968028	6,102332
262,00	7,207736	7,092223	7,657833	7,181450	9,268758	7,523347	9,641525	1,286241	0,853365	2,175090	1,059401	1,073962	6,132204	4,638647	8,585859	14,197685	8,585859	9,166919	0,668485	0,624890	1,122050	1,471693	0,794876	0,884349	8,142971	10,192426	7,877128	12,301502	6,782887	9,207536	7,685353	7,677924	1,320330	0,842557	1,513684	1,243886	0,893755	1,256376	0,662159	0,902675	12,605095	12,266734	12,906648	19,087926	15,044193	19,587868	1,491836	1,326598	2,033912	1,505717	2,853619	1,951103	100,015473	100,088775	7,282904	44,035062	44,111103	44,056228	44,185272	99,970543	99,730253	6,644513
264,00	7,621667	7,650438	8,234712	7,194074	9,492753	7,521416	9,937306	1,397296	0,947876	2,358552	1,160352	1,182466	6,065565	4,747989	8,600731	14,577205	8,600731	9,422259	0,740565	0,695578	1,200390	1,649069	0,852908	0,962708	8,161551	10,356509	7,960469	12,490050	6,814884	9,284694	7,647458	7,764119	1,413754	0,929213	1,626905	1,374760	0,966424	1,370144	0,730907	0,991633	12,708300	12,571797	12,987685	19,707631	15,188873	20,040634	1,596483	1,472300	2,176320	1,673178	3,109735	2,158534	100,053871	99,969083	7,878914	44,831136	45,083213	44,868445	45,032260	100,259757	99,794459	7,148015
266,00	8,153650	8,246208	8,914055	7,285451	9,838622	7,577227	10,225142	1,535035	1,056912	2,537414	1,240553	1,313596	6,051639	4,867164	8,694302	14,991474	8,694302	9,720941	0,799797	0,786564	1,316983	1,805034	0,925779	1,090329	8,225293	10,604915	8,043599	12,696674	6,861091	9,517536	7,650141	7,900398	1,496102	1,018990	1,759634	1,502587	1,039531	1,481428	0,772918	1,070934	12,888789	12,834202	13,063891	20,139165	15,391092	20,623781	1,727731	1,613929	2,368616	1,848423	3,342040	2,390506	100,054002	100,034928	8,463246	46,009123	46,092609	46,077561	46,163881	100,070107	100,106347	7,688034
268,00	8,652223	8,978786	9,648884	7,309861	10,186896	7,644923	10,575466	1,655081	1,162712	2,742833	1,357311	1,453910	6,070304	5,025704	8,806790	15,368818	8,806790	9,949439	0,882060	0,881724	1,428100	2,038599	1,006944	1,209093	8,316179	10,802122	8,075890	12,928675	6,888850	9,685503	7,640950	8,039843	1,601916	1,121731	1,895700	1,638969	1,111556	1,610015	0,813868	1,176421	13,028295	13,175452	13,214925	20,840248	15,577854	21,240672	1,870699	1,781136	2,543983	2,084415	3,612046	2,680709	99,909729	100,052011	9,140334	47,092551	47,212750	47,058076	47,364083	100,051129	100,007498	8,374283
270,00	9,152856	9,712310	10,370565	7,359246	10,548582	7,752493	10,885560	1,838830	1,286997	2,916561	1,498576	1,625293	6,137150	5,110613	8,965517	15,886748	8,965517	10,307790	0,962001	0,990245	1,556109	2,241542	1,102806	1,344946	8,430490	11,037786	8,212833	13,262004	6,965976	9,864367	7,680278	8,125599	1,710243	1,226076	2,062767	1,824254	1,207247	1,755837	0,879344	1,287382	13,206653	13,529852	13,325429	21,398558	15,886825	21,883842	2,030654	1,975819	2,739708	2,297974	3,893999	2,934701	99,792784	99,826998	9,899209	48,105758	48,451203	48,299140	48,396766	99,918151	100,045943	9,042566
272,00	9,695076	10,562710	11,234570	7,517813	10,851748	7,865164	11,269793	1,977870	1,429249	3,173136	1,619122	1,809696	6,148557	5,290574	9,123705	16,333979	9,123705	10,578302	1,065259	1,121167	1,726426	2,471762	1,200475	1,496049	8,483224	11,287865	8,343133	13,548322	6,998151	10,104598	7,701498	8,312938	1,857979	1,339938	2,229551	1,984148	1,337396	1,907669	0,966817	1,390798	13,444415	13,911475	13,582902	22,202279	16,141696	22,575991	2,215094	2,164117	3,032521	2,546840	4,242111	3,262222	99,880522	100,135946	10,667575	49,463773	49,555606	49,451292	49,788266	99,992424	100,047660	9,829163
274,00	10,312762	11,418776	12,157866	7,625018	11,239038	7,974024	11,594987	2,152503	1,592680	3,396454	1,834681	1,996210	6,177836	5,470505	9,317333	16,770668	9,317333	10,912514	1,183507	1,258476	1,931838	2,750147	1,344547	1,656080	8,653632	11,469045	8,501607	13,775711	7,133329	10,308735	7,825391	8,370378	2,027870	1,475953	2,471795	2,181220	1,435751	2,065846	1,056801	1,513217	13,692150	14,303507	13,827695	22,879578	16,523308	23,279238	2,390824	2,429420	3,260269	2,844721	4,544400	3,604538	99,780500	100,084698	11,492193	50,817817	50,923002	50,769061	50,908929	100,179565	99,871498	10,682739
276,00	10,870885	12,241261	13,021924	7,792491	11,597254	8,154759	11,960344	2,391840	1,742816	3,597899	2,006690	2,202291	6,292799	5,657077	9,552679	17,350015	9,552679	11,202168	1,291083	1,397261	2,099762	3,013694	1,482620	1,832715	8,737221	11,782698	8,668654	14,120987	7,218985	10,577564	7,901637	8,597827	2,190696	1,629630	2,648387	2,368530	1,555847	2,241658	1,147962	1,671382	14,026394	14,603342	14,208390	23,542175	16,939838	23,886615	2,608144	2,668954	3,582212	3,132333	4,961132	3,951485	99,774230	99,979419	12,411909	51,970315	52,190578	51,988631	52,282482	99,896353	99,970841	11,479005
278,00	11,542559	13,177976	13,993149	7,995252	12,015908	8,400650	12,445677	2,640589	1,935714	3,838509	2,246107	2,409250	6,424397	5,856489	9,818122	17,862692	9,818122	11,515913	1,445679	1,574615	2,339703	3,331930	1,663519	2,017087	8,881798	11,949969	8,824433	14,353569	7,323197	10,786527	7,947656	8,730163	2,382308	1,775163	2,876557	2,559470	1,752332	2,392931	1,243733	1,824169	14,312896	15,100193	14,486462	24,202161	17,293081	24,665065	2,826067	2,954997	3,897193	3,431522	5,377124	4,375042	100,010192	100,251245	13,345005	53,390443	53,491861	53,318679	53,653216	100,156617	100,107539	12,375790
280,00	12,065170	14,177082	15,063067	8,156706	12,376953	8,687713	12,835881	2,873151	2,134420	4,100729	2,451929	2,664360	6,554930	6,047497	10,109946	18,375154	10,109946	11,917350	1,628467	1,745696	2,601647	3,654431	1,814789	2,229652	9,066746	12,221956	8,992103	14,594091	7,452887	10,988410	8,085245	8,880778	2,588003	1,943651	3,102567	2,818792	1,898615	2,567991	1,366185	1,997185	14,613554	15,452459	14,838889	24,927624	17,801853	25,209892	3,100156	3,245376	4,284023	3,791362	5,807133	4,786800	99,760580	99,927568	14,327034	54,634374	54,810160	54,809707	54,893255	100,106072	100,174141	13,219044
282,00	12,714994	15,223774	15,950204	8,507121	12,788866	8,879238	13,301694	3,179105	2,349738	4,369677	2,750157	2,922855	6,701726	6,239538	10,462310	18,856496	10,462310	12,236064	1,795663	1,912496	2,873830	3,957176	2,020388	2,400256	9,232061	12,545177	9,297841	14,920595	7,589172	11,185663	8,178344	9,007617	2,770592	2,097952	3,346289	3,026562	2,049187	2,750551	1,490053	2,116785	15,095203	15,887517	15,322590	25,716260	18,331346	25,986600	3,355422	3,481731	4,673447	4,140496	6,291772	5,174288	99,921608	100,185537	15,362778	55,922598	56,288517	56,157309	56,318176	100,128996	99,994260	14,242977
284,00	13,303640	16,242865	17,028555	8,818978	13,198046	9,261597	13,755193	3,496027	2,562955	4,616785	3,035840	3,196007	6,959809	6,501611	10,888746	19,279042	10,888746	12,561886	2,017500	2,162055	3,181223	4,298610	2,286038	2,669724	9,398416	12,780714	9,462397	15,286689	7,797109	11,361803	8,366349	9,167933	3,025430	2,283302	3,665078	3,302551	2,255664	2,938148	1,619153	2,315020	15,638378	16,358164	15,894720	26,372519	18,970099	26,636076	3,642901	3,829841	5,074626	4,506788	6,733713	5,635222	100,125027	100,137293	16,299239	57,228440	57,557732	57,421529	57,591480	100,018036	99,932182	15,079792
286,00	13,915995	17,198151	18,018132	9,209702	13,579795	9,681538	14,173119	3,901288	2,836284	4,900805	3,397809	3,470533	7,219612	6,730743	11,375930	19,853474	11,375930	12,936988	2,291997	2,369322	3,527891	4,704247	2,566306	2,888843	9,655347	13,032106	9,687015	15,510163	8,025484	11,633964	8,509859	9,330602	3,268452	2,467628	3,970681	3,529827	2,493148	3,115504	1,820007	2,500682	16,127643	16,721703	16,524857	27,148902	19,630520	27,335414	3,996526	4,136285	5,546169	4,916965	7,318888	6,061368	99,893272	100,036502	17,327890	58,516717	58,585596	58,659834	58,816105	99,861372	99,977839	16,124138
288,00	14,575529	18,236941	19,031389	9,720538	14,065351	10,191096	14,555372	4,336774	3,073852	5,205623	3,826634	3,777919	7,609547	7,011276	11,995993	20,234060	11,995993	13,332425	2,595040	2,584395	3,937405	5,061712	2,909306	3,133164	9,947853	13,252419	10,012951	15,776312	8,148786	11,847121	8,740696	9,494365	3,617578	2,656021	4,257164	3,768427	2,742230	3,322411	1,997334	2,681208	16,815160	17,132096	17,357695	27,746391	20,491734	27,954289	4,403751	4,481566	6,094539	5,354127	7,892261	6,554952	99,954516	99,934042	18,286331	59,511673	59,845549	59,895658	59,944195	99,916846	100,295508	17,022957
290,00	15,220550	19,273216	19,981310	10,233408	14,462677	10,837132	15,057214	4,782604	3,306495	5,465467	4,219626	4,034137	8,025121	7,260913	12,694794	20,744176	12,694794	13,720682	2,986931	2,841140	4,427825	5,430250	3,272473	3,389788	10,296508	13,556278	10,303202	15,997931	8,423069	12,062242	8,933496	9,712754	3,924784	2,856187	4,595849	4,022131	3,037209	3,536609	2,218095	2,860340	17,496321	17,535144	18,212280	28,498822	21,365723	28,575420	4,817479	4,820917	6,689622	5,751328	8,525357	7,025899	99,881560	99,873674	19,208063	60,663915	60,902190	61,110127	60,998785	100,166333	100,070071	18,036516
292,00	15,835659	20,129170	20,957834	10,915902	14,951426	11,454813	15,545292	5,339692	3,569116	5,761067	4,692466	4,399343	8,583994	7,581696	13,498406	21,325511	13,498406	14,123823	3,352195	3,104815	4,893820	5,809068	3,691781	3,656908	10,636881	13,760318	10,650447	16,327091	8,725528	12,356797	9,280096	9,879355	4,276310	3,051617	4,958845	4,246863	3,346137	3,695499	2,455045	3,061194	18,275745	18,072672	19,271117	29,238400	22,391018	29,282460	5,290217	5,155610	7,286946	6,162597	9,202680	7,478677	99,970609	100,075006	20,235132	61,814094	62,129617	62,185389	62,125796	99,914831	100,049269	18,890253
294,00	16,558947	21,119323	21,918267	11,740933	15,398142	12,305560	16,044322	5,913158	3,875449	6,133908	5,254256	4,693370	9,245359	7,841461	14,391816	21,846871	14,391816	14,511582	3,808394	3,374151	5,427745	6,181730	4,189133	3,928609	10,989704	14,072576	10,975394	16,566390	9,014160	12,567617	9,615038	10,125626	4,608512	3,274739	5,325720	4,506605	3,664792	3,937230	2,727652	3,283140	19,056983	18,477687	20,519118	30,036667	23,497829	29,794583	5,738138	5,543506	8,019755	6,682118	9,890455	7,985003	99,742883	100,244260	21,092787	62,944019	62,973803	63,217866	63,263983	99,985474	100,424409	19,833058
296,00	17,154044	22,009702	22,761270	12,508890	15,781455	13,142796	16,428572	6,496875	4,133186	6,422102	5,805697	5,028178	10,018144	8,113062	15,345301	22,233652	15,345301	14,880426	4,317991	3,624694	5,975173	6,552234	4,633667	4,179822	11,413124	14,338396	11,321034	16,821437	9,370147	12,722936	9,984209	10,288572	4,895838	3,493425	5,655759	4,744210	3,963198	4,107463	3,002100	3,472957	20,014594	18,833905	21,719053	30,666748	24,700265	30,403763	6,198406	5,840927	8,692745	7,080504	10,591137	8,444335	100,160789	100,135756	22,065470	63,745135	64,014113	64,305794	64,212471	100,072503	99,964035	20,615156
298,00	17,770228	22,898406	23,600799	13,207717	16,205572	13,912165	16,935417	7,075896	4,438233	6,731653	6,323582	5,305416	10,685663	8,431887	16,159828	22,689764	16,159828	15,250705	4,782429	3,876974	6,517682	6,954822	5,058754	4,421061	11,773309	14,573619	11,608140	17,095800	9,656807	12,915680	10,308685	10,476262	5,224944	3,721617	6,006990	5,020015	4,269690	4,280718	3,272871	3,628645	20,774278	19,313559	22,792858	31,381086	25,737923	30,975413	6,678145	6,203876	9,343706	7,502932	11,285025	8,942663	99,782199	100,001657	22,825529	64,654768	64,948660	65,147072	65,137297	100,083745	100,021231	21,453537
300,00	18,464345	23,719999	24,389389	13,784254	16,632923	14,578366	17,315423	7,517304	4,719882	7,101028	6,790316	5,630358	11,321732	8,750781	16,918451	23,235232	16,918451	15,618485	5,156303	4,169919	6,983630	7,254697	5,468169	4,720090	12,103500	14,810072	11,858930	17,288220	9,905949	13,134916	10,577223	10,644377	5,502559	3,897261	6,286579	5,212928	4,572428	4,513928	3,489616	3,827684	21,508829	19,658241	23,803706	31,980610	26,681545	31,547809	7,119998	6,513382	9,931213	7,917207	11,846154	9,398155	99,876040	100,114262	23,663025	65,568632	65,785909	66,039103	65,750915	100,107336	100,082779	22,223890
302,00	19,164172	24,436960	25,104257	14,410633	16,992183	15,068777	17,698213	7,983758	4,956035	7,429008	7,167381	5,933983	11,825871	9,045417	17,532215	23,462135	17,532215	15,908092	5,569070	4,421825	7,355402	7,638472	5,891586	4,971745	12,382010	15,054822	12,158544	17,486206	10,108551	13,255538	10,925980	10,826761	5,649354	4,086622	6,582157	5,461109	4,810585	4,706649	3,669141	4,030078	22,169618	19,987969	24,619579	32,582799	27,447313	32,037106	7,472938	6,855345	10,441362	8,359047	12,414434	9,811929	100,223458	99,881065	24,424173	66,106433	66,549933	66,823846	66,502672	99,940497	100,019205	22,971457
304,00	19,871119	25,206652	25,705370	14,739163	17,358360	15,458967	18,128513	8,425152	5,276964	7,754950	7,564015	6,231572	12,238258	9,338229	17,958190	23,876749	17,958190	16,276793	5,894545	4,689604	7,772036	7,933290	6,193541	5,239048	12,709355	15,327440	12,354884	17,748646	10,326236	13,510698	11,101473	10,997341	5,923271	4,310263	6,788683	5,639232	5,070348	4,877076	3,855866	4,225973	22,617549	20,351265	25,264367	33,257100	28,090757	32,519281	7,844779	7,164595	10,899118	8,791278	12,926774	10,218783	99,772525	100,142074	25,179106	66,935712	67,267489	67,480803	67,431289	100,055003	99,888128	23,654026
306,00	20,664033	25,771770	26,429668	15,066554	17,729825	15,765058	18,463399	8,737652	5,491329	8,123542	7,810894	6,487335	12,530886	9,611086	18,410635	24,289633	18,410635	16,595580	6,156624	4,963185	7,999261	8,315176	6,452793	5,509946	12,817815	15,559186	12,483860	18,069392	10,386278	13,659151	11,246590	11,136347	6,089531	4,492305	7,063074	5,894680	5,219978	5,086432	4,012820	4,369037	22,993058	20,763415	25,612020	33,666298	28,468910	32,992026	8,148673	7,486203	11,296973	9,147161	13,371165	10,683455	99,797523	100,071836	25,719124	67,512304	67,691320	67,961419	67,946798	99,689996	99,753356	24,214882
308,00	21,370736	26,426423	27,078032	15,337822	17,915910	16,061386	18,814074	9,029275	5,772810	8,525982	8,067003	6,832413	12,783968	9,889369	18,616900	24,571179	18,616900	16,913193	6,413239	5,204199	8,312311	8,648710	6,730243	5,745517	13,052601	15,742648	12,641962	18,193072	10,553622	13,858765	11,325803	11,271141	6,296755	4,726430	7,281775	6,118638	5,403925	5,297385	4,177513	4,589124	23,432332	20,987815	26,215479	34,058371	29,029113	33,230478	8,478355	7,830647	11,709960	9,654357	13,812304	11,180873	100,025523	99,890792	26,495793	67,728859	68,451208	68,721122	68,397450	100,228512	100,054228	24,768040
310,00	22,023809	26,883870	27,576700	15,496694	18,310949	16,267091	19,103873	9,275313	6,017207	8,872513	8,346053	7,143036	12,902176	10,054537	18,944173	24,792533	18,944173	17,242205	6,607898	5,499794	8,559422	8,884685	6,862476	6,023865	13,207634	15,967080	12,857042	18,347888	10,701290	14,020349	11,433686	11,418370	6,487945	4,938451	7,494543	6,337182	5,580775	5,468664	4,292337	4,758555	23,784885	21,347283	26,545084	34,722558	29,406634	33,823642	8,689930	8,105407	11,976168	10,053106	14,131278	11,538496	100,331473	99,925399	26,836976	68,190122	68,863481	69,210887	68,648118	100,207257	99,959028	25,268474
312,00	22,675280	27,489701	28,094441	15,533300	18,637727	16,295353	19,519073	9,503701	6,280392	9,243231	8,510211	7,423421	12,951827	10,496538	18,938670	25,122428	18,938670	17,455097	6,757363	5,761109	8,732677	9,212470	7,037990	6,272816	13,318604	16,210347	12,875138	18,532753	10,699704	14,119087	11,434542	11,594870	6,643084	5,156706	7,659309	6,563407	5,684541	5,647574	4,397523	4,932110	23,998669	21,743831	26,756722	35,048607	29,626212	34,106961	9,013289	8,408877	12,276112	10,471966	14,482400	11,919712	99,912918	99,912679	27,349997	68,727529	69,086957	69,439107	69,144624	99,936503	99,861437	25,754902
314,00	23,379552	27,872157	28,437066	15,603884	18,834487	16,337717	19,731596	9,645686	6,546376	9,631166	8,645832	7,685792	12,897921	10,678377	18,968795	25,357938	18,968795	17,844205	6,948262	5,978379	8,893196	9,457374	7,176202	6,523544	13,383089	16,404560	12,987347	18,743561	10,804837	14,242657	11,533731	11,766897	6,759455	5,335083	7,854639	6,705057	5,844415	5,845414	4,525632	5,067691	24,194475	21,977349	26,847154	35,622281	29,782799	34,506536	9,212522	8,724726	12,495892	10,926317	14,671282	12,370255	99,825060	99,885648	27,733999	68,970740	69,417852	69,872212	69,525152	99,923044	99,774826	26,197925
316,00	24,047245	28,335208	28,859347	15,678681	19,215956	16,354209	20,162421	9,849667	6,820083	9,983229	8,814887	7,993043	12,881568	10,964892	19,030423	25,699136	19,030423	18,173955	7,065665	6,300213	8,978213	9,756844	7,230820	6,828479	13,476928	16,730829	13,075024	18,999018	10,791931	14,548224	11,534082	11,916809	6,840682	5,570469	7,999886	6,930861	5,932842	6,007224	4,616917	5,261368	24,310975	22,286662	27,034286	36,089948	30,049419	34,842026	9,404562	9,007583	12,670714	11,308224	14,981495	12,817369	99,998575	100,187290	28,175008	69,533980	69,481027	70,112586	69,814837	100,101304	99,864024	26,574799
318,00	24,753822	28,646317	29,228282	15,560886	19,530287	16,319375	20,422785	9,929249	7,052212	10,398696	8,847897	8,257783	12,790729	11,343469	19,015737	26,057002	19,015737	18,389305	7,086333	6,595148	9,096310	10,005799	7,344984	7,044828	13,549630	16,915266	13,150048	19,049193	10,841534	14,627361	11,548594	12,059715	6,983280	5,727317	8,161408	7,119823	6,131048	6,201481	4,661228	5,419961	24,535543	22,562200	27,014738	36,451572	30,179536	35,326347	9,556100	9,336743	12,850057	11,779337	15,195633	13,153006	99,895477	100,242448	28,568405	69,643426	69,994128	70,440149	70,091444	99,810904	99,891311	26,929146
320,00	25,385496	28,863806	29,582638	15,562706	19,777420	16,109557	20,772193	10,068705	7,330510	10,832500	8,922735	8,580186	12,627245	11,603673	18,839769	26,235700	18,839769	18,653595	7,173794	6,817981	9,134641	10,335384	7,338178	7,314014	13,654509	17,092532	13,292459	19,380012	10,888052	14,840457	11,534405	12,222848	7,049806	5,974069	8,279399	7,376521	6,161549	6,355590	4,739762	5,593936	24,663767	22,824869	27,145270	36,787805	30,250797	35,579327	9,711099	9,638809	12,999637	12,166407	15,294400	13,582233	99,803835	99,927437	28,883547	69,718969	70,099008	70,491052	70,266181	99,943125	99,983716	27,217427
322,00	25,894696	29,289702	29,756218	15,390867	20,069036	16,081589	21,139507	10,125878	7,551375	11,183058	9,030294	8,862662	12,418310	11,875560	18,788725	26,581994	18,788725	18,948938	7,207623	7,071029	9,194359	10,621967	7,373700	7,538205	13,657048	17,239214	13,333502	19,509181	10,917731	15,013424	11,461312	12,389970	7,224348	6,200237	8,461145	7,565705	6,258358	6,554415	4,811965	5,775373	24,683134	23,218483	27,132893	37,337729	30,361232	35,999984	9,919687	9,843824	13,153431	12,526995	15,595958	13,949361	99,906838	100,194132	29,115716	70,093364	70,248115	70,596480	70,516950	100,111413	99,642164	27,616429
324,00	26,594993	29,713055	30,163661	15,297015	20,286474	15,785024	21,349548	10,179498	7,889235	11,628443	9,116153	9,243581	12,148548	12,204242	18,501273	26,801673	18,501273	19,286305	7,242715	7,403471	9,353215	10,896988	7,413021	7,884471	13,693266	17,604204	13,349539	19,715141	10,901098	15,156880	11,400808	12,533149	7,301129	6,388568	8,571735	7,808995	6,373519	6,758061	4,901237	6,025739	24,693637	23,451982	26,918331	37,731448	30,266291	36,251277	9,943186	10,230160	13,222066	12,972742	15,729199	14,420666	100,019157	100,041819	29,388693	69,867033	70,160466	70,768720	70,512301	99,977243	100,028288	27,713323
326,00	27,214178	29,940480	30,395359	15,115313	20,517761	15,750735	21,682584	10,270819	8,133640	11,941423	9,131671	9,463987	12,004303	12,565710	18,369302	26,987636	18,369302	19,558738	7,250495	7,691506	9,349363	11,168779	7,367922	8,148286	13,722564	17,768560	13,432387	19,840083	10,893118	15,306105	11,396558	12,725289	7,414119	6,661218	8,717224	7,983916	6,448361	6,971305	4,979144	6,256317	24,640685	23,730300	26,838520	38,097441	30,309823	36,723229	10,128537	10,504482	13,331977	13,374986	15,885632	14,786109	99,979699	100,093806	29,755372	70,006990	70,335394	70,899612	70,442218	100,167382	100,136697	28,041279
328,00	27,806026	30,078831	30,516049	15,044248	20,930371	15,632264	21,962526	10,301817	8,426509	12,360077	9,170434	9,713707	11,822683	12,913536	18,297681	27,218324	18,297681	19,853410	7,242168	7,965935	9,337319	11,392918	7,373921	8,398014	13,816135	18,007630	13,488330	20,010772	10,887904	15,501724	11,302062	12,855762	7,492851	6,857368	8,795649	8,164275	6,544876	7,140782	5,010219	6,380151	24,718338	23,913337	26,876685	38,455558	30,343792	36,941832	10,146038	10,767278	13,289034	13,732101	15,959637	15,205105	100,215662	100,150657	29,892081	70,076805	70,470202	71,056038	70,507312	99,959940	100,023580	28,151953
330,00	28,246430	30,294013	30,803338	14,821844	21,046147	15,434721	22,200048	10,317395	8,616374	12,762579	9,230698	9,994830	11,556519	13,152501	18,053597	27,460334	18,053597	20,069768	7,234401	8,250286	9,397516	11,631721	7,370393	8,658531	13,759691	18,149193	13,549116	20,159784	10,888398	15,657422	11,205487	13,047270	7,584959	7,038407	8,902673	8,368489	6,618358	7,281529	5,067930	6,568782	24,593836	24,219453	26,562461	38,623855	30,228537	37,185127	10,214216	11,037245	13,401790	14,153674	16,077332	15,541615	100,019598	100,066781	30,087370	70,041203	70,398217	70,859003	70,504642	99,932170	100,080752	28,353849
332,00	28,713739	30,448827	30,953160	14,717612	21,213196	15,311153	22,574311	10,294888	8,920135	13,095459	9,213933	10,249577	11,343271	13,534440	17,831679	27,572018	17,831679	20,276253	7,246296	8,529422	9,388226	11,834668	7,326903	8,885015	13,729128	18,416302	13,599598	20,240709	10,858719	15,684046	11,174763	13,136594	7,694726	7,262402	9,023650	8,569989	6,620304	7,409560	5,111424	6,704060	24,578756	24,498345	26,406783	39,063534	30,022773	37,469587	10,259585	11,327961	13,456823	14,518635	16,109914	15,821207	100,002074	99,845713	30,336183	70,084810	70,242745	70,958883	70,464861	99,658066	99,913430	28,500465
334,00	29,211327	30,652937	31,139258	14,594661	21,561018	15,230620	22,738323	10,336674	9,148570	13,397580	9,295490	10,564902	11,145078	13,843328	17,707859	27,815211	17,707859	20,584388	7,226944	8,801517	9,383722	12,057720	7,382675	9,191861	13,712208	18,593326	13,657978	20,442840	10,895119	15,891007	11,080565	13,349116	7,798370	7,423063	9,113704	8,740153	6,720702	7,587462	5,191540	6,878038	24,646191	24,808557	26,370364	39,450592	30,045241	37,819967	10,379612	11,596952	13,498975	14,877765	16,225871	16,166553	100,065911	99,975646	30,379978	70,041728	70,390177	70,977485	70,612180	99,829400	100,183964	28,644758
336,00	29,544634	30,847651	31,257755	14,478669	21,854791	15,069747	23,130655	10,387616	9,417732	13,706923	9,317093	10,784811	11,004370	14,211673	17,559117	28,059083	17,559117	20,892520	7,194512	9,057377	9,423146	12,314658	7,386898	9,410936	13,837147	18,822075	13,613883	20,608611	10,903107	16,001934	11,078314	13,482386	7,952734	7,635515	9,183250	8,891037	6,760892	7,761087	5,252149	7,058750	24,626227	25,127876	26,257938	39,809662	29,961872	38,058338	10,470526	11,856117	13,566799	15,262578	16,294102	16,578257	100,072122	99,969220	30,603105	70,115453	70,464826	71,051359	70,556223	100,110269	99,967557	28,792244
338,00	29,900223	30,841097	31,478861	14,280070	22,071575	14,871429	23,358597	10,438959	9,629996	14,047803	9,384491	11,032391	10,815317	14,555120	17,377731	28,284618	17,377731	21,138602	7,194485	9,315906	9,481948	12,521054	7,398713	9,669039	13,820541	19,037494	13,671656	20,757703	10,890212	16,146891	10,983042	13,600264	7,998799	7,858115	9,298110	9,118214	6,857660	7,894319	5,320379	7,190543	24,464586	25,246817	26,094344	40,019271	29,888120	38,215286	10,512534	12,107658	13,606702	15,604986	16,382127	16,909437	99,959546	99,864745	30,645588	70,027369	70,192027	70,823896	70,426059	99,672174	99,935114	28,916565
340,00	30,279708	31,126484	31,466427	14,277254	22,336179	14,889130	23,722401	10,474911	9,851441	14,351434	9,441644	11,307256	10,709184	14,933939	17,319204	28,505719	17,319204	21,414584	7,224517	9,586456	9,586205	12,734655	7,485761	9,907570	13,888608	19,239447	13,763569	20,948218	10,978090	16,304703	11,051761	13,793314	8,202387	8,010188	9,417770	9,288558	6,966660	8,047314	5,433910	7,345961	24,601573	25,498942	26,168162	40,549451	29,940870	38,623482	10,609581	12,343601	13,758737	16,026808	16,570881	17,232759	100,113237	100,068450	30,878693	70,046180	70,223635	70,917511	70,561188	100,123012	100,000167	29,052585
342,00	30,556911	31,070331	31,604773	14,225121	22,568370	14,877771	23,995633	10,501957	10,164651	14,691509	9,533825	11,547785	10,696878	15,372992	17,277268	28,704047	17,277268	21,730368	7,291108	9,881361	9,591946	12,915811	7,489434	10,169136	13,927376	19,433711	13,826212	21,077946	10,956205	16,433354	10,984970	13,990128	8,356244	8,208339	9,497923	9,421279	7,025954	8,184590	5,499315	7,525364	24,673498	25,829661	26,190966	40,748632	29,983264	38,762680	10,693550	12,614879	13,933831	16,340618	16,670205	17,495373	99,895132	99,883270	30,880868	70,013231	70,063537	70,712507	70,347297	99,894989	99,885714	29,159236
344,00	30,862740	31,319222	31,679785	14,228871	22,841397	14,915799	24,223809	10,601572	10,413272	14,959967	9,677042	11,842790	10,664530	15,694529	17,293674	28,864005	17,293674	21,983829	7,353104	10,185017	9,742052	13,161324	7,626897	10,434696	14,156093	19,611931	13,918595	21,244031	11,052797	16,592766	11,106648	14,148559	8,558521	8,409563	9,634268	9,600232	7,113326	8,343510	5,637990	7,670392	24,733093	26,068565	26,395127	41,032168	30,088747	39,037463	10,832941	12,873746	14,113165	16,691609	16,926062	17,832583	99,888349	100,007117	31,032676	69,989794	70,091701	70,774496	70,318204	100,138187	99,975431	29,321817
346,00	31,104648	31,354150	31,817374	14,314823	23,121433	14,978996	24,562456	10,659547	10,666461	15,215118	9,803171	12,106343	10,787629	16,123779	17,428884	29,039431	17,428884	22,206621	7,456195	10,433488	9,787507	13,332769	7,739916	10,678115	14,259298	19,788828	13,990584	21,353644	11,123731	16,691475	11,242610	14,299454	8,743735	8,632438	9,736062	9,758186	7,236807	8,492336	5,803881	7,838531	24,887243	26,260597	26,767582	41,239470	30,375862	39,289466	11,005446	13,098535	14,316456	17,058636	17,087452	18,159065	100,101006	100,073338	31,169870	69,875246	70,078546	70,774323	70,226496	99,934143	99,948144	29,343462
348,00	31,404671	31,530118	32,009220	14,376986	23,338732	15,045555	24,830273	10,784089	10,911233	15,556315	9,935501	12,366405	10,773886	16,510546	17,465514	29,256767	17,465514	22,509785	7,564411	10,734993	9,915026	13,574600	7,862378	10,948652	14,381196	19,988202	14,076075	21,478283	11,216042	16,804452	11,272492	14,443891	8,949280	8,840331	9,880901	9,933379	7,360898	8,635891	5,905471	7,989851	25,041655	26,518667	27,056572	41,643679	30,511919	39,444757	11,151967	13,340271	14,615557	17,444962	17,275532	18,468848	99,948746	100,076449	31,238383	69,743192	69,933808	70,576972	70,079714	100,032401	100,185311	29,454890
350,00	31,538668	31,649977	32,084560	14,475113	23,548360	15,173590	25,083485	10,863464	11,177217	15,755074	10,082622	12,571885	10,829558	16,899975	17,591219	29,438278	17,591219	22,765665	7,685309	11,031044	10,023171	13,770783	8,017369	11,177687	14,539324	20,163554	14,227763	21,675262	11,291530	16,992985	11,377958	14,595398	9,143534	8,979175	9,994089	10,107313	7,473215	8,759008	6,077172	8,144368	25,309581	26,726809	27,327853	41,878545	30,734879	39,598924	11,289421	13,617398	14,802645	17,787355	17,468214	18,791133	100,243711	99,968058	31,382155	69,618303	69,975668	70,503718	70,178205	100,031507	100,019896	29,581609
352,00	31,803223	31,670672	32,150853	14,445451	23,756449	15,204626	25,372803	10,965989	11,415932	16,034383	10,196635	12,859958	10,875475	17,340742	17,582254	29,699478	17,582254	23,120542	7,745180	11,293782	10,137944	13,943961	8,133423	11,461620	14,653312	20,410603	14,259310	21,784665	11,358580	17,114219	11,421635	14,764087	9,355229	9,188474	10,062265	10,217729	7,550890	8,912711	6,202860	8,325730	25,334725	27,036294	27,518886	42,290330	30,787227	39,914703	11,383444	13,809812	15,004820	18,149085	17,668554	19,058591	99,934036	100,059175	31,387424	69,703072	69,751078	70,444548	70,136970	100,031030	100,028944	29,628068
354,00	31,956515	31,755021	32,231784	14,388455	24,040727	15,248848	25,682172	11,011637	11,660948	16,279881	10,306539	13,056378	10,862175	17,666660	17,533857	29,847318	17,533857	23,322220	7,827716	11,559752	10,224338	14,161567	8,229934	11,676614	14,742024	20,644800	14,310606	21,866088	11,400741	17,260404	11,423734	14,884964	9,501045	9,366766	10,206318	10,435456	7,661317	9,038936	6,283834	8,486228	25,431252	27,182648	27,627105	42,468566	30,866826	40,084746	11,481109	14,050734	15,182976	18,455835	17,790942	19,309835	99,883085	100,111866	31,528029	69,441628	69,754088	70,279837	69,957787	100,084484	99,880618	29,707515
356,00	32,191417	31,792769	32,358214	14,377581	24,258782	15,196079	25,909108	11,031847	11,916388	16,490877	10,363324	13,298590	10,824906	18,058087	17,457211	30,098078	17,457211	23,518714	7,832029	11,873348	10,299774	14,386718	8,286922	11,947324	14,770249	20,890111	14,358473	22,064215	11,421319	17,356366	11,470892	15,092243	9,654900	9,583339	10,269085	10,561866	7,723201	9,150520	6,384006	8,653641	25,419509	27,505890	27,596372	42,762071	30,884174	40,337962	11,527902	14,268488	15,251017	18,818091	17,879061	19,620492	100,104761	100,152981	31,570604	69,482362	69,592714	70,349151	69,920695	99,988711	100,176167	29,756159
358,00	32,239106	31,942025	32,300717	14,286958	24,425587	15,102069	26,179242	11,089750	12,131550	16,698174	10,432537	13,523529	10,663833	18,410328	17,441329	30,149055	17,441329	23,775113	7,869493	12,104855	10,342457	14,515421	8,349679	12,151332	14,813444	21,058287	14,402068	22,226416	11,413756	17,485061	11,418626	15,250963	9,754607	9,756270	10,369375	10,717472	7,805438	9,269727	6,457582	8,799256	25,371817	27,614042	27,624968	42,940721	30,839348	40,465027	11,624654	14,511833	15,339063	19,094339	17,994927	19,796683	99,797052	99,976981	31,567374	69,376338	69,450861	70,197624	69,783157	100,120866	99,908048	29,879567
360,00	32,387525	31,986600	32,398042	14,206262	24,667384	15,045732	26,431212	11,097200	12,299446	16,916610	10,497429	13,765298	10,568972	18,784766	17,342740	30,352423	17,342740	24,002530	7,874836	12,381496	10,419597	14,686053	8,416733	12,424909	14,870588	21,250130	14,526558	22,398426	11,426227	17,591496	11,372475	15,404789	9,837296	9,919296	10,434528	10,860200	7,881342	9,415156	6,524747	8,967713	25,483823	27,825350	27,574810	43,250024	30,837750	40,633565	11,657175	14,716630	15,374944	19,377898	18,066952	20,074631	99,980617	99,956179	31,774366	69,187665	69,448018	70,202851	69,617009	100,054634	99,884361	29,903018
362,00	32,503718	32,079807	32,522219	14,028144	24,890727	14,940186	26,654637	11,092400	12,589060	17,092110	10,502575	14,023705	10,452548	19,189669	17,278679	30,532902	17,278679	24,267587	7,865663	12,607123	10,440812	14,879608	8,451076	12,625892	14,906310	21,490245	14,568500	22,489822	11,466353	17,711304	11,337702	15,626101	10,006344	10,134777	10,550345	11,034573	7,924978	9,523153	6,587666	9,105895	25,398904	28,123066	27,409595	43,563879	30,693495	40,860689	11,712013	14,986478	15,442400	19,759056	18,131837	20,313753	100,115359	100,126493	31,795645	69,182134	69,389361	70,188785	69,620425	100,091469	99,975038	29,957721
364,00	32,586345	32,112867	32,521427	13,862458	25,164017	14,760572	26,906309	11,082695	12,742293	17,324010	10,508122	14,210136	10,270329	19,516057	17,058401	30,744261	17,058401	24,538232	7,838398	12,849922	10,457502	15,054949	8,484057	12,875633	14,867951	21,653262	14,586037	22,619376	11,446237	17,857733	11,294267	15,727596	10,050979	10,311272	10,622869	11,191863	7,948601	9,659127	6,610315	9,254112	25,307173	28,385606	27,199540	43,763006	30,582076	41,062003	11,744782	15,187338	15,402108	20,043200	18,139009	20,616458	99,948716	99,977130	31,758484	69,029093	69,180405	69,885355	69,392914	100,079870	99,964112	29,960632
366,00	32,780060	32,190877	32,634902	13,688418	25,351772	14,651044	27,156553	11,077790	12,973076	17,488615	10,542118	14,437522	10,041329	19,849654	16,912690	30,895498	16,912690	24,753328	7,831483	13,128707	10,492021	15,280908	8,526561	13,146830	14,905715	21,912695	14,626582	22,844046	11,419266	18,010271	11,204708	15,987629	10,197093	10,510841	10,715118	11,352017	8,017897	9,820025	6,704493	9,464662	25,293016	28,559798	27,018544	44,121867	30,478907	41,225055	11,749706	15,437073	15,445264	20,399600	18,149637	20,807384	99,942482	100,090826	31,886533	69,028425	69,108236	69,915640	69,393396	100,050724	100,159204	30,159345
368,00	32,819393	32,316449	32,737297	13,504271	25,585532	14,523262	27,370653	11,055598	13,157642	17,664801	10,548340	14,687568	9,910784	20,221086	16,778907	31,117013	16,778907	25,050935	7,764284	13,359439	10,539440	15,416217	8,507928	13,359484	14,913054	22,181334	14,677700	23,019737	11,429163	18,144681	11,158463	16,143665	10,288930	10,690635	10,823591	11,488340	8,076074	9,962557	6,723645	9,600613	25,184259	28,829101	26,795387	44,388074	30,317944	41,378811	11,797402	15,614611	15,479198	20,666090	18,183617	21,040079	99,964225	99,944997	31,942967	68,836969	69,108009	69,827616	69,299090	100,099015	100,110209	30,206743
370,00	33,027390	32,324275	32,756844	13,346022	25,801435	14,302400	27,642101	10,979364	13,367505	17,886129	10,526416	14,876756	9,685631	20,512590	16,524592	31,282270	16,524592	25,226685	7,722504	13,601737	10,492815	15,587039	8,482075	13,591833	14,940108	22,409952	14,728384	23,117238	11,391889	18,236032	11,076938	16,303861	10,371814	10,920182	10,880282	11,683822	8,064322	10,119455	6,766962	9,794617	25,115171	29,011792	26,677743	44,656602	30,208513	41,528174	11,812714	15,811650	15,445340	20,958130	18,240422	21,231446	100,126123	99,971968	31,985331	68,715203	68,983167	69,833910	69,100970	100,063455	100,139606	30,218419
372,00	33,002618	32,443488	32,823738	13,087265	26,038069	14,113487	27,848813	10,952368	13,555095	18,035525	10,460613	15,121450	9,482595	20,933342	16,339977	31,547880	16,339977	25,447091	7,691304	13,810372	10,527477	15,752725	8,488943	13,770288	14,959770	22,666231	14,743006	23,369634	11,342623	18,400893	11,018449	16,489579	10,504999	11,112404	10,964601	11,836419	8,098921	10,256605	6,823284	9,943441	24,915284	29,267675	26,419508	44,891748	30,063915	41,755304	11,785698	16,046138	15,396637	21,307945	18,263310	21,472463	100,101614	100,022793	32,071650	68,537325	68,920326	69,795591	69,040519	100,024247	100,064790	30,293041
374,00	33,149257	32,496816	32,878983	12,850128	26,270026	13,819796	28,205538	10,876048	13,756327	18,255892	10,476999	15,406260	9,191333	21,332332	16,042276	31,683683	16,042276	25,890189	7,610515	14,144020	10,445524	15,967794	8,453815	14,084587	14,914051	22,973110	14,878179	23,592256	11,370457	18,770237	10,911781	16,782181	10,612169	11,384752	11,098065	12,023276	8,145361	10,419280	6,871866	10,135531	24,856776	29,720479	26,053110	45,097482	29,732743	42,171246	11,818340	16,322456	15,431604	21,576661	18,217139	21,774930	99,998736	99,989843	32,142180	68,546247	68,777472	69,408888	68,915248	100,065327	100,103736	30,350554
376,00	33,196214	32,477647	32,920587	12,655503	26,520884	13,654503	28,508553	10,809915	13,967068	18,445140	10,456613	15,561906	8,986691	21,667074	15,831314	31,938761	15,831314	26,117378	7,531737	14,341578	10,434300	16,134110	8,397733	14,264947	14,928775	23,253216	14,940859	23,836727	11,344695	19,031481	10,815684	16,983582	10,720345	11,596026	11,168537	12,188691	8,174258	10,560127	6,904361	10,339474	24,717592	30,000666	25,766769	45,404702	29,595971	42,426336	11,811971	16,529924	15,408327	21,827582	18,259650	21,973112	100,090480	100,110519	32,266852	68,474931	68,711835	69,435900	68,873304	100,088036	99,979693	30,440849
378,00	33,242047	32,606137	33,018589	12,452032	26,712278	13,490614	28,664079	10,785112	14,161037	18,623143	10,450465	15,772627	8,815245	22,049183	15,610340	32,102433	15,610340	26,396030	7,479054	14,578068	10,426909	16,323064	8,371039	14,500162	14,912005	23,625624	14,948362	24,058725	11,320683	19,178389	10,754313	17,215352	10,859687	11,829977	11,258877	12,359776	8,214335	10,721577	6,950348	10,510124	24,575931	30,274940	25,523773	45,648685	29,371807	42,643154	11,827014	16,726762	15,394993	22,098190	18,241772	22,249584	99,988317	99,993825	32,275322	68,328166	68,522453	69,254541	68,775773	100,030744	99,895322	30,452937
380,00	33,361617	32,622573	33,114541	12,331466	26,928273	13,347074	28,995028	10,758067	14,350466	18,743849	10,440126	15,991862	8,665907	22,365357	15,448454	32,266003	15,448454	26,660648	7,404796	14,781415	10,390466	16,474551	8,341977	14,716418	14,942314	23,880416	15,058932	24,243945	11,338739	19,356389	10,685352	17,448105	10,962283	12,020928	11,340380	12,535356	8,262713	10,867987	6,986972	10,682192	24,499327	30,549842	25,255889	45,871866	29,205936	42,807615	11,804721	16,971627	15,378393	22,368281	18,222119	22,435677	99,949473	99,956441	32,361186	68,189764	68,507767	69,106597	68,629885	100,051796	99,962080	30,528191
382,00	33,436534	32,689461	33,097485	12,243908	27,205038	13,295613	29,193076	10,787617	14,553575	18,933536	10,446753	16,209206	8,536414	22,699855	15,312199	32,434767	15,312199	26,871002	7,380232	15,018223	10,431597	16,670591	8,347831	14,929236	14,980249	24,213102	15,138328	24,489225	11,355179	19,546604	10,643984	17,669059	11,099801	12,252265	11,476980	12,729470	8,332250	11,007974	7,066317	10,868387	24,422780	30,820742	25,100982	46,174476	29,083765	43,059054	11,866798	17,176300	15,382998	22,638670	18,278272	22,635534	99,962825	100,087583	32,425550	68,183398	68,400812	69,090480	68,593168	100,000644	99,895173	30,575737
384,00	33,521420	32,780716	33,195835	12,234864	27,444509	13,273989	29,440162	10,825123	14,727432	19,108906	10,495057	16,399559	8,432510	23,024793	15,274698	32,701120	15,274698	27,177590	7,382450	15,245531	10,458438	16,820079	8,350358	15,133901	15,046996	24,530382	15,261500	24,677047	11,378531	19,778976	10,638151	17,872721	11,203291	12,485211	11,583261	12,897594	8,393075	11,186223	7,137561	11,066142	24,394718	31,135914	25,033951	46,424502	29,008374	43,308267	11,904147	17,426686	15,411523	22,917296	18,294360	22,871411	99,993265	100,025916	32,494971	68,041903	68,311763	68,946630	68,538529	100,008833	99,937409	30,638710
386,00	33,628005	32,849139	33,300534	12,242632	27,671862	13,313459	29,700115	10,886675	14,953800	19,271897	10,575830	16,620970	8,403751	23,369102	15,248963	32,879207	15,248963	27,416447	7,384817	15,478307	10,520767	17,006628	8,375952	15,375604	15,167575	24,845408	15,370597	24,927351	11,466052	20,014566	10,659115	18,114355	11,345556	12,729487	11,704497	13,102657	8,461051	11,338622	7,211530	11,259170	24,371524	31,426483	24,906485	46,661294	28,950232	43,482149	11,939546	17,644575	15,478286	23,144600	18,386215	23,066056	100,080955	100,078583	32,562932	67,944938	68,277133	68,929970	68,449593	100,063777	100,025666	30,761355
388,00	33,700302	32,946795	33,361363	12,241702	27,860066	13,336247	29,940838	10,946743	15,155460	19,476481	10,649481	16,839717	8,343980	23,720446	15,206167	33,126584	15,206167	27,694148	7,432718	15,713058	10,591438	17,195281	8,391172	15,605503	15,242048	25,144401	15,486133	25,232649	11,511244	20,215483	10,670409	18,378203	11,457868	12,957278	11,811961	13,280162	8,569364	11,528029	7,303196	11,450176	24,357501	31,745073	24,817103	46,903020	28,895894	43,675208	12,010785	17,864770	15,531176	23,366684	18,427828	23,298888	100,051105	100,068104	32,643023	67,860663	68,221879	68,794197	68,390334	99,982798	100,068247	30,800256
390,00	33,768162	32,957372	33,499253	12,276613	28,092667	13,351838	30,272257	10,991940	15,355100	19,621061	10,721646	17,040071	8,345342	24,022922	15,212990	33,358493	15,212990	27,931491	7,443862	15,963733	10,611968	17,375934	8,398632	15,819173	15,360361	25,494522	15,645891	25,416714	11,570876	20,455174	10,671572	18,583238	11,602674	13,183692	11,944420	13,471110	8,634534	11,700398	7,366688	11,667901	24,361946	32,044610	24,787243	47,198641	28,863499	43,958837	12,060866	18,096186	15,517767	23,663901	18,444039	23,507321	100,016713	100,183642	32,710856	67,897815	68,058705	68,761355	68,267721	100,031722	100,030053	30,840707
392,00	33,820838	33,059260	33,495462	12,290775	28,343725	13,401759	30,459881	11,064729	15,545937	19,796732	10,781967	17,225946	8,284299	24,358831	15,207824	33,532235	15,207824	28,158355	7,454539	16,145302	10,657054	17,567310	8,409081	16,001247	15,453281	25,804767	15,741885	25,621757	11,668910	20,631306	10,676115	18,822546	11,745088	13,426693	12,048576	13,657339	8,715840	11,857856	7,473682	11,843367	24,373011	32,347274	24,699059	47,435743	28,839618	44,177043	12,113664	18,299282	15,580532	23,841697	18,540578	23,697507	99,925542	100,056052	32,730228	67,776561	67,914611	68,597490	68,156850	100,051606	99,962407	30,910116
394,00	33,877480	33,112815	33,532074	12,318210	28,547946	13,438585	30,689946	11,114620	15,721203	19,947630	10,836265	17,402501	8,221459	24,723971	15,167779	33,766815	15,167779	28,412360	7,452701	16,340256	10,704944	17,725974	8,417330	16,206703	15,521745	26,140514	15,857843	25,872308	11,695879	20,896214	10,710220	19,081843	11,846257	13,616219	12,159742	13,822590	8,786058	12,036457	7,530664	12,031067	24,379528	32,617423	24,603792	47,753066	28,785184	44,408852	12,154454	18,518881	15,616179	24,071474	18,541351	23,908116	99,913514	100,060463	32,790306	67,695886	67,874449	68,613034	68,187773	99,956304	99,953961	30,958408
396,00	33,943853	33,157349	33,637574	12,346357	28,777611	13,483658	30,936524	11,185281	15,907116	20,112063	10,890970	17,581975	8,203559	25,026241	15,143122	33,997846	15,143122	28,642517	7,456326	16,541235	10,737187	17,888203	8,417010	16,402695	15,655902	26,467758	16,010034	26,138338	11,784448	21,087331	10,739920	19,284505	11,989895	13,847680	12,295850	14,011957	8,888783	12,181325	7,605048	12,212584	24,425529	32,888129	24,561329	47,918671	28,770337	44,621041	12,205530	18,749626	15,645298	24,321012	18,630707	24,106723	100,095594	100,065029	32,911080	67,582858	67,867351	68,581653	68,051410	99,969488	100,051332	31,025591
398,00	34,014547	33,187163	33,685434	12,328029	29,000106	13,464372	31,172618	11,196347	16,126758	20,292991	10,933821	17,790033	8,103392	25,323698	15,049458	34,225535	15,049458	28,929949	7,412858	16,781349	10,743360	18,103915	8,400539	16,621685	15,719430	26,763174	16,089544	26,369166	11,849706	21,308199	10,730605	19,549964	12,123662	14,097184	12,371065	14,190288	8,940902	12,362964	7,680158	12,398835	24,344084	33,208543	24,421643	48,120442	28,695133	44,766477	12,242625	18,956012	15,657069	24,565947	18,693665	24,293070	100,002694	99,991226	32,963562	67,448485	67,758393	68,502891	67,905253	99,967366	100,069022	31,068981
400,00	34,095696	33,227479	33,764604	12,286878	29,239380	13,408741	31,400710	11,206822	16,293660	20,416802	10,948977	17,947440	7,999653	25,604641	15,018176	34,430730	15,018176	29,173282	7,382099	16,960329	10,721353	18,262373	8,352394	16,794156	15,738048	27,082416	16,217670	26,628610	11,876312	21,546534	10,703812	19,765690	12,233438	14,329198	12,498391	14,368729	9,000216	12,529768	7,736877	12,607342	24,314150	33,476517	24,302596	48,318383	28,629184	45,039117	12,253980	19,189918	15,635595	24,746689	18,668860	24,470490	99,990153	100,020790	33,017784	67,401755	67,687434	68,361032	67,816591	99,943751	99,967283	31,139821
402,00	34,147722	33,359450	33,839700	12,163430	29,452971	13,319173	31,660655	11,181667	16,480437	20,593530	10,969377	18,178111	7,836888	25,924796	14,799428	34,667611	14,799428	29,397419	7,300363	17,180425	10,723968	18,426396	8,266112	16,995044	15,778175	27,422065	16,284446	26,876181	11,896122	21,778506	10,665900	20,025000	12,336883	14,541064	12,594409	14,548303	9,045812	12,695821	7,772081	12,794439	24,170905	33,752641	24,053568	48,621392	28,460163	45,245346	12,229692	19,383544	15,627930	24,949259	18,700214	24,684134	99,915671	99,944276	33,069456	67,294741	67,548460	68,292046	67,827970	99,996978	99,977201	31,203958
404,00	34,175232	33,395085	33,858857	12,002046	29,762518	13,169843	31,941578	11,145432	16,634303	20,738357	10,915264	18,323298	7,646428	26,265445	14,596625	34,929320	14,596625	29,678047	7,209694	17,328566	10,645227	18,604212	8,175228	17,182903	15,765139	27,771315	16,333398	27,159229	11,888275	22,045673	10,570393	20,269360	12,450390	14,746004	12,670906	14,738293	9,062597	12,857211	7,793925	12,980691	23,992044	34,122866	23,806314	48,867017	28,233027	45,465556	12,227555	19,584443	15,549371	25,163645	18,677160	24,866629	99,851298	100,021005	33,089852	67,269444	67,448390	68,180954	67,762017	100,000691	100,028062	31,252459
406,00	34,280112	33,462906	33,927771	11,829939	29,940000	12,980174	32,139128	11,081785	16,805276	20,918535	10,883667	18,511829	7,452333	26,551792	14,348705	35,106614	14,348705	29,940569	7,091904	17,550117	10,551586	18,801042	8,050494	17,405267	15,732597	28,108647	16,372056	27,360159	11,859892	22,302133	10,489584	20,481074	12,532599	14,994034	12,772931	14,929245	9,078299	13,024588	7,804450	13,177475	23,812892	34,363824	23,485900	49,084279	28,001565	45,693752	12,168606	19,800879	15,487482	25,390208	18,634921	25,019431	99,953115	100,032818	33,143988	67,164350	67,390692	68,104154	67,694491	99,948776	100,053632	31,283697
408,00	34,376910	33,493671	33,985877	11,629199	30,217668	12,769909	32,423890	10,988483	16,999336	21,095616	10,786203	18,713644	7,232536	26,867488	14,084257	35,376975	14,084257	30,283222	6,957164	17,762257	10,474101	18,982308	7,892529	17,595339	15,720254	28,391477	16,427833	27,613229	11,841638	22,506948	10,384159	20,738685	12,618999	15,229213	12,861338	15,107581	9,094909	13,219698	7,808466	13,384014	23,609391	34,686929	23,115835	49,289244	27,722925	45,941076	12,081120	20,011312	15,365277	25,550297	18,534219	25,211588	100,029516	99,977285	33,254254	67,038947	67,370135	68,076015	67,541105	100,008559	100,089169	31,323454
410,00	34,368730	33,542916	34,033230	11,415868	30,478403	12,561783	32,731780	10,907500	17,143227	21,245560	10,703135	18,887828	6,985403	27,174598	13,822593	35,663983	13,822593	30,522299	6,848839	17,936251	10,381648	19,135067	7,769062	17,785627	15,716276	28,765070	16,462941	27,924040	11,765892	22,790833	10,251980	21,003605	12,728396	15,464942	12,927565	15,300417	9,115236	13,386206	7,822140	13,589975	23,335755	35,007927	22,737747	49,559438	27,427572	46,122801	12,014554	20,193766	15,266009	25,730881	18,509053	25,363672	99,999446	100,010359	33,273965	67,045081	67,246038	67,989504	67,506063	100,028193	99,966246	31,422752
412,00	34,478080	33,610454	34,123456	11,211352	30,716872	12,385511	32,985365	10,832214	17,312652	21,411757	10,643044	19,115013	6,784470	27,482536	13,576792	35,892314	13,576792	30,770305	6,724868	18,154912	10,297083	19,363269	7,634940	18,007149	15,658481	29,093888	16,531673	28,176832	11,734477	23,051193	10,160132	21,247855	12,827358	15,693413	13,006681	15,494981	9,128207	13,584942	7,822341	13,792920	23,153824	35,299751	22,403528	49,733883	27,112541	46,334040	11,953578	20,426252	15,178739	25,994021	18,448591	25,555652	99,857867	99,893171	33,307815	66,933692	67,128378	67,890853	67,377096	99,961555	100,078154	31,450540
414,00	34,492934	33,661988	34,126225	11,039034	31,003705	12,202766	33,245504	10,749518	17,479683	21,576124	10,587762	19,277707	6,627511	27,795067	13,396308	36,152065	13,396308	31,089276	6,621913	18,343209	10,237925	19,515274	7,553747	18,196748	15,698746	29,484347	16,596138	28,485101	11,741762	23,326941	10,090392	21,538921	12,909527	15,940811	13,090849	15,656230	9,163783	13,749304	7,851792	13,988672	22,985874	35,635865	22,097991	50,005573	26,921153	46,618816	11,914060	20,646359	15,104663	26,112169	18,399727	25,712469	99,945557	99,943739	33,375818	66,845322	67,013139	67,783082	67,297572	100,047433	99,932814	31,460690
416,00	34,536988	33,716077	34,219739	10,949001	31,300148	12,119365	33,570325	10,745146	17,692694	21,772832	10,575605	19,480598	6,517477	28,154284	13,245608	36,488652	13,245608	31,409955	6,566479	18,597421	10,227947	19,733512	7,504718	18,432377	15,745835	29,883885	16,709416	28,803030	11,753941	23,606148	10,048797	21,824011	13,070293	16,195419	13,207693	15,885569	9,222211	13,960829	7,891661	14,229770	22,913674	35,955951	21,905924	50,232381	26,783499	46,867135	11,909557	20,872372	15,062299	26,345971	18,414702	25,917616	100,040793	99,977911	33,465728	66,789281	66,999131	67,732030	67,260897	100,109386	100,087619	31,562895
418,00	34,593606	33,830833	34,265426	10,917892	31,612718	12,058292	33,896974	10,728285	17,861368	21,955512	10,600240	19,695321	6,455523	28,507450	13,180752	36,780280	13,180752	31,748244	6,544038	18,770394	10,203117	19,947888	7,490475	18,670650	15,852737	30,246425	16,879719	29,128757	11,846969	23,941033	10,076382	22,126293	13,171761	16,399874	13,323158	16,099440	9,306238	14,175634	7,967036	14,409678	22,854963	36,317739	21,792263	50,482768	26,746434	47,109812	11,915658	21,136747	15,001985	26,551941	18,429843	26,071018	99,905258	99,989182	33,475244	66,760081	66,965163	67,703038	67,168260	100,136721	99,944830	31,549746
420,00	34,634486	33,836511	34,321862	10,886259	31,987393	12,024692	34,247443	10,763318	18,047838	22,137035	10,628643	19,903433	6,388769	28,880674	13,161692	37,091750	13,161692	32,091340	6,545406	18,982512	10,223998	20,161866	7,477341	18,904755	15,941747	30,636087	17,019506	29,443139	11,915790	24,229835	10,103406	22,467043	13,332646	16,666849	13,469124	16,301815	9,405079	14,371900	8,065721	14,652000	22,804290	36,675695	21,714419	50,757432	26,698980	47,375950	11,960596	21,322531	15,007457	26,755545	18,491229	26,267105	99,968237	100,018716	33,513460	66,679877	66,817331	67,571747	67,098200	100,057125	99,958211	31,613255
422,00	34,694511	33,936828	34,328416	10,900512	32,308370	12,061964	34,596187	10,818748	18,272404	22,337002	10,685852	20,118032	6,348128	29,235899	13,134316	37,388539	13,134316	32,482278	6,552216	19,188911	10,284550	20,363687	7,508523	19,122401	16,109304	31,031609	17,168540	29,756084	12,054434	24,537693	10,171907	22,818080	13,510856	16,924706	13,620076	16,494876	9,510157	14,563984	8,177055	14,890909	22,860317	37,024724	21,696633	51,018244	26,734573	47,610134	12,001129	21,526827	15,042965	26,925081	18,552618	26,430660	99,925065	99,975175	33,552438	66,527313	66,725367	67,417097	67,047381	100,120878	99,889165	31,650615
424,00	34,806252	33,998090	34,454200	10,945077	32,701528	12,121517	34,956962	10,855135	18,506153	22,605965	10,740581	20,375805	6,333240	29,664010	13,184732	37,763482	13,184732	32,861841	6,568935	19,456409	10,315275	20,626029	7,536405	19,405144	16,325775	31,460130	17,397869	30,101341	12,175667	24,897966	10,268635	23,199475	13,669430	17,209980	13,764848	16,724169	9,628186	14,798009	8,273284	15,177195	22,926265	37,399709	21,677546	51,293784	26,783723	47,852191	12,044873	21,793050	15,080240	27,185851	18,624991	26,667291	100,005174	99,987912	33,641374	66,509110	66,685480	67,466372	66,981488	100,097585	100,135219	31,708738
426,00	34,838280	34,029043	34,494603	10,937879	33,058921	12,111721	35,366619	10,914202	18,743795	22,791031	10,787365	20,615876	6,278933	30,066329	13,154501	38,112107	13,154501	33,294305	6,566931	19,670695	10,363364	20,838369	7,534851	19,649391	16,407305	31,912979	17,569284	30,438212	12,288469	25,234491	10,310932	23,544329	13,851206	17,480169	13,920227	16,944832	9,720384	15,028825	8,392360	15,388983	22,923201	37,801841	21,628861	51,533014	26,784837	48,193824	12,088914	21,993156	15,115288	27,335796	18,671043	26,804492	99,946672	100,098705	33,653107	66,475707	66,578561	67,287940	66,915208	100,129187	100,023305	31,764561
428,00	34,893912	34,087741	34,510863	10,902599	33,415508	12,077890	35,710374	10,935571	18,983132	23,021935	10,810434	20,868249	6,217093	30,480295	13,091640	38,469943	13,091640	33,704337	6,527954	19,927892	10,373537	21,083724	7,524788	19,921704	16,559117	32,330742	17,783350	30,797058	12,379990	25,568667	10,338438	23,934694	14,002778	17,715406	14,069137	17,163843	9,824291	15,242043	8,471296	15,639253	22,890334	38,142723	21,553898	51,753312	26,740682	48,402566	12,094071	22,260563	15,116534	27,574205	18,698688	26,967984	99,992979	100,015116	33,752388	66,390175	66,513002	67,273176	66,795319	99,995077	100,051153	31,782234
430,00	34,980905	34,164187	34,592026	10,827555	33,829567	12,022770	36,122453	10,931090	19,215392	23,274267	10,819894	21,143784	6,110444	30,850112	13,005908	38,847941	13,005908	34,126690	6,484592	20,164753	10,363806	21,313812	7,479454	20,172097	16,650662	32,802919	17,929631	31,181991	12,470665	25,937292	10,343725	24,359564	14,156902	18,019603	14,206575	17,379741	9,897190	15,486367	8,543827	15,932311	22,811447	38,591975	21,395692	52,017689	26,646927	48,683202	12,101211	22,516333	15,075248	27,754202	18,713436	27,167013	99,990767	100,011241	33,810034	66,247004	66,415453	67,207164	66,738099	100,072443	100,027072	31,849214
432,00	35,006568	34,182015	34,615970	10,707864	34,193888	11,912604	36,541212	10,893201	19,446854	23,516363	10,780513	21,388613	6,013404	31,255606	12,875120	39,234763	12,875120	34,553424	6,424793	20,401664	10,321452	21,565340	7,417086	20,451540	16,708516	33,202440	18,082014	31,551087	12,514344	26,315087	10,309286	24,738027	14,291917	18,331079	14,331891	17,610542	9,955102	15,729955	8,598550	16,179134	22,705550	38,940638	21,199554	52,224064	26,501337	48,921964	12,063508	22,717182	15,036944	27,949995	18,715633	27,328935	99,904776	100,024569	33,810395	66,180539	66,308248	67,084104	66,562009	100,052333	100,023794	31,872854
434,00	35,057104	34,195900	34,688777	10,619212	34,658951	11,812776	36,981887	10,885208	19,715151	23,761649	10,786286	21,647871	5,904116	31,686336	12,748763	39,671910	12,748763	34,991905	6,363259	20,644003	10,308779	21,818133	7,348007	20,734110	16,825955	33,662525	18,275742	31,984609	12,592930	26,722789	10,297602	25,177166	14,436227	18,612996	14,485806	17,850524	10,036644	15,969321	8,646350	16,475372	22,621630	39,360198	20,998901	52,554107	26,376784	49,240103	12,019311	22,977379	14,982136	28,127474	18,699263	27,536556	100,080693	100,069273	33,908698	66,113973	66,347975	67,069006	66,566205	100,000155	100,001144	31,936586
436,00	35,108012	34,305587	34,752125	10,561910	35,115790	11,747003	37,403920	10,880345	19,981293	24,015701	10,808089	21,923149	5,829645	32,127187	12,695019	40,066242	12,695019	35,465026	6,338203	20,909145	10,323187	22,077702	7,330738	21,010453	16,911188	34,161037	18,483694	32,383901	12,683529	27,135840	10,301674	25,622603	14,631960	18,895656	14,618982	18,081327	10,114155	16,229703	8,727565	16,747302	22,557408	39,746380	20,840298	52,743673	26,287764	49,539098	12,033071	23,210257	14,971000	28,348023	18,735968	27,720138	100,034535	99,938321	33,958191	66,040277	66,238058	66,996849	66,491920	100,109088	100,039208	32,020804
438,00	35,158119	34,309977	34,796456	10,600246	35,508016	11,792276	37,801662	10,930289	20,232777	24,239866	10,838964	22,232744	5,819615	32,557225	12,722866	40,469283	12,722866	35,871616	6,363323	21,155070	10,357274	22,341700	7,358867	21,294507	17,087469	34,583265	18,706581	32,755148	12,825803	27,513516	10,368323	26,042238	14,777447	19,178599	14,792272	18,330562	10,223338	16,473414	8,817263	17,012516	22,594199	40,169799	20,818344	53,026831	26,306373	49,769446	12,080412	23,470981	14,972846	28,543705	18,771233	27,882060	100,026429	99,954337	34,014142	65,918922	66,190630	66,898209	66,356474	100,024235	99,996269	32,019454
440,00	35,237122	34,385860	34,858975	10,724762	35,954747	11,937575	38,282984	11,063776	20,544045	24,508467	10,976031	22,510074	5,890072	32,984778	12,865975	40,890533	12,865975	36,332834	6,445462	21,434847	10,490185	22,638123	7,470167	21,579227	17,298241	35,067713	19,025633	33,156767	13,018584	27,948475	10,533649	26,485640	14,986885	19,473247	14,995483	18,554989	10,392200	16,730326	9,001067	17,339863	22,783007	40,537471	20,931770	53,250384	26,470551	50,068957	12,200069	23,704295	15,060188	28,718793	18,888265	28,083169	100,040209	100,046468	34,023875	65,875590	66,045690	66,824704	66,295248	99,986410	100,053084	32,086900
442,00	35,281864	34,401903	34,890306	11,021637	36,428252	12,254725	38,706142	11,265117	20,837635	24,736419	11,185054	22,749254	6,043407	33,516562	13,188128	41,323033	13,188128	36,827812	6,621742	21,663350	10,689852	22,883053	7,673113	21,849006	17,659692	35,518807	19,394410	33,601874	13,375629	28,364214	10,820989	26,958498	15,189622	19,745997	15,225233	18,804602	10,595476	16,958947	9,209039	17,599358	23,143250	40,981188	21,283188	53,509498	26,873326	50,357813	12,391689	23,921920	15,219741	28,905484	19,076997	28,255263	100,006616	100,065398	34,117410	65,761626	66,013789	66,760755	66,238630	99,884552	99,992537	32,096130
444,00	35,346258	34,471977	34,940338	11,483124	36,891824	12,730230	39,149657	11,613009	21,170491	25,020936	11,495999	23,016267	6,309479	34,010142	13,651732	41,728485	13,651732	37,237710	6,889577	21,972328	10,980035	23,145683	8,010907	22,176279	18,115932	35,996127	19,839782	33,999416	13,832368	28,807276	11,231522	27,482474	15,466984	20,046215	15,491673	19,031282	10,911358	17,250451	9,496035	17,895153	23,668550	41,368321	21,800716	53,789496	27,458036	50,659990	12,696138	24,154776	15,484573	29,097086	19,328217	28,435439	99,932867	100,089478	34,108898	65,731639	65,886045	66,666269	66,161138	99,964303	100,011373	32,162148
446,00	35,404664	34,548655	35,007870	12,136874	37,342748	13,383070	39,578483	12,032685	21,507588	25,261173	11,909012	23,306040	6,708744	34,564301	14,374487	42,152500	14,374487	37,662148	7,246178	22,241372	11,367343	23,414321	8,439491	22,435005	18,702786	36,386281	20,416173	34,395438	14,405644	29,188666	11,793622	27,941877	15,786496	20,337529	15,807661	19,276237	11,269084	17,500977	9,873898	18,184626	24,435847	41,733322	22,606018	53,985858	28,244618	50,903648	13,080741	24,364859	15,850067	29,274794	19,694848	28,614852	100,031662	100,002623	34,210160	65,618479	65,874791	66,598219	66,110593	99,991196	100,012243	32,219201
448,00	35,455173	34,556773	35,051233	12,869582	37,772632	14,136061	39,990503	12,502703	21,837957	25,507012	12,334623	23,551659	7,198045	35,067186	15,143512	42,573053	15,143512	38,154015	7,660843	22,502266	11,793768	23,646663	8,907095	22,713518	19,370762	36,878818	20,977134	34,798458	15,040779	29,630727	12,437745	28,458840	16,094448	20,593750	16,123648	19,509242	11,645722	17,732802	10,266617	18,447325	25,220183	42,085683	23,545563	54,209089	29,144326	51,157266	13,475913	24,579877	16,237359	29,431459	20,053060	28,794694	99,980843	100,057459	34,216163	65,568995	65,715271	66,513306	65,994269	99,904269	99,995935	32,230800
450,00	35,490718	34,629267	35,087201	13,697569	38,164747	14,990820	40,390959	13,016820	22,178254	25,749087	12,841511	23,794970	7,742478	35,579646	16,006157	42,976892	16,006157	38,536209	8,096126	22,773273	12,242764	23,905450	9,407861	22,962999	20,143682	37,236461	21,611942	35,218903	15,735996	30,005196	13,165271	28,925690	16,438809	20,864284	16,465053	19,735682	12,088420	17,996112	10,691568	18,736106	26,039109	42,425725	24,605262	54,407287	30,140767	51,385498	13,914989	24,793300	16,698217	29,575577	20,478261	28,925404	99,953508	99,925077	34,259519	65,429598	65,669739	66,413188	65,851545	100,000405	99,953574	32,325694
452,00	35,564196	34,660956	35,157189	14,526939	38,575831	15,829499	40,779647	13,505155	22,517674	25,990626	13,291681	24,089150	8,311096	36,054075	16,867520	43,404117	16,867520	38,969952	8,520564	23,050755	12,678356	24,129686	9,877098	23,230276	20,901909	37,641561	22,194633	35,607284	16,402797	30,418569	13,907689	29,408628	16,769591	21,131170	16,756353	19,959731	12,482782	18,249348	11,103696	18,985328	26,895398	42,769635	25,607306	54,591340	31,103444	51,654571	14,337826	24,994680	17,108646	29,789296	20,858140	29,119691	99,920052	99,944550	34,313050	65,423167	65,611917	66,389239	65,857607	99,941611	99,989629	32,371837
454,00	35,628480	34,712285	35,192943	15,283771	39,021909	16,603965	41,115871	13,938710	22,835693	26,236534	13,706253	24,325378	8,827452	36,560765	17,652278	43,790549	17,652278	39,356148	8,917934	23,336549	13,070247	24,390730	10,298606	23,499176	21,638650	38,018391	22,707373	35,986146	17,034721	30,818683	14,616297	29,852289	17,080477	21,389133	17,062205	20,191613	12,885235	18,515252	11,508927	19,306600	27,609593	43,084395	26,562700	54,754686	31,937075	51,860982	14,719298	25,239408	17,513223	29,940248	21,222730	29,276934	99,897295	99,963069	34,355003	65,317798	65,552157	66,283643	65,747583	99,978369	100,062442	32,423800
456,00	35,645270	34,765977	35,241765	15,926099	39,374873	17,263481	41,529313	14,319378	23,157829	26,431599	14,080487	24,557871	9,288058	37,004879	18,313183	44,115418	18,313183	39,790043	9,246480	23,579222	13,404129	24,598047	10,657070	23,726805	22,314765	38,394782	23,233773	36,319953	17,626798	31,228518	15,247330	30,306768	17,359313	21,638280	17,333305	20,422968	13,219953	18,732986	11,867815	19,545718	28,240880	43,387544	27,366552	54,921955	32,689485	52,049440	15,052480	25,419003	17,858739	30,094692	21,505842	29,425323	99,913985	99,920100	34,388205	65,250158	65,512633	66,253626	65,646577	100,008225	99,987882	32,446375
458,00	35,697097	34,878269	35,273010	16,464728	39,795369	17,774445	41,891149	14,638786	23,400277	26,673675	14,391902	24,773127	9,663198	37,456572	18,832695	44,542876	18,832695	40,139717	9,517673	23,808663	13,687365	24,803381	10,933825	23,948036	22,872609	38,792709	23,657478	36,735114	18,118590	31,616873	15,775816	30,745095	17,639703	21,892244	17,603211	20,627281	13,510953	18,978575	12,206479	19,787872	28,743732	43,740404	28,050888	55,120099	33,303496	52,300954	15,321298	25,595158	18,146309	30,219722	21,807407	29,540396	99,909246	100,007486	34,489289	65,194857	65,446818	66,184598	65,652102	100,045323	99,941343	32,544780
460,00	35,752934	34,883565	35,328907	16,892937	40,186599	18,201503	42,257214	14,890015	23,694974	26,882508	14,619708	24,990530	9,972253	37,839448	19,304457	44,886962	19,304457	40,513217	9,726331	24,069439	13,901122	25,035563	11,155462	24,188203	23,355517	39,136583	24,050097	37,071171	18,545973	31,972361	16,266903	31,139868	17,845894	22,113228	17,796740	20,846061	13,768326	19,204621	12,461539	20,047897	29,176793	43,998155	28,550649	55,330211	33,785689	52,525508	15,554786	25,790247	18,359341	30,396238	21,995457	29,717773	99,957949	99,963182	34,529772	65,137923	65,341532	66,142100	65,612799	100,035465	100,006104	32,581607
462,00	35,800880	34,938318	35,414991	17,196146	40,581635	18,540704	42,604759	15,102141	23,953186	27,102050	14,839335	25,251460	10,207928	38,261119	19,596668	45,266739	19,596668	40,866685	9,912075	24,291612	14,107223	25,266171	11,359255	24,421480	23,752004	39,470446	24,401738	37,456191	18,907018	32,400283	16,642180	31,578490	18,069533	22,346100	18,010737	21,073575	13,984250	19,469965	12,700936	20,298949	29,499543	44,361269	29,000944	55,497724	34,150419	52,755028	15,744245	25,972787	18,591921	30,545777	22,198123	29,890046	99,930263	100,022769	34,580612	65,096110	65,255380	66,045016	65,561885	100,101495	100,020695	32,612932
464,00	35,857919	34,959832	35,444814	17,494045	40,936196	18,825001	42,933404	15,275428	24,171044	27,311242	14,994758	25,446156	10,422568	38,615140	19,889210	45,566905	19,889210	41,177014	10,090275	24,497831	14,247581	25,456980	11,525879	24,663609	24,073783	39,815104	24,731666	37,810668	19,234782	32,772315	16,963691	31,984627	18,250543	22,557107	18,201512	21,301708	14,183700	19,686136	12,917845	20,546934	29,825431	44,589537	29,307598	55,594832	34,465963	52,958941	15,920089	26,187477	18,757287	30,680120	22,353676	29,994076	99,909806	99,959731	34,616080	65,009737	65,193754	65,947413	65,511340	100,052476	100,000489	32,649845
466,00	35,931751	35,030574	35,511398	17,758864	41,301927	19,065839	43,239689	15,463257	24,426809	27,501580	15,171087	25,678620	10,645884	38,961655	20,201457	45,896161	20,201457	41,545314	10,249318	24,706705	14,438321	25,666395	11,731987	24,860559	24,424237	40,120259	25,043198	38,116446	19,571491	33,120930	17,257650	32,342252	18,460847	22,766629	18,373251	21,514292	14,396515	19,911671	13,130982	20,773758	30,145401	44,948003	29,591775	55,757499	34,799483	53,110546	16,111000	26,363313	18,917888	30,806345	22,497904	30,131772	99,993944	99,944651	34,668949	64,945650	65,146673	65,892148	65,430570	100,023520	100,017667	32,696897
468,00	35,969901	35,100463	35,574305	18,020430	41,652989	19,315694	43,542367	15,626635	24,660416	27,728075	15,330821	25,884438	10,859676	39,342210	20,504937	46,252963	20,504937	41,877851	10,413393	24,918221	14,598839	25,842267	11,914830	25,082105	24,688144	40,476114	25,373358	38,451785	19,889662	33,491534	17,565086	32,709751	18,623261	23,019457	18,587846	21,713799	14,583977	20,156211	13,338637	21,009001	30,450657	45,189705	29,863116	55,915934	35,069558	53,307289	16,297925	26,565218	19,037738	30,983388	22,658968	30,289727	99,963564	99,986506	34,734738	64,885223	65,120804	65,864062	65,368479	100,008845	99,989951	32,744718
470,00	36,021435	35,170987	35,605535	18,266144	41,976914	19,565600	43,885979	15,810764	24,852352	27,906811	15,512604	26,066107	11,075465	39,651090	20,761722	46,583480	20,761722	42,188179	10,591403	25,117433	14,773339	26,038760	12,118235	25,300109	24,996552	40,763587	25,695354	38,800851	20,186873	33,868104	17,854042	33,075342	18,803497	23,237567	18,784323	21,911730	14,792770	20,352368	13,537763	21,243750	30,777434	45,442268	30,110317	56,067920	35,348520	53,489900	16,490768	26,721495	19,205195	31,096175	22,819319	30,418938	99,971235	100,005400	34,774464	64,820981	65,075183	65,768522	65,316790	100,073993	99,948043	32,812190
472,00	36,074567	35,202295	35,678840	18,565616	42,319763	19,860163	44,154340	15,973495	25,074950	28,112096	15,669492	26,301843	11,331217	39,973849	21,084733	46,869725	21,084733	42,526084	10,764237	25,336453	14,939444	26,213279	12,327059	25,495321	25,302929	41,037366	25,991222	39,111385	20,489866	34,208423	18,149956	33,440238	18,963604	23,460360	18,956207	22,135898	14,968833	20,584652	13,731734	21,485762	31,086460	45,720237	30,335394	56,199330	35,632843	53,604454	16,694468	26,918703	19,330436	31,234685	22,945726	30,528781	100,063932	100,026393	34,837160	64,795005	65,013063	65,728897	65,248710	99,998826	100,052536	32,847339
474,00	36,125481	35,255015	35,716900	18,809463	42,649496	20,118023	44,446227	16,164871	25,269496	28,318310	15,859608	26,496029	11,530690	40,303698	21,390758	47,127959	21,390758	42,802796	10,941276	25,489730	15,110032	26,387662	12,545903	25,709638	25,593367	41,368467	26,296970	39,405456	20,789683	34,564415	18,414409	33,770013	19,132943	23,650251	19,148274	22,318693	15,130581	20,801924	13,930550	21,707907	31,388167	45,956174	30,586967	56,309539	35,914624	53,775543	16,882610	27,070642	19,424087	31,368569	23,102695	30,653536	99,974555	100,053084	34,863150	64,666975	64,962554	65,624738	65,192986	100,091302	100,028956	32,903939
476,00	36,171070	35,286984	35,745475	19,089326	42,977223	20,367484	44,723710	16,330829	25,473455	28,487819	16,036983	26,686710	11,742145	40,634963	21,695007	47,470161	21,695007	43,070439	11,111702	25,686377	15,273218	26,561260	12,742007	25,884625	25,902724	41,645858	26,602954	39,700657	21,106534	34,882954	18,719119	34,109348	19,316360	23,865926	19,327042	22,506732	15,336059	21,006487	14,134890	21,910192	31,705937	46,220794	30,840272	56,457084	36,211127	53,942740	17,073195	27,212381	19,548516	31,484598	23,242626	30,783254	100,004137	100,043762	34,905183	64,600950	64,891821	65,619111	65,166795	100,020778	99,988067	32,974920
478,00	36,207351	35,353917	35,799554	19,361433	43,264756	20,628454	45,010471	16,487862	25,697681	28,677452	16,200565	26,903415	11,952361	40,897837	21,999162	47,720417	21,999162	43,364099	11,243586	25,862014	15,445299	26,724890	12,943278	26,071140	26,152888	41,923630	26,915798	39,993176	21,401809	35,198566	19,018918	34,421644	19,462273	24,065956	19,519061	22,707644	15,513757	21,241692	14,324009	22,114636	31,954175	46,414495	31,058952	56,589276	36,484858	54,062289	17,237312	27,382728	19,670975	31,613603	23,357303	30,904406	99,987066	99,991488	34,941709	64,508873	64,839083	65,522313	65,072680	100,105631	99,999672	32,992589
480,00	36,256087	35,391954	35,824066	19,592886	43,624896	20,886303	45,300046	16,638662	25,877237	28,886586	16,346307	27,098188	12,127109	41,248435	22,256747	48,055911	22,256747	43,662417	11,389825	26,062056	15,580200	26,904070	13,119967	26,292983	26,476333	42,242393	27,193311	40,333131	21,674246	35,568532	19,274825	34,742016	19,629885	24,264535	19,655427	22,894295	15,671004	21,458741	14,492622	22,336783	32,231766	46,663535	31,264338	56,720066	36,742988	54,231793	17,388710	27,538297	19,780017	31,759268	23,500009	31,013563	100,107670	100,071216	35,011110	64,486539	64,758009	65,477997	65,038455	100,020087	100,025749	33,046901
482,00	36,309633	35,426652	35,886356	19,816208	43,954808	21,087870	45,597717	16,791110	26,070094	29,065469	16,492267	27,273315	12,258036	41,563267	22,438695	48,328000	22,438695	43,921080	11,516932	26,223445	15,715407	27,054384	13,261117	26,483080	26,719710	42,543456	27,449065	40,618271	21,910486	35,864037	19,536899	35,117194	19,797868	24,486499	19,841942	23,090027	15,854250	21,662590	14,683886	22,554120	32,479563	46,937111	31,434664	56,855482	36,971891	54,414815	17,529851	27,691999	19,883890	31,876540	23,630489	31,129631	100,029624	100,145221	35,032985	64,419973	64,724177	65,375227	64,963663	100,024366	100,008583	33,073163
484,00	36,341608	35,468742	35,934094	20,000133	44,236270	21,264057	45,877236	16,926232	26,261389	29,256850	16,634092	27,449113	12,402053	41,807574	22,645350	48,594239	22,645350	44,219151	11,613721	26,394436	15,845287	27,225450	13,407408	26,647216	27,001563	42,817536	27,702522	40,904015	22,181424	36,203748	19,765390	35,424557	19,936268	24,663651	19,999170	23,293863	16,014044	21,863946	14,860170	22,742578	32,701901	47,150436	31,656912	56,946278	37,210733	54,533333	17,672487	27,840781	20,015387	31,969100	23,756458	31,240544	100,008631	100,123978	35,064879	64,347219	64,678633	65,343976	64,903104	100,023282	99,973571	33,109137
486,00	36,416611	35,539159	35,970125	20,154624	44,525710	21,418053	46,114224	17,064914	26,477635	29,451430	16,769731	27,637362	12,488240	42,146155	22,785071	48,836860	22,785071	44,473630	11,720189	26,642513	15,972035	27,399975	13,516678	26,887709	27,239513	43,094140	27,937639	41,189614	22,426376	36,522597	20,000930	35,736144	20,123303	24,909225	20,142931	23,500271	16,174954	22,084241	15,037872	22,986819	32,892409	47,358668	31,857115	57,016283	37,393600	54,641193	17,808130	28,016919	20,145637	32,122609	23,898515	31,366271	99,956912	100,049651	35,122335	64,260048	64,576155	65,253741	64,834422	100,060499	100,021744	33,161554
488,00	36,496890	35,594216	36,059150	20,316783	44,859082	21,578334	46,411130	17,202166	26,679915	29,636574	16,891296	27,826688	12,603320	42,496556	22,949561	49,137887	22,949561	44,783011	11,817562	26,818359	16,071549	27,575764	13,611855	27,075085	27,478671	43,420923	28,208110	41,502494	22,645213	36,901170	20,226626	36,093503	20,273766	25,093397	20,322873	23,690103	16,329017	22,315687	15,209824	23,210955	33,142620	47,632828	32,088456	57,164663	37,639138	54,824615	17,940377	28,170127	20,299259	32,240787	24,019367	31,518301	99,950927	100,095177	35,154143	64,229465	64,511210	65,251374	64,822298	99,995065	100,030422	33,205068
490,00	36,509565	35,635254	36,071190	20,476337	45,171383	21,733652	46,678883	17,313623	26,854390	29,806417	16,998109	28,016046	12,724452	42,836648	23,094721	49,400315	23,094721	45,028725	11,924441	27,018255	16,175500	27,697998	13,716854	27,238011	27,765337	43,692398	28,448361	41,805473	22,905137	37,204415	20,464975	36,405599	20,432635	25,312740	20,492937	23,907442	16,468616	22,509037	15,390563	23,419124	33,375403	47,826207	32,314256	57,230508	37,879980	54,948241	18,081599	28,322315	20,424436	32,359529	24,161834	31,614107	99,974519	100,059521	35,225314	64,192736	64,453387	65,154082	64,725304	100,026524	99,974912	33,251998
492,00	36,570129	35,710415	36,140242	20,656662	45,430833	21,906351	46,906808	17,454368	27,017516	29,962859	17,127571	28,176975	12,866233	43,164861	23,265071	49,653617	23,265071	45,291987	12,036038	27,204096	16,303129	27,889425	13,837452	27,445322	27,992371	43,987742	28,719208	42,090216	23,142651	37,541237	20,708035	36,729741	20,591594	25,516841	20,649455	24,109307	16,641834	22,726475	15,568720	23,637122	33,625808	48,061553	32,578859	57,366723	38,146228	55,083978	18,240221	28,459296	20,574549	32,472956	24,318320	31,727773	99,937195	100,042975	35,259256	64,125180	64,375663	65,117663	64,696103	100,020432	99,928874	33,324373
494,00	36,627501	35,752964	36,203861	20,834774	45,734718	22,057681	47,163618	17,604949	27,201805	30,164394	17,267056	28,361088	13,033251	43,502653	23,454614	49,917808	23,454614	45,555779	12,178630	27,431709	16,418995	28,013921	13,951325	27,627528	28,240454	44,279045	28,972673	42,395437	23,426381	37,902191	20,953898	37,069455	20,768505	25,711599	20,810589	24,311984	16,785747	22,955294	15,754835	23,847251	33,881587	48,317376	32,862994	57,454741	38,396636	55,230719	18,410647	28,649929	20,779449	32,602674	24,481864	31,868783	99,962884	100,120080	35,301435	64,074999	64,297450	65,025628	64,633161	100,075114	100,015807	33,351144
496,00	36,670530	35,779968	36,258900	21,067469	45,961145	22,316313	47,370902	17,727114	27,390701	30,334899	17,415491	28,534031	13,272998	43,791977	23,704088	50,122041	23,704088	45,769873	12,338704	27,628666	16,570587	28,170821	14,096063	27,816084	28,552559	44,541222	29,281077	42,647412	23,719543	38,189018	21,234228	37,327012	20,919739	25,934109	20,962776	24,502689	16,968189	23,164454	15,954301	24,058160	34,243861	48,442087	33,211827	57,549393	38,712212	55,325544	18,572821	28,778413	20,913297	32,680643	24,622086	31,951624	100,074244	100,063956	35,379559	64,006811	64,307535	65,012914	64,564669	100,000834	99,998671	33,379537
498,00	36,751401	35,861441	36,319762	21,322885	46,208420	22,555602	47,606418	17,904550	27,563089	30,526319	17,588824	28,708559	13,567483	44,095773	24,003834	50,362873	24,003834	46,019831	12,549323	27,825996	16,718593	28,314549	14,306788	27,995133	28,859192	44,846672	29,591829	42,939559	24,023341	38,553655	21,555562	37,654838	21,104382	26,135480	21,161599	24,715666	17,142344	23,400484	16,164576	24,297003	34,643936	48,717442	33,594304	57,662529	39,046317	55,456412	18,784292	28,937730	21,126036	32,825607	24,830446	32,132670	100,039518	100,053847	35,403949	63,960510	64,227670	64,940500	64,491516	100,011587	100,051117	33,434850
500,00	36,780101	35,876659	36,370167	21,637374	46,476802	22,865419	47,831866	18,099299	27,718940	30,647036	17,780285	28,856346	13,907817	44,371018	24,351987	50,616014	24,351987	46,283111	12,767930	28,000668	16,938318	28,447419	14,519407	28,155994	29,213917	45,159739	29,928011	43,227416	24,375181	38,863668	21,914317	37,988400	21,264213	26,332763	21,353407	24,894099	17,352086	23,588973	16,376473	24,470086	35,075143	48,897275	33,998379	57,745886	39,430526	55,565327	19,039831	29,049990	21,351221	32,932824	25,023189	32,204360	100,007641	100,037181	35,466194	63,917923	64,149207	64,873040	64,448869	99,975860	99,980426	33,483192
502,00	36,822683	35,926720	36,403292	22,011480	46,689942	23,239858	47,996026	18,329781	27,850980	30,782515	17,987454	28,980869	14,322160	44,674125	24,749093	50,820440	24,749093	46,471962	13,024546	28,161246	17,145824	28,580102	14,802159	28,276160	29,610991	45,392346	30,260086	43,489072	24,745975	39,164504	22,304283	38,236547	21,472366	26,507729	21,578819	25,088847	17,581749	23,796108	16,642804	24,667834	35,527316	49,089676	34,473255	57,775599	39,885953	55,648732	19,280538	29,184276	21,579942	32,997799	25,207487	32,283738	99,993825	99,952334	35,510635	63,791317	64,084411	64,791089	64,326686	100,050199	99,964106	33,524093
504,00	36,872894	36,013484	36,464655	22,430943	46,936768	23,650767	48,198050	18,554215	28,017679	30,949086	18,218951	29,140770	14,795879	44,969377	25,223136	51,030391	25,223136	46,685791	13,304707	28,360575	17,369501	28,729799	15,109380	28,475219	30,011913	45,695740	30,643460	43,771556	25,163656	39,510199	22,752342	38,546464	21,683568	26,724744	21,758541	25,274765	17,803715	24,003096	16,905993	24,876343	36,092830	49,270543	34,990966	57,901675	40,343654	55,780190	19,552577	29,346591	21,819080	33,123356	25,413117	32,382825	100,003946	99,999774	35,581198	63,781101	64,047933	64,792806	64,310575	99,938285	100,002968	33,566701
506,00	36,921060	36,016664	36,517903	22,893620	47,151721	24,128887	48,436597	18,821429	28,195065	31,116381	18,494385	29,299706	15,355137	45,250186	25,737292	51,223874	25,737292	46,899852	13,619721	28,523979	17,635906	28,871307	15,459174	28,639182	30,441713	45,957261	31,044361	44,064572	25,604275	39,831328	23,218575	38,861522	21,878475	26,919875	21,972957	25,470343	18,057005	24,231565	17,180604	25,090733	36,617139	49,484172	35,490441	57,988691	40,828750	55,873215	19,874810	29,486269	22,072057	33,241159	25,671729	32,514250	99,944723	99,951959	35,606042	63,709253	63,953644	64,671689	64,254737	99,988210	99,988645	33,601207
508,00	36,992586	36,061156	36,576977	23,427512	47,380349	24,633181	48,630983	19,101828	28,355831	31,249693	18,769017	29,460439	15,960535	45,504847	26,300174	51,456267	26,300174	47,138488	13,963906	28,717446	17,921156	29,008383	15,829463	28,822404	30,910236	46,219513	31,447446	44,332370	26,060864	40,144446	23,725121	39,171368	22,108707	27,122939	22,196390	25,678727	18,329357	24,442494	17,450634	25,301227	37,197962	49,672258	36,017695	58,052438	41,359797	55,989170	20,177040	29,623926	22,337575	33,345458	25,877988	32,624424	99,974895	99,984431	35,687014	63,666570	63,932735	64,631152	64,193326	99,954814	99,971408	33,656451
510,00	37,061432	36,158526	36,614949	23,972534	47,579843	25,173771	48,798266	19,414982	28,485429	31,424776	19,065814	29,615337	16,612592	45,782718	26,884454	51,674771	26,884454	47,319880	14,321740	28,894374	18,231753	29,138547	16,231960	28,955775	31,410915	46,484134	31,854799	44,545662	26,544267	40,439850	24,228473	39,426234	22,345030	27,305251	22,448951	25,864282	18,594898	24,643712	17,753272	25,484467	37,745506	49,887517	36,583844	58,105934	41,890180	56,085753	20,503594	29,797065	22,585534	33,438838	26,130539	32,724345	99,913949	99,964815	35,725456	63,561398	63,828981	64,598882	64,132333	100,037813	100,045216	33,707437
512,00	37,070698	36,157146	36,671403	24,565949	47,821769	25,754234	48,976436	19,736017	28,654277	31,543079	19,380933	29,743510	17,294838	46,031475	27,540010	51,838446	27,540010	47,522011	14,692837	29,062176	18,532346	29,245594	16,621052	29,124796	31,930199	46,726674	32,270795	44,847143	27,006987	40,754396	24,783525	39,692876	22,568408	27,499643	22,697583	26,063481	18,885094	24,835122	18,070297	25,682765	38,305390	50,067717	37,135658	58,212006	42,387062	56,201094	20,821631	29,928267	22,836296	33,533487	26,352596	32,820809	99,919748	99,998045	35,712060	63,537830	63,712204	64,483994	64,052981	100,094664	99,968320	33,746696
514,00	37,132499	36,226740	36,711866	25,255263	48,005307	26,435205	49,185061	20,072773	28,798255	31,715277	19,711544	29,913044	18,036549	46,296677	28,238434	52,031189	28,238434	47,746667	15,070689	29,246402	18,864565	29,385677	17,055412	29,278427	32,527325	46,971333	32,746732	45,104390	27,558845	41,083294	25,423640	40,026700	22,816554	27,683792	22,899228	26,243219	19,167928	25,056976	18,396178	25,888214	38,912827	50,219893	37,784752	58,270228	42,983496	56,256020	21,118598	30,046871	23,121539	33,645931	26,572216	32,928717	99,981409	99,925858	35,805282	63,483745	63,759166	64,432597	63,968581	100,006437	99,990118	33,803922
516,00	37,159863	36,278516	36,732507	25,934997	48,201549	27,115759	49,367267	20,415230	28,933975	31,842989	20,079158	30,027914	18,788071	46,533716	28,907746	52,221835	28,907746	47,914943	15,458347	29,376191	19,208677	29,515314	17,477691	29,430535	33,100936	47,213241	33,194935	45,377332	28,113458	41,391185	26,040861	40,289003	23,042370	27,884018	23,165677	26,438212	19,487852	25,250360	18,685584	26,068041	39,489648	50,413960	38,411123	58,347809	43,568602	56,346792	21,435811	30,174163	23,373705	33,712116	26,825693	33,006346	100,020099	99,902117	35,845271	63,395298	63,687044	64,385384	63,906515	100,030553	99,933988	33,846408
518,00	37,245837	36,314666	36,809719	26,589662	48,420814	27,752492	49,572057	20,760509	29,135141	32,021594	20,409422	30,181423	19,530421	46,771675	29,625085	52,410090	29,625085	48,105475	15,829134	29,568031	19,503771	29,682031	17,860317	29,578456	33,683869	47,492972	33,628723	45,610976	28,625244	41,683951	26,683763	40,565190	23,252262	28,057164	23,393875	26,638037	19,752386	25,473505	19,018778	26,270786	40,064090	50,592279	38,995016	58,457541	44,104049	56,453258	21,721438	30,324081	23,632833	33,851349	27,048287	33,126691	99,975932	99,930918	35,902250	63,362563	63,647735	64,369637	63,823801	100,017929	99,998665	33,873722
520,00	37,304875	36,363274	36,860263	27,300873	48,657477	28,458810	49,737471	21,110220	29,281759	32,152835	20,767979	30,353075	20,318405	47,015220	30,289459	52,608633	30,289459	48,320365	16,205780	29,722738	19,851618	29,817957	18,296494	29,772750	34,357321	47,743362	34,110215	45,856467	29,200241	42,002097	27,376741	40,859753	23,498526	28,264907	23,622899	26,850581	20,051044	25,682828	19,320863	26,491454	40,643772	50,777256	39,693528	58,484054	44,748574	56,586307	22,044082	30,473977	23,927189	33,962512	27,273566	33,257079	100,023127	99,911654	35,936695	63,313925	63,629812	64,316618	63,796204	100,081015	100,051761	33,923137
522,00	37,356740	36,403126	36,907241	27,977091	48,885667	29,145306	49,968857	21,456188	29,445156	32,316443	21,109034	30,489054	21,081381	47,240090	30,996194	52,789509	30,996194	48,519406	16,551942	29,900685	20,159620	29,922453	18,666634	29,924923	34,989202	47,994044	34,565675	46,144551	29,724953	42,322415	28,033090	41,143987	23,735346	28,463274	23,885265	27,026790	20,354229	25,892180	19,626306	26,689655	41,213945	50,999838	40,348598	58,575398	45,309228	56,664377	22,361606	30,602238	24,207635	34,064692	27,522784	33,331528	99,998045	99,935645	35,989684	63,243926	63,552064	64,290816	63,740230	100,011659	100,049889	33,964166
524,00	37,408993	36,467698	36,972511	28,685609	49,041355	29,802555	50,104517	21,803387	29,594138	32,481477	21,446249	30,674091	21,792802	47,504857	31,658378	52,976942	31,658378	48,706898	16,914520	30,061638	20,479426	30,069694	19,059590	30,095059	35,629568	48,240298	35,034665	46,391824	30,290657	42,624483	28,718370	41,457236	23,993202	28,630811	24,126007	27,238631	20,667668	26,113370	19,986019	26,912650	41,825339	51,137424	41,070750	58,645862	45,951992	56,745160	22,668840	30,749744	24,481623	34,154195	27,769390	33,458427	100,036573	99,899393	36,058259	63,234597	63,459152	64,226907	63,675445	100,066185	100,027966	34,002027
526,00	37,421542	36,508480	36,971462	29,283080	49,312076	30,398694	50,311744	22,118936	29,718506	32,600671	21,770926	30,790293	22,485745	47,748870	32,252923	53,192651	32,252923	48,936567	17,250139	30,230215	20,771870	30,170470	19,399123	30,209005	36,236724	48,499724	35,405841	46,690217	30,835286	42,934498	29,369566	41,775998	24,211773	28,818050	24,333686	27,417502	20,961870	26,279742	20,287113	27,083158	42,406163	51,350540	41,754195	58,728606	46,544746	56,848061	22,968964	30,856726	24,783486	34,251606	28,005546	33,518529	99,960327	99,983656	36,068961	63,171262	63,428247	64,186066	63,657224	100,077665	99,977088	34,056798
528,00	37,487754	36,556771	37,042749	29,854286	49,487495	30,993223	50,478196	22,446354	29,865077	32,719368	22,070065	30,912763	23,122010	47,991788	32,851306	53,377414	32,851306	49,117291	17,553301	30,375820	21,062352	30,302319	19,745873	30,367956	36,831799	48,762482	35,832545	46,917620	31,349710	43,287572	30,016810	42,041287	24,436019	29,011771	24,572012	27,559736	21,222419	26,503849	20,616011	27,292413	43,003517	51,539332	42,450368	58,796984	47,171748	56,947154	23,289730	30,995992	25,107470	34,319958	28,253534	33,638564	99,982107	99,974424	36,142775	63,059634	63,380903	64,140612	63,565612	100,112045	99,971163	34,100583
530,00	37,515473	36,614007	37,066877	30,393949	49,722385	31,461486	50,681543	22,702157	30,023062	32,898667	22,340614	31,097421	23,702043	48,199052	33,351535	53,595251	33,351535	49,320707	17,830697	30,534771	21,320781	30,438271	20,063743	30,544528	37,402302	49,004266	36,207896	47,139081	31,832725	43,596470	30,654252	42,349184	24,671051	29,203078	24,787265	27,771068	21,493603	26,702508	20,880690	27,481213	43,595546	51,695997	43,132317	58,877009	47,699928	57,049358	23,595069	31,133947	25,398567	34,446797	28,477350	33,706701	99,967432	99,976236	36,174735	63,079220	63,295704	64,036316	63,503468	100,080872	100,022364	34,129691
532,00	37,574795	36,621362	37,137496	30,849138	49,897975	31,907454	50,861597	22,956055	30,172169	33,035719	22,581266	31,243673	24,197464	48,407087	33,814269	53,758419	33,814269	49,498072	18,056564	30,685562	21,548395	30,602083	20,356859	30,706370	37,979403	49,251211	36,603686	47,449821	32,314080	43,919510	31,244835	42,612895	24,869046	29,423338	24,975128	27,990440	21,747237	26,944327	21,170968	27,668187	44,182202	51,826996	43,799236	58,913630	48,251981	57,086188	23,879215	31,273296	25,688639	34,515893	28,709736	33,815673	99,997312	100,024760	36,224231	62,991703	63,250327	64,011198	63,455796	100,070667	99,998355	34,182906
534,00	37,630329	36,723632	37,209049	31,259197	50,105298	32,324535	51,018459	23,189311	30,301443	33,182153	22,822675	31,359321	24,605742	48,600301	34,224597	53,920496	34,224597	49,661106	18,312095	30,861750	21,785428	30,702344	20,610484	30,873191	38,487008	49,534953	36,994678	47,686303	32,767814	44,206458	31,842291	42,978868	25,089595	29,619461	25,199324	28,193799	21,999674	27,159417	21,459202	27,907795	44,762847	52,028155	44,472581	59,043193	48,783383	57,161027	24,190430	31,426227	26,023805	34,665030	28,965271	33,931258	100,006616	99,956131	36,252829	62,917483	63,239670	63,993281	63,421500	100,115812	100,103986	34,217975
536,00	37,675637	36,726943	37,246764	31,551567	50,302517	32,608348	51,197374	23,363447	30,445746	33,308628	23,012245	31,500283	24,926311	48,852122	34,540328	54,152906	34,540328	49,878067	18,481757	30,999777	21,961968	30,827874	20,839003	30,974144	38,953626	49,793214	37,320521	47,987640	33,162838	44,538671	32,410026	43,292245	25,300583	29,820859	25,383687	28,376880	22,216851	27,369568	21,741152	28,094643	45,274484	52,226985	45,119357	59,073257	49,309835	57,320952	24,460948	31,565160	26,280400	34,731683	29,159492	34,022513	99,971229	100,042760	36,307561	62,903643	63,131875	63,890630	63,390076	100,081217	100,076270	34,273377
538,00	37,747574	36,763045	37,305987	31,760082	50,533110	32,837987	51,329392	23,490429	30,595434	33,450231	23,149854	31,659120	25,198364	49,068338	34,792393	54,323059	34,792393	50,024235	18,606603	31,154475	22,117224	30,945253	21,038562	31,138879	39,388674	50,043994	37,642831	48,250163	33,586174	44,882315	32,932794	43,610719	25,442228	30,025905	25,534126	28,571558	22,411491	27,571392	21,948297	28,325611	45,818210	52,422231	45,702454	59,167182	49,742681	57,383585	24,725415	31,686258	26,592389	34,813756	29,372808	34,132090	99,993646	100,085962	36,379093	62,842274	63,078904	63,763976	63,324517	100,101078	99,988937	34,319675
540,00	37,741140	36,805806	37,333411	31,997135	50,651079	33,021912	51,469284	23,637021	30,694881	33,576792	23,278466	31,781605	25,409624	49,242696	35,019422	54,471105	35,019422	50,211251	18,723242	31,301954	22,231886	31,064937	21,226883	31,279501	39,838749	50,296283	37,933716	48,495480	33,989072	45,176974	33,396670	43,896782	25,651437	30,203199	25,732020	28,732473	22,588401	27,777234	22,163875	28,508842	46,318236	52,578372	46,273917	59,183365	50,194305	57,422036	24,964170	31,802413	26,837024	34,901673	29,573128	34,214085	100,036883	100,034964	36,450109	62,775695	63,057971	63,754123	63,254517	100,016391	100,012720	34,347549
542,00	37,792924	36,845815	37,355611	32,146281	50,876421	33,135444	51,651573	23,745459	30,838579	33,698705	23,399523	31,901303	25,527900	49,460545	35,198066	54,638642	35,198066	50,379366	18,827644	31,444612	22,352432	31,175748	21,391413	31,431380	40,220270	50,573242	38,227853	48,728362	34,358898	45,475662	33,856136	44,210634	25,801948	30,399793	25,865388	28,926879	22,761340	27,986610	22,389521	28,704682	46,773043	52,740657	46,731794	59,277993	50,582415	57,515204	25,186220	31,936142	27,047452	34,991151	29,729697	34,291980	99,993759	100,028741	36,460504	62,725925	62,955064	63,696730	63,189852	100,016487	100,048244	34,396327
544,00	37,835684	36,877429	37,421817	32,337961	51,040852	33,314803	51,809996	23,850554	30,963969	33,824119	23,524775	32,023510	25,676087	49,631926	35,415086	54,745412	35,415086	50,564390	18,922253	31,579658	22,489317	31,286311	21,559294	31,536126	40,649417	50,803697	38,550925	48,990014	34,724504	45,761290	34,329686	44,517532	25,976208	30,561358	26,020408	29,125482	22,939426	28,182372	22,584525	28,895092	47,238106	52,899367	47,219858	59,329933	50,998545	57,586235	25,412726	32,043537	27,261439	35,100928	29,887477	34,385854	99,981153	99,999976	36,511004	62,637973	62,934041	63,642478	63,152200	99,959368	100,017631	34,415808
546,00	37,900698	36,947042	37,459010	32,494727	51,240999	33,451140	51,977122	23,958306	31,120816	33,986628	23,647879	32,167071	25,775579	49,854198	35,585654	54,965025	35,585654	50,764680	19,010769	31,729609	22,603364	31,409234	21,735145	31,696814	41,008222	51,095152	38,816461	49,272016	35,092998	46,108222	34,780049	44,839752	26,147336	30,766356	26,211321	29,312727	23,134662	28,406346	22,781193	29,122275	47,640464	53,084797	47,627246	59,430927	51,322633	57,678372	25,636733	32,187366	27,443770	35,187706	30,047590	34,478897	100,005686	100,046706	36,562678	62,633020	62,820709	63,594556	63,132447	100,032127	100,049162	34,491870
548,00	37,946361	36,970967	37,523565	32,644969	51,426119	33,585480	52,130705	24,090667	31,246912	34,122753	23,780073	32,308882	25,885746	50,048554	35,736647	55,120683	35,736647	50,902557	19,105907	31,858492	22,721912	31,522575	21,882078	31,847480	41,360110	51,370645	39,126611	49,481565	35,420182	46,397862	35,166946	45,136642	26,298955	30,972728	26,376927	29,523373	23,274048	28,606007	22,964323	29,308090	48,013929	53,223413	47,975653	59,455746	51,686156	57,778507	25,804448	32,311437	27,626675	35,310414	30,210689	34,571174	99,996930	100,062382	36,573714	62,572503	62,820417	63,535273	63,070714	99,975616	100,059342	34,510627
550,00	37,987998	37,027350	37,549141	32,794499	51,616699	33,706579	52,297044	24,196848	31,391740	34,251508	23,906879	32,426408	25,973311	50,216264	35,896170	55,285943	35,896170	51,101416	19,189791	31,995946	22,854748	31,638011	22,055249	31,998342	41,638416	51,599628	39,415464	49,748096	35,745743	46,700677	35,558814	45,478994	26,462406	31,154850	26,532459	29,684523	23,437043	28,804159	23,122776	29,514909	48,339587	53,398705	48,325169	59,538352	51,936758	57,810080	25,963587	32,433629	27,788770	35,379285	30,338812	34,644628	99,972558	100,022066	36,632529	62,524533	62,736034	63,466609	63,005692	100,001454	100,025713	34,562075
552,00	38,023713	37,040210	37,611252	32,950678	51,799184	33,878499	52,431858	24,318400	31,521541	34,379309	24,019097	32,574046	26,060691	50,435555	36,044893	55,414373	36,044893	51,237947	19,261995	32,144815	22,952992	31,763765	22,188281	32,124865	41,953507	51,865959	39,734051	49,992484	36,111224	46,994880	35,912883	45,782635	26,612088	31,337366	26,703879	29,879400	23,591612	29,028440	23,257676	29,724920	48,650542	53,536475	48,592022	59,603065	52,206534	57,867485	26,140314	32,557750	27,896085	35,454068	30,478305	34,764144	100,044048	100,028050	36,689228	62,462783	62,710243	63,440639	62,921059	99,959755	99,990374	34,613463
554,00	38,094485	37,107164	37,661421	33,066845	52,011150	34,030932	52,622622	24,444245	31,681955	34,555739	24,153310	32,722256	26,140919	50,627255	36,196682	55,618054	36,196682	51,473743	19,344634	32,328570	23,085243	31,895912	22,324699	32,308629	42,179355	52,152526	40,035421	50,270188	36,415231	47,323176	36,197457	46,138391	26,733860	31,536692	26,876384	30,075699	23,722383	29,276896	23,380870	29,936862	48,931012	53,757513	48,814479	59,695703	52,406806	58,001226	26,287127	32,706130	28,036115	35,595733	30,576712	34,841597	100,036395	100,073695	36,755431	62,414348	62,653786	63,332504	62,942415	100,031054	100,057817	34,641638
556,00	38,088760	37,145519	37,717134	33,195913	52,126843	34,128663	52,751410	24,513891	31,821373	34,671843	24,245220	32,836637	26,170665	50,795519	36,282262	55,762959	36,282262	51,611274	19,402474	32,428473	23,174293	31,974748	22,452281	32,405177	42,386684	52,369738	40,284166	50,497067	36,710158	47,639415	36,440411	46,421969	26,846433	31,736305	27,017319	30,251873	23,835810	29,449332	23,478509	30,147099	49,188590	53,845465	48,972407	59,695530	52,588236	58,051896	26,387197	32,818097	28,120854	35,665542	30,678016	34,927836	100,042152	100,017142	36,795792	62,315565	62,629849	63,327271	62,846279	99,941289	100,063360	34,684521
558,00	38,181397	37,202892	37,757617	33,257139	52,325445	34,174988	52,876300	24,611416	31,950983	34,792769	24,356101	32,995185	26,129922	50,949413	36,335385	55,913687	36,335385	51,767039	19,445257	32,600889	23,254853	32,109174	22,556224	32,571194	42,495146	52,622157	40,532273	50,723988	36,934280	47,906122	36,607769	46,703625	26,934206	31,907824	27,170104	30,424610	23,947676	29,667807	23,551112	30,331153	49,343759	54,001391	49,032497	59,735876	52,683496	58,093840	26,477844	32,941455	28,181836	35,771334	30,740866	35,028231	99,971408	100,034201	36,831504	62,278652	62,538028	63,247317	62,834316	99,985391	100,053644	34,731016
560,00	38,219509	37,262821	37,790897	33,316246	52,504736	34,223554	53,043592	24,665412	32,080448	34,921491	24,422705	33,104542	26,046774	51,153475	36,375219	56,067067	36,375219	51,937038	19,465195	32,716033	23,339373	32,221428	22,646217	32,713401	42,605650	52,905130	40,767682	50,965548	37,116963	48,209345	36,706707	47,032928	27,045685	32,083377	27,313399	30,622110	24,023643	29,859763	23,602308	30,514130	49,480674	54,130107	49,055672	59,820521	52,761459	58,178532	26,574245	33,034021	28,210530	35,830852	30,817437	35,102549	100,039899	100,012314	36,869311	62,218368	62,505734	63,184488	62,785101	100,031233	100,015259	34,771901
562,00	38,238066	37,302840	37,821597	33,278054	52,631301	34,164637	53,165072	24,707486	32,180133	35,048389	24,462734	33,191976	25,908393	51,321083	36,331153	56,184870	36,331153	52,068251	19,440001	32,827654	23,362975	32,324079	22,721300	32,825148	42,622352	53,131139	40,940848	51,180929	37,295052	48,456410	36,778343	47,270375	27,124751	32,260764	27,426448	30,777645	24,087404	30,050310	23,637420	30,686080	49,556717	54,268754	49,008492	59,867728	52,776647	58,223248	26,610824	33,131242	28,227651	35,918209	30,867651	35,169044	99,987513	99,977875	36,904597	62,191021	62,447011	63,121766	62,711698	100,030017	99,966437	34,804571
564,00	38,308221	37,312171	37,880671	33,191758	52,817702	34,053344	53,283304	24,690314	32,317594	35,197464	24,481843	33,355287	25,686118	51,459062	36,234623	56,331021	36,234623	52,190226	19,394307	32,967263	23,381801	32,414940	22,733527	32,977626	42,630327	53,339416	41,117460	51,383781	37,396702	48,734847	36,766106	47,558606	27,152181	32,442951	27,527323	30,974755	24,128298	30,244100	23,617642	30,887190	49,588725	54,392004	48,883775	59,899068	52,748954	58,280444	26,637825	33,256507	28,186303	36,009818	30,869234	35,255650	100,023365	99,964803	36,944285	62,112683	62,383991	63,098627	62,629545	99,996668	100,012434	34,842816
566,00	38,353905	37,370726	37,914109	33,039439	52,968144	33,924010	53,406048	24,685721	32,459241	35,338500	24,472561	33,480832	25,433409	51,612842	36,077327	56,488079	36,077327	52,393502	19,352856	33,112040	23,387775	32,542446	22,774275	33,132589	42,567226	53,599298	41,268647	51,627749	37,487948	48,999083	36,701480	47,865695	27,176973	32,617351	27,639410	31,144652	24,149188	30,455279	23,621355	31,084126	49,623695	54,553789	48,743150	59,987396	52,728993	58,361387	26,653966	33,396617	28,142294	36,102816	30,911249	35,339358	100,044417	100,063181	37,002373	62,079650	62,357223	63,064563	62,662894	99,999166	100,030422	34,875816
568,00	38,380224	37,425107	37,952891	32,801342	53,097498	33,665389	53,517348	24,643487	32,538527	35,459042	24,447033	33,601832	25,085568	51,736754	35,841182	56,572711	35,841182	52,510810	19,263950	33,197170	23,341906	32,645851	22,776678	33,229131	42,462194	53,787041	41,363630	51,785755	37,509006	49,233148	36,557761	48,107654	27,219489	32,792991	27,711311	31,296578	24,149708	30,651298	23,555918	31,276825	49,548295	54,648179	48,490307	59,990495	52,580434	58,389223	26,665929	33,500293	28,083867	36,207217	30,912808	35,410032	100,022280	100,011802	37,020388	61,968201	62,320465	63,013583	62,574488	100,040448	100,020504	34,916005
570,00	38,410699	37,436828	37,965178	32,549384	53,231502	33,385858	53,637183	24,554700	32,633519	35,560405	24,376686	33,720389	24,688858	51,859009	35,576341	56,720465	35,576341	52,592385	19,152091	33,297351	23,279157	32,732925	22,724460	33,343807	42,310697	54,005986	41,435683	51,973826	37,495881	49,480942	36,366025	48,321494	27,209368	32,955581	27,783352	31,446639	24,111153	30,806199	23,505367	31,431973	49,496731	54,779178	48,239648	60,045564	52,449811	58,420938	26,638210	33,609000	27,978364	36,284682	30,891055	35,478488	100,057828	100,051641	37,073758	61,939937	62,284249	62,972814	62,547475	99,976999	99,950129	34,951696
572,00	38,476145	37,478709	38,045239	32,230228	53,378487	33,025056	53,699833	24,450627	32,773894	35,713643	24,299872	33,845511	24,266428	51,965916	35,283870	56,819105	35,283870	52,665907	19,050747	33,448339	23,214592	32,834798	22,698346	33,485734	42,128581	54,182732	41,475946	52,161664	37,460712	49,654126	36,180186	48,577473	27,214664	33,133358	27,839267	31,604534	24,071841	31,005484	23,415655	31,619510	49,361792	54,852861	47,929278	60,057092	52,265447	58,446825	26,612639	33,725688	27,887896	36,373973	30,874121	35,549346	100,054371	99,965012	37,123775	61,862832	62,249595	62,919396	62,508333	99,967694	100,027084	35,021487
574,00	38,493487	37,519318	38,064274	31,854090	53,498489	32,637036	53,798109	24,336667	32,839328	35,805425	24,230257	33,949172	23,820232	52,073073	34,894252	56,935209	34,894252	52,784508	18,936653	33,534864	23,119907	32,924011	22,652058	33,583459	41,917881	54,376763	41,457975	52,315849	37,332973	49,919471	35,912904	48,803824	27,215847	33,268464	27,906594	31,768093	24,055216	31,189767	23,322803	31,758058	49,216834	54,991555	47,559938	60,105079	52,056086	58,502769	26,570511	33,836287	27,767530	36,465609	30,849630	35,623342	99,994493	99,992406	37,118119	61,805314	62,180841	62,798613	62,462586	100,008237	99,974906	35,065389
576,00	38,565913	37,600568	38,125825	31,480083	53,641224	32,255346	53,880870	24,228594	32,935262	35,945460	24,096879	34,069547	23,374535	52,198869	34,526625	57,040197	34,526625	52,904052	18,805990	33,621657	23,024091	33,019084	22,578231	33,692649	41,713896	54,571551	41,460666	52,478284	37,245262	50,115269	35,669827	49,000940	27,228227	33,450466	27,951574	31,882110	23,999295	31,376824	23,239781	31,927675	49,075821	55,089819	47,220108	60,181427	51,817352	58,543265	26,520318	33,941796	27,671617	36,560500	30,820298	35,707042	100,015950	100,021541	37,138611	61,796618	62,139970	62,734520	62,399876	100,030136	99,942487	35,084409
578,00	38,606015	37,588516	38,171193	31,096506	53,713799	31,851667	53,985387	24,105890	33,030644	36,042109	23,991653	34,191853	22,953056	52,270496	34,148553	57,083404	34,148553	52,952307	18,672445	33,754504	22,946158	33,108783	22,516948	33,769816	41,523799	54,691565	41,502118	52,607125	37,146178	50,281787	35,464421	49,173009	27,219072	33,587915	27,971607	32,019883	23,929843	31,521338	23,142010	32,070750	48,928565	55,153924	46,889016	60,156381	51,612848	58,544737	26,504582	34,039092	27,571651	36,633432	30,773637	35,761720	100,013971	99,986917	37,217224	61,694026	62,109959	62,733501	62,300730	100,032640	100,008893	35,113919
580,00	38,623357	37,644574	38,194138	30,714616	53,809899	31,464982	54,032636	23,959957	33,100805	36,152285	23,871230	34,272444	22,535692	52,398777	33,778340	57,168138	33,778340	53,078240	18,552719	33,831701	22,847848	33,163512	22,475936	33,902103	41,303053	54,864645	41,429871	52,748239	37,025625	50,480986	35,198632	49,387580	27,184659	33,727214	27,999288	32,167110	23,887457	31,677020	23,039833	32,211921	48,771709	55,231059	46,570885	60,190141	51,366502	58,570296	26,428950	34,114873	27,479315	36,713064	30,741885	35,822228	99,990404	100,025105	37,229732	61,637682	62,022996	62,683344	62,287581	100,021338	99,948519	35,161328
582,00	38,709164	37,702218	38,281205	30,369925	53,913665	31,113186	54,076785	23,843771	33,209553	36,263093	23,764683	34,391767	22,146448	52,495992	33,472481	57,284540	33,472481	53,160542	18,436550	33,959162	22,755459	33,250710	22,394934	34,011966	41,146860	54,978579	41,415039	52,888167	36,922589	50,646788	35,001191	49,564034	27,201152	33,874738	28,045666	32,300368	23,821944	31,830597	22,941476	32,360536	48,666823	55,320305	46,262753	60,227942	51,159537	58,606809	26,382196	34,237942	27,374080	36,808985	30,721477	35,909969	99,973279	100,000918	37,275460	61,632693	61,991191	62,605709	62,231922	100,074899	100,012636	35,205859
584,00	38,754639	37,732080	38,326299	30,059525	53,995723	30,766395	54,137868	23,742671	33,286691	36,361396	23,684524	34,490168	21,771197	52,571046	33,147934	57,344645	33,147934	53,238755	18,345173	34,082526	22,686106	33,358461	22,369337	34,123144	40,981141	55,154693	41,365418	52,996117	36,819440	50,811219	34,803528	49,751046	27,183864	34,016150	28,088155	32,455409	23,792133	31,985739	22,881027	32,517320	48,517555	55,391639	45,960671	60,238808	50,960606	58,654523	26,341549	34,333715	27,293265	36,888659	30,712140	35,957921	99,992162	100,051534	37,302825	61,604530	61,927265	62,545162	62,170845	100,080633	100,063646	35,230282
586,00	38,793287	37,773427	38,348022	29,758543	54,067498	30,471432	54,272139	23,640442	33,362740	36,453706	23,567358	34,564695	21,456455	52,704096	32,846487	57,427293	32,846487	53,315979	18,253817	34,149781	22,599944	33,415553	22,352158	34,219420	40,882176	55,258405	41,330138	53,132463	36,765537	50,968063	34,674367	49,902499	27,180490	34,140387	28,118962	32,553613	23,753195	32,111531	22,810940	32,617009	48,422086	55,479914	45,743954	60,260046	50,803655	58,717817	26,293358	34,408638	27,188289	36,935580	30,681717	36,022958	99,966490	100,030863	37,352818	61,556214	61,874443	62,495059	62,149769	100,041842	99,989218	35,298499
588,00	38,860267	37,813109	38,408461	29,476625	54,142189	30,153832	54,318660	23,549324	33,450428	36,545280	23,501869	34,677178	21,144317	52,745306	32,593030	57,509679	32,593030	53,402942	18,150607	34,252766	22,542775	33,521807	22,312874	34,311822	40,750840	55,374515	41,354665	53,215653	36,686367	51,110607	34,514955	50,077689	27,179933	34,288329	28,117833	32,692376	23,705518	32,248569	22,731230	32,782537	48,322892	55,531579	45,517409	60,268950	50,638264	58,718640	26,266697	34,517539	27,125403	37,021735	30,660060	36,108217	99,953562	100,041020	37,416005	61,479771	61,835194	62,485862	62,114578	100,049210	100,006485	35,305351
590,00	38,881832	37,858918	38,439232	29,187948	54,163522	29,857612	54,346675	23,450987	33,521184	36,628133	23,421595	34,745228	20,845994	52,784306	32,306463	57,494920	32,306463	53,435862	18,078591	34,337193	22,495902	33,564076	22,284086	34,412974	40,650740	55,465657	41,320881	53,290617	36,639270	51,223266	34,439057	50,228405	27,186474	34,376040	28,169811	32,777074	23,675333	32,389545	22,670481	32,903436	48,212728	55,551082	45,280865	60,280454	50,512487	58,698750	26,249155	34,588897	27,056807	37,080655	30,619752	36,143053	99,980223	100,015330	37,468871	61,424959	61,782765	62,451738	62,028801	100,056553	100,026619	35,337049
592,00	38,938522	37,914294	38,504660	28,967097	54,237801	29,616171	54,401463	23,377486	33,637416	36,716202	23,352280	34,863079	20,596121	52,874410	32,097298	57,622284	32,097298	53,511494	18,005642	34,437516	22,457238	33,644485	22,250211	34,521902	40,559658	55,572170	41,315663	53,395438	36,609268	51,354253	34,388390	50,375122	27,210683	34,514254	28,203502	32,913268	23,647505	32,522771	22,618704	33,029330	48,161209	55,630696	45,096755	60,295242	50,401396	58,723402	26,245418	34,672347	27,020538	37,161773	30,645683	36,219200	100,011325	100,046909	37,479287	61,399221	61,735910	62,406123	61,996323	100,003600	100,050569	35,371199
594,00	38,953164	37,991247	38,535830	28,701040	54,303908	29,370275	54,428846	23,306105	33,708924	36,793146	23,298293	34,924224	20,329133	52,927458	31,836963	57,642275	31,836963	53,538090	17,943183	34,528056	22,411719	33,726996	22,255552	34,605253	40,495881	55,652618	41,288036	53,462338	36,551422	51,468295	34,273469	50,508916	27,233443	34,624520	28,255579	33,027312	23,654968	32,637787	22,601704	33,137006	48,066670	55,666494	44,900489	60,263789	50,213927	58,742863	26,243645	34,741977	26,973259	37,231550	30,626276	36,279142	99,912953	100,016224	37,509191	61,327916	61,644548	62,326580	61,942059	100,013733	100,039029	35,431823
596,00	38,986516	37,993848	38,590622	28,480044	54,345137	29,154930	54,466051	23,231754	33,775234	36,846733	23,248035	34,981918	20,098619	53,000283	31,667310	57,681400	31,667310	53,552669	17,874509	34,608138	22,364303	33,816347	22,242646	34,662995	40,433207	55,733460	41,279224	53,533965	36,522400	51,573646	34,243381	50,634092	27,205673	34,742466	28,272837	33,124334	23,600808	32,744086	22,542290	33,273789	48,025474	55,719703	44,790781	60,267311	50,143820	58,727461	26,252291	34,816334	26,900679	37,292889	30,621749	36,356044	99,958420	100,018680	37,557980	61,260444	61,597788	62,302679	61,872029	100,008309	100,006759	35,461175
598,00	39,045057	38,064498	38,617936	28,300643	54,340291	28,949112	54,484904	23,191082	33,859009	36,930901	23,193446	35,074407	19,887234	53,045070	31,468096	57,681251	31,468096	53,651690	17,819948	34,698528	22,325698	33,871239	22,212280	34,766209	40,390345	55,802721	41,279143	53,632885	36,471725	51,706839	34,190667	50,726599	27,249002	34,857890	28,325632	33,232868	23,596615	32,872596	22,520465	33,385068	47,970259	55,748367	44,671333	60,291445	50,039262	58,738959	26,266873	34,899667	26,882005	37,351218	30,625078	36,414614	99,993509	99,980623	37,627006	61,197847	61,552382	62,253404	61,828291	100,043190	100,015008	35,499251
600,00	39,080220	38,095340	38,649666	28,061050	54,387879	28,707525	54,527378	23,090102	33,926320	37,002975	23,135057	35,155025	19,624424	53,106350	31,228495	57,747018	31,228495	53,662103	17,732853	34,746292	22,269639	33,919770	22,211270	34,837434	40,272409	55,913770	41,228580	53,699452	36,427802	51,817292	34,076890	50,854278	27,232811	34,937161	28,340566	33,319500	23,567361	32,987949	22,468773	33,479747	47,909039	55,787402	44,473380	60,255951	49,908516	58,768529	26,255715	34,952745	26,835221	37,406886	30,612653	36,453193	99,951804	100,009632	37,646991	61,182696	61,482453	62,148833	61,768311	100,010920	99,962938	35,554469
602,00	39,121917	38,132381	38,698152	27,841696	54,437017	28,477234	54,552609	23,035286	33,987817	37,049058	23,067740	35,220283	19,341442	53,117162	31,022340	57,782274	31,022340	53,706414	17,657436	34,825599	22,207589	33,963811	22,161154	34,896433	40,171665	55,983949	41,198212	53,757900	36,342457	51,910657	33,960655	50,985903	27,225119	35,076845	28,386775	33,433160	23,532262	33,072427	22,403681	33,578339	47,830215	55,819178	44,308135	60,237336	49,787137	58,727270	26,241377	35,034892	26,787031	37,440234	30,613494	36,510617	99,984223	100,011194	37,725341	61,119670	61,505628	62,188447	61,698020	100,024867	99,970657	35,600322
604,00	39,172336	38,169917	38,723460	27,551222	54,462147	28,203949	54,562080	22,937229	34,050399	37,128139	22,981539	35,278285	19,022131	53,159451	30,724871	57,794577	30,724871	53,715998	17,517653	34,912127	22,132896	34,059256	22,094184	34,998676	39,935258	56,008524	41,086593	53,793037	36,180070	52,003181	33,708814	51,071244	27,242047	35,123512	28,397435	33,553582	23,487177	33,200219	22,353302	33,716393	47,675717	55,851823	44,052583	60,275012	49,555469	58,715689	26,185468	35,107818	26,716441	37,519065	30,568185	36,548060	99,932289	100,008297	37,713680	61,085725	61,389315	62,088609	61,641014	100,018215	100,046837	35,616219
606,00	39,216223	38,194448	38,744313	27,284852	54,491240	27,919453	54,622906	22,850724	34,084973	37,197396	22,912836	35,381332	18,710785	53,194451	30,451256	57,845968	30,451256	53,809714	17,400463	34,975314	22,058597	34,112826	21,987872	35,071886	39,746431	56,074101	41,037509	53,875858	36,030826	52,113235	33,486348	51,187170	27,212673	35,241905	28,397629	33,613291	23,421508	33,305329	22,263832	33,779895	47,505948	55,900657	43,781689	60,224825	49,320325	58,767283	26,145008	35,173762	26,638222	37,583748	30,516458	36,618379	99,997622	100,000179	37,785903	61,031771	61,375374	62,061560	61,623585	100,003207	100,009537	35,679492
608,00	39,252049	38,242203	38,791370	27,024379	54,511195	27,658036	54,628229	22,749998	34,145084	37,280750	22,822033	35,428086	18,362944	53,209805	30,146676	57,869071	30,146676	53,794163	17,271063	35,035405	21,967065	34,168780	21,873754	35,122836	39,530051	56,140399	40,930301	53,943944	35,842955	52,177846	33,148971	51,251239	27,187714	35,328734	28,395957	33,748302	23,369581	33,417848	22,187351	33,907536	47,270283	55,902922	43,459320	60,246116	49,090946	58,749974	26,080564	35,255060	26,542249	37,653768	30,470628	36,693946	100,013518	100,017762	37,822884	61,007625	61,358511	62,034214	61,569530	99,994963	100,021076	35,724351
610,00	39,301240	38,278571	38,846329	26,731175	54,506534	27,373776	54,628408	22,644760	34,182096	37,332517	22,721364	35,489506	18,031558	53,208905	29,850423	57,878298	29,850423	53,804404	17,138577	35,097012	21,879801	34,237516	21,757299	35,206822	39,225814	56,201494	40,839508	53,985351	35,630929	52,237195	32,801545	51,319420	27,165568	35,423031	28,379059	33,838189	23,301628	33,506021	22,085163	33,996925	47,042447	55,957747	43,092927	60,260552	48,797837	58,716482	26,012909	35,336494	26,446804	37,693271	30,419973	36,749825	99,964440	99,962473	37,853700	60,946000	61,294192	61,932892	61,481142	99,970460	100,038278	35,758868
612,00	39,330295	38,374475	38,886374	26,447040	54,560667	27,109119	54,623544	22,548933	34,246314	37,364528	22,634532	35,536376	17,684625	53,204083	29,563364	57,903999	29,563364	53,864366	17,002663	35,146055	21,779321	34,312940	21,634059	35,267040	38,927090	56,264275	40,729621	54,049748	35,424760	52,309710	32,462662	51,414829	27,169618	35,498819	28,403836	33,917955	23,231685	33,613271	21,989134	34,092531	46,780398	55,997336	42,703083	60,234457	48,521939	58,751094	25,933865	35,392037	26,359031	37,753212	30,372623	36,800000	100,022638	100,034606	37,942931	60,920352	61,262470	61,944026	61,477935	100,006044	100,042629	35,803920
614,00	39,379650	38,400286	38,915738	26,172617	54,581445	26,839787	54,668969	22,477323	34,291467	37,437645	22,543854	35,634658	17,384286	53,234082	29,269037	57,925898	29,269037	53,889292	16,887361	35,205823	21,706916	34,351891	21,535186	35,342765	38,657117	56,346846	40,627438	54,104185	35,205707	52,380794	32,075748	51,466614	27,168530	35,607606	28,400213	34,018353	23,189566	33,718896	21,914883	34,182999	46,518084	56,044644	42,332500	60,215253	48,194602	58,733994	25,853789	35,470045	26,290950	37,838528	30,327851	36,861229	100,004315	100,033510	37,941861	60,854858	61,188692	61,882263	61,377412	100,070083	100,020611	35,850671
616,00	39,427114	38,431108	38,976464	25,961336	54,557985	26,607466	54,680312	22,422457	34,351781	37,544098	22,483705	35,678056	17,119022	53,277457	29,007936	57,966733	29,007936	53,925651	16,781026	35,309365	21,639700	34,411630	21,423274	35,421354	38,436511	56,383103	40,546286	54,131013	35,030189	52,501947	31,787395	51,557374	27,163073	35,692301	28,441045	34,154862	23,159128	33,817837	21,879330	34,299746	46,239549	56,077886	42,044514	60,200024	47,921360	58,732724	25,802973	35,545400	26,210707	37,919125	30,294976	36,940739	100,038397	100,028431	37,992248	60,771698	61,147422	61,817086	61,357188	100,048673	100,087273	35,886383
618,00	39,444858	38,483846	39,012566	25,723457	54,621506	26,386034	54,705471	22,336470	34,401703	37,568587	22,417918	35,765526	16,883872	53,298366	28,748137	57,983476	28,748137	53,915697	16,688655	35,348466	21,592292	34,486330	21,347529	35,488099	38,213244	56,430417	40,438756	54,171044	34,857410	52,540183	31,515875	51,594061	27,161133	35,795793	28,455445	34,204718	23,156989	33,918726	21,872389	34,424227	46,026731	56,054616	41,716751	60,192186	47,695091	58,724463	25,760943	35,618079	26,156664	37,967494	30,263045	37,001586	100,009882	99,996459	37,994003	60,753608	61,036032	61,775488	61,336434	100,062323	100,079584	35,932481
620,00	39,480078	38,519365	39,027441	25,557283	54,630387	26,236501	54,689372	22,286358	34,398329	37,615791	22,369580	35,817310	16,710879	53,282017	28,581977	58,003509	28,581977	53,952771	16,658866	35,409269	21,531443	34,513628	21,267428	35,548651	38,084018	56,478095	40,395328	54,214650	34,755898	52,635133	31,348851	51,659727	27,209857	35,821769	28,489226	34,275237	23,135518	33,993044	21,873789	34,466830	45,892456	56,104869	41,472200	60,169333	47,484210	58,746684	25,728357	35,670304	26,121864	37,978095	30,275181	37,018970	99,995112	99,994707	38,044575	60,729069	61,056328	61,716819	61,222976	99,975568	99,986315	35,951927
622,00	39,528742	38,594818	39,083046	25,393283	54,663730	26,079726	54,764342	22,240543	34,477851	37,705272	22,341011	35,889590	16,556887	53,346926	28,413028	58,062243	28,413028	54,006130	16,598737	35,478592	21,496721	34,602916	21,254700	35,624304	38,027295	56,508750	40,369302	54,284424	34,713113	52,724230	31,223330	51,748794	27,254859	35,920411	28,513899	34,377080	23,178796	34,110713	21,924677	34,563243	45,794258	56,138754	41,347107	60,155737	47,380477	58,738631	25,730747	35,754812	26,119614	38,073999	30,294579	37,111118	100,003242	99,975932	38,111678	60,714298	61,032623	61,666965	61,249745	100,132716	100,027144	35,990632
624,00	39,594567	38,596070	39,132586	25,314990	54,709166	25,946194	54,793465	22,219056	34,555814	37,771073	22,288908	35,942703	16,432242	53,380764	28,267062	58,093476	28,267062	54,065514	16,560239	35,553378	21,497712	34,658667	21,214823	35,698023	38,012159	56,567013	40,345517	54,346651	34,662449	52,823508	31,179535	51,839060	27,325696	36,008006	28,553119	34,453523	23,239070	34,212980	22,010253	34,673727	45,694613	56,231380	41,237962	60,168570	47,291729	58,732826	25,763342	35,816109	26,145488	38,115281	30,317467	37,147367	99,992698	100,054920	38,126698	60,686684	60,964215	61,627787	61,233389	100,064468	100,002158	36,013368
626,00	39,648160	38,643983	39,227158	25,171855	54,722410	25,846985	54,791319	22,200556	34,618473	37,858337	22,296046	36,038825	16,338919	53,381038	28,152329	58,071512	28,152329	54,085588	16,558771	35,627574	21,461602	34,753981	21,226706	35,786468	38,021314	56,599385	40,332246	54,375029	34,629458	52,852678	31,181532	51,870698	27,428985	36,105233	28,600112	34,551838	23,303305	34,314114	22,103512	34,763223	45,668629	56,249589	41,184980	60,149479	47,270504	58,709472	25,804973	35,885507	26,210484	38,186193	30,379280	37,220573	100,054240	99,996805	38,163513	60,585797	60,906607	61,576438	61,146319	100,096726	100,087988	36,037964
628,00	39,657670	38,695371	39,246932	25,091743	54,753661	25,779122	54,803985	22,191122	34,655726	37,915757	22,288910	36,080715	16,273074	53,419662	28,076819	58,092242	28,076819	54,085344	16,546224	35,689554	21,470594	34,782705	21,247004	35,839635	38,106805	56,621373	40,372917	54,420096	34,668565	52,900785	31,263268	51,934302	27,522597	36,165535	28,653422	34,633783	23,409972	34,408343	22,269127	34,839422	45,673674	56,255007	41,186437	60,137331	47,215998	58,699042	25,865448	35,955226	26,313728	38,251698	30,451956	37,272853	100,006270	99,995923	38,201949	60,602790	60,853869	61,509252	61,104470	100,104463	100,039816	36,075988
630,00	39,683378	38,727498	39,240083	25,031972	54,755706	25,695744	54,803860	22,196540	34,731922	37,952292	22,294846	36,151963	16,236299	53,440380	27,998710	58,108723	27,998710	54,096740	16,567430	35,739493	21,502943	34,835947	21,298191	35,923377	38,222706	56,662565	40,377998	54,438180	34,741271	52,986443	31,372869	51,988560	27,659610	36,251995	28,720653	34,719396	23,510747	34,475440	22,423790	34,925860	45,728761	56,283402	41,277432	60,109955	47,304919	58,701020	25,948548	35,991964	26,407072	38,279489	30,536336	37,282285	99,984813	100,041163	38,237602	60,516453	60,779953	61,494410	61,024928	100,076723	100,027061	36,092463
632,00	39,704564	38,754520	39,295337	25,031257	54,780555	25,682294	54,813427	22,231761	34,759757	38,031459	22,327402	36,219016	16,216916	53,479683	27,988121	58,151358	27,988121	54,136682	16,595668	35,795984	21,531107	34,915656	21,363211	35,991302	38,459632	56,683552	40,405509	54,468691	34,866688	53,057015	31,560656	52,029604	27,808255	36,315861	28,798735	34,764516	23,618147	34,576580	22,631209	35,023987	45,861080	56,299037	41,462487	60,092145	47,447860	58,705324	26,088375	36,062202	26,576394	38,343394	30,638766	37,369683	99,984050	100,031257	38,269988	60,468274	60,732514	61,394030	61,013764	100,030720	99,988723	36,140442
634,00	39,790723	38,806134	39,383981	25,083479	54,814690	25,720322	54,886776	22,269918	34,827399	38,093230	22,396287	36,281750	16,246866	53,537863	28,037360	58,212936	28,037360	54,184884	16,669537	35,905498	21,584606	34,982741	21,491905	36,061153	38,680831	56,708533	40,464336	54,532617	35,024843	53,108102	31,814864	52,101195	27,987307	36,418939	28,910080	34,870231	23,826674	34,671012	22,899690	35,119507	45,988876	56,346118	41,648048	60,088462	47,573242	58,681488	26,240227	36,152259	26,758525	38,420069	30,785218	37,419438	99,963588	100,069940	38,327649	60,440022	60,667020	61,323363	60,983515	100,148880	99,963140	36,156765
636,00	39,804971	38,854182	39,407009	25,219339	54,850447	25,844562	54,863262	22,366251	34,918106	38,218343	22,496441	36,377686	16,369192	53,542292	28,184465	58,187598	28,184465	54,159212	16,762418	35,982674	21,702033	35,069954	21,625800	36,166564	38,975745	56,740999	40,608102	54,559934	35,248658	53,178537	32,144400	52,156365	28,152940	36,506698	28,999734	34,962228	24,033633	34,783727	23,146978	35,228348	46,206716	56,379050	41,985047	60,037923	47,811809	58,670157	26,394340	36,230364	26,967365	38,450199	30,934334	37,513545	99,922872	100,083363	38,353598	60,396475	60,632771	61,309266	60,939372	100,079024	100,042868	36,208189
638,00	39,856103	38,880384	39,452350	25,455046	54,906654	26,054236	54,913372	22,518387	34,969398	38,220128	22,630271	36,404067	16,565719	53,588784	28,403315	58,249116	28,403315	54,209030	16,901287	36,029750	21,866347	35,089940	21,806306	36,213455	39,344224	56,842542	40,748540	54,612601	35,511410	53,286308	32,508445	52,262229	28,356338	36,542571	29,107559	35,036805	24,248357	34,858489	23,468933	35,269970	46,492949	56,396300	42,310643	60,043734	48,114678	58,708340	26,568216	36,256760	27,213874	38,491669	31,095493	37,527317	99,970007	100,115180	38,373080	60,350859	60,580415	61,241138	60,885429	100,093269	100,007832	36,237893
640,00	39,902881	38,914576	39,502597	25,791460	54,888040	26,414472	54,938203	22,731829	35,012859	38,322151	22,848159	36,475089	16,845630	53,541255	28,735778	58,315384	28,735778	54,233235	17,080793	36,107549	22,041275	35,175613	22,074741	36,302713	39,686576	56,829005	40,961647	54,679549	35,815299	53,330886	32,920781	52,301556	28,548428	36,651826	29,258665	35,116231	24,502981	34,972495	23,764962	35,388944	46,721354	56,446183	42,717445	60,053504	48,377809	58,664536	26,813069	36,358374	27,474338	38,548037	31,274650	37,596592	99,949384	100,047183	38,394421	60,287476	60,543400	61,209708	60,842496	100,042260	99,991697	36,283034
642,00	39,943776	39,007962	39,546403	26,191309	54,897308	26,787525	54,922807	22,994366	35,086104	38,369605	23,116389	36,553237	17,197298	53,504455	29,130095	58,292669	29,130095	54,214042	17,321561	36,178252	22,289871	35,233924	22,342922	36,369354	40,066281	56,861740	41,225517	54,698175	36,173224	53,379357	33,322173	52,304512	28,760284	36,713263	29,436386	35,210660	24,767420	35,068086	24,085131	35,483223	47,020969	56,450886	43,067151	60,038751	48,666227	58,634621	27,030200	36,425519	27,722099	38,607436	31,462285	37,658969	100,010216	100,107872	38,467139	60,241407	60,498244	61,160475	60,837263	100,135922	100,015211	36,364362
644,00	40,004686	38,999259	39,588618	26,638052	54,889941	27,219811	54,926938	23,249869	35,133544	38,446683	23,358878	36,583897	17,564322	53,502458	29,514718	58,305490	29,514718	54,243952	17,539074	36,209676	22,522050	35,277116	22,578490	36,415222	40,363866	56,882435	41,457805	54,757649	36,461720	53,440171	33,621842	52,389848	28,906038	36,823475	29,590511	35,263407	24,989285	35,141888	24,342985	35,563648	47,211656	56,474513	43,364227	60,012436	48,922795	58,661896	27,198529	36,481345	27,917239	38,649380	31,596336	37,696984	99,962527	100,072551	38,504490	60,184789	60,475171	61,160934	60,775059	100,050962	99,915200	36,357820
646,00	40,054366	39,060152	39,628196	27,076921	54,917812	27,674916	54,938817	23,531991	35,179666	38,491619	23,647824	36,648285	17,926675	53,426802	29,939041	58,283734	29,939041	54,270226	17,780976	36,252967	22,754493	35,334182	22,833559	36,512107	40,588287	56,906009	41,669092	54,742873	36,719608	53,526670	33,845440	52,405131	29,105499	36,891323	29,753789	35,387874	25,256789	35,254481	24,617577	35,684371	47,432718	56,482434	43,599153	59,988606	49,070916	58,617979	27,398026	36,559209	28,151578	38,710770	31,761265	37,770206	100,003624	100,072515	38,549250	60,161567	60,417020	61,127096	60,748154	100,095379	100,013018	36,437213
648,00	40,056020	39,106691	39,670810	27,433357	54,905891	28,030857	54,911226	23,780137	35,186756	38,532361	23,878068	36,699173	18,182997	53,353763	30,254477	58,302766	30,254477	54,259312	17,960945	36,236882	22,975008	35,367244	23,044339	36,553314	40,632832	56,905949	41,825736	54,795283	36,867255	53,544348	33,847144	52,449518	29,233962	36,951697	29,883465	35,457546	25,417131	35,330755	24,815091	35,714546	47,451290	56,486136	43,667421	59,931695	49,113482	58,576423	27,495590	36,580041	28,297731	38,763589	31,865543	37,797806	100,012159	100,077415	38,571742	60,124564	60,371476	61,055893	60,620922	100,091255	99,916822	36,458448
650,00	40,114605	39,167088	39,705852	27,705121	54,910672	28,302544	54,881674	23,941699	35,182515	38,572702	24,054627	36,747631	18,336505	53,261185	30,483693	58,275074	30,483693	54,222190	18,102092	36,296624	23,120360	35,459504	23,156685	36,606824	40,532839	56,906897	41,961324	54,813004	36,853394	53,602636	33,695075	52,432847	29,330087	37,017548	30,003029	35,546076	25,585935	35,425273	24,927893	35,779953	47,434208	56,524026	43,613935	59,891343	49,073142	58,574337	27,599698	36,681232	28,420210	38,832572	31,931970	37,844986	99,994540	100,086093	38,631240	60,099673	60,325062	61,072123	60,624611	100,110877	99,941546	36,525995
652,00	40,154782	39,210641	39,744177	27,792495	54,841429	28,422174	54,832208	24,086241	35,178569	38,656169	24,145374	36,795098	18,370661	53,200865	30,514377	58,300513	30,514377	54,247749	18,163756	36,301172	23,215660	35,487393	23,152660	36,668190	40,228707	56,964958	41,960639	54,874146	36,699584	53,645992	33,194205	52,415520	29,354486	37,119180	30,080503	35,619381	25,651172	35,531825	24,930646	35,861573	47,189748	56,534064	43,385032	59,889615	48,845375	58,547843	27,571079	36,748734	28,468469	38,871557	31,938598	37,895325	100,029504	100,029826	38,662601	60,062188	60,271877	61,023295	60,579735	100,021601	99,970937	36,501965
654,00	40,229347	39,237177	39,807311	27,731749	54,872775	28,401041	54,807752	24,144773	35,166812	38,685542	24,186940	36,849964	18,234064	53,143632	30,442226	58,228308	30,442226	54,240519	18,136568	36,370164	23,204090	35,541055	23,046723	36,709133	39,603463	56,893086	41,815364	54,872102	36,311996	53,671670	32,409993	52,395612	29,345647	37,189353	30,110827	35,708636	25,627607	35,588193	24,861389	35,954016	46,780300	56,539685	42,851052	59,857005	48,376271	58,541721	27,469760	36,824086	28,450054	38,927546	31,881049	37,979722	99,969047	100,061631	38,706115	59,999567	60,191673	60,958713	60,551959	100,058246	100,031388	36,562616
656,00	40,245846	39,265198	39,849135	27,478781	54,781497	28,197986	54,786050	24,107604	35,096323	38,716042	24,136110	36,861363	17,863198	52,988577	30,093700	58,235413	30,093700	54,150498	17,991382	36,308074	23,126055	35,587940	22,781901	36,739868	38,789520	56,900615	41,617855	54,871011	35,686415	53,699356	31,331384	52,327836	29,274938	37,213594	30,091962	35,776699	25,520834	35,685235	24,669911	36,000481	46,076801	56,527019	42,117980	59,823829	47,652259	58,505011	27,270922	36,867398	28,273898	38,946044	31,765100	37,996119	99,979854	99,993569	38,772783	59,933901	60,164446	60,903454	60,486174	100,139832	99,968606	36,623493
658,00	40,245175	39,339212	39,873922	26,963985	54,755890	27,729785	54,682744	23,945341	34,985787	38,718355	23,940045	36,841479	17,239460	52,800548	29,478243	58,214343	29,478243	54,154009	17,668892	36,286581	22,879380	35,598433	22,318460	36,769500	37,668797	56,929308	41,265517	54,916179	34,876806	53,793436	29,942107	52,267498	29,090983	37,233502	29,978925	35,824922	25,254920	35,737383	24,307750	36,051396	45,168090	56,549746	41,050053	59,863394	46,746835	58,446419	26,910794	36,896142	27,996439	38,989109	31,504425	38,008162	99,995512	100,068367	38,779449	59,894383	60,142237	60,849768	60,501218	100,045085	99,947625	36,640456
660,00	40,328136	39,355895	39,925781	26,194429	54,588521	27,043909	54,522693	23,639636	34,867531	38,721469	23,655553	36,845753	16,411708	52,546883	28,621697	58,081436	28,621697	54,016817	17,227931	36,233699	22,522342	35,661504	21,726675	36,819127	36,305225	56,906611	40,747082	54,873097	33,864239	53,691965	28,313664	52,093053	28,848782	37,301460	29,848394	35,906905	24,889831	35,832599	23,794860	36,099547	44,015256	56,525099	39,696628	59,762663	45,551136	58,420801	26,412803	36,972940	27,628487	39,040956	31,158468	38,089162	99,970430	99,991900	38,821986	59,818435	60,046339	60,804921	60,368216	100,031734	99,971879	36,672482
662,00	40,389001	39,364606	39,970148	25,238237	54,536849	26,133987	54,441750	23,220643	34,705052	38,715762	23,241699	36,850727	15,379743	52,314663	27,607450	58,071345	27,607450	54,011750	16,687109	36,182877	22,064963	35,687089	20,960003	36,816129	34,905282	56,901717	40,086994	54,933441	32,674950	53,771746	26,641449	52,038026	28,551361	37,367821	29,633978	35,983616	24,410802	35,904384	23,198661	36,167544	42,631954	56,523389	38,187909	59,776622	44,187343	58,402431	25,852928	37,063694	27,113450	39,063469	30,783585	38,116586	99,989569	100,041807	38,844752	59,820282	60,053402	60,766625	60,372978	99,998224	99,959624	36,691329
664,00	40,409267	39,402875	40,034857	24,189951	54,388589	25,119266	54,310352	22,768953	34,569123	38,701886	22,765140	36,846215	14,322390	52,043140	26,466283	57,966524	26,466283	53,865868	16,105536	36,111912	21,573521	35,664764	20,223002	36,801791	33,529305	56,873858	39,446944	54,930419	31,511724	53,772122	25,026169	51,881742	28,231129	37,453374	29,406127	36,059353	23,960039	35,964519	22,584032	36,207539	41,295987	56,524688	36,654225	59,703153	42,861545	58,308989	25,228161	37,122479	26,547948	39,133203	30,322093	38,167995	99,992925	99,980456	38,893336	59,757495	60,029811	60,747451	60,303235	100,001132	100,010157	36,740929
666,00	40,445796	39,448574	40,046272	23,085286	54,260141	24,060079	54,179102	22,277905	34,408370	38,663673	22,247024	36,810169	13,317737	51,721698	25,338748	57,862866	25,338748	53,739727	15,514866	36,012870	21,051599	35,687974	19,455019	36,837587	32,206431	56,839830	38,716957	54,886413	30,322933	53,742760	23,481430	51,730794	27,955261	37,479192	29,184452	36,115158	23,454528	36,021045	21,981245	36,233303	39,900979	56,493801	35,109615	59,697169	41,442186	58,264512	24,614757	37,175578	26,036125	39,158821	29,907110	38,230979	100,027859	99,915433	38,928109	59,652513	59,963131	60,680491	60,268211	100,000143	100,028181	36,781892
668,00	40,481645	39,509678	40,095925	22,123200	54,140610	23,119459	54,055899	21,838388	34,262940	38,670194	21,794029	36,791527	12,441461	51,466113	24,313632	57,803255	24,313632	53,669679	14,997794	35,954720	20,601478	35,686538	18,767491	36,770305	31,111285	56,855416	38,077450	54,932523	29,290062	53,787273	22,216952	51,588821	27,699929	37,530831	28,964069	36,189499	23,044252	36,064929	21,446028	36,263153	38,707119	56,514508	33,753616	59,625369	40,174389	58,238548	24,067150	37,226617	25,542474	39,205492	29,512265	38,261199	99,935561	99,975514	38,952443	59,663343	59,878093	60,616541	60,213542	100,016546	99,980903	36,832792
670,00	40,525895	39,507025	40,135452	21,324347	53,990251	22,362819	53,976172	21,455258	34,166354	38,623863	21,413393	36,798513	11,785392	51,242572	23,524410	57,668495	23,524410	53,558052	14,587051	35,874236	20,213538	35,697842	18,246384	36,782220	30,302018	56,834245	37,613904	54,897916	28,528255	53,747988	21,305314	51,507133	27,491805	37,543648	28,796431	36,228770	22,669820	36,103466	21,008131	36,326200	37,728354	56,463981	32,692710	59,557891	39,284715	58,191168	23,606125	37,283134	25,114065	39,230126	29,201484	38,272288	99,936867	99,917930	39,004138	59,579176	59,834754	60,539973	60,174465	99,909610	99,958330	36,819762
672,00	40,546340	39,578032	40,088063	20,750800	53,896052	21,795775	53,860122	21,200018	34,099910	38,647369	21,145105	36,770049	11,347853	51,084650	22,940089	57,606691	22,940089	53,538978	14,328486	35,891578	19,955418	35,704172	17,853165	36,795115	29,752436	56,868303	37,264046	54,899114	27,960438	53,759515	20,689803	51,434898	27,400699	37,612283	28,726155	36,278954	22,439180	36,165065	20,735012	36,351818	37,056863	56,488532	31,928793	59,584433	38,578269	58,175516	23,331463	37,326828	24,841765	39,267009	28,983819	38,274425	99,995017	99,938607	39,039075	59,578556	59,817410	60,525084	60,155171	100,027061	99,946022	36,895683
674,00	40,599847	39,602426	40,179044	20,330033	53,827447	21,395038	53,823602	20,997727	34,113494	38,676426	20,948996	36,832944	11,071673	50,970942	22,517893	57,584113	22,517893	53,457218	14,143972	35,860008	19,784498	35,736516	17,549467	36,831924	29,378408	56,803250	37,045488	54,915577	27,642149	53,732848	20,292270	51,352382	27,323493	37,679097	28,672934	36,350241	22,281393	36,198330	20,592704	36,379349	36,611548	56,470835	31,378534	59,485769	38,093284	58,118862	23,121284	37,375346	24,661410	39,327130	28,842622	38,331050	99,975741	99,941528	39,075044	59,512097	59,788406	60,564077	60,058933	100,018811	100,032091	36,901388
676,00	40,623170	39,680499	40,240940	20,062807	53,802502	21,126945	53,746372	20,884025	34,149343	38,698733	20,821829	36,826232	10,904007	50,940871	22,247627	57,563400	22,247627	53,430736	14,045349	35,901189	19,667500	35,793114	17,387491	36,867741	29,180562	56,810910	36,928132	54,899049	27,443630	53,770459	20,108613	51,336825	27,332047	37,749344	28,666353	36,412963	22,206169	36,286134	20,536758	36,476028	36,280322	56,449831	31,073344	59,485084	37,760440	58,102930	23,003739	37,429103	24,539660	39,393416	28,762469	38,374561	99,934679	99,962354	39,136592	59,482837	59,719652	60,502714	60,049403	99,935418	100,021875	36,951271
678,00	40,646622	39,687145	40,221778	19,904444	53,771198	20,960255	53,727770	20,827788	34,162152	38,682064	20,782237	36,847270	10,885486	50,939149	22,131674	57,545513	22,131674	53,448808	14,076659	35,935870	19,643706	35,777375	17,332432	36,908418	29,149720	56,851178	36,915046	54,907084	27,466688	53,811747	20,129973	51,389283	27,387559	37,772605	28,725728	36,476150	22,251754	36,309183	20,615661	36,496854	36,243665	56,441152	30,934459	59,466243	37,677774	58,101696	23,039457	37,459746	24,596053	39,383075	28,812712	38,376895	99,888182	99,939758	39,133713	59,470415	59,721333	60,444367	60,031986	100,052810	99,914247	37,024039
680,00	40,712652	39,722958	40,306598	20,012102	53,758711	21,087326	53,742492	20,909508	34,320459	38,808116	20,866723	36,931789	11,060955	50,971174	22,259083	57,516623	22,259083	53,500915	14,215039	36,036214	19,730014	35,876980	17,468202	37,014896	29,347143	56,790084	37,119639	54,967344	27,722245	53,839248	20,427838	51,453203	27,552527	37,866938	28,869417	36,550647	22,403935	36,404610	20,847879	36,574528	36,500072	56,492347	31,189331	59,456301	37,856212	58,068800	23,180558	37,565985	24,735099	39,472207	28,959101	38,448438	99,932837	99,978727	39,224103	59,425497	59,656775	60,388261	59,957057	100,045514	100,033545	37,072498
682,00	40,751487	39,781383	40,347424	20,495695	53,756762	21,583015	53,761911	21,215469	34,503204	38,860026	21,169043	37,013644	11,575436	51,088786	22,806537	57,569659	22,806537	53,505820	14,604510	36,135337	20,038927	35,918820	17,879945	37,058419	29,851311	56,771386	37,541991	54,950345	28,340769	53,791434	21,070319	51,529145	27,783537	37,925011	29,094577	36,614427	22,757305	36,493108	21,312436	36,692324	37,093985	56,446028	31,753853	59,406841	38,458076	58,006793	23,563495	37,651011	25,025678	39,529705	29,208916	38,524306	99,916190	99,979073	39,232498	59,339362	59,615719	60,328376	59,918112	100,051665	99,990410	37,092841
684,00	40,762511	39,775503	40,385121	21,517570	53,774959	22,566657	53,801084	21,786547	34,672320	38,926217	21,752407	37,073654	12,577021	51,366842	23,834693	57,589889	23,834693	53,531575	15,252522	36,284691	20,590167	35,967880	18,587427	37,150490	30,751416	56,767082	38,263351	54,928118	29,348466	53,837866	22,188103	51,659083	28,121138	37,985194	29,457685	36,639065	23,319687	36,535046	21,971633	36,761329	38,138843	56,449926	32,903653	59,400487	39,434776	58,012849	24,146500	37,681079	25,591820	39,535159	29,636887	38,544643	99,975997	99,947119	39,272940	59,246838	59,608394	60,346884	59,905940	100,045073	100,001955	37,112620
686,00	40,808228	39,820680	40,422004	23,011209	53,825074	24,023923	53,883737	22,586879	34,913868	39,019644	22,573905	37,192002	14,022896	51,683539	25,392899	57,611758	25,392899	53,616047	16,206308	36,475813	21,399237	36,044261	19,617890	37,272179	32,033661	56,756538	39,166963	54,983330	30,669805	53,903687	23,734349	51,807952	28,624448	38,084045	29,887390	36,732110	24,050216	36,651289	22,877589	36,837256	39,552611	56,442827	34,455699	59,382331	40,812954	57,985497	24,973793	37,723374	26,312393	39,592782	30,232409	38,606074	99,977148	99,909884	39,316282	59,211957	59,520131	60,306758	59,793615	100,012612	100,003242	37,129161
688,00	40,873849	39,862862	40,454674	24,994951	53,873664	26,000464	53,909862	23,672500	35,157707	39,110264	23,618954	37,286082	16,039152	51,983994	27,403447	57,699180	27,403447	53,679675	17,427647	36,674121	22,406739	36,135834	20,962356	37,367702	33,647445	56,743991	40,387049	54,959518	32,357812	53,912121	25,667903	51,959568	29,187191	38,131931	30,475062	36,786306	25,000012	36,744773	23,988086	36,946756	41,423091	56,430167	36,401895	59,335905	42,488796	57,982183	25,947294	37,770712	27,223456	39,676121	30,980560	38,636994	99,989057	99,907041	39,353654	59,131068	59,470838	60,298479	59,779263	100,100458	99,995214	37,194434
690,00	40,889385	39,924657	40,487817	27,394307	53,979212	28,364474	53,969395	24,883643	35,447013	39,236617	24,844499	37,377656	18,661034	52,363193	29,862055	57,779706	29,862055	53,787482	18,885912	36,878604	23,641142	36,177620	22,466931	37,457925	35,649657	56,829226	41,717532	55,009156	34,369832	53,936970	28,125778	52,236331	29,830986	38,204715	31,088814	36,863458	26,072118	36,769634	25,262594	37,020573	43,483132	56,482345	38,736975	59,363973	44,543755	57,980317	27,099454	37,821138	28,239799	39,715388	31,776717	38,658601	99,920064	99,934083	39,376053	59,182614	59,452975	60,139078	59,790730	100,022459	99,920511	37,218693
692,00	40,943995	39,967138	40,513983	30,030829	53,980738	30,946940	54,063964	26,247782	35,708874	39,345324	26,177233	37,447795	21,652499	52,671385	32,584536	57,820916	32,584536	53,868479	20,426939	37,080052	24,910788	36,302009	24,136545	37,540019	37,814328	56,815040	43,059713	55,025601	36,470422	54,000366	30,751631	52,400649	30,540621	38,292798	31,745550	36,932287	27,222463	36,875451	26,614904	37,092102	45,608258	56,449014	41,187608	59,327942	46,670708	57,922554	28,293717	37,880355	29,311484	39,746520	32,643631	38,727880	99,930847	99,944991	39,400023	59,069794	59,415478	60,185742	59,690320	100,138307	99,969172	37,243921
694,00	41,003191	40,009126	40,583169	32,703537	54,176235	33,492807	54,168248	27,447477	35,930610	39,414102	27,407286	37,589520	24,752815	53,020328	35,253075	57,952654	35,253075	53,943902	21,905360	37,306845	26,131931	36,375767	25,618196	37,652051	40,011257	56,836194	44,349599	55,127257	38,457662	54,028976	33,358392	52,673000	31,166440	38,347200	32,278949	37,004718	28,251266	36,976239	27,834854	37,193921	47,603187	56,505567	43,529832	59,305286	48,698193	57,983422	29,312590	37,934753	30,320272	39,765096	33,386508	38,787356	99,997157	100,001574	39,466745	59,116220	59,360915	60,143620	59,684157	100,079906	100,010204	37,287271
696,00	41,023400	40,069890	40,606856	35,225192	54,215187	36,019889	54,191142	28,696299	36,188483	39,494264	28,593346	37,691197	27,984899	53,258556	37,878665	57,974219	37,878665	53,994209	23,402819	37,483537	27,340913	36,459723	27,098295	37,789249	42,185852	56,811124	45,542926	55,110711	40,398476	54,102325	36,004212	52,809149	31,792948	38,418320	32,880747	37,048787	29,260796	37,076607	29,126188	37,300768	49,513730	56,452250	45,883971	59,276056	50,674742	57,983780	30,322802	37,969238	31,257421	39,848289	34,095463	38,822749	100,049400	100,016141	39,518338	59,095412	59,407359	60,119259	59,659761	100,031066	99,960190	37,312272
698,00	41,108352	40,070343	40,626109	37,432021	54,323751	38,189536	54,259253	29,754153	36,405069	39,588973	29,704940	37,803346	31,017330	53,483200	40,144753	57,993120	40,144753	54,041862	24,741894	37,666684	28,413519	36,546212	28,426176	37,869132	44,136611	56,811523	46,538806	55,113018	42,085111	54,073822	38,422996	53,004032	32,378942	38,483360	33,338556	37,138119	30,144027	37,147510	30,237973	37,407103	51,036137	56,476671	47,846144	59,257984	52,241993	57,896119	31,193310	38,068953	32,104900	39,900434	34,669831	38,872191	99,953443	99,931604	39,564064	59,034365	59,307641	60,007942	59,581959	100,031602	99,968338	37,378529
700,00	41,145888	40,122259	40,634942	39,340663	54,351115	40,010291	54,391694	30,638555	36,580163	39,720982	30,568591	37,854001	33,750451	53,692174	42,132115	58,068717	42,132115	54,119545	25,958866	37,788093	29,344538	36,575988	29,525390	37,951404	45,822406	56,857032	47,337788	55,132073	43,518984	54,169065	40,501282	53,208548	32,852584	38,528174	33,754632	37,216529	30,882111	37,203157	31,189099	37,458667	52,410764	56,434864	49,522364	59,285456	53,556198	57,843238	31,914115	38,071024	32,842219	39,931244	35,188255	38,905007	99,979556	100,042224	39,600381	58,994484	59,275776	59,952343	59,582955	100,092232	99,876320	37,402764
702,00	41,142616	40,134829	40,744224	41,032827	54,468870	41,659623	54,409873	31,381655	36,781669	39,847007	31,329229	38,015234	36,186054	53,898257	43,861425	58,192736	43,861425	54,212612	26,897499	37,952441	30,091721	36,721286	30,433887	38,063195	47,373074	56,867629	48,028320	55,175799	44,704863	54,185921	42,347839	53,351516	33,259648	38,579643	34,100541	37,273160	31,512499	37,306708	32,001206	37,584269	53,475672	56,518716	50,926268	59,250778	54,727948	57,895225	32,487866	38,178512	33,375445	40,012404	35,593662	38,996756	100,012970	100,027847	39,638269	58,926558	59,325373	59,947860	59,517616	100,046051	99,987519	37,424186
704,00	41,233760	40,202314	40,809309	42,350352	54,580313	42,971170	54,559445	32,030010	36,975151	39,953616	31,989086	38,102531	38,325673	54,116243	45,227423	58,282417	45,227423	54,361659	27,843773	38,115239	30,745524	36,806160	31,216946	38,144138	48,524478	56,918901	48,478976	55,251777	45,720235	54,228687	43,875366	53,482777	33,620271	38,679773	34,430131	37,337190	32,056478	37,396953	32,712352	37,653238	54,307252	56,520218	52,076805	59,250015	55,566752	57,942688	33,031541	38,227585	33,911332	40,103707	35,938272	39,097089	100,003552	100,041449	39,637807	58,948529	59,235543	59,968334	59,538996	100,060177	100,050020	37,461835
706,00	41,259456	40,259230	40,832669	43,539947	54,687381	44,157660	54,613376	32,597524	37,091914	39,995301	32,561719	38,205692	40,193009	54,279768	46,423480	58,315390	46,423480	54,331648	28,592780	38,267082	31,302354	36,887887	31,849748	38,258541	49,547181	56,888330	49,029100	55,207253	46,587458	54,313087	45,201510	53,601342	33,923730	38,741395	34,656298	37,409738	32,534787	37,486857	33,292064	37,696442	54,975104	56,570250	53,005445	59,261423	56,311172	57,928294	33,420017	38,272154	34,308997	40,129116	36,223629	39,121610	99,995911	100,072932	39,679253	58,912688	59,158677	59,883255	59,521776	100,112760	100,012696	37,476531
708,00	41,258311	40,330750	40,866506	44,634739	54,775035	45,211384	54,683268	33,100665	37,236881	40,099528	33,058202	38,274878	41,900322	54,467320	47,521588	58,344829	47,521588	54,434901	29,251501	38,367921	31,785783	36,942682	32,409295	38,321832	50,422853	56,888497	49,398953	55,253875	47,298563	54,410642	46,336272	53,786564	34,184825	38,807803	34,848535	37,480092	32,931447	37,578732	33,796039	37,845436	55,585825	56,634861	53,829914	59,290242	56,899041	57,933813	33,787766	38,338539	34,630263	40,153581	36,473319	39,145768	99,907994	100,082445	39,700291	58,920223	59,140509	59,862226	59,490472	100,024819	100,045502	37,545124
710,00	41,330051	40,311864	40,882388	45,613021	54,862493	46,198761	54,797560	33,567840	37,362203	40,214148	33,487114	38,339752	43,468139	54,573625	48,510414	58,482367	48,510414	54,515761	29,867539	38,490045	32,221988	37,069303	32,892582	38,423383	51,247013	56,915683	49,795255	55,277616	48,059595	54,353321	47,362804	53,826535	34,353992	38,866407	35,070458	37,527317	33,265021	37,634259	34,232101	37,903169	56,068856	56,587642	54,572535	59,224892	57,490325	57,932651	34,051669	38,373670	34,933281	40,219176	36,673051	39,196303	100,015354	100,036073	39,792651	58,913457	59,152436	59,896100	59,455401	100,021255	100,015306	37,544146
712,00	41,338870	40,382063	40,940011	46,516773	54,974031	47,067741	54,887778	33,986816	37,531671	40,311763	33,963642	38,428944	44,883120	54,702884	49,366218	58,504564	49,366218	54,562956	30,449474	38,582653	32,641324	37,108889	33,373761	38,494387	51,910615	56,969577	50,067288	55,309719	48,598504	54,431778	48,200607	53,956503	34,607750	38,910842	35,219756	37,605950	33,568436	37,698686	34,671012	37,917215	56,422210	56,635207	55,161589	59,253037	57,880008	57,929742	34,335804	38,428238	35,244876	40,288028	36,866513	39,216936	99,907839	100,119007	39,780095	58,851278	59,088337	59,801352	59,416467	100,057900	99,942935	37,601003
714,00	41,363761	40,372804	41,031179	47,361988	55,052346	47,879732	54,960209	34,376448	37,628070	40,372846	34,337825	38,524905	46,207371	54,897326	50,132376	58,598214	50,132376	54,687387	30,940151	38,698825	32,986867	37,130302	33,720967	38,629577	52,559644	56,977165	50,401139	55,385482	49,142197	54,499769	49,076036	54,101956	34,781194	38,946560	35,370004	37,669086	33,861595	37,761602	35,046208	38,022363	56,857181	56,668448	55,735832	59,306550	58,291012	57,941014	34,558600	38,433638	35,472161	40,340489	37,047169	39,260024	99,986631	100,187922	39,837793	58,907682	59,130174	59,851205	59,476435	99,973941	99,952227	37,629899
716,00	41,404587	40,389222	41,019639	48,232061	55,064589	48,691693	55,020142	34,758735	37,801889	40,491292	34,766215	38,642666	47,477996	54,970568	50,959057	58,667439	50,959057	54,717171	31,437159	38,793051	33,335668	37,267259	34,122607	38,700375	53,130561	56,984109	50,694823	55,364579	49,675474	54,429889	49,815324	54,156929	35,005873	39,047608	35,559949	37,745476	34,185624	37,809259	35,362568	38,105929	57,215005	56,666589	56,214249	59,210533	58,676034	57,942820	34,830511	38,539788	35,766047	40,374303	37,209103	39,282131	99,939501	100,047743	39,864808	58,864427	59,076136	59,800380	59,462124	100,084376	100,085521	37,668496
718,00	41,481936	40,458477	41,072139	48,940891	55,203152	49,391824	55,169070	35,096878	37,850934	40,568915	35,155669	38,769650	48,591262	55,143094	51,543617	58,716440	51,543617	54,799849	31,894192	38,878214	33,712116	37,382880	34,415832	38,744888	53,569782	57,060158	50,881690	55,444717	50,040227	54,628074	50,445235	54,275137	35,153499	39,089009	35,735425	37,813190	34,477451	37,905622	35,738590	38,170502	57,380778	56,696057	56,566471	59,316278	58,902299	57,988930	35,015485	38,594979	36,019176	40,427139	37,403569	39,348140	99,955338	100,110483	39,817178	58,879286	58,984274	59,705305	59,367055	99,999899	100,038600	37,671930
720,00	41,421473	40,526414	41,099906	49,624470	55,288577	50,126702	55,168068	35,523969	37,994045	40,668097	35,516939	38,797438	49,674782	55,224019	52,232152	58,744526	52,232152	54,854751	32,322150	38,979280	34,044406	37,387875	34,770513	38,819310	54,112929	57,011497	51,133490	55,395585	50,478262	54,569066	50,981045	54,332066	35,326040	39,135787	35,859239	37,838563	34,708822	37,912801	36,041638	38,207072	57,668167	56,703013	57,040608	59,248602	59,301984	57,946897	35,186777	38,560989	36,203504	40,433785	37,503901	39,417639	99,912161	100,092244	39,886478	58,845514	59,000504	59,755570	59,377098	100,065696	99,991852	37,724668
722,00	41,497162	40,565217	41,176742	50,442779	55,445570	50,787592	55,356395	35,806683	38,116410	40,751570	35,832560	38,940316	50,638729	55,345732	52,870286	58,889490	52,870286	54,972464	32,742059	39,012530	34,343117	37,473485	35,047773	38,871428	54,565793	57,083833	51,352793	55,483776	50,853765	54,658449	51,644903	54,481030	35,443348	39,188594	36,007631	37,916520	34,905982	38,041785	36,308616	38,321620	57,974201	56,723589	57,408190	59,289694	59,537929	57,960552	35,317662	38,658255	36,375731	40,486032	37,681901	39,421207	99,955785	100,118816	39,941266	58,935297	59,044576	59,760326	59,408820	100,148714	99,961108	37,813041
724,00	41,528645	40,567416	41,137087	51,008523	55,435604	51,367062	55,377704	36,115277	38,196111	40,818197	36,114839	38,982382	51,539093	55,356503	53,457040	58,903056	53,457040	54,959226	33,047214	39,107093	34,593734	37,521422	35,276163	38,963449	54,874086	57,057744	51,599318	55,396271	51,271319	54,652035	52,117920	54,518038	35,604745	39,182046	36,152989	37,906283	35,123554	38,065079	36,530837	38,275009	58,177507	56,687313	57,712930	59,202349	59,812963	57,960677	35,458648	38,610944	36,500141	40,500069	37,741962	39,403716	99,922591	99,949545	39,965844	58,815044	59,057003	59,751248	59,339476	100,075603	99,929154	37,784776
726,00	41,539589	40,591592	41,194892	51,589286	55,620706	52,018309	55,547702	36,387217	38,295612	40,933564	36,424887	39,061841	52,442521	55,586916	54,014182	59,079063	54,014182	55,116427	33,334786	39,197746	34,817806	37,589863	35,590434	39,019740	55,231392	57,227314	51,853651	55,562538	51,576489	54,829252	52,599698	54,644299	35,710689	39,271268	36,235648	37,995666	35,318530	38,124761	36,771443	38,394693	58,354574	56,838906	58,076483	59,323329	60,001862	58,034867	35,661292	38,715443	36,687359	40,563861	37,858972	39,481682	100,084817	100,110841	39,980477	58,897132	59,068072	59,758192	59,463644	100,087547	99,985313	37,803456
728,00	41,567340	40,612221	41,219535	52,099419	55,646694	52,467060	55,604988	36,611405	38,390368	41,054726	36,588573	39,186278	53,111821	55,600101	54,456890	59,128952	54,456890	55,155075	33,602929	39,305133	35,043353	37,649846	35,755852	39,108139	55,510956	57,124728	52,039522	55,531627	51,903647	54,802638	53,001159	54,688364	35,799921	39,335561	36,311740	38,018659	35,493609	38,196608	36,956906	38,431945	58,492213	56,822699	58,302552	59,320509	60,169357	58,035088	35,767782	38,744223	36,809701	40,593293	37,990239	39,485255	99,968529	100,017893	40,029374	58,847845	59,107471	59,748912	59,363520	100,133944	99,922925	37,858012
730,00	41,620851	40,653756	41,207999	52,627677	55,794269	52,959257	55,681896	36,804020	38,449514	41,110384	36,890221	39,250553	53,806722	55,691272	54,868233	59,172696	54,868233	55,301136	33,894616	39,378643	35,311082	37,748566	35,939303	39,226428	55,755544	57,170635	52,170998	55,610639	52,182090	54,880160	53,297985	54,785961	35,865211	39,382422	36,424541	38,085893	35,632169	38,243476	37,124860	38,494954	58,696520	56,877595	58,543760	59,348667	60,402042	58,018202	35,849467	38,793498	36,907941	40,620604	38,023782	39,514968	100,001085	100,015509	40,055734	58,923107	59,150422	59,792399	59,423113	100,073290	99,944270	37,876841
732,00	41,632402	40,679333	41,294861	53,066617	55,910558	53,354216	55,766177	37,022221	38,537171	41,166568	37,095088	39,260638	54,317731	55,787033	55,254155	59,235585	55,254155	55,331409	34,097660	39,396203	35,495913	37,779784	36,134702	39,248449	55,984724	57,238901	52,376574	55,604631	52,400303	54,913199	53,637344	54,801565	36,002964	39,395764	36,521062	38,129780	35,766000	38,297236	37,268329	38,564640	58,761293	56,903011	58,710533	59,309846	60,576421	58,097571	35,959634	38,816443	36,983386	40,699074	38,111600	39,537364	99,951768	99,988991	40,005961	58,860260	59,058022	59,785068	59,375662	100,050187	99,922007	37,915471
734,00	41,613674	40,764862	41,274181	53,427392	55,997872	53,742790	55,839157	37,285268	38,645661	41,282350	37,282467	39,386916	54,866785	55,884355	55,656326	59,325725	55,656326	55,444586	34,310895	39,481562	35,681197	37,815207	36,348251	39,284164	56,202936	57,230967	52,455938	55,675352	52,643037	54,966527	53,856766	54,953933	36,096686	39,466301	36,685884	38,160449	35,957804	38,340577	37,462223	38,608778	58,919877	56,931919	58,847851	59,341538	60,642958	58,097202	36,016399	38,850418	37,116927	40,714574	38,218758	39,587802	99,837023	100,061965	40,048614	58,905011	59,157842	59,784192	59,421468	100,207257	99,952090	37,986583
736,00	41,724330	40,710589	41,341919	53,785014	56,199253	54,109287	55,945086	37,408802	38,754562	41,401300	37,482628	39,486957	55,281603	55,997068	56,049979	59,461433	56,049979	55,528051	34,499252	39,553607	35,802424	37,903136	36,450335	39,365143	56,376392	57,310212	52,646881	55,791384	52,851117	55,092406	54,091042	54,975182	36,127245	39,507487	36,734331	38,242412	36,088443	38,406315	37,570867	38,702357	59,067291	57,031840	59,012711	59,450424	60,841703	58,110738	36,098972	38,956141	37,187561	40,764505	38,278878	39,616907	99,979711	100,060022	40,099540	58,939916	59,173489	59,857726	59,484488	100,102544	100,003982	37,953326
738,00	41,756612	40,754205	41,361457	54,148334	56,194073	54,421037	56,110871	37,599432	38,807252	41,397747	37,590575	39,570954	55,616426	56,066471	56,282955	59,478676	56,282955	55,623966	34,682018	39,619198	35,954669	37,998149	36,629882	39,425790	56,586295	57,285726	52,809608	55,846888	53,051144	55,158097	54,321396	55,112529	36,186936	39,533442	36,777520	38,294563	36,223957	38,459051	37,651291	38,753846	59,181428	56,993353	59,208411	59,441060	60,897112	58,226180	36,170554	38,931495	37,278628	40,802822	38,316163	39,663193	99,966693	100,019169	40,153921	58,952790	59,160262	59,850752	59,497583	100,050831	99,873322	37,977991
740,00	41,769660	40,778026	41,392240	54,439747	56,355333	54,717404	56,214845	37,697557	38,948649	41,536185	37,790054	39,637730	56,038260	56,194824	56,561995	59,649378	56,561995	55,703801	34,792382	39,699259	36,084023	38,071629	36,754158	39,523056	56,782830	57,432592	53,026062	55,872446	53,238785	55,196095	54,613638	55,209279	36,293256	39,580390	36,897337	38,380587	36,254007	38,567960	37,840056	38,755399	59,328127	57,113713	59,336692	59,526134	61,074322	58,292216	36,244410	39,000285	37,319139	40,876937	38,359296	39,708292	100,062501	100,158763	40,180862	59,074020	59,299999	59,936744	59,616810	100,104237	100,026047	38,058653
742,00	41,803288	40,868291	41,430959	54,695433	56,362820	54,952085	56,280994	37,829989	38,997114	41,571504	37,850103	39,706334	56,332892	56,199354	56,784171	59,648806	56,784171	55,753791	34,899300	39,771476	36,184090	38,109750	36,877614	39,577392	56,903076	57,482076	53,115833	55,959481	53,418565	55,234510	54,816520	55,216640	36,354464	39,611110	36,901107	38,397369	36,392468	38,582706	37,860957	38,796586	59,337389	57,097775	59,433192	59,512770	61,157548	58,214617	36,340296	39,103544	37,375459	40,848938	38,424835	39,752957	99,998498	99,904495	40,232217	59,063667	59,298337	59,967935	59,511393	100,017238	99,998003	38,045022
744,00	41,854203	40,822351	41,421205	54,919744	56,477964	55,177355	56,392938	37,953964	39,091823	41,615972	37,961999	39,736995	56,588602	56,289631	57,013023	59,805298	57,013023	55,908984	35,020471	39,821213	36,288893	38,160464	36,991960	39,623216	57,007021	57,611787	53,281707	55,986005	53,619242	55,388075	54,955888	55,326223	36,372957	39,678359	36,974353	38,451424	36,444309	38,659045	37,973434	38,841233	59,506607	57,209116	59,574604	59,656644	61,264068	58,379722	36,338103	39,080086	37,438217	40,884793	38,432500	39,769679	99,973482	100,016201	40,230629	59,138632	59,384269	59,981382	59,604549	100,006342	99,926096	38,069522
746,00	41,883141	40,926751	41,522777	55,187792	56,784052	55,412668	56,595951	38,088810	39,140415	41,690776	38,173589	39,832073	56,843358	56,546509	57,202804	59,957159	57,202804	56,092989	35,146016	39,865974	36,436695	38,254094	37,140265	39,685658	57,096499	57,684827	53,348202	56,174672	53,731054	55,551559	55,090296	55,527830	36,472216	39,762604	37,060174	38,475734	36,553538	38,737091	38,127670	38,980189	59,600240	57,311380	59,727168	59,753257	61,352777	58,533126	36,522216	39,173934	37,552902	41,002882	38,557267	39,833596	99,917585	100,094926	40,323806	59,244859	59,383148	60,062003	59,751183	100,136435	99,996895	38,123062
748,00	41,939014	40,992478	41,446540	55,368489	56,828594	55,555314	56,630242	38,213494	39,153636	41,730297	38,257596	39,901906	57,025027	56,600785	57,364750	59,979409	57,364750	56,184429	35,274476	39,866430	36,514217	38,242045	37,233880	39,711747	57,281220	57,736880	53,503746	56,225950	53,917354	55,623764	55,241096	55,649239	36,532012	39,750993	37,117723	38,505319	36,678985	38,805825	38,211018	38,923126	59,629744	57,358390	59,736264	59,800684	61,485356	58,536559	36,527011	39,192608	37,604001	40,972528	38,551715	39,795053	100,115335	100,190794	40,380704	59,332299	59,515578	60,112059	59,801859	100,016010	99,840999	38,178632
750,00	42,019099	41,058639	41,528004	55,539078	56,857306	55,764562	56,796217	38,318077	39,267704	41,838187	38,360354	39,976865	57,172579	56,718218	57,536435	60,025871	57,536435	56,221616	35,343528	39,991629	36,677867	38,342541	37,286127	39,837617	57,358181	57,838225	53,608876	56,245261	53,981137	55,738825	55,368888	55,703962	36,584374	39,824870	37,291989	38,590300	36,794499	38,847297	38,308495	39,082783	59,710705	57,464856	59,808880	59,815115	61,532754	58,668804	36,638725	39,233688	37,705085	41,064721	38,682213	39,925709	99,977738	100,106621	40,338635	59,325188	59,462720	60,131043	59,744233	100,226259	99,968505	38,257399
752,00	41,956770	40,988308	41,595033	55,655378	56,959724	55,907339	56,755215	38,328975	39,314729	41,922736	38,421130	39,990956	57,354003	56,781882	57,673794	60,189658	57,673794	56,291389	35,458738	40,064898	36,729476	38,437253	37,411422	39,896098	57,417595	57,893848	53,692490	56,276214	54,125726	55,682117	55,442482	55,721259	36,615348	39,883491	37,290823	38,654107	36,731499	38,912219	38,358486	39,072454	59,763348	57,481921	59,932661	59,931737	61,575902	58,627629	36,629733	39,258599	37,668732	41,076747	38,698807	39,987928	99,991453	100,039530	40,336993	59,330785	59,465128	60,207814	59,912384	99,959481	99,926680	38,223290
754,00	42,018786	41,081318	41,620576	55,904102	57,044560	56,058824	56,934768	38,436976	39,396322	41,975144	38,469973	40,112621	57,526344	56,826884	57,875967	60,233718	57,875967	56,400740	35,507765	40,098676	36,807811	38,476408	37,525785	39,917451	57,460147	57,825130	53,839284	56,429797	54,196966	55,823189	55,659121	55,849892	36,658609	39,928737	37,361777	38,694045	36,860716	38,970479	38,409096	39,185855	59,853822	57,567728	60,044593	59,887224	61,740226	58,748090	36,724699	39,342529	37,764737	41,155702	38,773292	39,993760	99,859595	99,997211	40,442675	59,408063	59,583366	60,264057	59,862334	99,983168	99,903071	38,242432
756,00	42,093998	41,113704	41,672266	55,922526	57,137114	56,205195	57,030672	38,538566	39,416844	42,027619	38,622770	40,161410	57,635540	56,876540	57,950050	60,362208	57,950050	56,487930	35,625592	40,098944	36,952209	38,525876	37,624940	40,043017	57,604909	57,974410	53,902054	56,462079	54,331106	55,936641	55,651605	55,922914	36,666548	39,981160	37,440214	38,841075	36,964986	39,030826	38,533893	39,228067	59,944910	57,670075	60,095543	59,955019	61,723155	58,844596	36,736098	39,418447	37,830925	41,239724	38,796321	39,983740	100,023663	100,063062	40,428856	59,439474	59,618461	60,269457	59,960592	100,015938	99,925131	38,317665
758,00	42,135906	41,177326	41,665900	56,156284	57,192379	56,294090	57,088834	38,605347	39,533645	42,082161	38,716549	40,224239	57,874399	56,994021	58,125937	60,434455	58,125937	56,550342	35,735801	40,240592	37,002969	38,570702	37,652197	40,057349	57,709670	58,044809	54,081208	56,534922	54,498476	56,001031	55,855995	56,012213	36,867622	40,016288	37,526986	38,791776	37,055707	39,087573	38,595048	39,290553	60,075641	57,705593	60,190380	60,017508	61,865485	58,772564	36,852515	39,488924	37,893659	41,218427	38,908139	40,105394	99,928248	100,005865	40,507039	59,398073	59,724557	60,299140	60,085237	100,213635	99,950290	38,420120
760,00	42,163777	41,165429	41,713628	56,198400	57,298863	56,470168	57,161325	38,673553	39,567670	42,075744	38,715762	40,234506	57,963997	57,106608	58,255160	60,479605	58,255160	56,630564	35,771561	40,246502	37,051272	38,592207	37,735668	40,147972	57,762915	58,137828	54,127485	56,624424	54,597044	56,057245	55,936944	56,075543	36,810735	40,017956	37,596318	38,840631	37,079984	39,097214	38,612130	39,345631	60,092837	57,744819	60,234177	60,042787	61,925226	58,915937	36,871806	39,485812	37,906745	41,236731	38,910541	40,097007	99,970275	100,014496	40,532339	59,561318	59,797776	60,383666	59,991938	100,079846	99,932742	38,417941
762,00	42,182240	41,280997	41,833541	56,434411	57,439655	56,607985	57,329440	38,793564	39,710626	42,204353	38,806906	40,358394	58,194667	57,240880	58,407485	60,623044	58,407485	56,720024	35,779136	40,339538	37,135959	38,718346	37,848246	40,245292	57,959366	58,246052	54,251468	56,682998	54,734802	56,105864	56,116557	56,310487	36,913016	40,170896	37,647021	38,977259	37,216586	39,222133	38,783917	39,444518	60,127831	57,898629	60,394001	60,163140	62,011760	59,064251	36,979094	39,612678	38,020611	41,307476	38,988742	40,158820	100,007498	100,032115	40,569961	59,627128	59,857261	60,528874	60,142350	100,218487	99,915349	38,526973
764,00	42,164475	41,202289	41,810960	56,530315	57,473570	56,745470	57,319051	38,748214	39,646444	42,283449	38,859236	40,384740	58,152354	57,236886	58,532757	60,598737	58,532757	56,887329	35,812491	40,335509	37,099370	38,709995	37,816983	40,233982	57,966316	58,320171	54,320914	56,835437	54,811692	56,284255	56,129026	56,307995	36,843938	40,133652	37,676862	38,979876	37,175387	39,259622	38,736424	39,438760	60,283524	57,952285	60,421646	60,170257	61,957848	59,070641	36,951104	39,642936	37,943119	41,285977	38,953903	40,117002	99,991715	99,962306	40,608674	59,703851	59,900713	60,521907	60,248685	100,036979	99,980617	38,507506
766,00	42,217949	41,341054	41,777655	56,614065	57,509655	56,831717	57,417285	38,881660	39,725530	42,327094	38,970187	40,352669	58,328897	57,330441	58,633840	60,737491	58,633840	56,893468	35,912859	40,385428	37,256706	38,754058	37,932354	40,277770	58,051819	58,259207	54,469001	56,837952	54,943454	56,279343	56,238866	56,419826	36,949357	40,194044	37,749058	38,972828	37,267357	39,298403	38,856733	39,449784	60,274404	57,961959	60,395497	60,286802	62,179518	59,090185	37,051642	39,650127	38,053632	41,295218	39,061093	40,170506	99,989146	99,956632	40,598238	59,666413	59,907007	60,605615	60,231388	100,143445	99,786150	38,538742
768,00	42,287168	41,330823	41,904753	56,718189	57,730275	56,929702	57,582468	38,982883	39,786720	42,383531	39,026326	40,477598	58,472234	57,504553	58,738780	60,869014	58,738780	57,009882	35,976923	40,450963	37,300205	38,806298	38,034993	40,397704	58,064872	58,489001	54,602385	57,006013	55,025053	56,497270	56,384391	56,631345	36,987349	40,227136	37,819129	39,076549	37,404618	39,421445	38,910303	39,554128	60,400838	58,105075	60,498631	60,450476	62,174690	59,215361	37,134376	39,699441	38,142356	41,390225	39,097157	40,190312	99,842405	100,106752	40,634251	59,853321	59,965229	60,738295	60,383910	100,131965	100,012898	38,595292
770,00	42,387143	41,376695	41,918513	56,800926	57,786012	57,035130	57,624930	38,907513	39,886457	42,412198	39,069569	40,513396	58,517677	57,555044	58,798623	60,902524	58,798623	57,033271	36,003831	40,531334	37,327254	38,808042	37,960935	40,483865	58,225644	58,524287	54,692638	57,005966	55,128187	56,517279	56,402338	56,599462	37,015811	40,335429	37,824735	39,164716	37,364188	39,442527	38,873526	39,634866	60,488993	58,150202	60,592949	60,332495	62,159264	59,241724	37,105715	39,714918	38,098699	41,509855	39,116088	40,337649	99,888349	100,045133	40,688103	59,910834	60,119694	60,822052	60,398322	99,955362	99,877173	38,557526
772,00	42,415553	41,467050	41,987497	57,014859	57,891601	57,209557	57,711226	39,091125	39,986750	42,492512	39,174423	40,648642	58,736718	57,678980	58,874869	60,913295	58,874869	57,249784	36,133149	40,614226	37,390637	39,034709	38,172150	40,560764	58,337206	58,652031	54,836589	57,127982	55,291671	56,707865	56,567967	56,716764	37,086737	40,432912	37,928721	39,252394	37,496936	39,514458	39,005691	39,762104	60,530412	58,251345	60,689527	60,547984	62,307203	59,389216	37,236872	39,871827	38,213930	41,588333	39,195058	40,363103	99,970716	100,077927	40,758851	59,962785	60,190600	60,810518	60,540152	100,139403	100,030351	38,642466
774,00	42,486808	41,440231	42,109072	57,014644	58,020681	57,289815	57,849920	39,085519	39,952096	42,567551	39,207867	40,659082	58,774090	57,691866	58,951795	61,059660	58,951795	57,322043	36,207566	40,594691	37,465841	39,000779	38,155067	40,564546	58,474594	58,670777	54,845542	57,310241	55,333662	56,730860	56,655204	56,854063	37,124312	40,516749	38,006842	39,316013	37,555581	39,550030	39,018086	39,772826	60,644251	58,452553	60,844034	60,590571	62,356782	59,498435	37,221938	39,882806	38,140547	41,600433	39,208853	40,420425	99,998021	100,088859	40,771207	59,967536	60,221970	60,918146	60,525447	100,078726	100,044537	38,687697
776,00	42,529532	41,509116	42,106414	57,107526	57,931507	57,355583	57,901120	39,214328	40,054795	42,655662	39,293012	40,728620	58,814651	57,731497	59,132528	61,040962	59,132528	57,444346	36,271980	40,689811	37,526211	39,117795	38,251069	40,686667	58,452874	58,738446	54,980683	57,234657	55,471849	56,681842	56,745023	56,933594	37,191054	40,564105	38,074630	39,315510	37,664524	39,669093	39,130443	39,813080	60,620880	58,382314	60,766423	60,640579	62,468874	59,485525	37,273648	39,944223	38,276401	41,597342	39,304388	40,472859	99,978507	100,113750	40,784445	59,969413	60,242963	60,898542	60,597342	100,156617	100,031197	38,749054
778,00	42,454278	41,511345	42,083114	57,320225	58,165318	57,481909	57,911777	39,215785	40,076375	42,641240	39,286599	40,708697	58,985126	57,850516	59,191507	61,140460	59,191507	57,446039	36,253971	40,701011	37,600544	39,014244	38,319573	40,673646	58,548379	58,731180	55,154341	57,420230	55,519444	56,829923	56,810862	56,975007	37,196529	40,490982	38,111016	39,336118	37,631166	39,686474	39,170799	39,881670	60,832733	58,405912	60,896850	60,764223	62,437743	59,557712	37,309173	39,918649	38,281927	41,601470	39,312285	40,492404	99,997211	100,010800	40,851852	60,065675	60,403013	60,971093	60,624141	100,137711	99,915117	38,679931
780,00	42,553455	41,577926	42,119762	57,353199	58,199531	57,557356	57,982504	39,229670	40,117458	42,662507	39,351222	40,853047	58,999938	57,967806	59,308201	61,272824	59,308201	57,563949	36,347306	40,728253	37,632284	39,066958	38,383269	40,679845	58,572698	58,877653	55,229247	57,392341	55,639082	56,972754	56,884068	57,098943	37,286332	40,592766	38,174117	39,356107	37,786597	39,639148	39,217195	39,892614	60,779053	58,580601	60,896158	60,876101	62,553132	59,618634	37,388638	39,928141	38,384524	41,700408	39,330527	40,510613	99,930215	100,140142	40,907738	60,129499	60,447669	60,999793	60,682082	100,150025	99,947339	38,781747
782,00	42,576644	41,620100	42,238694	57,372111	58,287776	57,633698	58,138084	39,306325	40,249950	42,796576	39,409056	40,912446	59,093207	58,080190	59,300083	61,383885	59,300083	57,639223	36,401784	40,885398	37,689424	39,246556	38,370690	40,799457	58,551145	58,981347	55,302668	57,570648	55,706310	57,042027	56,928587	57,320017	37,349364	40,677780	38,192073	39,511207	37,766480	39,783728	39,233884	40,014359	60,771686	58,677208	60,892451	60,881984	62,476861	59,703720	37,410998	40,080482	38,383687	41,771981	39,320070	40,609699	99,766511	100,129235	40,852702	60,247368	60,377812	61,069202	60,749692	100,009120	99,949181	38,793096
784,00	42,557395	41,661289	42,251337	57,474786	58,360869	57,673043	58,193600	39,412254	40,308326	42,827061	39,570278	40,919086	59,094036	58,177161	59,448290	61,408061	59,448290	57,701981	36,497924	40,984613	37,764385	39,217049	38,470191	40,859425	58,735627	58,967435	55,418545	57,593113	55,756223	57,113332	56,978005	57,263321	37,391427	40,672725	38,252053	39,502880	37,896684	39,857596	39,415681	40,036559	60,821438	58,719021	60,902327	60,852778	62,602192	59,755319	37,513080	40,165856	38,440609	41,783580	39,412916	40,634182	99,842751	99,888730	40,982053	60,220200	60,470319	61,078787	60,854977	100,178921	99,988467	38,830194
786,00	42,691192	41,704664	42,345282	57,569897	58,435541	57,728982	58,234286	39,425695	40,403339	42,947501	39,532307	40,990821	59,288931	58,175856	59,498668	61,484921	59,498668	57,812256	36,396527	40,978143	37,757692	39,295682	38,392413	40,887547	58,697706	59,000129	55,417168	57,643634	55,905765	57,038945	57,193422	57,344568	37,421694	40,815166	38,310584	39,517894	37,912822	39,940348	39,396495	40,043601	60,873717	58,779198	61,105329	60,977489	62,579399	59,818673	37,522066	40,139285	38,467580	41,829848	39,460397	40,674010	99,952728	99,965876	40,984967	60,322022	60,555369	61,141503	60,904670	100,128388	100,197709	38,825426
788,00	42,667806	41,657588	42,344418	57,602775	58,532608	57,894045	58,275890	39,458850	40,459317	42,935851	39,464846	41,090244	59,367323	58,252716	59,591568	61,550742	59,591568	57,764125	36,521405	41,001189	37,815437	39,328334	38,574874	40,937814	58,758074	59,024805	55,491978	57,799947	55,962163	57,170367	57,104719	57,494897	37,369478	40,843511	38,321710	39,641070	37,939593	39,966002	39,495009	40,125462	60,953426	58,797336	61,130846	60,904229	62,613189	59,806609	37,578800	40,222907	38,434556	41,934049	39,483306	40,766254	99,881583	100,007629	41,048968	60,276908	60,671777	61,250728	60,897064	100,055456	100,037491	38,908058
790,00	42,683583	41,748229	42,337596	57,694495	58,649808	57,905191	58,394176	39,471471	40,438852	42,993110	39,669475	41,052195	59,348917	58,389354	59,546077	61,495501	59,546077	57,898360	36,634284	40,989590	37,888211	39,388603	38,633329	41,034654	58,854187	59,119451	55,612934	57,763964	55,863094	57,221782	57,123208	57,508695	37,504616	40,798900	38,392675	39,674297	38,056880	40,042621	39,506999	40,178454	60,983753	58,908427	61,045700	61,029994	62,663823	59,928876	37,602121	40,210271	38,542852	41,932783	39,570200	40,735379	99,929613	100,059462	41,035888	60,462576	60,613191	61,276495	60,979664	100,212002	99,990195	38,884297
792,00	42,704007	41,785717	42,416874	57,701212	58,743465	57,945037	58,620375	39,617389	40,395072	43,010244	39,731017	41,124135	59,376413	58,392912	59,653640	61,720854	59,653640	58,044422	36,682311	41,031724	37,966248	39,427784	38,630250	40,950802	58,794218	59,287560	55,659598	58,030105	56,027907	57,490957	57,236964	57,606244	37,565452	40,839958	38,465530	39,730340	38,082269	40,052915	39,559898	40,226418	60,994363	59,017330	61,056757	61,214358	62,581539	59,984213	37,616712	40,280107	38,567752	41,941878	39,521083	40,807223	99,814761	100,141943	41,015664	60,593891	60,582930	61,205417	61,158812	100,133967	99,887639	38,907546
794,00	42,752007	41,776451	42,445192	57,817537	58,697170	57,981616	58,540267	39,647034	40,533233	43,032628	39,666358	41,152480	59,505451	58,470124	59,667808	61,708909	59,667808	58,043510	36,735862	41,173050	37,907809	39,476049	38,717347	41,086158	58,848709	59,176463	55,757010	57,871616	56,116486	57,424891	57,124442	57,589996	37,526760	40,929261	38,478035	39,723018	38,032529	40,085942	39,532855	40,197873	61,053568	58,947611	61,146224	61,209744	62,749022	59,934354	37,625554	40,326190	38,536400	41,930208	39,559940	40,803775	99,848247	99,992937	41,123608	60,532361	60,627472	61,302269	60,988957	100,077403	99,870473	38,963562
796,00	42,843878	41,880277	42,492330	57,880729	58,690810	58,071774	58,600372	39,706385	40,679732	43,153957	39,833969	41,304171	59,518588	58,411098	59,830606	61,765355	59,830606	58,160216	36,750758	41,243076	38,029498	39,580941	38,834530	41,113877	58,971053	59,288472	55,853939	58,010823	56,268209	57,455295	57,343775	57,716238	37,610474	41,075671	38,546866	39,836490	38,230860	40,202349	39,666110	40,308821	61,196244	59,092075	61,158770	61,179769	62,918657	60,120994	37,702465	40,440106	38,631523	42,088500	39,623958	40,950096	99,929065	100,018632	41,171998	60,521907	60,674781	61,255056	61,150038	100,161040	100,159550	39,052436
798,00	42,852819	41,931048	42,538869	57,913798	58,821994	58,177328	58,706844	39,759597	40,665445	43,186259	39,797616	41,411737	59,630585	58,628571	59,893501	61,925030	59,893501	58,246499	36,828727	41,230255	38,049835	39,608943	38,852242	41,157147	58,901221	59,411424	55,950618	58,005464	56,357545	57,525444	57,303798	57,843608	37,624213	41,032994	38,632515	39,877662	38,195288	40,305936	39,802185	40,352845	61,215961	59,221363	61,190152	61,213672	62,795067	60,117173	37,843469	40,490487	38,643825	42,119226	39,665648	40,929413	99,905431	100,076175	41,125691	60,698378	60,824174	61,442292	61,149180	100,185108	99,967080	39,037886
800,00	42,863896	42,005652	42,494935	58,035707	59,031433	58,193433	58,762127	39,816391	40,608728	43,182170	39,848521	41,341537	59,656048	58,677930	59,948921	61,946070	59,948921	58,192009	36,927164	41,296828	38,115925	39,564067	38,962564	41,223085	59,017152	59,416229	55,980253	58,000451	56,302488	57,604724	57,366598	57,748175	37,706608	40,997592	38,698155	39,841378	38,378307	40,239936	39,805281	40,392375	61,164892	59,214658	61,250854	61,395782	62,784094	60,205865	37,847123	40,402448	38,656265	42,031357	39,736331	40,930936	99,808478	100,003898	41,095316	60,675240	60,843229	61,439532	61,136866	100,095761	99,945962	39,150837
