Wavelength nm.	BBR_Leitura_R_Ar_1	BBR_Leitura_R_Ar_1_ext	BBR_Leitura_R_Ar_1_ext_certo	BBR_Leitura_R_Ar_1_ext_melhor	BBR_Leitura_R_Branco_1	BBR_Leitura_R_Branco_1_ext	BBR_Leitura_R_Branco_1_ext_certo	BBR_Leitura_R_Branco_2	BBR_Leitura_T_Ar_1	BBR_Leitura_T_Ar_1_ext	BBR_Leitura_T_Branco_1	BBR_Leitura_T_Branco_1_ext	BBR_Leitura_T_Branco_2	BBR_Leitura_T_Branco_2_ext	BBR_Leitura_T_Branco_2_ext_melhor	BBR_R_Amostra_01_01_SET2025	BBR_R_Amostra_01_01_SET2025_ext	BBR_R_Amostra_01_01_SET2025_ext_certo	BBR_R_Amostra_01_02_SET2025	BBR_R_Amostra_01_02_SET2025_ext	BBR_R_Amostra_01_02_SET2025_ext_certo	BBR_R_Amostra_03_01_SET2025	BBR_R_Amostra_03_01_SET2025_ext	BBR_R_Amostra_03_01_SET2025_ext_certo	BBR_R_Amostra_04_02_SET2025	BBR_R_Amostra_04_02_SET2025_ext	BBR_R_Amostra_04_02_SET2025_ext_certo	BBR_R_Amostra_06_02_SET2025	BBR_R_Amostra_06_02_SET2025_ext	BBR_R_Amostra_06_02_SET2025_ext_certo	BBR_T_Amostra_01_01_SET2025	BBR_T_Amostra_01_01_SET2025_ext	BBR_T_Amostra_01_01_SET2025_ext_certo	BBR_T_Amostra_01_01_SET2025_ext_melhor	BBR_T_Amostra_01_02_SET2025	BBR_T_Amostra_01_02_SET2025_ext	BBR_T_Amostra_01_02_SET2025_ext_certo	BBR_T_Amostra_01_02_SET2025_ext_melhor	BBR_T_Amostra_03_01_SET2025	BBR_T_Amostra_03_01_SET2025_ext	BBR_T_Amostra_03_01_SET2025_ext_certo	BBR_T_Amostra_03_01_SET2025_ext_melhor	BBR_T_Amostra_04_02_SET2025	BBR_T_Amostra_04_02_SET2025_ext	BBR_T_Amostra_04_02_SET2025_ext_certo	BBR_T_Amostra_04_02_SET2025_ext_melhor	BBR_T_Amostra_06_02_SET2025	BBR_T_Amostra_06_02_SET2025_ext	BBR_T_Amostra_06_02_SET2025_ext_certo	BBR_T_Amostra_06_02_SET2025_ext_melhor	BNA_Leitura_T_Ar_1_ext	BNA_Leitura_T_Branco_1_ext	BNA_Leitura_T_Branco_2_ext_certo	BNA_R_Amostra_02_02_SET2025_ext	BNA_R_Amostra_03_02_SET2025_ext	BNA_R_Amostra_05_02_SET2025_ext	BNA_R_Amostra_06_02_SET2025_ext	BNA_T_Amostra_02_02_SET2025_ext	BNA_T_Amostra_03_02_SET2025_ext	BNA_T_Amostra_05_02_SET2025_ext	BNA_T_Amostra_06_02_SET2025_ext
220,00	99,690366	99,818158	99,346924	100,288773	36,833897	36,364722	36,055791	36,799631	100,328159	100,243807	2,336488	2,671190	2,462773	2,793728	2,346852	6,080482	7,281472	7,642721	6,785196	7,383916	7,186993	6,357383	6,280430	6,655657	6,368078	4,812151	5,097715	6,103896	8,570497	11,933987	0,401046	0,327744	0,234508	 	0,403258	0,438563	0,252767	0,336777	0,362903	0,289226	0,190359	0,214602	0,570296	0,165660	0,203858	0,232117	0,440081	0,555162	0,425878	0,422933	100,145495	1,969224	3,016517	9,123816	8,607765	6,507733	10,282144	0,303123	0,542788	0,412846	1,049277
222,00	99,813151	99,707144	99,951661	99,769473	36,673546	35,890624	36,018562	36,509591	100,236320	100,244176	2,359588	2,701514	2,468879	2,780537	2,376605	6,154675	7,396253	7,930442	6,922513	7,385006	7,378045	6,373475	6,330910	6,802908	6,545857	4,846369	5,183976	6,260619	8,709884	12,164902	0,467446	0,346639	0,243530	 	0,471462	0,471695	0,247398	0,375416	0,396033	0,307100	0,188784	0,235558	0,610107	0,192144	0,192261	0,262108	0,467245	0,629434	0,448224	0,455885	99,783564	1,897483	2,940685	9,429037	8,867951	6,794084	10,516347	0,325469	0,596090	0,454947	1,034350
224,00	100,376046	99,965841	100,389922	99,973106	36,520013	35,990837	35,958126	36,590230	99,763304	100,279331	2,378576	2,722307	2,456855	2,849113	2,396196	6,289109	7,479025	8,008500	7,100211	7,553495	7,376796	6,648540	6,381320	6,879164	6,569969	4,891323	5,232335	6,384519	8,732162	12,385541	0,477566	0,407581	0,254976	 	0,483513	0,533822	0,284862	0,412517	0,405270	0,358390	0,225166	0,240419	0,673024	0,201696	0,206895	0,281165	0,499148	0,684107	0,487537	0,478406	99,954313	1,969516	2,977265	9,937349	9,128384	7,012044	10,784695	0,361461	0,606737	0,477972	1,081157
226,00	100,357795	99,827403	99,401182	99,918854	36,839801	36,323756	36,171708	36,564168	99,709290	99,924922	2,444142	2,782631	2,553928	2,836705	2,442952	6,393230	7,603078	8,118909	7,113161	7,653328	7,539894	6,691546	6,363283	7,006551	6,775835	4,887678	5,334036	6,490201	8,860308	12,554489	0,491108	0,427233	0,276567	 	0,509187	0,536590	0,304079	0,422793	0,442022	0,362434	0,240198	0,298139	0,673458	0,237331	0,248626	0,310577	0,534690	0,701702	0,545131	0,519220	100,322866	2,000835	3,096785	10,306195	9,388974	7,407737	11,007989	0,388885	0,704683	0,552616	1,113954
228,00	99,789286	99,931180	99,966162	100,115776	36,735621	36,495429	36,408389	36,601302	100,218213	99,641359	2,573092	2,800780	2,678474	2,943516	2,513037	6,547373	7,736541	8,378909	7,216375	7,676218	7,772301	6,850199	6,496785	7,205587	6,844031	4,940570	5,416492	6,564862	9,157984	12,989616	0,536602	0,441383	0,298880	 	0,521549	0,548199	0,329218	0,463727	0,456177	0,393650	0,249987	0,312946	0,727445	0,253483	0,248251	0,351924	0,550444	0,802256	0,557526	0,550786	99,987113	2,060809	3,124128	10,737614	9,915665	7,626636	11,188120	0,457192	0,736371	0,574242	1,128471
230,00	99,955249	99,664766	99,527526	99,723381	37,044966	36,633277	36,474872	36,659822	100,328219	99,923915	2,564714	2,944444	2,746219	3,045324	2,617879	6,643628	7,879274	8,489387	7,280386	7,796971	7,896648	6,847198	6,678690	7,232326	7,000565	4,984159	5,533915	6,726802	9,304155	13,124306	0,552638	0,485809	0,344841	 	0,532401	0,613913	0,400379	0,493497	0,484592	0,408422	0,288445	0,335896	0,756197	0,269695	0,289892	0,382841	0,560691	0,848954	0,650970	0,617808	99,911606	2,147246	3,229204	11,202367	10,317948	7,970168	11,549088	0,500589	0,821462	0,637117	1,236568
232,00	100,025296	99,881685	99,893659	100,239682	37,429062	36,927170	36,757487	37,125242	99,923724	99,520266	2,673422	3,089160	2,811568	3,176454	2,731573	6,784651	8,136038	8,690140	7,525319	8,001861	8,093584	7,086549	6,796063	7,437967	7,120681	5,094099	5,672214	6,795293	9,422520	13,485171	0,568000	0,531839	0,397539	 	0,533005	0,659367	0,417917	0,557720	0,498287	0,451950	0,299237	0,366250	0,772869	0,326106	0,311038	0,422006	0,584125	0,944126	0,704165	0,669659	100,070262	2,236426	3,426044	11,702056	10,738306	8,343007	11,714207	0,556633	0,881588	0,720648	1,299825
234,00	100,194454	99,716741	99,889672	100,214875	37,717101	37,303567	37,283105	37,457293	99,834222	99,497515	2,801646	3,216719	2,943383	3,315070	2,835556	6,878377	8,298854	8,912780	7,643352	8,101211	8,305198	7,285172	6,898972	7,685556	7,388163	5,179923	5,792755	7,031628	9,646460	13,852972	0,584606	0,598546	0,428497	 	0,565200	0,705290	0,486378	0,578514	0,490319	0,480860	0,333027	0,397257	0,795160	0,354883	0,365897	0,438550	0,591499	0,972776	0,749163	0,739587	100,131643	2,365318	3,569315	12,380967	11,082454	8,764028	12,044167	0,611736	0,955610	0,771285	1,385057
236,00	100,078201	99,793398	100,045621	99,863052	37,916997	37,669984	37,603143	37,767464	99,821985	99,792981	2,939721	3,363321	3,051414	3,458530	2,965778	7,085797	8,498545	9,149218	7,952900	8,283781	8,467512	7,414624	7,095293	7,752485	7,634265	5,242525	5,966408	7,268417	9,812346	14,148717	0,569120	0,659737	0,442108	 	0,590055	0,796309	0,548105	0,656800	0,497513	0,551839	0,365497	0,434769	0,822721	0,397903	0,414727	0,505069	0,634031	1,107792	0,852516	0,818860	99,790305	2,432059	3,684460	12,798576	11,556052	9,167823	12,256364	0,692560	1,027820	0,844729	1,416334
238,00	100,121057	100,102651	100,009692	100,137806	38,162309	38,025743	37,718818	37,963161	99,945861	99,987149	3,079526	3,539967	3,226214	3,592531	3,100368	7,271631	8,679343	9,315291	8,130132	8,507063	8,641715	7,653075	7,337406	8,010666	7,829043	5,351152	6,018975	7,441328	10,111479	14,363334	0,615158	0,730673	0,525468	 	0,592067	0,864269	0,626039	0,734589	0,522177	0,587910	0,412468	0,484987	0,833650	0,436211	0,476612	0,558646	0,635196	1,151090	0,936428	0,885472	100,301373	2,575558	3,820227	13,226523	11,951769	9,628196	12,482935	0,743636	1,120211	0,934177	1,509155
240,00	100,007415	100,068438	100,155222	100,077987	38,455617	38,295650	38,121536	38,356572	100,201774	100,186539	3,205818	3,651355	3,346158	3,773845	3,225790	7,387429	8,831226	9,533798	8,285050	8,606131	8,860863	7,794555	7,427176	8,170982	8,015464	5,442167	6,200257	7,659722	10,246072	14,710084	0,618157	0,757998	0,569200	 	0,614950	0,903340	0,687108	0,775623	0,485781	0,647662	0,446064	0,532138	0,869274	0,477045	0,499804	0,600345	0,652920	1,250276	0,981696	0,927736	99,902612	2,725772	3,966700	13,825606	12,276497	9,967414	12,730993	0,833199	1,236851	1,015223	1,613127
242,00	100,150740	100,186551	99,915797	99,839187	38,890657	38,140517	38,436246	38,732383	99,995238	99,986029	3,364383	3,838315	3,504166	3,953718	3,373789	7,497551	8,959395	9,690701	8,479979	8,767091	9,049496	7,874390	7,626067	8,389816	8,132234	5,565346	6,363318	7,742311	10,422099	14,949632	0,639096	0,809318	0,620036	 	0,631014	0,991550	0,746643	0,832230	0,504178	0,674485	0,491869	0,562857	0,927222	0,539553	0,559639	0,641096	0,671863	1,370330	1,077717	0,997654	100,131273	2,831382	4,158690	14,261429	12,621565	10,275427	12,893037	0,921513	1,265771	1,096060	1,709956
244,00	100,158036	99,919111	99,810672	99,930727	39,192781	38,515091	38,495824	38,952211	100,238228	99,963546	3,520271	3,985299	3,649618	4,077071	3,465484	7,494603	9,132712	9,823886	8,423475	8,841417	9,257367	7,857480	7,770707	8,507501	8,168800	5,626791	6,474381	7,749098	10,584106	15,194993	0,647602	0,879069	0,667665	 	0,656059	1,041077	0,801205	0,866775	0,512779	0,721664	0,554710	0,614676	0,921676	0,597507	0,632344	0,703177	0,697867	1,461909	1,185895	1,096517	100,089049	3,000046	4,369162	14,676772	12,937817	10,587300	12,981762	0,993212	1,372653	1,179009	1,788078
246,00	100,024152	100,012076	100,004613	99,796289	39,366859	38,807967	38,948727	39,117223	99,837416	99,990010	3,645628	4,233591	3,848020	4,279707	3,673371	7,427604	9,259579	10,068532	8,346014	8,982731	9,470253	7,805433	7,871360	8,705707	8,086286	5,701426	6,637526	7,675014	10,801739	15,562667	0,670783	0,953004	0,729765	 	0,668293	1,120424	0,908757	0,941181	0,521954	0,773597	0,573181	0,646972	0,974255	0,617980	0,691365	0,764032	0,728891	1,540040	1,281736	1,174282	99,827421	3,100718	4,580719	15,058374	13,294542	10,955728	13,252448	1,097954	1,458883	1,261614	1,871515
248,00	99,879724	100,013018	100,044763	99,801832	39,677456	39,029199	39,215234	39,438912	99,904561	100,244164	3,824692	4,387665	4,057484	4,491870	3,828996	7,385533	9,400406	10,195834	8,246180	9,166855	9,630989	7,704752	7,956116	8,890124	8,049705	5,762095	6,803663	7,548437	11,031257	15,776245	0,717557	1,005687	0,781170	 	0,701665	1,200171	0,991622	1,035531	0,536050	0,831098	0,646136	0,702007	0,997087	0,682712	0,757467	0,828661	0,741064	1,616219	1,397800	1,270269	100,075507	3,265937	4,796207	15,421651	13,607270	11,281296	13,445368	1,185332	1,529503	1,381431	1,963413
250,00	99,824941	100,009620	99,929148	100,270927	40,144643	39,372051	39,653561	39,965293	100,343096	100,066829	4,064636	4,650256	4,251937	4,761912	3,958150	7,310383	9,553506	10,392135	8,161981	9,272091	9,856334	7,635424	8,122940	9,118999	7,920461	5,873580	6,936736	7,521117	11,286025	16,099094	0,735035	1,097330	0,853755	 	0,723241	1,276426	1,085462	1,084780	0,560922	0,912510	0,696572	0,760511	1,035786	0,736485	0,821571	0,889505	0,782619	1,738772	1,490975	1,358509	99,590665	3,401209	4,995780	15,841928	13,920513	11,613369	13,691600	1,288634	1,638877	1,478702	2,100684
252,00	100,048447	100,084186	99,863815	99,932516	40,539753	39,672956	39,953718	40,620613	100,270593	99,907476	4,279203	4,907523	4,516342	4,998912	4,140020	7,216659	9,705693	10,621168	8,078389	9,427478	10,041250	7,528224	8,253184	9,286658	7,869389	5,919728	7,042332	7,453354	11,501293	16,415735	0,760286	1,158801	0,948417	 	0,753387	1,375867	1,201189	1,187340	0,561240	0,953068	0,775616	0,818048	1,077981	0,787203	0,926452	0,962427	0,808525	1,853396	1,630768	1,445851	99,996752	3,589483	5,284446	16,244359	14,279129	11,946926	13,854231	1,419058	1,729595	1,593604	2,256876
254,00	100,075841	99,796152	100,062728	99,990851	41,246739	40,085506	40,620029	41,142595	99,777532	99,818933	4,542395	5,202570	4,822362	5,322607	4,366510	7,159615	9,915490	10,834753	7,993793	9,696712	10,286830	7,475368	8,372892	9,467106	7,802049	6,012870	7,210050	7,370500	11,764409	16,690138	0,802392	1,251829	1,026206	 	0,791667	1,492253	1,291656	1,289965	0,591258	1,036740	0,844569	0,899780	1,137822	0,853445	1,013197	1,080789	0,837228	1,970930	1,791658	1,578854	99,636871	3,732687	5,558334	16,580066	14,556067	12,332024	14,038925	1,548330	1,792519	1,710407	2,395808
256,00	99,696195	100,339222	100,003350	99,877214	41,715360	40,581912	40,897086	41,601226	99,912179	99,993521	4,886928	5,541065	5,155296	5,665770	4,574813	7,129338	10,098524	11,095428	7,902071	9,888860	10,544298	7,429032	8,593735	9,671967	7,815656	6,146819	7,408110	7,327411	11,969426	17,015800	0,849529	1,330705	1,148569	 	0,821453	1,629325	1,432406	1,378580	0,621334	1,138506	0,939612	0,985329	1,193936	0,927811	1,125962	1,156661	0,885303	2,117937	1,924514	1,728431	99,940240	3,903012	5,860581	16,982239	14,935891	12,651806	14,351192	1,672727	1,891992	1,829025	2,561168
258,00	99,942416	99,794269	99,913144	99,884665	42,657852	40,983054	41,601560	42,590004	99,966872	100,040019	5,245002	5,892617	5,529657	6,058424	4,800475	7,123244	10,351919	11,349192	7,890736	10,032697	10,821258	7,423148	8,768404	9,903680	7,748901	6,245115	7,544544	7,286036	12,172120	17,428608	0,895117	1,448069	1,247918	 	0,852024	1,752770	1,547113	1,509886	0,650946	1,230923	1,043496	1,082754	1,245990	1,010306	1,219022	1,275517	0,942552	2,305597	2,108944	1,866418	99,926597	4,072955	6,259231	17,384438	15,303229	12,979949	14,538020	1,849116	1,967174	1,978763	2,765226
260,00	100,077927	99,905610	100,017345	100,050461	43,541119	41,461504	42,175353	43,423015	99,955839	99,858648	5,639047	6,322744	5,988343	6,443698	5,073856	7,109939	10,612436	11,592091	7,881086	10,307191	11,072730	7,421868	8,923543	10,160473	7,742681	6,399075	7,810463	7,301097	12,529342	17,769518	0,962626	1,586008	1,394183	 	0,934543	1,899410	1,694284	1,675133	0,669275	1,323855	1,125980	1,199084	1,361546	1,110168	1,371496	1,367056	0,984306	2,452589	2,308843	2,027730	99,999052	4,185809	6,642575	17,860599	15,611854	13,369285	14,933191	2,029604	2,007159	2,086719	2,968664
262,00	100,058925	99,920738	100,094819	100,119936	44,482863	41,860077	42,893583	44,299135	100,055206	99,785423	6,092761	6,724960	6,392738	6,905995	5,264835	7,165249	10,838705	11,805102	7,879768	10,539304	11,379573	7,430223	9,130618	10,395731	7,767435	6,499774	7,992728	7,315081	12,937179	18,163733	1,020659	1,712944	1,534160	 	1,007458	2,066305	1,849377	1,806710	0,737903	1,471061	1,245243	1,304110	1,426430	1,191830	1,532049	1,517415	1,058995	2,667155	2,483176	2,225500	99,819773	4,362956	7,058752	18,351278	15,952243	13,761316	15,133169	2,228923	2,096511	2,237536	3,199244
264,00	100,095487	100,104129	99,783063	100,190806	45,406136	42,373830	43,525079	45,238435	100,093234	100,001991	6,548560	7,190360	6,889459	7,461078	5,497647	7,224684	11,049464	12,168596	7,914062	10,799859	11,670520	7,428324	9,408797	10,620955	7,832269	6,664110	8,176004	7,373077	13,226254	18,552816	1,109509	1,844646	1,650296	 	1,066227	2,251641	1,998972	1,980238	0,785601	1,598055	1,385267	1,443898	1,515499	1,316475	1,688991	1,655174	1,136039	2,879748	2,732384	2,394485	100,275826	4,495926	7,489706	18,782908	16,393714	14,138667	15,510702	2,455898	2,149386	2,370100	3,471870
266,00	99,865234	99,958229	99,989355	100,306737	46,398163	42,897052	44,268146	46,240067	99,947447	99,870652	7,129666	7,720792	7,506906	7,958834	5,729840	7,235073	11,360893	12,442865	7,967617	11,091927	11,987908	7,438455	9,592383	10,921253	7,906223	6,784450	8,458318	7,403296	13,568468	19,069622	1,199583	2,027454	1,812684	 	1,152103	2,452751	2,193283	2,156560	0,838102	1,742220	1,539944	1,571655	1,656151	1,435455	1,875303	1,833361	1,201744	3,109012	2,969482	2,642988	100,112641	4,678611	7,957689	19,295946	16,777387	14,451925	15,828961	2,740791	2,204202	2,543539	3,759420
268,00	99,885309	100,035131	99,865562	100,003552	47,578308	43,225434	44,875431	47,321320	100,039470	100,153792	7,694441	8,279534	8,117535	8,589977	6,013678	7,323579	11,591230	12,709311	8,079398	11,345915	12,252395	7,531986	9,800296	11,210448	8,017493	6,968968	8,647387	7,455624	13,930082	19,489692	1,288542	2,199158	1,968801	 	1,278620	2,711850	2,361544	2,384797	0,916367	1,884210	1,679700	1,738623	1,776760	1,579023	2,058675	2,021503	1,313773	3,379753	3,206639	2,889298	100,127101	4,781933	8,476687	19,705969	17,059457	14,850776	16,130576	2,996338	2,223322	2,661193	4,076599
270,00	100,141299	99,935240	100,007796	100,005984	48,792899	43,738279	45,759368	48,604625	99,724734	99,964797	8,321394	8,859227	8,822788	9,177416	6,224300	7,391786	11,906303	13,050741	8,109628	11,681049	12,617987	7,607950	10,016835	11,516533	8,138296	7,056217	8,930928	7,590056	14,333753	19,956298	1,398249	2,402516	2,179052	 	1,370147	2,924347	2,548252	2,599480	1,001983	2,072915	1,846451	1,908779	1,947828	1,740008	2,266768	2,222864	1,421128	3,634171	3,491250	3,149244	100,293386	4,913460	9,048452	20,242642	17,451754	15,247148	16,425328	3,313027	2,273378	2,820580	4,406614
272,00	99,934316	100,030828	99,997199	99,836540	49,921951	44,096574	46,557662	49,820611	100,045359	100,039279	9,030747	9,517520	9,540071	9,890237	6,464838	7,493962	12,211166	13,421045	8,257017	12,003886	13,041806	7,724927	10,304285	11,855800	8,219077	7,248436	9,221391	7,679214	14,757825	20,597006	1,548477	2,641819	2,388256	 	1,498823	3,176751	2,752760	2,836774	1,099152	2,277063	2,055653	2,105173	2,134094	1,880084	2,522444	2,424770	1,560792	3,998320	3,791495	3,435620	100,143039	4,986950	9,604576	20,695964	17,854178	15,683217	16,818626	3,629992	2,315972	2,977220	4,766168
274,00	100,010431	100,148642	100,046432	100,123572	51,365817	44,596893	47,326520	51,190728	99,943680	100,187969	9,803064	10,187494	10,347226	10,602565	6,713352	7,651699	12,571962	13,780931	8,344553	12,420124	13,400428	7,849315	10,622192	12,223217	8,428920	7,494935	9,489586	7,822502	15,249480	21,052042	1,670517	2,865721	2,616983	 	1,649107	3,449745	2,952258	3,098582	1,205371	2,472932	2,250351	2,291231	2,307137	2,078177	2,777062	2,643980	1,708268	4,307232	4,118751	3,727669	99,936217	5,080293	10,110488	21,246079	18,335719	16,106156	17,171961	3,992003	2,318174	3,133300	5,141442
276,00	100,267017	99,991727	99,925303	100,035059	52,684075	44,933745	48,034972	52,435428	100,028002	100,008988	10,599037	10,793158	11,159184	11,313824	6,920628	7,813857	12,901029	14,172447	8,511247	12,728173	13,899265	8,014923	10,906649	12,509362	8,615602	7,668447	9,777674	8,025986	15,634052	21,535553	1,840442	3,115423	2,833746	 	1,822658	3,768666	3,159882	3,406702	1,331999	2,706550	2,477560	2,529956	2,535985	2,267086	3,064877	2,921958	1,875244	4,650177	4,441316	4,025414	99,862653	5,214395	10,738040	21,756354	18,598698	16,445363	17,512552	4,372534	2,337375	3,246240	5,563075
278,00	100,073254	99,847150	100,046754	100,209081	54,169160	45,431650	48,648891	53,831011	100,129104	100,124002	11,401287	11,542639	12,084182	12,080548	7,131418	7,949411	13,305685	14,592762	8,703243	13,099352	14,309478	8,143525	11,237118	12,908791	8,797186	7,909483	10,080561	8,225735	16,143328	22,027706	2,007650	3,408111	3,084568	 	1,979642	4,092255	3,398349	3,710994	1,465634	2,927715	2,699390	2,741482	2,746338	2,448866	3,337004	3,194509	2,048882	5,047346	4,807124	4,392973	99,991190	5,284616	11,310478	22,241102	19,007090	16,884257	17,934491	4,789454	2,333993	3,427439	5,986067
280,00	99,935037	100,079894	99,923593	100,060797	55,392313	45,772022	49,545801	55,147624	99,933314	100,085521	12,220649	12,203589	13,031255	12,929495	7,398727	8,169175	13,675304	14,947966	8,888695	13,484484	14,744245	8,390702	11,492465	13,276926	9,078498	8,135822	10,480855	8,454485	16,622309	22,651632	2,193091	3,684156	3,362598	 	2,187425	4,417220	3,614571	3,999167	1,633233	3,249914	2,915995	3,000473	3,020377	2,696569	3,653967	3,486433	2,275924	5,380625	5,128695	4,777446	99,772882	5,363282	11,848936	22,619492	19,357309	17,267737	18,359482	5,247885	2,379790	3,566807	6,426417
282,00	100,073385	100,081098	100,013506	99,787593	56,708843	46,060979	50,243551	56,447762	99,895692	100,071776	13,088249	12,911224	13,900746	13,689436	7,654212	8,398372	14,024894	15,400507	9,111343	13,815252	15,184046	8,503136	11,851742	13,651776	9,313472	8,373132	10,766836	8,684894	17,037867	23,160642	2,403596	3,985942	3,592966	 	2,420912	4,762012	3,878535	4,327690	1,805910	3,531899	3,181392	3,269610	3,305499	2,954262	4,001806	3,780102	2,511091	5,824298	5,500444	5,145915	99,905580	5,515533	12,533018	23,037685	19,747685	17,691940	18,604557	5,648475	2,413901	3,693926	6,844415
284,00	100,106204	99,760199	99,817240	99,994576	58,065718	46,588472	50,805777	57,893658	100,007153	100,108290	13,994180	13,746214	14,890645	14,532687	7,916206	8,598549	14,459375	15,814698	9,392472	14,242519	15,591818	8,848163	12,177276	13,983153	9,687538	8,650224	11,143367	9,064502	17,545162	23,688966	2,681950	4,379841	3,891261	 	2,649395	5,156277	4,093121	4,674911	2,007702	3,834099	3,452269	3,551970	3,616524	3,189196	4,363444	4,081484	2,768404	6,245429	5,872707	5,573998	99,789500	5,662297	13,158894	23,557524	20,051520	18,159926	18,994661	6,126235	2,423568	3,881691	7,291427
286,00	100,362074	99,707955	100,061095	100,156426	59,326088	46,919933	51,705015	59,093177	100,035262	100,060272	14,859156	14,473340	15,834972	15,325652	8,197704	9,025647	14,789869	16,199121	9,796927	14,650451	16,102487	9,224842	12,535092	14,457993	10,133836	8,895893	11,522343	9,453923	18,108036	24,181488	2,946299	4,730097	4,215012	 	2,948960	5,512601	4,333388	4,993993	2,231037	4,117502	3,721235	3,838471	3,957982	3,454790	4,673639	4,405913	3,056255	6,669062	6,299761	5,955733	99,919456	5,824345	13,753955	24,031167	20,490247	18,539639	19,466092	6,552704	2,497457	4,064851	7,764670
288,00	99,914914	99,842298	99,829400	99,928874	60,460049	47,265112	52,203858	60,216337	99,994487	100,042260	15,664136	15,166961	16,762598	16,101538	8,491468	9,460177	15,178253	16,660318	10,192804	15,089639	16,528046	9,593859	12,831669	14,750423	10,516149	9,181800	11,835380	9,938240	18,483859	24,821375	3,277109	5,059136	4,491531	 	3,242746	5,895469	4,613677	5,372651	2,488286	4,434136	4,018006	4,101418	4,384821	3,700570	5,059063	4,775362	3,378361	7,125580	6,705167	6,371047	99,963319	6,023867	14,433427	24,446078	20,748317	18,970682	19,725661	7,052428	2,538602	4,265819	8,240340
290,00	100,240874	100,038815	99,998355	99,849313	61,664873	47,708794	53,109246	61,487198	100,027776	99,863684	16,603866	15,878753	17,701262	16,930492	8,772281	9,907071	15,551817	17,004049	10,638587	15,441649	16,999847	10,074969	13,162589	15,111139	11,122157	9,406161	12,218451	10,516491	18,986489	25,306728	3,594252	5,461459	4,789082	 	3,608650	6,277849	4,853384	5,722672	2,784695	4,762246	4,246513	4,444668	4,813714	3,999217	5,432258	5,064427	3,753928	7,611112	7,071990	6,797126	100,007081	6,258190	15,066911	25,065705	21,159634	19,409604	20,115918	7,552413	2,627450	4,482110	8,658468
292,00	99,935591	99,922317	100,228834	99,855936	62,704164	48,063007	53,799671	62,400132	99,996752	100,110459	17,449068	16,618219	18,657267	17,662920	9,127383	10,435286	15,965372	17,435174	11,157970	15,829712	17,401764	10,550799	13,612223	15,492421	11,781624	9,716792	12,633258	11,122849	19,369832	25,790834	3,965822	5,893512	5,110001	 	3,992226	6,700175	5,138475	6,114161	3,102137	5,119427	4,537382	4,752103	5,262578	4,297323	5,754966	5,429977	4,154574	8,087026	7,445940	7,226593	99,808347	6,488048	15,705268	25,523832	21,478947	19,895384	20,472783	8,003987	2,745671	4,700673	9,149261
294,00	99,780947	99,979651	100,095999	99,807841	63,731116	48,678112	54,342419	63,703638	99,967349	99,856877	18,295488	17,350143	19,522390	18,471010	9,497230	10,984788	16,376850	17,837988	11,763902	16,255288	17,836986	11,145603	13,981089	15,822217	12,337447	10,032285	12,930579	11,816392	19,928420	26,225916	4,358699	6,310254	5,422848	 	4,400478	7,096791	5,467260	6,490041	3,448046	5,448230	4,819487	5,031061	5,814141	4,579289	6,185340	5,752594	4,610140	8,562303	7,844111	7,627323	100,267947	6,756921	16,311875	26,020145	21,964931	20,326918	20,873424	8,551700	2,883632	4,914856	9,607408
296,00	99,996030	100,184727	100,110853	99,934351	64,842409	49,387038	55,115688	64,689004	100,069273	100,269830	19,062960	18,165809	20,369881	19,242455	9,929815	11,612547	16,760440	18,226773	12,467807	16,670267	18,193811	11,718965	14,320952	16,214475	13,200364	10,352440	13,320395	12,520476	20,460393	26,710907	4,790087	6,729529	5,736309	 	4,801376	7,469111	5,709004	6,855339	3,790519	5,764895	5,106531	5,334649	6,293662	4,900853	6,527119	6,155557	5,060925	8,982046	8,196237	8,038636	99,973494	7,045540	16,983612	26,619497	22,419387	20,911112	21,223545	9,017530	3,024525	5,155313	10,017534
298,00	99,961680	100,091374	99,756438	100,012577	65,643883	49,766913	55,774850	65,570122	99,940658	99,897522	19,761114	18,779102	21,200731	20,020455	10,367055	12,174281	17,193240	18,564181	13,007811	17,018875	18,732058	12,228951	14,655997	16,486320	13,859247	10,601850	13,570246	13,238573	20,819587	27,182266	5,175417	7,113849	6,039444	 	5,193147	7,816793	6,025889	7,183458	4,136811	6,081659	5,410310	5,646214	6,766281	5,196146	6,891796	6,459308	5,461636	9,422187	8,620039	8,468087	100,223505	7,457153	17,733964	27,081314	22,821434	21,359973	21,688530	9,490000	3,175585	5,475866	10,485449
300,00	99,982446	99,925584	100,086343	100,029850	66,640776	50,579351	56,571120	66,333282	100,133288	99,912995	20,487498	19,558087	21,991491	20,712280	10,789374	12,694503	17,579712	18,886323	13,511801	17,382175	19,113192	12,733012	14,973310	16,887653	14,457750	10,897078	13,973677	13,824874	21,302460	27,638829	5,547274	7,437502	6,338981	 	5,562392	8,188801	6,320786	7,510532	4,435774	6,398726	5,669204	5,891224	7,215497	5,442060	7,315351	6,786165	5,883767	9,821586	9,051827	8,820251	100,026512	7,842991	18,384710	27,623650	23,299533	21,892300	21,995933	9,988731	3,377759	5,788030	10,887823
302,00	99,992251	99,862868	99,926066	99,763197	67,517871	51,298487	57,355970	67,216593	100,051177	100,097954	21,097226	20,355020	22,766504	21,506092	11,432357	13,082476	17,868975	19,354816	13,907316	17,739882	19,437680	13,117769	15,330692	17,307717	14,877979	11,176527	14,323056	14,294679	21,678373	27,997905	5,883855	7,775412	6,649482	 	5,940120	8,541717	6,659048	7,874561	4,721065	6,730964	5,958758	6,233909	7,600269	5,693320	7,616424	7,126718	6,260306	10,265227	9,357484	9,234249	99,951100	8,300553	19,064097	28,305823	23,791625	22,477810	22,418968	10,394795	3,628295	6,153851	11,286557
304,00	100,180399	100,103414	100,001514	99,714011	68,159139	51,884478	58,012831	68,027884	100,015557	100,179529	21,754894	20,955783	23,404054	22,202882	11,994312	13,421474	18,109156	19,706522	14,253385	18,029708	19,867910	13,418972	15,629935	17,593107	15,308239	11,398605	14,647397	14,754160	22,010338	28,461915	6,201996	8,122861	6,984940	 	6,204216	8,854261	7,022163	8,186337	4,998205	6,968194	6,267819	6,498472	7,916727	5,984065	7,954899	7,439827	6,510937	10,568739	9,794940	9,587350	100,054228	8,834406	19,792205	28,880984	24,357957	23,030569	22,869688	10,904017	3,890925	6,515131	11,730296
306,00	99,637222	99,933124	100,136626	99,885297	68,720686	52,785105	59,027839	68,511319	99,962199	99,711156	22,349651	21,741566	24,067660	22,811200	12,618664	13,616002	18,552490	20,023073	14,494605	18,326460	20,197222	13,727142	15,890534	17,980383	15,590827	11,624252	15,030487	15,095398	22,509900	28,862673	6,402288	8,394606	7,321904	 	6,448739	9,145586	7,348071	8,487235	5,215249	7,250243	6,540125	6,758235	8,250844	6,218376	8,310257	7,658813	6,863701	10,902125	10,130385	9,873492	100,025761	9,349185	20,553301	29,617622	24,951817	23,607525	23,312370	11,296842	4,204540	6,968801	12,094555
308,00	99,995315	100,284517	99,901390	100,084400	69,134921	53,694797	59,564596	69,031298	100,237763	100,047481	22,858103	22,329551	24,632789	23,505072	13,356826	13,873538	18,784761	20,313193	14,739370	18,655553	20,552576	13,919324	16,224714	18,247014	15,849480	11,867639	15,215413	15,277751	22,862536	29,216883	6,676772	8,629753	7,597236	 	6,663140	9,471907	7,736009	8,796728	5,453708	7,534197	6,810305	7,056568	8,533508	6,434318	8,656389	8,021580	7,118941	11,313259	10,496847	10,276346	99,944776	9,979046	21,192507	30,234078	25,387567	24,242960	23,781148	11,717326	4,565879	7,406855	12,545809
310,00	99,961042	100,063658	99,946922	100,241268	69,831520	54,669178	60,476649	69,504839	100,001752	100,145900	23,298207	23,011629	25,120455	24,168217	14,043280	14,102395	19,136918	20,624439	14,931466	19,004971	20,892997	14,082827	16,464821	18,585148	15,981430	12,100770	15,501843	15,549877	23,211868	29,689550	6,801200	8,936633	7,920066	 	6,895850	9,757140	8,141728	9,071190	5,565485	7,713957	7,064693	7,259867	8,752749	6,619396	8,982240	8,307665	7,344333	11,524949	10,839016	10,567562	99,972326	10,633742	21,884970	30,837661	25,928870	24,832563	24,122326	12,092856	4,955440	7,866407	12,843345
312,00	99,851781	99,710637	100,105000	100,018191	70,007807	55,526215	61,367214	69,897634	100,176466	100,057960	23,731861	23,531801	25,561246	24,740361	14,754498	14,155082	19,348314	20,993225	14,930443	19,240925	21,233727	14,188090	16,746907	18,902981	16,152959	12,256596	15,858781	15,661371	23,517813	30,160046	7,010733	9,136206	8,216229	 	7,075895	9,993415	8,480947	9,350728	5,722786	7,939254	7,316360	7,535622	8,909065	6,821308	9,329102	8,591268	7,556787	11,853001	11,227348	10,870027	100,063050	11,328135	22,612359	31,496727	26,446876	25,346291	24,621066	12,521611	5,380744	8,312932	13,248472
314,00	99,916577	99,962372	99,873024	99,986303	70,635056	56,342727	61,958182	70,321947	99,942279	99,939990	24,112129	24,220699	25,909671	25,254297	15,580730	14,258766	19,580346	21,205421	15,079693	19,560991	21,520390	14,238779	17,023915	19,053474	16,317225	12,468202	16,116601	15,824606	23,840113	30,405378	7,182951	9,393787	8,561094	 	7,263464	10,194354	8,921286	9,570979	5,873910	8,162985	7,550839	7,817811	9,104562	7,027955	9,582025	8,838539	7,716490	12,106234	11,510196	11,147335	100,081396	12,033951	23,303656	32,114020	26,994082	26,113176	25,057796	12,863182	5,854845	8,856791	13,577597
316,00	99,971044	99,880564	100,181448	100,158715	70,690084	57,531357	62,937391	70,554042	99,991465	100,017416	24,502377	24,747877	26,355770	25,835741	16,385728	14,305940	19,866705	21,630782	15,104324	19,800454	21,959338	14,386898	17,282662	19,553094	16,236062	12,655169	16,448520	15,917648	24,247253	30,795333	7,365073	9,594721	8,831964	 	7,396176	10,401902	9,241542	9,839317	5,972972	8,395857	7,869280	8,033272	9,283546	7,171928	9,886771	9,075880	7,923374	12,385282	11,904297	11,469783	100,181746	12,906261	23,918794	32,876432	27,690262	26,867360	25,476760	13,258304	6,355651	9,405401	13,965568
318,00	100,158238	100,062490	99,993080	100,112593	71,099329	58,492935	63,472372	71,065068	100,125909	100,107408	24,798883	25,449133	26,693311	26,300928	17,278966	14,329971	20,043857	21,861848	15,168007	19,905947	22,154261	14,335904	17,577197	19,780236	16,323316	12,843300	16,665989	15,915988	24,500896	31,128398	7,382087	9,780740	9,075716	 	7,522741	10,649948	9,681334	10,096177	6,076544	8,585086	8,151801	8,238540	9,313109	7,366913	10,207619	9,361809	8,018060	12,637804	12,178309	11,743309	100,149202	13,662367	24,684325	33,558664	28,402582	27,381852	25,940120	13,610108	6,880315	9,969630	14,296106
320,00	99,830049	99,839520	99,816358	100,005269	71,170998	59,242743	64,209956	70,981222	100,029099	99,747282	25,102159	25,954759	27,208433	26,786888	18,091038	14,225572	20,360638	22,130914	15,086305	20,353615	22,517402	14,279836	17,702237	20,042497	16,180174	13,026209	17,015989	15,888390	24,681386	31,603646	7,564793	9,952638	9,361129	 	7,597153	10,851179	10,077171	10,309554	6,206100	8,850856	8,380894	8,437645	9,513016	7,515200	10,490077	9,563705	8,174080	12,861107	12,518021	12,001991	100,073612	14,578035	25,269127	34,303561	28,995693	28,155655	26,316661	13,888812	7,502473	10,509805	14,512464
322,00	100,051200	100,138783	100,135779	100,023413	71,275049	60,304397	64,812690	71,037215	100,089109	100,049162	25,258452	26,509196	27,387986	27,321526	18,850309	14,121272	20,575839	22,437277	15,057386	20,504254	22,907773	14,183399	18,001324	20,350400	16,136114	13,239437	17,240496	15,777487	25,144464	31,708506	7,611811	10,115320	9,715124	 	7,697053	11,013805	10,488453	10,549205	6,253216	9,016455	8,636984	8,721934	9,555127	7,744753	10,752288	9,823398	8,277495	13,135560	12,843092	12,258592	100,001729	15,510806	25,851962	34,954384	29,514796	28,762254	26,759079	14,263521	8,109904	11,176232	14,901401
324,00	99,957293	100,047827	100,083685	100,105846	71,481234	61,359769	65,435028	71,278208	99,899763	99,948639	25,638875	27,055964	27,721521	27,704015	19,899434	14,164135	20,745283	22,655956	14,964190	20,821151	23,154029	14,185132	18,273111	20,654947	15,994130	13,316324	17,627312	15,754932	25,301975	32,201689	7,705690	10,272893	10,031635	 	7,712338	11,191051	11,017522	10,867967	6,310689	9,232081	8,850399	8,963444	9,605132	7,861322	11,102455	10,095691	8,344222	13,345698	13,246146	12,677650	99,864668	16,503149	26,452154	35,791838	30,266210	29,723036	27,193362	14,652255	8,945818	11,807254	15,209268
326,00	99,909902	100,041747	100,024712	99,825007	71,479273	62,269038	66,076219	71,450502	100,208449	100,118387	25,905710	27,417976	27,920887	28,237441	20,785269	14,097117	20,984191	23,006564	14,879350	21,038723	23,467584	14,085163	18,442902	20,885324	15,954354	13,573535	17,899340	15,672152	25,609893	32,517299	7,774008	10,462355	10,255626	 	7,827666	11,349419	11,396837	11,083006	6,409514	9,424095	9,149110	9,146772	9,711500	8,061720	11,398187	10,258494	8,385312	13,540250	13,500121	12,793283	100,004423	17,446320	27,160591	36,424381	30,858165	30,383742	27,611959	14,992431	9,564891	12,376931	15,482768
328,00	99,855798	99,923825	100,378883	99,894720	71,510243	62,984890	66,794676	71,492857	99,926424	100,212038	26,026806	27,915293	28,151280	28,533116	21,678120	14,067720	21,107696	23,365824	14,796662	21,261188	23,914590	14,073496	18,696062	21,210876	15,865335	13,724232	18,257245	15,582111	25,841394	32,976973	7,874341	10,539609	10,546205	 	7,889608	11,512745	11,828212	11,317769	6,426212	9,573678	9,344533	9,385952	9,819037	8,178273	11,636171	10,492629	8,494040	13,715531	13,786799	13,092855	99,853247	18,383300	27,497840	37,082744	31,456921	31,038108	27,976418	15,291294	10,281844	13,043188	15,713257
330,00	100,009668	99,964595	99,974900	100,037396	71,564132	63,816363	67,166579	71,647817	99,979997	100,020194	26,095739	28,249490	28,263247	28,934139	22,435977	13,901316	21,493977	23,496807	14,741509	21,476138	24,101129	13,999732	18,927658	21,518208	15,745804	13,881975	18,462688	15,542606	26,137331	33,103544	7,904584	10,687444	10,819817	 	7,952604	11,671660	12,261520	11,506748	6,480083	9,746363	9,598688	9,577554	9,827373	8,328535	12,008640	10,720304	8,543225	13,926865	14,101849	13,321775	100,260007	19,331972	28,240541	37,853023	32,051173	31,814396	28,430822	15,636501	11,069386	13,721475	16,010302
332,00	99,970824	100,151134	100,061798	100,015783	71,801263	64,638782	67,542315	71,703702	99,872518	100,102770	26,240838	28,592229	28,421947	29,238558	23,271887	13,909851	21,616434	23,866503	14,587115	21,787257	24,390686	13,988973	19,212723	21,751860	15,686309	14,054558	18,717146	15,438342	26,458150	33,397731	7,957421	10,777994	11,110215	 	7,990121	11,841727	12,589975	11,730857	6,565242	9,890786	9,848744	9,805525	9,884568	8,409066	12,231196	10,933807	8,645787	14,037748	14,348581	13,525936	100,149715	20,219558	28,617814	38,483390	32,718045	32,561699	28,814799	15,961498	11,778957	14,295112	16,258390
334,00	99,862188	99,804044	100,255799	99,943542	71,630841	65,394664	68,008333	71,440923	100,060391	99,919677	26,418856	29,024774	28,676888	29,544440	23,921070	13,812132	21,830159	24,084032	14,448206	21,982048	24,651228	13,931586	19,385073	21,993588	15,540195	14,236663	18,999796	15,349218	26,747394	33,758405	7,989781	10,913938	11,299881	 	8,045255	11,973672	13,017036	11,910930	6,658972	10,076130	10,081801	9,949515	9,925444	8,552933	12,425475	11,168814	8,676495	14,275201	14,673951	13,809432	100,032592	21,031556	29,106566	39,066300	33,333573	33,187753	29,213968	16,172646	12,546387	14,800873	16,471726
336,00	100,027192	100,060391	100,227070	100,046062	71,682531	65,915483	68,521631	71,661675	99,921608	100,006807	26,581946	29,287106	28,847560	29,796785	24,620420	13,758862	22,069050	24,353951	14,393091	22,283295	24,890995	13,811369	19,544636	22,215496	15,429783	14,397196	19,262081	15,277950	26,934099	33,973357	8,071472	11,055302	11,599829	 	8,110704	12,099297	13,317305	12,134147	6,692597	10,231903	10,253108	10,204265	9,963929	8,629671	12,723203	11,322726	8,754812	14,396170	14,888620	13,991109	99,979192	21,795961	29,377514	39,724678	33,934119	33,827525	29,583192	16,437426	13,133670	15,374139	16,641760
338,00	99,974442	100,246227	100,043130	100,204360	71,563303	66,550428	68,975657	71,455824	99,791455	99,970675	26,594171	29,475498	28,855017	30,052873	25,328347	13,723698	22,341284	24,595320	14,394072	22,457893	25,129586	13,847108	19,802622	22,552373	15,457174	14,571309	19,532754	15,287851	27,301341	34,290087	8,098571	11,114266	11,812461	 	8,215353	12,232340	13,692677	12,272851	6,730838	10,372239	10,484324	10,419719	10,041473	8,779064	12,933958	11,563811	8,831170	14,536160	15,153573	14,240488	99,894196	22,612110	29,804507	40,272233	34,547043	34,585774	29,952508	16,712973	13,892432	15,937349	16,918546
340,00	99,901605	100,191677	100,084519	99,938065	71,508628	67,148435	69,050080	71,377790	100,000191	99,968910	26,802579	29,804683	29,100972	30,242568	25,827336	13,686548	22,559431	24,775973	14,339186	22,701637	25,484890	13,801408	20,039907	22,796638	15,378395	14,791456	19,838090	15,144713	27,571118	34,458750	8,155834	11,223950	12,072344	 	8,266232	12,385212	13,976771	12,501471	6,869220	10,516834	10,743159	10,619953	10,126704	8,891752	13,217138	11,775435	8,926081	14,703265	15,399350	14,446971	100,034356	23,346423	30,104518	40,846509	34,944370	35,228607	30,282044	17,011288	14,582130	16,396466	17,108469
342,00	100,094593	99,897349	99,899501	100,003493	71,489215	67,484587	69,192207	71,415812	99,839211	100,093341	26,884803	30,112708	29,081929	30,478925	26,430926	13,688786	22,833519	25,075170	14,360851	22,994202	25,726348	13,871834	20,260948	23,034908	15,368517	14,971448	20,109095	15,202464	27,806064	34,707010	8,247808	11,376742	12,341744	 	8,337701	12,546296	14,381176	12,682004	6,945419	10,676782	10,881667	10,766151	10,218284	9,018309	13,501205	11,972644	9,060743	14,871168	15,668479	14,657089	100,124967	24,048449	30,541563	41,298661	35,489038	35,829079	30,586582	17,233814	15,231591	16,970348	17,292573
344,00	100,203323	99,947703	99,879646	99,929452	71,410364	68,032807	69,500303	71,424013	100,008869	100,086331	26,946253	30,265057	29,261014	30,646408	26,951140	13,791591	23,015834	25,355127	14,423457	23,230307	26,053143	13,977660	20,491782	23,255095	15,424399	15,125704	20,398875	15,246381	28,027108	34,964207	8,352814	11,499783	12,559363	 	8,426578	12,720351	14,666684	12,891294	7,074729	10,861156	11,100525	11,027497	10,322741	9,189198	13,702467	12,205694	9,147347	15,117109	15,874521	14,897121	100,095832	24,645862	30,720696	41,849881	36,026868	36,395085	30,893838	17,442411	15,838479	17,427818	17,494796
346,00	99,852377	100,069547	100,097466	99,959737	71,396548	68,348849	69,748217	71,354973	100,061440	100,096118	27,075583	30,527949	29,341644	30,785298	27,484456	13,818520	23,239097	25,591618	14,418349	23,519306	26,294285	14,050724	20,806518	23,503186	15,597783	15,355928	20,667782	15,336470	28,332984	35,189542	8,479609	11,626998	12,798288	 	8,585361	12,882212	14,946064	13,087004	7,207351	11,046375	11,291027	11,176074	10,445672	9,330253	13,918161	12,361730	9,297357	15,206411	16,047361	15,109767	99,934381	25,253317	31,014654	42,373362	36,422235	37,093392	31,109485	17,682722	16,378802	17,826115	17,585915
348,00	100,022984	100,132251	99,970412	100,061643	71,355051	68,670088	69,684547	71,208036	100,123787	100,045192	27,159521	30,733314	29,436329	30,988610	27,872166	13,963047	23,387417	25,816944	14,531972	23,663650	26,562625	14,183541	20,958634	23,757724	15,681419	15,545131	20,874041	15,450221	28,600580	35,370255	8,590038	11,831152	12,974390	 	8,723929	13,013242	15,203664	13,243930	7,364762	11,210310	11,464640	11,396704	10,567427	9,519204	14,136584	12,608552	9,390531	15,405323	16,261062	15,284330	99,770147	25,740379	31,193405	42,850354	36,774689	37,502444	31,398216	17,860383	16,910852	18,250136	17,783481
350,00	99,927145	100,017488	99,898767	100,045669	71,189708	68,972147	69,907343	71,278310	100,133109	100,164318	27,274367	30,842385	29,551077	31,095031	28,219548	14,043140	23,724142	26,074070	14,599428	23,976272	26,870018	14,286931	21,267858	24,053131	15,703768	15,786667	21,231374	15,571223	28,885087	35,631344	8,719207	11,931939	13,216075	 	8,816399	13,199008	15,489338	13,462843	7,505630	11,388933	11,704012	11,591222	10,712817	9,654295	14,353457	12,802580	9,516032	15,557989	16,544136	15,530898	99,875641	26,177150	31,450880	43,272150	37,207428	38,057998	31,748605	18,162975	17,426506	18,620422	17,943819
352,00	100,189352	99,990726	99,779946	99,963921	71,199685	69,191420	69,887143	71,184593	99,970329	100,057757	27,338278	31,034008	29,570648	31,216246	28,547508	14,183930	23,912916	26,263216	14,760023	24,259971	27,046770	14,330885	21,479103	24,272621	15,846193	15,978372	21,446979	15,675057	29,150116	35,863879	8,795197	12,090933	13,447067	 	8,884519	13,242808	15,800211	13,664170	7,590105	11,533605	11,875793	11,835724	10,787055	9,794088	14,627586	12,984045	9,686314	15,777257	16,784434	15,686259	100,058246	26,619273	31,687358	43,650508	37,632501	38,553438	31,936234	18,405384	17,935362	19,067228	18,164366
354,00	100,171041	100,110376	99,874413	100,136805	71,145356	69,344538	70,059550	71,043706	100,102806	99,978280	27,393308	31,095466	29,690325	31,318521	28,884128	14,176789	24,126714	26,484621	14,767574	24,449834	27,251330	14,433505	21,696681	24,558219	15,848538	16,170801	21,744932	15,681177	29,426101	36,111277	8,900918	12,150855	13,598101	 	9,007930	13,425373	16,003364	13,813126	7,714710	11,696290	12,081697	11,994920	10,919798	9,909384	14,783162	13,176338	9,751991	15,921459	16,897401	15,943038	99,965948	26,981360	31,732687	44,001880	38,023815	39,118072	32,294437	18,537840	18,325792	19,345097	18,262130
356,00	100,047362	100,072277	100,158525	99,935514	70,955133	69,383138	70,251131	71,000171	99,963969	100,113106	27,425402	31,252426	29,733169	31,447944	29,124698	14,221279	24,356951	26,773855	14,795518	24,668665	27,643862	14,472355	21,931122	24,865848	15,842302	16,340108	22,056931	15,680759	29,705611	36,334381	8,961263	12,283884	13,822229	 	9,085931	13,507120	16,273710	14,039350	7,817119	11,873177	12,221119	12,181959	10,955639	10,026784	15,038398	13,356194	9,857194	16,045801	17,176537	16,156678	99,976939	27,382395	31,982559	44,431794	38,327453	39,492992	32,436007	18,818747	18,744804	19,656093	18,489797
358,00	99,943596	100,047076	99,953914	100,067496	70,899999	69,498473	70,052332	70,818418	100,126672	100,053668	27,534756	31,362104	29,793668	31,564501	29,353628	14,222842	24,560733	26,961914	14,731152	25,034863	27,737880	14,489028	22,179653	25,041670	15,861520	16,499519	22,256917	15,649794	29,905105	36,437181	9,039905	12,373976	14,015041	 	9,176531	13,645668	16,504875	14,234376	7,939338	11,991549	12,433235	12,370675	11,023922	10,115869	15,258697	13,573301	9,964544	16,159411	17,342988	16,325147	100,044537	27,594534	32,131472	44,784787	38,760999	39,920890	32,706055	19,035555	19,047791	19,965772	18,601590
360,00	100,000012	100,059152	100,010037	100,005329	70,784277	69,520307	70,098162	70,686102	100,061536	99,931800	27,571046	31,408644	29,966649	31,592619	29,550701	14,177725	24,818106	27,159390	14,663139	25,226003	28,010499	14,461772	22,370045	25,319928	15,791032	16,640349	22,518636	15,588941	30,222103	36,647910	9,083416	12,431286	14,242014	 	9,234082	13,723837	16,728288	14,353435	7,965356	12,115130	12,599279	12,559536	11,075339	10,209670	15,470906	13,714609	10,012707	16,268544	17,514107	16,499984	100,104475	27,894330	32,258224	45,167306	39,051092	40,396515	32,921612	19,207343	19,434002	20,248242	18,748923
362,00	99,969965	100,053990	100,044167	99,815333	70,674849	69,572949	70,179158	70,640337	99,896842	100,024378	27,532431	31,597006	29,934156	31,737322	29,750511	14,101489	25,007170	27,448645	14,645869	25,443363	28,347591	14,449246	22,557150	25,520849	15,703112	16,812497	22,842497	15,529369	30,482942	36,889359	9,135149	12,535642	14,435938	 	9,286568	13,866669	16,931967	14,479940	8,059847	12,253465	12,845969	12,733050	11,111937	10,275981	15,640146	13,910377	10,066932	16,417985	17,732659	16,724344	99,986380	28,130093	32,384908	45,406407	39,360228	40,718913	33,148843	19,377281	19,711420	20,509359	18,866019
364,00	100,075984	100,127912	99,933302	99,973488	70,573008	69,691992	69,991463	70,612776	100,044954	99,984580	27,680156	31,681201	30,009782	31,792030	29,943413	14,065336	25,242981	27,574134	14,502595	25,749701	28,555155	14,368121	22,824565	25,772893	15,617673	16,949883	23,085524	15,451160	30,779350	36,988890	9,174731	12,529148	14,615045	 	9,313729	13,953424	17,136787	14,678934	8,111202	12,337188	12,996309	12,914722	11,154014	10,344993	15,894045	14,083654	10,141469	16,482119	17,933485	16,905110	99,995267	28,278378	32,463929	45,814443	39,765537	41,245547	33,442688	19,597192	19,983810	20,765586	19,034997
366,00	100,011003	99,958748	99,961972	99,971819	70,552897	69,684392	70,033872	70,520329	100,117385	99,976140	27,801374	31,758177	30,055574	31,826213	30,061015	13,953800	25,484160	27,836055	14,372391	26,008549	28,806448	14,301786	23,035534	26,045808	15,478943	17,110796	23,400287	15,368173	31,054157	37,283653	9,182099	12,580442	14,806236	 	9,348764	14,042173	17,367163	14,872225	8,159906	12,438540	13,160782	13,134852	11,171798	10,368624	16,102596	14,226170	10,194360	16,612864	18,101460	17,065482	100,044930	28,473797	32,581598	46,093810	39,974725	41,588986	33,672574	19,762702	20,250179	20,971169	19,217981
368,00	99,964494	100,025749	100,089490	100,047553	70,247835	69,642329	70,021224	70,313281	100,203931	100,052953	27,827612	31,822991	30,145976	32,030383	30,194664	13,829550	25,667551	28,139001	14,256507	26,180837	29,090244	14,190803	23,210356	26,300794	15,336089	17,233185	23,633105	15,202600	31,389824	37,518349	9,195266	12,597190	14,988644	 	9,384802	14,136124	17,542800	15,034167	8,210076	12,549329	13,277942	13,314173	11,148198	10,357979	16,251250	14,433517	10,233628	16,727401	18,327132	17,283921	99,937242	28,652081	32,701629	46,323380	40,297967	41,986749	33,926651	20,005994	20,492579	21,210688	19,304709
370,00	100,008464	99,913752	100,075233	99,962020	70,353353	69,598448	69,968814	70,304418	100,013053	99,904472	27,883667	31,919390	30,246037	32,060170	30,262262	13,773438	25,964281	28,379697	14,140470	26,488382	29,372630	14,122441	23,457918	26,575744	15,185064	17,387927	23,955132	15,061302	31,749472	37,729850	9,208349	12,615243	15,210970	 	9,359477	14,197190	17,789559	15,193696	8,260133	12,656249	13,504596	13,475019	11,135802	10,423966	16,533756	14,600942	10,253818	16,789345	18,541583	17,429651	100,180757	28,802633	32,856119	46,642554	40,610445	42,402661	34,240398	20,187265	20,739570	21,407107	19,479765
372,00	100,039959	100,001717	99,958289	100,049186	70,227325	69,709498	69,868624	70,092881	100,060248	99,897355	27,903396	31,910104	30,243987	32,092240	30,336463	13,614935	26,199171	28,528470	14,007369	26,788247	29,555601	13,972764	23,704630	26,869205	15,037127	17,501879	24,163073	14,865427	32,043439	37,891877	9,183760	12,597284	15,368879	 	9,387603	14,254828	18,014303	15,362294	8,274369	12,768428	13,660578	13,653094	11,078312	10,424305	16,661423	14,756547	10,293756	16,860619	18,631947	17,677300	99,936312	28,928769	32,818633	47,034255	40,973404	42,696315	34,543175	20,390870	20,894487	21,634617	19,623251
374,00	99,981779	100,025654	99,893141	99,876523	70,207709	69,534880	69,728494	70,065629	100,105500	99,860871	28,025016	32,030815	30,373400	32,164505	30,627206	13,467900	26,403260	28,876188	13,841577	27,032447	29,913369	13,885133	24,013229	27,158388	14,877184	17,548399	24,488457	14,750007	32,171252	38,196254	9,233026	12,629408	15,632732	 	9,387387	14,394014	18,149880	15,579742	8,335719	12,896833	13,933805	13,932411	11,056220	10,515459	16,913468	14,992143	10,315350	16,949661	18,943878	17,905785	99,977690	29,040250	32,934701	47,368163	41,216165	43,121901	34,739372	20,617758	21,103880	21,872564	19,791478
376,00	99,877542	99,985194	99,945140	99,988139	70,004725	69,416434	69,782370	69,903475	99,979234	99,977553	28,017914	32,149237	30,402175	32,294753	30,744457	13,297425	26,567912	29,236534	13,671461	27,265015	30,245590	13,746630	24,196072	27,476081	14,638023	17,673370	24,821451	14,566529	32,394996	38,437846	9,220538	12,629184	15,836369	 	9,376236	14,491107	18,374257	15,762526	8,346543	12,989263	14,129144	14,150845	11,040760	10,526939	17,165227	15,179530	10,326467	17,052385	19,126968	18,092272	99,971336	29,185772	33,102325	47,657958	41,439965	43,484223	34,995839	20,818304	21,353883	22,097044	19,961692
378,00	100,014567	99,971682	99,965906	99,950337	69,899535	69,317114	69,611621	69,956434	100,037956	99,813354	28,067687	32,142055	30,492520	32,334447	30,779475	13,234264	26,813143	29,420137	13,558683	27,581379	30,550417	13,675436	24,429321	27,777416	14,566828	17,790230	25,084642	14,467475	32,697299	38,703999	9,227573	12,627193	16,046457	 	9,418354	14,570786	18,593831	15,922810	8,385262	13,113283	14,315191	14,381430	11,040755	10,569748	17,337336	15,334532	10,363536	17,125720	19,302619	18,268624	100,000262	29,261956	33,144078	47,864693	41,782492	43,737707	35,209861	21,017690	21,541607	22,317573	20,127581
380,00	99,982363	99,951744	100,079012	100,137138	69,836617	69,430572	69,628835	69,654852	99,955368	99,949384	28,096658	32,326889	30,511740	32,396942	30,871016	13,109913	27,080649	29,727966	13,484257	27,892521	30,790198	13,648206	24,724932	28,102636	14,425027	17,950192	25,387168	14,380193	32,959235	38,998422	9,241453	12,693523	16,232976	 	9,444488	14,690349	18,812692	16,139379	8,437654	13,229302	14,487031	14,599875	11,038524	10,648698	17,558859	15,530720	10,399073	17,241703	19,528714	18,469013	100,079608	29,326969	33,233449	48,287907	42,118895	44,214648	35,578746	21,183772	21,677090	22,541259	20,278405
382,00	100,066888	99,946153	100,018704	99,989229	69,850755	69,305235	69,522768	69,812316	100,004923	99,932909	28,154033	32,396734	30,604711	32,468861	30,975124	13,114053	27,338672	29,994461	13,451564	28,086594	31,064084	13,655065	24,942833	28,345090	14,370854	18,069197	25,683972	14,353211	33,263505	39,191949	9,308269	12,739107	16,432059	 	9,515179	14,799845	18,995233	16,319901	8,498983	13,351226	14,686292	14,762200	11,093320	10,706162	17,768174	15,718408	10,486449	17,367457	19,739363	18,671764	100,051212	29,392797	33,286822	48,530725	42,377913	44,553363	35,875770	21,385361	21,875043	22,694236	20,428656
384,00	99,997658	99,961603	99,970835	100,026798	69,653136	69,237161	69,434929	69,534707	99,944448	99,912280	28,220534	32,412347	30,650285	32,535142	31,048733	13,100208	27,568385	30,239657	13,447031	28,403106	31,316966	13,665593	25,206780	28,594199	14,347148	18,282843	25,942671	14,371841	33,583543	39,429197	9,347912	12,812936	16,656104	 	9,575608	14,914846	19,177575	16,486622	8,591028	13,496415	14,859495	14,963837	11,146944	10,782664	17,957315	15,878671	10,546988	17,451710	19,910900	18,895587	99,999994	29,486284	33,361235	48,848680	42,694241	44,877097	36,125478	21,556760	22,048451	22,865625	20,600241
386,00	100,064170	100,097716	100,061977	100,087523	69,662827	69,202149	69,409776	69,555604	100,007653	99,935412	28,292912	32,511386	30,734375	32,635650	31,165731	13,161877	27,803737	30,522496	13,518000	28,656241	31,669173	13,724238	25,493410	28,918576	14,402136	18,469468	26,227379	14,425981	33,828294	39,709908	9,459257	12,926760	16,856642	 	9,677430	15,084724	19,405751	16,709544	8,700221	13,661808	15,079291	15,179694	11,247427	10,912737	18,148908	16,098478	10,673504	17,598930	20,139669	19,072402	99,976712	29,576984	33,432397	49,128646	42,963159	45,263454	36,443353	21,789962	22,218207	23,118830	20,823736
388,00	99,982232	100,051296	99,894476	99,987411	69,556135	69,167817	69,314796	69,447255	99,995232	99,994475	28,312474	32,559854	30,779797	32,728472	31,250414	13,207357	28,030932	30,777344	13,591900	28,941530	31,885910	13,789421	25,768703	29,236677	14,451827	18,663834	26,586041	14,507365	34,170923	39,956281	9,541079	13,034721	17,054613	 	9,755132	15,224715	19,600482	16,866222	8,795366	13,826850	15,263307	15,366003	11,350801	11,018489	18,356781	16,266546	10,781783	17,738992	20,280193	19,264956	100,074136	29,648176	33,518088	49,376500	43,263671	45,588046	36,747384	21,947522	22,379290	23,269215	20,997512
390,00	99,986005	99,992907	100,054312	100,060129	69,477904	69,064021	69,277489	69,280154	99,961370	100,092185	28,423673	32,682443	30,858147	32,766750	31,370106	13,278936	28,304335	31,099951	13,673238	29,213700	32,213643	13,934113	25,998151	29,475385	14,560178	18,856592	26,886722	14,627595	34,534740	40,203077	9,631434	13,151841	17,235893	 	9,874318	15,346707	19,771574	17,056395	8,915386	13,997227	15,471385	15,582347	11,440740	11,172544	18,531284	16,445905	10,911996	17,923500	20,493573	19,504397	99,965525	29,737619	33,593175	49,684098	43,524778	45,864886	37,072086	22,142197	22,570221	23,432341	21,116385
392,00	100,087011	100,055087	100,073254	100,059450	69,441271	69,034243	69,346970	69,367498	100,032115	100,048566	28,477082	32,741278	30,918825	32,865581	31,401598	13,372508	28,595376	31,362191	13,768843	29,520583	32,566646	14,046761	26,213676	29,778448	14,639691	19,115800	27,189112	14,684972	34,790662	40,460259	9,731264	13,258038	17,438792	 	9,963658	15,485494	19,965059	17,239729	9,012244	14,150974	15,638962	15,747964	11,539096	11,303264	18,751448	16,631700	11,022468	18,076265	20,679149	19,673653	99,956572	29,796267	33,642319	49,914777	43,793091	46,240652	37,359715	22,274752	22,735035	23,623028	21,283799
394,00	100,102568	99,943852	100,045776	99,922478	69,395721	68,975031	69,137961	69,240713	99,975556	100,043190	28,507921	32,789820	30,945426	32,935920	31,456855	13,434963	28,845835	31,620985	13,856836	29,799208	32,815135	14,127423	26,496229	30,107415	14,702040	19,314688	27,437061	14,794482	35,048985	40,686557	9,823058	13,377872	17,650777	 	10,066631	15,663281	20,176165	17,395264	9,120246	14,330976	15,833171	15,952219	11,658187	11,419857	18,951350	16,797139	11,139777	18,203302	20,930985	19,873750	100,013649	29,882196	33,710048	50,191885	44,116059	46,504661	37,619525	22,468804	22,846004	23,780565	21,456324
396,00	100,103140	100,041485	99,984097	99,988753	69,293714	68,826240	69,067758	69,211078	99,970919	100,038397	28,563610	32,860345	31,038383	33,001959	31,543136	13,526277	29,076561	31,902331	13,908169	30,082220	33,052963	14,203854	26,776627	30,338776	14,789246	19,552885	27,745852	14,885771	35,357606	40,937370	9,914359	13,526444	17,847079	 	10,136087	15,805954	20,371827	17,616411	9,218301	14,450781	16,059247	16,171828	11,733080	11,577568	19,162716	16,997172	11,230783	18,390244	21,107253	20,090656	100,062537	29,975489	33,796185	50,456148	44,344962	46,786883	37,887555	22,653371	23,074628	24,024825	21,650894
398,00	99,999201	100,023901	99,869180	100,009608	69,202036	68,787146	68,996501	69,123858	100,087547	100,006783	28,671622	32,953602	31,084508	33,039033	31,598654	13,561168	29,339826	32,146701	13,979024	30,358303	33,306557	14,301170	27,036303	30,675477	14,840007	19,716971	28,047374	14,963841	35,641211	41,115463	9,986511	13,604608	18,012194	 	10,262139	15,967049	20,565119	17,781943	9,296527	14,632544	16,202573	16,373725	11,832998	11,715280	19,346605	17,144650	11,340406	18,507060	21,290450	20,246206	99,941522	29,990518	33,857360	50,780928	44,608933	47,081849	38,198549	22,832249	23,133266	24,162252	21,756770
400,00	100,005639	100,042892	100,067699	100,058067	69,122332	68,803573	69,002306	68,970650	100,013947	100,019085	28,711894	33,036521	31,168219	33,127937	31,664827	13,582705	29,597721	32,441413	13,953041	30,639797	33,612671	14,305316	27,310574	30,975047	14,824244	19,950680	28,336880	14,937896	35,890645	41,411996	10,037175	13,714278	18,240252	 	10,314080	16,091117	20,743175	17,929573	9,373831	14,759046	16,380282	16,561231	11,903493	11,790245	19,530952	17,316225	11,426623	18,611723	21,494514	20,442167	99,942762	30,030230	33,922178	50,982201	44,882444	47,376311	38,462847	23,014931	23,332703	24,320646	21,923286
402,00	99,991012	100,018990	100,095797	100,033581	69,046926	68,639708	68,953210	68,912733	100,050771	99,979329	28,759924	33,076078	31,196928	33,171639	31,705490	13,529395	29,877883	32,735556	13,939914	30,894783	33,911115	14,311890	27,535230	31,315297	14,820564	20,124206	28,689024	14,923449	36,212552	41,667190	10,094755	13,747846	18,436684	 	10,371809	16,220543	20,937914	18,121214	9,438980	14,899167	16,613045	16,758732	11,926722	11,892354	19,712278	17,480814	11,481886	18,711181	21,700628	20,645143	99,965978	30,113664	34,007064	51,257724	45,163593	47,666731	38,744876	23,178154	23,494816	24,520390	22,099563
404,00	99,999094	99,966156	100,037694	100,028944	68,894869	68,643510	68,788821	68,785197	100,080121	100,083148	28,789562	33,127174	31,244424	33,215740	31,786236	13,435563	30,075806	32,933265	13,874888	31,160372	34,156382	14,233910	27,812761	31,549689	14,712985	20,292382	28,908834	14,817707	36,469135	41,843745	10,099696	13,794114	18,607412	 	10,368263	16,309172	21,118866	18,303710	9,469217	15,028752	16,794534	16,966265	11,947656	11,946586	19,905311	17,653486	11,509862	18,844680	21,851145	20,792489	99,905306	30,174956	33,996600	51,517767	45,363358	47,956884	38,983643	23,331887	23,626097	24,664438	22,236899
406,00	100,086665	100,068510	99,955779	100,077963	68,929106	68,595141	68,672824	68,859869	100,029850	99,909937	28,826028	33,148620	31,297752	33,235627	31,794843	13,379885	30,371740	33,218196	13,785890	31,466681	34,437448	14,180964	28,052440	31,856605	14,595874	20,453124	29,230261	14,719041	36,801845	42,085707	10,073497	13,820422	18,799955	 	10,384040	16,396193	21,282750	18,448885	9,484120	15,092233	16,982651	17,146562	11,916271	11,992195	20,071398	17,813252	11,537635	18,868615	22,041303	20,975697	99,828315	30,195060	34,073296	51,809883	45,652127	48,309860	39,288402	23,484975	23,744124	24,790916	22,377156
408,00	100,000572	99,979460	100,069928	100,046980	68,770707	68,525702	68,756181	68,690890	100,042415	99,928498	28,888342	33,192313	31,354666	33,297357	31,850287	13,220055	30,620000	33,557782	13,615836	31,721237	34,787273	14,071493	28,219345	32,199481	14,421530	20,585923	29,553038	14,568083	37,063900	42,390937	10,095332	13,800707	19,023600	 	10,370543	16,481739	21,513940	18,624292	9,500213	15,192783	17,195497	17,347760	11,883760	11,991444	20,266746	17,976706	11,544681	18,960403	22,284932	21,146058	99,894768	30,240664	34,132117	51,970816	45,925412	48,512849	39,580327	23,664665	23,867369	24,961109	22,574954
410,00	100,033748	99,978554	100,054622	100,016928	68,683952	68,416697	68,600065	68,531156	100,075722	100,001824	28,949037	33,239788	31,394839	33,381158	31,945434	13,049771	30,831882	33,822632	13,466685	31,985179	35,045552	13,924062	28,442305	32,483119	14,240286	20,674141	29,834744	14,375609	37,335372	42,607003	10,034455	13,776009	19,231366	 	10,354659	16,564408	21,722609	18,811092	9,494038	15,314959	17,393619	17,549972	11,833377	12,009627	20,475484	18,153481	11,559121	18,987076	22,470054	21,356598	99,957812	30,322871	34,247026	52,206481	46,099862	48,744965	39,826506	23,859604	24,065141	25,151122	22,709991
412,00	99,923217	99,921679	100,055635	100,027931	68,632835	68,406874	68,535292	68,479508	100,027871	100,026262	28,990149	33,326083	31,462142	33,430675	32,023180	12,925975	31,080395	34,099925	13,291910	32,301781	35,345322	13,822719	28,701326	32,832319	14,094071	20,772707	30,158135	14,204584	37,676656	42,822284	10,032382	13,772611	19,428350	 	10,357989	16,637768	21,896955	18,961124	9,503696	15,407011	17,585950	17,754185	11,818620	12,005078	20,710517	18,340999	11,569016	19,054288	22,662315	21,521859	100,020885	30,414024	34,292948	52,423733	46,441287	49,107674	40,088236	23,947126	24,189852	25,308126	22,883032
414,00	100,008607	99,967420	99,981970	100,064695	68,631577	68,298143	68,366277	68,478864	100,003064	99,967200	29,003826	33,369485	31,465676	33,501464	32,062912	12,808795	31,340241	34,353530	13,192074	32,608345	35,592565	13,749164	28,903550	33,142298	13,976736	20,919110	30,436286	14,090966	37,999076	43,047982	10,008400	13,772669	19,643527	 	10,334106	16,702160	22,078651	19,155933	9,517727	15,511535	17,776960	17,928514	11,808746	12,018687	20,865870	18,477243	11,602554	19,118173	22,857228	21,685724	99,959463	30,446482	34,314606	52,676290	46,622208	49,340007	40,356427	24,122961	24,327701	25,481448	23,018904
416,00	99,985695	100,006711	100,016057	99,965423	68,448621	68,196654	68,372416	68,367612	100,057530	100,049067	29,056090	33,433244	31,559274	33,529508	32,113296	12,759231	31,576195	34,631893	13,141605	32,904840	35,943016	13,709752	29,162031	33,443969	13,889918	21,035381	30,809495	14,017446	38,249207	43,302858	10,032023	13,761093	19,829954	 	10,376783	16,785626	22,281815	19,341902	9,573535	15,622845	17,981777	18,165523	11,816194	12,037411	21,068327	18,657652	11,627357	19,179344	23,031731	21,895352	99,944198	30,477062	34,363008	52,885020	46,871170	49,577248	40,577805	24,303164	24,424204	25,627065	23,161328
418,00	99,926603	100,019562	99,982435	99,992216	68,428522	68,139720	68,258399	68,278450	100,112057	100,001717	29,157573	33,524689	31,582010	33,565962	32,145730	12,782705	31,839442	34,961104	13,140544	33,218330	36,214092	13,727966	29,435194	33,798668	13,899708	21,256809	31,111103	14,004286	38,617709	43,590492	10,078302	13,819276	20,069999	 	10,423723	16,937633	22,515364	19,542824	9,642410	15,719450	18,234900	18,409656	11,844268	12,132929	21,290055	18,821521	11,705735	19,318038	23,266277	22,105321	100,018585	30,522791	34,448260	53,205055	47,169578	49,852598	40,875188	24,470635	24,644431	25,802633	23,327237
420,00	99,992090	99,992526	99,946976	100,000966	68,374819	68,044055	68,124300	68,218386	100,151432	100,007808	29,198259	33,548081	31,654969	33,619052	32,174823	12,775850	32,152915	35,275799	13,157049	33,577096	36,533409	13,791005	29,729655	34,118623	13,905773	21,406214	31,438100	14,061929	38,878575	43,833092	10,165939	13,911673	20,279001	 	10,521226	17,037043	22,680944	19,714791	9,763774	15,866880	18,433467	18,634140	11,923566	12,204114	21,463628	19,031635	11,805502	19,418262	23,457819	22,281656	99,951655	30,549726	34,457797	53,439420	47,444448	50,133431	41,187489	24,615651	24,778087	25,935349	23,458725
422,00	99,840873	99,968702	99,932969	100,003743	68,226707	68,004751	68,034571	68,064958	100,029552	99,985290	29,208729	33,600545	31,689787	33,670574	32,246608	12,850747	32,488221	35,578567	13,227303	33,906552	36,867818	13,878480	30,049270	34,431392	14,005095	21,682063	31,806436	14,093252	39,282858	44,050351	10,222869	14,006653	20,516165	 	10,606640	17,207676	22,885856	19,918239	9,859101	16,010484	18,651867	18,856330	11,988571	12,335981	21,690717	19,220245	11,907844	19,558468	23,704980	22,487237	100,052404	30,620745	34,529150	53,712267	47,709057	50,392044	41,438773	24,780649	24,936922	26,130095	23,624350
424,00	100,027204	99,951607	100,063980	99,939227	68,175614	67,933309	68,078530	68,102419	100,015950	100,032592	29,278892	33,645347	31,707695	33,747876	32,281739	12,921248	32,800129	35,973874	13,298079	34,273002	37,219921	14,003077	30,393079	34,853360	14,075871	21,927543	32,210124	14,187612	39,565000	44,385558	10,304490	14,105006	20,742197	 	10,684010	17,353842	23,121464	20,136829	9,988905	16,221467	18,893342	19,103341	12,073574	12,471385	21,907000	19,429073	12,037162	19,686569	23,896435	22,729258	100,094736	30,696771	34,610635	53,943270	47,965994	50,692505	41,745073	24,979995	25,068852	26,314363	23,787960
426,00	99,959230	100,027788	99,991030	99,987990	68,189806	67,884272	67,994899	67,991567	100,091887	99,986219	29,349688	33,706391	31,779486	33,779776	32,306549	12,987369	33,142194	36,298522	13,346413	34,649703	37,567008	14,058700	30,735847	35,170400	14,107323	22,212644	32,579845	14,236131	39,927015	44,674718	10,402042	14,215325	20,962577	 	10,782275	17,491470	23,310357	20,338564	10,072513	16,361123	19,090596	19,354039	12,147579	12,590626	22,107928	19,609140	12,132957	19,843423	24,126416	22,982292	100,055194	30,678412	34,641847	54,164946	48,270541	50,998694	42,042392	25,154015	25,229171	26,451448	23,933533
428,00	99,900645	99,988335	100,001800	99,967420	68,056834	67,754585	67,920595	67,936593	100,043166	100,129509	29,375133	33,787960	31,846553	33,857349	32,418460	12,983601	33,558324	36,668631	13,344514	35,048035	37,918040	14,115031	31,107238	35,590258	14,129663	22,501130	33,001545	14,246167	40,286490	44,920224	10,465904	14,338292	21,205789	 	10,822864	17,679305	23,523560	20,596620	10,184032	16,531011	19,338389	19,593139	12,207042	12,714487	22,342850	19,857888	12,241233	20,013347	24,337897	23,215817	100,088954	30,738896	34,707940	54,411978	48,545891	51,221395	42,308843	25,309670	25,353780	26,634315	24,116616
430,00	99,997091	100,017548	99,969757	99,983144	67,999995	67,762011	67,795545	67,855257	100,121129	100,022256	29,408312	33,823472	31,871974	33,911571	32,456344	12,971607	33,895683	36,979347	13,315977	35,454437	38,237855	14,097419	31,494674	35,939160	14,077446	22,788100	33,341235	14,193931	40,665936	45,207974	10,500301	14,377171	21,457304	 	10,878947	17,814775	23,764107	20,810564	10,258007	16,684656	19,554576	19,831425	12,238817	12,817632	22,556511	20,087853	12,316373	20,164195	24,578042	23,419216	100,032830	30,769873	34,763440	54,691470	48,873007	51,572585	42,621621	25,468904	25,512317	26,794013	24,287632
432,00	99,910128	99,966043	100,032365	100,006795	67,936510	67,650014	67,738932	67,732149	100,025666	99,997437	29,395980	33,904278	31,902233	33,939466	32,489794	12,883636	34,279788	37,354860	13,243596	35,877514	38,586435	14,059323	31,866303	36,292344	13,985720	23,043774	33,758369	14,105460	41,049939	45,518643	10,507558	14,418325	21,679662	 	10,906173	17,970310	23,912261	21,035351	10,301644	16,837236	19,797562	20,098439	12,236544	12,882611	22,771762	20,315079	12,351305	20,278563	24,781607	23,668712	99,933016	30,793136	34,812936	54,963082	49,147561	51,832736	42,947522	25,624683	25,647253	26,926100	24,409859
434,00	99,920219	99,936408	99,922585	99,901313	67,864996	67,558378	67,656440	67,682940	100,133300	100,072932	29,465720	33,941841	31,973276	34,001026	32,540286	12,792441	34,632000	37,725240	13,150945	36,263096	38,896492	14,029777	32,230040	36,684835	13,910742	23,320015	34,130833	14,023592	41,409865	45,828110	10,523839	14,447524	21,930005	 	10,913083	18,097328	24,170180	21,265048	10,348942	17,021702	20,035431	20,383032	12,247123	12,966968	23,039721	20,525189	12,414306	20,376696	24,993511	23,931189	99,940473	30,849171	34,851089	55,236119	49,452937	52,089965	43,243855	25,808239	25,798643	27,098766	24,594423
436,00	99,998748	99,941790	100,031316	99,962509	67,807931	67,478806	67,600614	67,636979	99,996245	100,031853	29,531562	33,983335	32,013467	34,052163	32,592157	12,773994	35,019314	38,170797	13,089660	36,697072	39,383492	14,006688	32,599685	37,134057	13,877305	23,621503	34,593737	13,985765	41,783389	46,125871	10,536363	14,500819	22,201370	 	10,944650	18,249460	24,411465	21,514858	10,419519	17,152630	20,303479	20,623733	12,283856	13,050918	23,257072	20,775531	12,475369	20,470244	25,226018	24,174567	100,050116	30,934641	34,925261	55,477810	49,761832	52,365249	43,577889	25,991794	25,948110	27,280888	24,767861
438,00	99,920797	100,065696	100,047481	100,053537	67,648536	67,393953	67,555046	67,513686	100,147760	100,052559	29,608330	34,017074	32,074741	34,104252	32,651955	12,813695	35,406953	38,490680	13,146615	37,155083	39,717180	14,103423	33,046603	37,497914	13,908271	24,005345	34,990683	14,046909	42,180035	46,438956	10,601108	14,594454	22,420537	 	11,022427	18,415943	24,601299	21,737394	10,532674	17,360678	20,523748	20,874812	12,329935	13,168387	23,472920	20,997252	12,582335	20,648605	25,448197	24,418218	100,001407	30,954057	34,991005	55,753744	50,061440	52,670616	43,890366	26,145777	26,118284	27,424636	24,924055
440,00	99,984473	99,922729	100,071108	100,081599	67,663145	67,376703	67,470717	67,445487	100,007665	100,038838	29,604039	34,076759	32,109407	34,165040	32,707512	12,985225	35,878044	38,892934	13,314351	37,598106	40,095109	14,287612	33,484197	37,928054	14,094137	24,407341	35,391435	14,227474	42,595166	46,693689	10,752478	14,746936	22,641200	 	11,155466	18,640739	24,822737	21,955940	10,667127	17,575723	20,758061	21,143600	12,471983	13,394025	23,683836	21,251445	12,748370	20,877846	25,683460	24,648069	99,931264	30,989653	35,022995	56,036830	50,330955	52,940989	44,269979	26,312077	26,239580	27,581146	25,072297
442,00	99,948901	100,036013	100,067639	100,038540	67,563611	67,242414	67,378587	67,385411	100,072014	100,127029	29,646635	34,164560	32,184669	34,249923	32,770175	13,317433	36,281097	39,262047	13,639981	37,954551	40,457261	14,611971	33,956653	38,306794	14,448953	24,960107	35,823309	14,577667	42,939427	47,045308	10,966589	15,023351	22,915220	 	11,384863	18,946986	25,022417	22,262426	10,918252	17,888446	21,003775	21,419300	12,717023	13,702722	23,930304	21,518798	12,998992	21,169725	25,902519	24,875225	99,921644	31,062865	35,081646	56,273311	50,654107	53,187656	44,528380	26,493394	26,375619	27,731523	25,228560
444,00	100,022209	99,957067	99,975777	99,983788	67,488933	67,178053	67,309272	67,396235	100,060415	100,037956	29,697606	34,180340	32,188407	34,261158	32,790455	13,805790	36,753613	39,627549	14,138435	38,383552	40,807784	15,124108	34,480372	38,701260	14,962012	25,571650	36,237180	15,100926	43,317983	47,331750	11,267468	15,417184	23,163489	 	11,686453	19,302659	25,263605	22,473063	11,208694	18,205304	21,234317	21,661651	13,052863	14,146240	24,140167	21,754737	13,327448	21,496981	26,137188	25,117710	100,002480	31,073028	35,125914	56,472009	50,900501	53,491765	44,816685	26,636180	26,526162	27,902842	25,392658
446,00	100,066721	99,980551	99,991173	99,953187	67,405134	67,059541	67,249948	67,248887	100,016618	100,056517	29,737470	34,224910	32,233343	34,279338	32,830825	14,480196	37,246475	40,008822	14,789470	38,823473	41,191360	15,815535	35,052642	39,082319	15,725395	26,354226	36,609101	15,843619	43,683329	47,602385	11,672206	15,947090	23,381616	 	12,079784	19,741850	25,467449	22,724225	11,584442	18,632807	21,460940	21,908587	13,506375	14,714739	24,363346	22,029513	13,745299	21,959461	26,340318	25,376078	99,942088	31,102061	35,168952	56,721836	51,139861	53,685993	45,096931	26,774466	26,665628	28,042582	25,526279
448,00	99,967909	100,069976	100,022662	99,935645	67,328733	67,002654	67,148590	67,159021	100,060380	99,954110	29,793388	34,275186	32,295695	34,378192	32,897633	15,279353	37,672639	40,357816	15,637755	39,219320	41,510543	16,617167	35,639301	39,516780	16,584627	27,179468	37,052786	16,685273	44,025391	47,943828	12,131108	16,539684	23,615204	 	12,545209	20,205091	25,683764	22,935314	12,024979	19,088535	21,719998	22,155480	14,019071	15,358579	24,580075	22,285084	14,188249	22,476614	26,565221	25,608847	99,914908	31,151938	35,194188	56,978971	51,431674	53,934938	45,348123	26,948303	26,797488	28,189987	25,666964
450,00	100,035632	99,960208	100,023067	99,989152	67,302823	66,970444	67,112523	67,102271	100,019765	99,942988	29,823050	34,366035	32,298589	34,400383	32,946292	16,176276	38,214278	40,744320	16,543493	39,601776	41,897747	17,516816	36,242986	39,910504	17,555884	28,083447	37,377512	17,596999	44,326839	48,170966	12,612619	17,178220	23,849951	 	13,022681	20,699325	25,914514	23,183449	12,480326	19,561906	21,930842	22,387856	14,570263	16,044800	24,813597	22,534236	14,666274	22,971748	26,780760	25,809523	100,018096	31,226274	35,308224	57,210803	51,746172	54,220623	45,704490	27,129364	26,962727	28,342378	25,850913
452,00	100,035727	100,028169	100,030315	100,074446	67,198265	66,909057	67,089200	67,032343	100,001395	99,980974	29,886904	34,394431	32,389045	34,457955	33,011645	17,044427	38,640115	41,073418	17,449881	40,010735	42,232713	18,382929	36,804429	40,231538	18,527567	28,983906	37,792805	18,531151	44,667140	48,450261	13,104233	17,816277	24,080460	 	13,498478	21,167913	26,100275	23,427218	12,942383	20,010167	22,162656	22,596473	15,102875	16,764593	25,020251	22,823061	15,138066	23,474441	26,986304	26,046798	99,979240	31,249481	35,345796	57,442486	52,011484	54,440969	45,953733	27,240428	27,100947	28,470761	25,992554
454,00	100,037336	99,965876	99,984217	100,068676	67,168212	66,826087	66,976237	66,970384	100,031304	100,033534	29,918292	34,455881	32,459888	34,503871	33,064178	17,878062	39,088157	41,368198	18,292838	40,384820	42,493302	19,206007	37,326851	40,557387	19,459702	29,788291	38,107449	19,390242	44,975209	48,717022	13,544679	18,449517	24,291551	 	13,953643	21,643500	26,285678	23,675528	13,369817	20,445870	22,417007	22,858581	15,614757	17,424518	25,218317	23,054497	15,562543	23,960994	27,225840	26,291311	100,024390	31,333989	35,409847	57,623506	52,221453	54,618919	46,197820	27,419087	27,264619	28,632721	26,149711
456,00	100,044072	99,983382	99,973750	99,961072	67,100990	66,759241	66,926885	66,954756	100,029230	100,039637	29,925060	34,527892	32,482642	34,574077	33,121890	18,593845	39,504728	41,668710	19,049349	40,732658	42,841634	19,953659	37,846765	40,914682	20,285782	30,570897	38,476998	20,138961	45,255932	48,948666	13,940081	18,975306	24,516624	 	14,320880	22,062957	26,510853	23,897696	13,734169	20,852220	22,610444	23,075914	16,058159	17,987975	25,424898	23,307255	15,938103	24,397750	27,436447	26,475996	100,053465	31,358874	35,432157	57,845980	52,478987	54,840302	46,436900	27,565140	27,375647	28,781119	26,275095
458,00	100,073111	99,979800	99,991518	99,998200	67,037857	66,700274	66,820616	66,901118	99,955720	100,006199	30,004489	34,529769	32,500875	34,586847	33,120432	19,174281	39,933175	41,978443	19,654524	41,058072	43,158862	20,553240	38,308194	41,214904	20,889215	31,247133	38,835502	20,737186	45,521441	49,195647	14,246644	19,430234	24,721509	 	14,642987	22,411062	26,700014	24,064325	14,038207	21,214338	22,826387	23,259610	16,406871	18,487358	25,639135	23,518625	16,242415	24,741346	27,593690	26,633617	100,053895	31,387365	35,528797	58,033985	52,705353	55,049592	46,686700	27,721450	27,507925	28,920096	26,396009
460,00	99,988574	99,927551	99,990714	99,918807	66,935164	66,620886	66,792005	66,796029	99,937195	99,972403	30,050009	34,594050	32,552779	34,661734	33,209097	19,624034	40,228447	42,279312	20,140721	41,368866	43,439227	21,017998	38,708445	41,596234	21,394838	31,861159	39,174989	21,154365	45,768952	49,414018	14,526534	19,782868	24,925928	 	14,915760	22,749476	26,886669	24,290115	14,313391	21,541370	23,016366	23,503104	16,702774	18,949790	25,840396	23,702365	16,512007	25,091401	27,792993	26,875958	100,081801	31,453866	35,562009	58,172572	52,878797	55,155331	46,882403	27,853835	27,637532	29,050902	26,554933
462,00	100,069785	99,969828	100,004292	100,005269	66,878176	66,600710	66,736495	66,731042	100,007558	99,973971	30,099756	34,655857	32,602975	34,726182	33,234537	20,032853	40,615880	42,589653	20,527242	41,698807	43,703723	21,396403	39,138708	41,921198	21,816379	32,442382	39,515355	21,525437	46,000591	49,673957	14,746355	20,111457	25,106490	 	15,131526	23,025352	27,087408	24,464326	14,522663	21,817873	23,245887	23,702350	16,947085	19,313090	26,023278	23,934519	16,749196	25,355172	27,980965	27,065775	100,043309	31,475273	35,596639	58,359236	53,129637	55,419117	47,168291	27,978539	27,737010	29,173830	26,663601
464,00	100,067592	100,010204	100,016367	100,006139	66,812766	66,556680	66,651505	66,708511	100,011718	99,927121	30,138272	34,693572	32,634094	34,756768	33,313033	20,331329	40,970597	42,879128	20,836236	42,034078	44,013146	21,697292	39,525267	42,241162	22,136424	32,911626	39,784640	21,847911	46,313804	49,891126	14,928396	20,400354	25,326750	 	15,316406	23,285341	27,262482	24,651796	14,714131	22,074093	23,457532	23,876962	17,125025	19,601826	26,233298	24,132590	16,901831	25,581780	28,201497	27,221960	100,095201	31,552389	35,686156	58,556253	53,375310	55,649364	47,414702	28,133073	27,888176	29,334652	26,819676
466,00	99,998665	99,938941	100,015199	99,930155	66,785204	66,453671	66,658109	66,636246	100,113499	99,960220	30,181324	34,746644	32,711419	34,808692	33,335739	20,569037	41,240081	43,153277	21,088623	42,331436	44,281474	21,975487	39,914054	42,589647	22,425196	33,365685	40,128982	22,095615	46,515712	50,110590	15,124674	20,594206	25,508007	 	15,495902	23,530857	27,414039	24,838053	14,895777	22,315808	23,643437	24,110074	17,326118	19,873409	26,395434	24,318227	17,095347	25,812647	28,349862	27,395225	99,997622	31,570783	35,724860	58,786929	53,534019	55,795431	47,667432	28,238755	28,020644	29,404324	26,939368
468,00	100,071728	99,960619	100,007689	99,953753	66,719735	66,390556	66,554832	66,529143	100,016344	99,977922	30,223227	34,788850	32,733431	34,889290	33,384973	20,825025	41,531989	43,467751	21,379963	42,587787	44,527122	22,227430	40,214679	42,866403	22,723132	33,772573	40,415284	22,337954	46,765530	50,326860	15,272748	20,830882	25,700495	 	15,634607	23,766468	27,627853	25,023937	15,051863	22,548889	23,842466	24,288143	17,510563	20,129997	26,608843	24,497734	17,267603	26,030198	28,539452	27,565393	100,023985	31,615573	35,773796	58,934033	53,711915	55,916137	47,803351	28,377885	28,144267	29,589546	27,080414
470,00	100,031590	99,966776	100,013769	99,976951	66,617793	66,364372	66,518176	66,493052	99,899793	99,978113	30,258271	34,862518	32,778350	34,950092	33,442080	21,087299	41,864437	43,675917	21,608067	42,891848	44,812295	22,503185	40,574118	43,138373	22,967695	34,176782	40,740317	22,581933	46,986264	50,531751	15,436813	21,037093	25,881293	 	15,819597	23,979469	27,767742	25,180262	15,239099	22,759710	24,022424	24,476862	17,671046	20,366165	26,748303	24,694993	17,428593	26,208368	28,672042	27,748179	99,989647	31,637999	35,819322	59,130317	53,956872	56,102437	48,075840	28,486863	28,255659	29,692051	27,197972
472,00	99,990672	100,016701	100,000107	99,999237	66,555005	66,325277	66,480607	66,409647	100,037420	100,041199	30,323395	34,894443	32,798776	34,981304	33,516365	21,307586	42,142347	43,956429	21,827079	43,134448	45,065102	22,749960	40,898538	43,470713	23,224458	34,536466	41,055062	22,804680	47,229794	50,724244	15,596549	21,222812	26,068303	 	15,950824	24,172407	27,954862	25,398582	15,391284	22,955661	24,217410	24,686931	17,841096	20,585674	26,949349	24,873456	17,573999	26,422057	28,860462	27,920952	100,040936	31,690210	35,870311	59,300500	54,149193	56,281906	48,337170	28,631151	28,385237	29,823396	27,326760
474,00	100,041413	99,998838	100,060856	100,038910	66,537970	66,221130	66,440117	66,346532	99,942392	100,032651	30,320680	34,963652	32,838997	35,012764	33,515483	21,545322	42,402768	44,205812	22,067520	43,446457	45,316792	22,966063	41,206315	43,758374	23,472904	34,896699	41,322881	23,041624	47,465742	50,897926	15,733671	21,394613	26,244569	 	16,100545	24,340083	28,107855	25,530547	15,538418	23,153746	24,395327	24,846424	17,988071	20,799965	27,111384	25,033689	17,724761	26,579624	28,997937	28,049776	99,997681	31,697181	35,912776	59,424353	54,365873	56,429029	48,535296	28,741729	28,494444	29,921830	27,438590
476,00	99,983674	100,008547	100,010347	99,956620	66,451907	66,147286	66,396177	66,275889	99,977714	100,077868	30,400375	35,026526	32,884181	35,136881	33,605158	21,778378	42,638665	44,440234	22,318068	43,642020	45,538566	23,229994	41,487724	44,032544	23,735423	35,245469	41,633832	23,255400	47,629428	51,127666	15,897092	21,616627	26,418331	 	16,259025	24,566515	28,296697	25,724277	15,715404	23,384029	24,607840	25,050184	18,180686	21,041596	27,306956	25,242791	17,877655	26,813966	29,193681	28,240708	100,047815	31,792277	35,996324	59,570634	54,554576	56,566823	48,707324	28,887051	28,613743	30,047369	27,584746
478,00	99,961644	99,961585	100,026667	99,998385	66,412628	66,119987	66,302961	66,176951	100,000238	100,047803	30,443174	35,051718	32,935753	35,116780	33,632588	22,010060	42,897260	44,671294	22,564951	43,920562	45,766422	23,472877	41,791618	44,308576	23,986314	35,580674	41,912964	23,485863	47,850722	51,309478	16,042981	21,793799	26,588225	 	16,413681	24,727732	28,450453	25,882202	15,887780	23,561656	24,768804	25,236374	18,352725	21,216127	27,473992	25,374711	18,059063	26,956591	29,342660	28,375450	100,024664	31,807902	36,063224	59,666526	54,757959	56,727558	48,950684	28,999957	28,729278	30,173060	27,692497
480,00	100,035608	99,972540	99,962914	99,972117	66,385198	66,031110	66,251844	66,132665	100,021338	99,959069	30,489820	35,063946	33,000359	35,174027	33,677092	22,263813	43,167073	44,895181	22,812304	44,213450	46,008828	23,702122	42,102155	44,576800	24,245781	35,931531	42,161790	23,692101	48,086211	51,464790	16,194400	21,960181	26,751298	 	16,560638	24,901620	28,599375	26,046428	16,035025	23,734179	24,955942	25,422138	18,512908	21,397966	27,640706	25,565693	18,198022	27,129853	29,479468	28,542635	100,012803	31,840596	36,085615	59,859604	54,930133	56,875378	49,168292	29,118806	28,820464	30,277252	27,806780
482,00	99,957001	100,031936	100,018609	99,956781	66,310531	65,974760	66,210741	66,053712	100,012589	100,126874	30,526167	35,181445	33,024383	35,228467	33,740729	22,447319	43,436319	45,179704	22,994268	44,433567	46,285325	23,950456	42,411587	44,885972	24,503513	36,287194	42,495623	23,889035	48,300946	51,680952	16,335219	22,150165	26,948789	 	16,697411	25,091898	28,762585	26,220331	16,182595	23,938991	25,136691	25,609350	18,651471	21,621522	27,842304	25,744590	18,321937	27,296877	29,665160	28,710181	100,002885	31,886262	36,146200	60,006475	55,137485	57,032788	49,420416	29,234836	28,950143	30,382198	27,947718
484,00	99,900907	100,034225	100,001276	99,980950	66,228515	65,925527	66,143656	65,950751	100,008321	100,103903	30,595124	35,193053	33,088550	35,288680	33,781365	22,625349	43,680957	45,408729	23,196550	44,695851	46,478260	24,131182	42,671975	45,139790	24,646696	36,596853	42,758012	24,061631	48,494825	51,806200	16,487114	22,307691	27,120990	 	16,834632	25,255507	28,923002	26,366156	16,333887	24,115494	25,300312	25,777686	18,783851	21,801238	27,963072	25,914824	18,484920	27,461949	29,814652	28,841177	99,950546	31,904361	36,187032	60,122550	55,310786	57,168114	49,596959	29,357252	29,066274	30,491313	28,062448
486,00	99,948019	100,090361	100,008106	99,888504	66,179216	65,813899	66,069299	65,916789	99,979746	100,037444	30,622673	35,237586	33,087948	35,307556	33,837283	22,825308	43,887368	45,623744	23,382841	44,940794	46,766707	24,342202	42,946202	45,435181	24,841750	36,893624	43,034348	24,243714	48,681155	52,014738	16,611172	22,450809	27,298114	 	16,965742	25,428584	29,102004	26,538613	16,464476	24,302265	25,508016	25,947097	18,937320	21,976928	28,158292	26,065332	18,609832	27,612251	29,993576	28,990364	99,986947	31,955889	36,237007	60,244393	55,452746	57,298088	49,814698	29,462516	29,190892	30,637816	28,185177
488,00	100,042057	100,048256	100,000083	99,931490	66,176897	65,842801	66,042066	65,952712	100,004685	100,099313	30,644107	35,325849	33,134374	35,376984	33,895496	23,016152	44,212931	45,872393	23,559757	45,227954	46,977606	24,521275	43,212616	45,705128	25,059518	37,206033	43,311647	24,407218	48,907530	52,191854	16,742092	22,635204	27,474743	 	17,096023	25,606319	29,281208	26,699853	16,589539	24,488181	25,687778	26,144898	19,048569	22,177276	28,295323	26,269436	18,735285	27,783710	30,162042	29,178312	100,020468	32,029656	36,301944	60,472578	55,661488	57,464135	50,077891	29,585975	29,292461	30,737424	28,317621
490,00	99,971926	99,999136	100,066078	99,967009	66,063386	65,747529	65,976250	65,897280	99,964654	100,016773	30,681434	35,349837	33,196819	35,382643	33,912757	23,162170	44,445801	46,140993	23,715509	45,466289	47,228891	24,681546	43,506038	46,016303	25,197622	37,514552	43,621436	24,559645	49,120808	52,397537	16,863529	22,748397	27,629182	 	17,221551	25,755188	29,414016	26,865050	16,725115	24,657649	25,871944	26,302290	19,194175	22,321722	28,469375	26,435184	18,874311	27,925545	30,292201	29,302531	99,970591	32,058629	36,343381	60,594237	55,861062	57,604533	50,274247	29,675725	29,387140	30,851343	28,429410
492,00	100,010502	100,073934	99,988794	99,923432	66,072839	65,683639	65,915251	65,838522	100,126684	100,028706	30,754295	35,398805	33,290431	35,452312	33,983356	23,346996	44,665223	46,343639	23,894233	45,753229	47,450757	24,874826	43,759540	46,271908	25,372764	37,808350	43,880978	24,746913	49,299943	52,540827	17,014989	22,921807	27,812126	 	17,371091	25,928849	29,618308	27,036256	16,883014	24,828160	26,073417	26,472270	19,344763	22,496042	28,652281	26,602983	19,009261	28,058049	30,467343	29,473898	99,999309	32,096222	36,417386	60,712010	56,036586	57,731068	50,547731	29,808646	29,507598	30,964038	28,569803
494,00	100,008392	100,062358	99,988449	99,986535	65,960294	65,674996	65,864998	65,758371	100,045121	99,988019	30,796570	35,461903	33,303532	35,521424	34,027782	23,532304	44,927362	46,666512	24,061182	46,028128	47,709665	25,081703	44,078240	46,556434	25,562522	38,106132	44,144934	24,927785	49,520168	52,733040	17,152181	23,078546	27,975014	 	17,490539	26,098844	29,767352	27,187881	17,014213	25,007409	26,217026	26,651180	19,466557	22,659777	28,782073	26,761428	19,145796	28,225359	30,592066	29,617798	99,948293	32,117575	36,416340	60,860568	56,237483	57,936949	50,752461	29,909816	29,590726	31,051898	28,666729
496,00	100,018692	100,019169	99,983972	99,995005	65,952629	65,613222	65,751547	65,668035	100,006402	99,982107	30,829492	35,501599	33,359060	35,545799	34,065229	23,747040	45,129597	46,836731	24,285200	46,255979	47,921738	25,275013	44,348872	46,746448	25,765249	38,377786	44,398099	25,098497	49,654648	52,881652	17,291008	23,209281	28,150430	 	17,621985	26,241526	29,925844	27,355480	17,141779	25,172788	26,365241	26,791200	19,612074	22,811812	28,957215	26,904330	19,293357	28,339764	30,734771	29,750794	99,920958	32,152936	36,480328	61,058515	56,393850	58,026975	50,988084	30,027655	29,687235	31,182253	28,791282
498,00	100,028300	100,015831	100,026023	100,024152	65,881640	65,537763	65,757996	65,674382	99,932671	100,057173	30,870694	35,552537	33,381003	35,612568	34,102204	23,971328	45,355156	47,088182	24,519986	46,494734	48,147833	25,516123	44,564122	47,091234	26,001480	38,640812	44,651017	25,354353	49,847335	53,068328	17,450839	23,392829	28,306115	 	17,774846	26,417744	30,094278	27,515721	17,296344	25,346678	26,556692	26,986083	19,769777	23,010199	29,127526	27,062678	19,430223	28,538716	30,893803	29,913893	99,976766	32,224101	36,541256	61,173368	56,568325	58,172721	51,238358	30,144253	29,799372	31,295139	28,907546
500,00	99,962282	100,007975	100,010633	100,041997	65,800703	65,494943	65,693700	65,569407	100,060654	100,018680	30,890486	35,596988	33,429477	35,663337	34,152725	24,243763	45,621857	47,330460	24,760394	46,745133	48,368663	25,764695	44,828635	47,298267	26,267681	38,937938	44,909641	25,592569	50,050211	53,191608	17,636190	23,560181	28,494078	 	17,940830	26,561719	30,271360	27,662513	17,479810	25,506553	26,732999	27,156591	19,955738	23,177160	29,311100	27,210781	19,611783	28,686965	31,047967	30,055276	99,958527	32,261667	36,574912	61,298633	56,756091	58,282620	51,445538	30,259264	29,925212	31,395513	29,035825
502,00	100,013816	100,041842	100,012600	100,054419	65,752339	65,467525	65,629458	65,478426	100,052130	100,005746	30,969331	35,635385	33,515534	35,680524	34,211931	24,564558	45,804006	47,524384	25,111613	46,971470	48,570269	26,131138	45,056647	47,555292	26,592070	39,208961	45,140308	25,950912	50,244004	53,386921	17,824717	23,746829	28,648302	 	18,147486	26,744106	30,429366	27,798399	17,672622	25,689703	26,920259	27,300829	20,157349	23,390025	29,435551	27,374411	19,805174	28,880274	31,237319	30,197689	100,014663	32,305428	36,641490	61,447924	56,914210	58,411634	51,716816	30,347753	30,030900	31,509003	29,171771
504,00	99,900788	100,078833	99,959368	100,006616	65,664423	65,371180	65,550876	65,402001	100,053000	100,029039	31,016248	35,687378	33,570984	35,745475	34,247613	24,915071	46,021459	47,716618	25,443923	47,211015	48,799703	26,441842	45,282260	47,805846	26,971781	39,464274	45,402470	26,262411	50,360572	53,535718	18,042798	23,940691	28,808454	 	18,342578	26,877898	30,594105	27,950937	17,853485	25,855017	27,067626	27,443373	20,348717	23,613213	29,575324	27,531120	20,007236	28,995448	31,335455	30,344808	99,961287	32,338798	36,678261	61,555332	57,059050	58,480006	51,898015	30,458069	30,124184	31,609744	29,277226
506,00	99,994028	100,090981	99,987894	99,978429	65,645415	65,321630	65,496099	65,423495	99,996686	100,001216	31,026763	35,743669	33,598343	35,810566	34,302634	25,341350	46,234563	47,926891	25,886261	47,412971	49,012029	26,844621	45,493102	48,011440	27,393043	39,737302	45,619664	26,686069	50,570333	53,664261	18,263856	24,152441	28,973410	 	18,553166	27,039731	30,749926	28,100103	18,071550	26,045674	27,252746	27,608806	20,592561	23,833779	29,766265	27,716511	20,217063	29,220530	31,492025	30,471078	100,008035	32,407489	36,724013	61,673003	57,211030	58,628333	52,116907	30,546638	30,236888	31,715384	29,401925
508,00	99,957663	100,008118	100,024068	99,983823	65,582103	65,238160	65,431374	65,350914	100,013852	99,989802	31,089506	35,788777	33,640358	35,847607	34,326538	25,788513	46,405274	48,144045	26,309162	47,625878	49,236599	27,297729	45,732099	48,294890	27,872956	40,013686	45,862499	27,092129	50,688154	53,817463	18,520723	24,382456	29,147917	 	18,806154	27,212432	30,910677	28,253394	18,313135	26,216462	27,407089	27,763465	20,849670	24,051251	29,897350	27,847809	20,454215	29,374647	31,646723	30,620074	99,980026	32,423362	36,778364	61,744976	57,338083	58,719224	52,313453	30,642340	30,331978	31,826594	29,517940
510,00	100,008464	99,963778	100,036669	100,046194	65,524435	65,219045	65,431821	65,287226	100,047374	99,996477	31,118786	35,860741	33,693391	35,894212	34,382775	26,258090	46,624634	48,368731	26,812044	47,884378	49,434236	27,766541	45,931566	48,517048	28,355113	40,256077	46,118030	27,552280	50,868821	53,986150	18,767729	24,630922	29,264021	 	19,028686	27,344546	31,038553	28,382298	18,572734	26,384902	27,565554	27,945697	21,122465	24,278420	30,046412	27,988607	20,686975	29,556382	31,762424	30,718574	99,946195	32,470748	36,810380	61,930507	57,518166	58,849692	52,548450	30,767733	30,436012	31,911001	29,644153
512,00	100,019693	100,056982	99,912089	100,041687	65,489203	65,155870	65,301871	65,234703	100,010622	100,036001	31,156319	35,912341	33,718854	35,908780	34,431276	26,785916	46,817172	48,575902	27,323502	48,074332	49,617505	28,315520	46,194440	48,729217	28,922710	40,535250	46,332696	28,071284	51,012117	54,082197	19,070821	24,869536	29,426754	 	19,293058	27,520970	31,182811	28,535324	18,833520	26,584455	27,716371	28,083920	21,396035	24,541989	30,193260	28,120556	20,947360	29,741722	31,893513	30,878088	99,948329	32,484815	36,867279	62,015814	57,668054	58,947402	52,766293	30,861712	30,530542	31,975004	29,738352
514,00	100,015438	100,099218	99,930745	100,063491	65,417868	65,103877	65,265632	65,151513	100,029588	100,003266	31,169319	35,925364	33,770239	35,976788	34,476486	27,331150	47,045365	48,787910	27,893168	48,290020	49,858621	28,858793	46,412361	48,952684	29,502180	40,797293	46,549302	28,619704	51,222801	54,223627	19,325480	25,138557	29,603428	 	19,580254	27,669472	31,399196	28,658837	19,116490	26,741660	27,930301	28,244627	21,710867	24,772316	30,379555	28,290170	21,219724	29,951596	32,055637	30,994204	100,005209	32,571870	36,955723	62,163711	57,824606	59,079641	52,996784	30,978918	30,636135	32,144868	29,895467
516,00	99,993134	100,003314	99,993867	100,021064	65,395999	65,069252	65,265638	65,102559	100,078392	100,039291	31,241050	35,972324	33,826867	36,019143	34,518069	27,916741	47,245562	48,986626	28,478706	48,525742	50,062442	29,439896	46,623015	49,215400	30,168456	41,048640	46,824801	29,165480	51,360840	54,402876	19,652957	25,425249	29,770234	 	19,887793	27,831459	31,542808	28,820920	19,406475	26,931417	28,050205	28,389499	22,023499	25,020906	30,548611	28,428358	21,494396	30,109176	32,186058	31,115869	100,038636	32,596740	36,996391	62,252110	57,992107	59,162426	53,198695	31,104013	30,751026	32,252473	30,010766
518,00	100,020957	99,991715	99,950814	100,045252	65,339351	64,979094	65,176982	65,074629	100,085354	100,033128	31,283680	36,028737	33,864754	36,063668	34,582278	28,493246	47,403893	49,181908	29,110849	48,711568	50,213182	29,996482	46,844804	49,437061	30,768713	41,316354	47,012416	29,708409	51,493770	54,531002	19,960061	25,655133	29,925430	 	20,185491	27,963951	31,704438	28,945929	19,693093	27,103221	28,242800	28,550649	22,350903	25,277466	30,701613	28,590429	21,781825	30,307877	32,361305	31,260023	100,104797	32,664698	37,044084	62,411022	58,107865	59,264034	53,416538	31,195891	30,854294	32,362735	30,134806
520,00	100,004447	100,041878	99,951190	100,064504	65,287191	64,932096	65,084732	64,988726	100,053716	100,009966	31,332746	36,068648	33,903393	36,102706	34,620136	29,110548	47,655872	49,337071	29,706880	48,932385	50,397819	30,631843	47,075212	49,625242	31,410649	41,571307	47,227052	30,329627	51,649296	54,633367	20,276089	25,951135	30,067894	 	20,484751	28,149506	31,843409	29,092374	20,006385	27,287078	28,381222	28,698775	22,681695	25,555262	30,833739	28,729394	22,076328	30,508041	32,468098	31,394631	99,976802	32,639423	37,079990	62,513542	58,234388	59,350455	53,628409	31,284645	30,937096	32,474458	30,247015
522,00	100,066578	100,036788	100,015378	100,067699	65,231812	64,905602	65,069407	64,944720	100,079131	99,965996	31,352118	36,112586	33,963096	36,124477	34,638149	29,711252	47,855526	49,593070	30,336112	49,157560	50,652057	31,253844	47,305354	49,914777	32,069719	41,824710	47,464901	30,876875	51,774019	54,808766	20,579949	26,227200	30,210164	 	20,767026	28,271109	31,986940	29,226422	20,297119	27,481297	28,552333	28,860489	22,973897	25,794882	30,974737	28,886986	22,337340	30,731180	32,595530	31,533095	99,983728	32,690257	37,124446	62,563998	58,375651	59,491360	53,836602	31,386799	31,038493	32,528004	30,371332
524,00	99,999672	100,031066	99,968427	100,014329	65,145606	64,861375	65,009135	64,947981	100,057554	99,929613	31,393981	36,160609	33,997279	36,187345	34,681374	30,297583	48,015472	49,780041	30,941486	49,390090	50,816798	31,815428	47,518322	50,098026	32,664636	42,091233	47,716296	31,442031	51,931918	54,936463	20,886678	26,492044	30,364078	 	21,070203	28,415936	32,136431	29,379180	20,575354	27,652782	28,708982	29,016930	23,297630	26,015171	31,125319	29,033121	22,617227	30,872071	32,740152	31,660575	100,006449	32,766768	37,181741	62,706423	58,513963	59,570378	54,032928	31,497464	31,137142	32,669446	30,470225
526,00	100,066209	100,055325	100,004077	99,950361	65,150857	64,791137	64,960361	64,889169	100,052524	99,974626	31,443807	36,241391	34,050739	36,226740	34,745473	30,830386	48,192567	50,002378	31,481841	49,557573	51,043421	32,347080	47,732913	50,347012	33,247435	42,320535	47,933233	31,929883	52,093893	55,072051	21,149015	26,756507	30,527601	 	21,336146	28,584290	32,291076	29,556030	20,859146	27,834332	28,874978	29,178935	23,593760	26,281512	31,300145	29,189828	22,856499	31,068155	32,874829	31,785822	100,011134	32,788423	37,238348	62,798530	58,682346	59,650236	54,266196	31,598067	31,236809	32,734153	30,584115
528,00	100,032771	99,969345	100,001884	100,061119	65,048784	64,758086	64,890689	64,841878	100,015616	100,001502	31,487352	36,236244	34,049806	36,295354	34,800321	31,307819	48,438108	50,170904	31,957009	49,831304	51,214975	32,833397	47,971696	50,497210	33,745548	42,624456	48,170415	32,416686	52,286488	55,172545	21,434060	26,998737	30,669937	 	21,577588	28,749803	32,432574	29,706907	21,109045	28,053793	29,034311	29,328024	23,841256	26,507229	31,413519	29,313534	23,092122	31,269944	32,996848	31,933853	99,993086	32,845184	37,266147	62,926084	58,830655	59,783381	54,480916	31,685603	31,306541	32,852137	30,700395
530,00	100,053775	100,007904	99,978775	100,007463	65,012717	64,701468	64,853930	64,779115	100,036407	100,030112	31,535321	36,312658	34,108457	36,327493	34,817523	31,773880	48,647988	50,394720	32,454640	49,996960	51,428437	33,321294	48,169410	50,781572	34,226477	42,871517	48,424163	32,838395	52,387071	55,335712	21,681522	27,242082	30,813223	 	21,808514	28,887114	32,588473	29,825565	21,335767	28,201169	29,191244	29,473737	24,118444	26,733187	31,578821	29,483515	23,309892	31,412542	33,140743	32,069319	99,998015	32,860175	37,318158	62,990558	58,958358	59,878027	54,647881	31,800044	31,384164	32,960972	30,781719
532,00	100,042188	100,061285	99,948603	99,947649	64,926779	64,633250	64,760262	64,681768	99,996358	100,103843	31,553960	36,376733	34,116822	36,430368	34,890258	32,170624	48,804229	50,558800	32,813177	50,187546	51,564574	33,703268	48,349988	50,932419	34,587824	43,070367	48,631480	33,188793	52,526873	55,463570	21,886796	27,497211	30,967256	 	22,015259	29,081279	32,764876	30,010599	21,543737	28,365898	29,359081	29,661354	24,339283	26,958293	31,717870	29,630050	23,506862	31,599611	33,255213	32,215700	99,972105	32,894695	37,363771	63,088566	59,082276	59,960657	54,855204	31,873912	31,489912	33,021018	30,906716
534,00	100,139558	100,058162	99,988532	99,997485	64,919716	64,586377	64,718401	64,631081	100,068927	100,053227	31,629276	36,393604	34,182793	36,468259	34,954914	32,494843	49,053031	50,795650	33,191535	50,475299	51,784021	34,052294	48,590097	51,176435	34,974721	43,370879	48,857820	33,504605	52,708513	55,579376	22,098242	27,676335	31,133851	 	22,223788	29,211685	32,869694	30,152375	21,740609	28,530073	29,506767	29,820925	24,542466	27,149490	31,888044	29,780117	23,720382	31,749499	33,397171	32,340544	99,939406	32,967433	37,410694	63,243723	59,228367	60,085464	55,045527	31,991884	31,583297	33,155525	31,005293
536,00	100,074387	100,063944	99,965340	100,032699	64,874125	64,581299	64,675051	64,607966	100,006235	100,124145	31,640810	36,476085	34,196055	36,495137	34,977794	32,782254	49,269515	50,970215	33,476838	50,650007	52,003115	34,298524	48,861146	51,423919	35,213506	43,632782	49,075726	33,719140	52,923870	55,733532	22,258975	27,904454	31,326339	 	22,364117	29,362693	33,058551	30,290204	21,912475	28,728700	29,661891	29,976460	24,661991	27,345040	32,015982	29,942209	23,845300	31,932846	33,546293	32,471603	100,004017	32,979620	37,482762	63,344389	59,378964	60,168475	55,281144	32,091939	31,681457	33,251917	31,119111
538,00	100,026655	100,001097	99,968630	100,019383	64,755136	64,485329	64,611799	64,506286	100,041294	100,031185	31,666374	36,501348	34,269151	36,557275	35,047814	32,985809	49,446622	51,213992	33,669835	50,862396	52,181119	34,499711	49,034202	51,652712	35,421452	43,865350	49,281558	33,911455	53,001839	55,816770	22,418460	28,115517	31,456578	 	22,529450	29,528058	33,173120	30,433244	22,052903	28,882807	29,826388	30,120382	24,815105	27,572611	32,159814	30,090201	24,001612	32,097453	33,670226	32,633400	100,026011	33,027223	37,517798	63,443440	59,458131	60,232902	55,424070	32,171470	31,752586	33,326617	31,231627
540,00	100,003803	99,971575	99,936831	100,066698	64,673913	64,444733	64,588797	64,459491	100,058651	99,961627	31,699607	36,526829	34,300119	36,578232	35,077268	33,203819	49,660355	51,362228	33,845502	51,096851	52,357137	34,663448	49,268243	51,832318	35,547695	44,120643	49,505353	34,069142	53,159523	55,944121	22,561149	28,310728	31,591278	 	22,647190	29,669452	33,309036	30,570862	22,170825	29,045886	29,959816	30,245027	24,955449	27,755269	32,310495	30,217847	24,115220	32,239231	33,807552	32,747689	99,985284	33,060119	37,562284	63,568437	59,625614	60,337526	55,621284	32,263169	31,840938	33,412433	31,309089
542,00	100,002110	100,016701	99,975526	100,039542	64,685893	64,410621	64,516616	64,417070	100,000453	100,051868	31,743029	36,596239	34,344304	36,629292	35,127717	33,339369	49,851358	51,526248	34,004158	51,309794	52,533829	34,809729	49,457780	52,050573	35,690176	44,344559	49,741322	34,182152	53,314722	56,074774	22,677283	28,501317	31,755093	 	22,759320	29,836705	33,466217	30,738515	22,275864	29,204530	30,100235	30,421039	25,068361	27,957916	32,434142	30,386016	24,208266	32,389078	33,901858	32,865059	99,941885	33,094218	37,625098	63,602144	59,699374	60,446775	55,803972	32,354400	31,910521	33,474335	31,421959
544,00	100,004935	100,046337	100,020647	99,982190	64,637125	64,309728	64,474922	64,330053	100,062668	100,026500	31,790650	36,643228	34,396017	36,686516	35,175732	33,471355	50,038469	51,782864	34,109578	51,543027	52,725351	34,952706	49,693212	52,272278	35,807741	44,621876	49,995667	34,288287	53,453213	56,183535	22,811535	28,690973	31,908503	 	22,883403	29,981095	33,614933	30,880323	22,394596	29,366440	30,262837	30,581531	25,168252	28,149271	32,606000	30,523974	24,332541	32,545570	34,068894	32,996422	100,016773	33,137581	37,681311	63,713437	59,836441	60,500175	56,003535	32,462913	32,002664	33,580169	31,529257
546,00	99,903053	99,999094	100,069034	99,997240	64,516521	64,262891	64,440954	64,272708	100,022209	100,047159	31,815997	36,694804	34,445179	36,740640	35,210559	33,590674	50,253159	51,984829	34,234488	51,724070	52,984637	35,063633	49,896115	52,503932	35,862005	44,900557	50,244713	34,356126	53,600043	56,329823	22,923322	28,882542	32,074693	 	22,985940	30,148327	33,782247	31,022784	22,498974	29,530591	30,405828	30,707204	25,278452	28,341928	32,754266	30,694559	24,445970	32,725057	34,195656	33,136368	100,008786	33,180964	37,707484	63,765615	59,964883	60,569030	56,166089	32,550925	32,112199	33,688107	31,629810
548,00	99,990046	100,013459	100,008368	100,014246	64,535832	64,210474	64,350039	64,266562	100,082147	100,018692	31,872854	36,708984	34,468108	36,755198	35,237521	33,765557	50,453252	52,120304	34,381118	51,969677	53,130215	35,194027	50,107682	52,669775	36,019188	45,180520	50,403893	34,511298	53,737593	56,435382	23,021145	29,062063	32,223514	 	23,076437	30,283076	33,918008	31,164265	22,612536	29,686016	30,568552	30,863187	25,376812	28,531438	32,892674	30,815199	24,551350	32,867637	34,344396	33,240455	100,040615	33,228719	37,755907	63,855201	60,077369	60,678512	56,339347	32,634363	32,203943	33,775312	31,718612
550,00	99,947566	99,998778	99,960756	100,018573	64,474791	64,178586	64,308906	64,202446	100,071180	99,996328	31,905767	36,734006	34,521079	36,785236	35,267439	33,902881	50,724715	52,309418	34,513932	52,226776	53,315645	35,315925	50,371897	52,890384	36,103761	45,482430	50,699419	34,615335	53,935003	56,546295	23,156923	29,250419	32,396984	 	23,201843	30,429775	34,065372	31,327149	22,706804	29,848832	30,734816	31,017995	25,483555	28,714737	33,051726	30,974069	24,665190	33,034000	34,488308	33,377662	100,038159	33,259267	37,819082	64,002389	60,206372	60,764968	56,537253	32,769126	32,299420	33,874044	31,825003
552,00	100,049412	99,994081	99,953455	100,041294	64,433169	64,124036	64,250529	64,177096	100,037265	99,955690	31,960025	36,805108	34,555680	36,826497	35,326898	34,016803	50,895977	52,495956	34,641168	52,444357	53,518051	35,466334	50,590438	53,111315	36,219484	45,729837	50,909513	34,750393	54,045022	56,625724	23,273985	29,442444	32,547629	 	23,310477	30,592740	34,197804	31,468108	22,815779	30,027366	30,893371	31,180632	25,582257	28,928885	33,190688	31,142020	24,793930	33,190006	34,593135	33,514485	100,003362	33,293211	37,840843	64,082170	60,314995	60,833216	56,689006	32,829484	32,382166	33,956468	31,941673
554,00	100,039518	99,992776	100,007176	99,978656	64,384019	64,051324	64,225769	64,151627	100,041807	100,012457	31,980699	36,868322	34,606752	36,893314	35,372293	34,153321	51,102453	52,735180	34,770784	52,627426	53,739637	35,594541	50,792038	53,302991	36,290306	45,978937	51,141119	34,863454	54,214561	56,782687	23,387454	29,638496	32,698101	 	23,414841	30,763900	34,343845	31,634569	22,915283	30,194631	31,049356	31,334409	25,662220	29,101595	33,361804	31,296611	24,872199	33,342674	34,715295	33,673799	100,024962	33,323658	37,902901	64,107507	60,398936	60,897148	56,857133	32,927829	32,482076	34,031770	32,039297
556,00	100,057971	100,052774	99,955362	99,960130	64,338255	63,982481	64,162898	64,097333	99,998337	100,020599	32,017526	36,893862	34,642753	36,935401	35,409650	34,251025	51,250017	52,922934	34,829566	52,857345	53,914094	35,676792	51,038897	53,458625	36,355251	46,179903	51,360667	34,946787	54,320914	56,891710	23,485850	29,817587	32,869229	 	23,490147	30,925399	34,515104	31,771636	23,000410	30,349794	31,210506	31,516826	25,737306	29,255325	33,524692	31,452498	25,002062	33,495942	34,874588	33,794081	100,061774	33,391139	37,970653	64,159495	60,483229	60,956204	56,984663	33,005846	32,542995	34,127408	32,132500
558,00	100,043631	99,976194	100,010276	100,020432	64,286584	63,981193	64,156991	64,044780	100,018513	99,972266	32,072067	36,947241	34,673476	36,985216	35,447106	34,284383	51,518893	53,157258	34,862575	53,113294	54,117769	35,715312	51,201195	53,730351	36,367038	46,443173	51,565307	34,960687	54,522651	57,030541	23,586354	29,969114	33,010691	 	23,581983	31,059277	34,659040	31,932756	23,083323	30,512679	31,350359	31,674665	25,829676	29,444218	33,653045	31,601840	25,087109	33,643678	34,977856	33,927527	100,078428	33,440563	38,002181	64,309746	60,646385	61,076456	57,202250	33,110306	32,650420	34,218723	32,231131
560,00	100,030887	99,978328	100,044000	99,990427	64,233840	63,908464	64,080983	63,985020	100,021565	99,982154	32,100514	36,997715	34,718597	37,016505	35,498130	34,322035	51,693898	53,350282	34,856138	53,324771	54,290074	35,726348	51,381600	53,899831	36,339891	46,679753	51,810849	34,967601	54,662710	57,153833	23,619695	30,108434	33,152747	 	23,623137	31,185427	34,795514	32,048771	23,120819	30,645892	31,482077	31,794971	25,874999	29,553074	33,784598	31,737000	25,137165	33,769119	35,112154	34,045565	100,024581	33,446136	38,046575	64,379412	60,751861	61,166847	57,322091	33,201608	32,728994	34,278479	32,317287
562,00	99,926287	99,983132	100,041044	99,963540	64,106536	63,866222	64,031827	63,871968	99,995905	99,925703	32,106331	37,001601	34,749803	37,045604	35,538372	34,255427	51,895624	53,532922	34,794465	53,509319	54,426962	35,640073	51,568788	54,115200	36,196649	46,863860	52,016741	34,887227	54,799050	57,300395	23,666698	30,208558	33,330852	 	23,656476	31,305245	34,914723	32,181355	23,166028	30,786076	31,639951	31,942850	25,878844	29,679474	33,958533	31,862473	25,197646	33,879045	35,228243	34,166840	99,979556	33,484709	38,080350	64,435089	60,787827	61,200500	57,452607	33,260888	32,804012	34,390393	32,387793
564,00	99,966502	99,964941	99,998826	99,973047	64,127523	63,839447	64,006913	63,849866	100,040185	100,000334	32,155067	37,088090	34,782937	37,102935	35,583773	34,163943	52,084053	53,728986	34,668976	53,742480	54,644752	35,550460	51,760709	54,271632	36,095202	47,042722	52,230024	34,810239	54,940563	57,394469	23,680498	30,346853	33,434770	 	23,661694	31,442934	35,063249	32,351401	23,170234	30,912980	31,797117	32,107151	25,880137	29,836297	34,093627	32,025865	25,227928	34,015986	35,356453	34,309492	100,008631	33,507457	38,136327	64,549673	60,916013	61,243254	57,609719	33,365101	32,895124	34,463936	32,486188
566,00	100,033510	99,956477	99,993253	100,003076	64,047080	63,800710	63,957393	63,809508	100,037229	100,014198	32,202104	37,129098	34,825265	37,134907	35,624704	33,987358	52,234584	53,897429	34,491903	53,970534	54,762548	35,368216	51,937574	54,441440	35,897341	47,213286	52,413952	34,634385	55,072397	57,491863	23,670314	30,421788	33,569562	 	23,650776	31,569049	35,198772	32,494423	23,168051	31,025493	31,885278	32,246912	25,850248	29,906359	34,226504	32,170552	25,229809	34,115314	35,470271	34,424195	99,937910	33,530766	38,190350	64,569247	60,971224	61,316061	57,744604	33,448562	32,979131	34,512910	32,575306
568,00	99,977148	99,973166	100,017369	99,966210	63,994360	63,724810	63,875031	63,761908	100,078809	99,972135	32,232574	37,195492	34,861159	37,188637	35,664698	33,794239	52,391201	54,056227	34,270671	54,127961	54,919827	35,152900	52,086651	54,618216	35,606423	47,352043	52,586526	34,427884	55,228394	57,548010	23,616867	30,479831	33,716542	 	23,614214	31,678727	35,312307	32,617599	23,132715	31,130078	32,066151	32,402852	25,812393	29,982597	34,334955	32,291999	25,197682	34,232426	35,559636	34,545815	100,004196	33,587593	38,214630	64,647460	61,082774	61,372292	57,838637	33,512157	33,042854	34,589866	32,664081
570,00	99,918413	100,009274	100,056958	100,019836	63,960522	63,700932	63,872486	63,667810	100,033414	99,996722	32,285973	37,191227	34,896868	37,238064	35,700166	33,472225	52,580738	54,202610	33,944911	54,298156	55,049968	34,856519	52,255094	54,775196	35,292152	47,498146	52,814096	34,140342	55,338991	57,662648	23,557900	30,525884	33,856928	 	23,533458	31,754589	35,425264	32,734603	23,071805	31,226918	32,181889	32,553786	25,721169	30,030844	34,474793	32,430637	25,145692	34,299615	35,675403	34,649959	99,976182	33,588782	38,275078	64,746070	61,187983	61,465555	58,012629	33,601663	33,132112	34,634948	32,726651
572,00	100,036013	99,998063	100,011420	99,992681	63,979834	63,613999	63,792801	63,684839	100,012255	99,967307	32,316083	37,221736	34,915325	37,261441	35,732070	33,191454	52,720159	54,358906	33,628598	54,474264	55,218691	34,570771	52,390188	54,921353	34,968871	47,596514	52,980763	33,828545	55,455357	57,730263	23,468019	30,567709	33,990133	 	23,447922	31,830704	35,561925	32,845360	22,995299	31,332439	32,319480	32,682887	25,612396	30,055663	34,640926	32,507384	25,098491	34,380585	35,814276	34,766293	100,044644	33,634529	38,322726	64,746702	61,298287	61,497229	58,106494	33,723867	33,242595	34,734103	32,824540
574,00	99,912131	100,008047	99,969256	100,044620	63,864362	63,571906	63,776410	63,550788	99,998146	99,940825	32,344940	37,269497	34,953299	37,315083	35,813892	32,833356	52,881318	54,510593	33,266389	54,619169	55,335361	34,193194	52,548534	55,109245	34,583914	47,686470	53,177440	33,468053	55,583704	57,843149	23,346354	30,585912	34,139201	 	23,332991	31,923032	35,662633	32,971054	22,900164	31,400856	32,452518	32,819480	25,491080	30,083349	34,776130	32,621819	24,989887	34,458759	35,922241	34,848103	100,058413	33,679190	38,361341	64,808446	61,394966	61,514181	58,246273	33,786744	33,313715	34,818128	32,909003
576,00	100,022221	99,970657	100,021648	99,978811	63,839310	63,483626	63,699424	63,500839	100,065732	99,978548	32,386547	37,338749	34,991974	37,353164	35,831773	32,483867	52,969348	54,616380	32,892963	54,774737	55,457497	33,836776	52,673578	55,234164	34,185687	47,784728	53,284198	33,095410	55,668628	57,911354	23,248306	30,620557	34,245828	 	23,254885	32,001409	35,784081	33,077630	22,804478	31,474903	32,562459	32,966679	25,375950	30,129743	34,894967	32,755384	24,928032	34,510979	36,023939	34,966350	100,021541	33,711120	38,390720	64,850211	61,435890	61,544013	58,341384	33,881173	33,399376	34,902740	32,986787
578,00	99,980718	100,006652	100,008833	100,011897	63,807845	63,452870	63,688415	63,467562	100,099862	99,945796	32,454577	37,346402	35,050982	37,387481	35,861069	32,124147	53,107315	54,737681	32,500502	54,965097	55,603707	33,490586	52,752376	55,355710	33,794677	47,845742	53,480428	32,740256	55,790764	57,982099	23,163286	30,634469	34,377754	 	23,166327	32,062221	35,882968	33,192551	22,701745	31,564254	32,656434	33,087268	25,260949	30,139634	34,989440	32,861218	24,877171	34,575930	36,098340	35,072222	99,963397	33,722156	38,426358	64,922625	61,527169	61,579764	58,485115	33,947000	33,450437	34,929362	33,028421
580,00	100,047493	100,005412	100,011742	100,018644	63,744199	63,402772	63,646102	63,417816	100,133395	100,001764	32,474196	37,409744	35,068807	37,450010	35,943797	31,785628	53,222734	54,847950	32,166854	55,085450	55,699915	33,146301	52,869302	55,472344	33,409879	47,960871	53,609633	32,416496	55,894375	58,027494	23,052436	30,664679	34,462830	 	23,064077	32,140720	35,976711	33,322755	22,617774	31,638631	32,785869	33,245239	25,145626	30,195206	35,094947	32,987046	24,769324	34,646571	36,176652	35,194331	99,952257	33,762595	38,472471	64,933425	61,587530	61,628699	58,565652	34,038246	33,494893	35,023406	33,114260
582,00	100,003791	100,016332	100,042689	99,974734	63,677502	63,359332	63,562608	63,375127	100,071359	100,025344	32,494563	37,479261	35,083103	37,517914	35,967049	31,450284	53,315318	54,995447	31,818298	55,231714	55,812323	32,800657	52,959675	55,614442	33,031577	48,044568	53,756374	32,047015	55,967206	58,110327	22,940046	30,710334	34,627524	 	22,964244	32,233706	36,118615	33,411735	22,506312	31,710187	32,900807	33,362043	25,022385	30,223009	35,239896	33,107200	24,693830	34,734812	36,309475	35,280564	99,993205	33,816293	38,537034	64,967066	61,662078	61,650115	58,689719	34,104773	33,574322	35,091436	33,195320
584,00	100,001061	99,981189	100,021291	99,972779	63,691336	63,351238	63,547474	63,372254	100,084841	100,003862	32,529441	37,496924	35,138881	37,550029	35,990754	31,148311	53,486562	55,090582	31,506592	55,377942	55,901742	32,492211	53,092641	55,742371	32,708496	48,129693	53,891897	31,753105	56,068695	58,175850	22,850579	30,734786	34,703651	 	22,873503	32,296267	36,208066	33,522788	22,417796	31,781241	33,025905	33,432254	24,928504	30,271697	35,342941	33,195820	24,627274	34,762546	36,399424	35,351864	99,997824	33,864906	38,596892	65,039855	61,696780	61,692756	58,795929	34,192330	33,664829	35,163414	33,281907
586,00	99,986684	99,968696	100,040042	100,029504	63,657200	63,353312	63,477188	63,287705	100,069630	99,987340	32,558519	37,539145	35,176069	37,553170	36,035880	30,857444	53,600317	55,219275	31,216332	55,475962	55,985600	32,190380	53,165269	55,833292	32,377601	48,227784	54,037458	31,480479	56,139517	58,229059	22,760601	30,752859	34,821284	 	22,793826	32,355917	36,334008	33,612227	22,350636	31,862724	33,129257	33,543950	24,823847	30,302441	35,443425	33,303699	24,561748	34,815341	36,489287	35,443366	100,034249	33,892635	38,629550	65,082335	61,780602	61,743534	58,902979	34,259188	33,720294	35,236228	33,351627
588,00	100,004196	99,953496	100,018096	99,956656	63,556880	63,248509	63,470435	63,206977	100,026953	100,000513	32,614368	37,592438	35,203484	37,609369	36,088040	30,587423	53,652018	55,283725	30,912307	55,589485	56,111878	31,925973	53,233963	55,929601	32,078516	48,286611	54,136568	31,179792	56,189311	58,319569	22,690734	30,829510	34,896505	 	22,717862	32,426825	36,395845	33,730257	22,277494	31,937784	33,216232	33,655870	24,740258	30,373532	35,521594	33,393514	24,513453	34,887642	36,538216	35,567626	100,011635	33,904779	38,641918	65,096873	61,808014	61,755097	58,981699	34,302074	33,761320	35,286957	33,387801
590,00	99,979234	100,004363	100,023973	100,018239	63,512284	63,230622	63,459188	63,154751	100,036383	99,958998	32,631639	37,606168	35,237834	37,641943	36,092418	30,317461	53,765255	55,359238	30,635533	55,720264	56,177455	31,674680	53,331512	56,013441	31,797242	48,381448	54,246789	30,894127	56,232387	58,309734	22,601357	30,878153	35,002092	 	22,662687	32,492942	36,479560	33,826542	22,200787	32,006490	33,304012	33,749378	24,658181	30,424353	35,611564	33,522242	24,431980	34,958413	36,634427	35,634327	99,971384	33,948734	38,654727	65,119308	61,878318	61,812961	59,101200	34,367102	33,816278	35,327643	33,456036
592,00	100,037777	99,994230	100,024915	99,967134	63,498443	63,129127	63,360828	63,173932	100,035989	99,954605	32,653227	37,668151	35,288611	37,689427	36,138001	30,134282	53,829080	55,432057	30,414960	55,765295	56,258291	31,460124	53,389978	56,078058	31,552553	48,426864	54,319251	30,686656	56,259561	58,370620	22,564651	30,925322	35,122246	 	22,592674	32,585189	36,621669	33,916801	22,149810	32,081321	33,443832	33,862132	24,571264	30,480704	35,714844	33,597833	24,404305	35,031587	36,736661	35,721168	100,035536	33,990443	38,749596	65,161866	61,877549	61,799097	59,099841	34,471291	33,904445	35,432565	33,568278
594,00	100,015795	100,080311	100,018072	99,961734	63,441855	63,079852	63,313085	63,125771	100,028300	100,048637	32,710502	37,703019	35,319477	37,721080	36,176926	29,901522	53,921586	55,483812	30,190650	55,859441	56,300408	31,243816	53,487784	56,163883	31,336290	48,499820	54,403782	30,489457	56,354374	58,375043	22,502622	31,009722	35,224196	 	22,554526	32,664132	36,707437	34,028846	22,117992	32,187998	33,515903	33,969653	24,516934	30,572352	35,824040	33,710980	24,367024	35,104820	36,823714	35,822669	100,025260	34,030020	38,799998	65,178442	61,923212	61,815828	59,215266	34,526765	33,941597	35,502198	33,626899
596,00	99,985749	100,012696	100,053191	99,991089	63,400227	63,019222	63,270402	63,061786	100,079870	100,011611	32,731619	37,715241	35,348499	37,759364	36,226070	29,720771	53,954959	55,569637	30,001211	55,935729	56,382090	31,051201	53,545082	56,252152	31,123713	48,594338	54,490620	30,261445	56,409627	58,399063	22,459750	31,101200	35,306564	 	22,514257	32,742396	36,799031	34,099454	22,070488	32,286912	33,617157	34,068027	24,479946	30,643839	35,916129	33,812037	24,364160	35,170463	36,910045	35,889146	100,039899	34,067389	38,824618	65,185511	61,980194	61,828768	59,315765	34,574786	33,996624	35,564148	33,693790
598,00	99,984449	99,992394	100,018883	99,948901	63,323092	62,983942	63,213259	63,005000	100,026882	100,018501	32,751229	37,786475	35,384616	37,848103	36,260927	29,539791	54,041123	55,609035	29,811350	56,023133	56,445146	30,854031	53,571290	56,323642	30,909157	48,619568	54,560173	30,071151	56,439358	58,415037	22,399135	31,177649	35,393542	 	22,477959	32,815215	36,890250	34,198129	22,014028	32,372090	33,715075	34,176919	24,421301	30,718669	35,997352	33,900017	24,333769	35,229897	36,989146	35,954276	100,014877	34,091222	38,872764	65,212911	61,972964	61,818016	59,340590	34,646034	34,064138	35,616341	33,730516
600,00	100,048399	100,019181	100,061262	99,971282	63,277853	62,933469	63,155526	62,986618	100,046706	100,037158	32,807073	37,806702	35,435241	37,881610	36,301044	29,356247	54,109550	55,721807	29,607213	56,094456	56,492776	30,704591	53,609359	56,411320	30,708066	48,640487	54,651314	29,890499	56,488419	58,489197	22,380534	31,215376	35,466439	 	22,425933	32,879743	36,994132	34,289724	21,997720	32,424352	33,794296	34,247303	24,365109	30,747977	36,078703	34,017745	24,300134	35,303849	37,063634	36,073226	100,010669	34,122089	38,903385	65,192896	61,973196	61,823231	59,422970	34,702674	34,114632	35,650185	33,825701
602,00	100,030041	99,988061	99,990237	99,928331	63,210839	62,890434	63,088655	62,907380	100,084078	100,066507	32,837757	37,868986	35,476476	37,911224	36,332008	29,143560	54,128033	55,726832	29,380852	56,142896	56,525564	30,457601	53,669727	56,437880	30,476320	48,678398	54,701924	29,658827	56,495386	58,497870	22,313981	31,251940	35,546485	 	22,383569	32,942256	37,052518	34,383211	21,922398	32,489336	33,886588	34,339496	24,288251	30,797753	36,176717	34,074074	24,253567	35,367820	37,133121	36,149788	99,960291	34,165633	38,941878	65,213233	62,023497	61,841702	59,505969	34,751284	34,167206	35,732761	33,882695
604,00	99,977183	100,002873	100,047839	99,995077	63,174367	62,866145	63,040942	62,849551	100,052381	100,049984	32,874811	37,948501	35,527247	37,977684	36,389735	28,913158	54,215795	55,786663	29,128662	56,237471	56,599110	30,229744	53,731352	56,504053	30,234009	48,684517	54,787755	29,422268	56,525081	58,516461	22,249207	31,270427	35,653555	 	22,323607	32,984307	37,146667	34,487611	21,864982	32,543841	33,967450	34,458557	24,236467	30,828050	36,223030	34,175950	24,223265	35,401750	37,181035	36,212218	100,001311	34,170601	38,993636	65,280795	62,057549	61,885440	59,594303	34,790221	34,209523	35,773173	33,935487
606,00	100,019598	99,963212	100,018811	99,972063	63,127768	62,798154	62,992990	62,808573	99,971563	99,979424	32,904118	37,927228	35,531053	38,004702	36,408278	28,660876	54,189396	55,862015	28,895226	56,296921	56,643218	30,001163	53,721577	56,556660	29,969993	48,660114	54,862601	29,191363	56,586850	58,541322	22,149506	31,239492	35,721087	 	22,253843	32,981506	37,197220	34,536156	21,785870	32,570216	34,059638	34,501183	24,122538	30,770248	36,314309	34,208286	24,149917	35,387573	37,267631	36,267853	99,919778	34,186232	39,031875	65,246552	62,039644	61,875749	59,642082	34,857428	34,240460	35,824150	33,997658
608,00	99,981654	100,014484	99,990737	100,019288	63,088012	62,802213	62,947750	62,770998	100,068307	100,016832	32,935819	38,002983	35,584795	38,018382	36,428618	28,447512	54,288179	55,894101	28,661430	56,367451	56,649488	29,729450	53,742838	56,623805	29,708242	48,653576	54,887271	28,931922	56,615949	58,548576	22,080222	31,200507	35,840929	 	22,181046	33,006904	37,308854	34,602877	21,724297	32,568756	34,128475	34,566507	24,065693	30,751362	36,402181	34,284237	24,096824	35,408705	37,354556	36,319029	99,975091	34,252670	39,062816	65,325063	62,114620	61,919266	59,732610	34,939966	34,324732	35,899711	34,078935
610,00	100,056136	99,982321	100,072467	99,955821	63,039798	62,690562	62,918299	62,745893	100,025940	100,043559	32,974130	38,017216	35,635051	38,075310	36,457291	28,192821	54,279095	55,945909	28,383061	56,368351	56,695551	29,488459	53,714120	56,667674	29,450879	48,561937	54,953444	28,690332	56,581086	58,562881	22,008121	31,145775	35,907841	 	22,116739	33,049324	37,389529	34,672311	21,650164	32,581675	34,233710	34,682518	23,954032	30,675024	36,489934	34,355643	24,032961	35,401878	37,427843	36,410767	99,990290	34,282631	39,108571	65,296972	62,085390	61,890066	59,734225	34,984070	34,382808	35,949194	34,135064
612,00	100,036478	99,958116	100,078917	99,921530	62,999642	62,649834	62,914383	62,668753	99,970174	99,978602	33,029851	38,054863	35,671970	38,093242	36,497039	27,954632	54,274756	56,002539	28,130144	56,422287	56,755191	29,249790	53,698832	56,724697	29,196450	48,475897	55,018121	28,449428	56,611866	58,556193	21,925415	31,067625	35,967627	 	22,038469	33,021489	37,450886	34,746802	21,576180	32,586420	34,290582	34,721148	23,873594	30,630761	36,586899	34,433326	23,985271	35,403043	37,477317	36,475471	99,915832	34,302217	39,153248	65,264785	62,114865	61,875182	59,804869	35,006973	34,404084	35,989094	34,174955
614,00	99,958467	99,971682	100,020552	99,975133	62,947553	62,590224	62,821805	62,592179	100,039804	100,025523	33,044079	38,112068	35,714126	38,174221	36,574546	27,700609	54,316241	55,994636	27,882504	56,487042	56,773162	29,010221	53,705347	56,777316	28,935087	48,397470	54,998773	28,197989	56,642914	58,548486	21,854198	31,006783	36,067259	 	21,973935	33,047059	37,554538	34,823409	21,532351	32,586411	34,382209	34,812042	23,784904	30,541694	36,664093	34,515208	23,921494	35,404596	37,568247	36,565328	99,985713	34,348568	39,186519	65,346086	62,115932	61,876833	59,872174	35,052788	34,493187	36,058536	34,247148
616,00	99,974132	99,994314	99,991888	99,996275	62,888873	62,554294	62,758112	62,566316	100,013196	100,035203	33,089420	38,167980	35,727179	38,203648	36,610436	27,467626	54,300177	56,065303	27,645838	56,551147	56,826711	28,822404	53,728193	56,784970	28,710562	48,306271	55,073816	27,971590	56,688809	58,589590	21,789461	30,929935	36,158997	 	21,902604	33,040723	37,618867	34,883109	21,461509	32,589763	34,488183	34,921205	23,708856	30,475473	36,771721	34,580553	23,854858	35,374263	37,654445	36,615416	100,046730	34,393328	39,256147	65,321177	62,105834	61,854964	59,904552	35,150608	34,560335	36,167517	34,313834
618,00	99,969465	100,030780	99,996895	100,042093	62,856334	62,562406	62,717760	62,467819	99,991411	100,038600	33,135262	38,194692	35,789889	38,245216	36,627564	27,279672	54,355258	56,061655	27,445984	56,573272	56,808156	28,599802	53,729421	56,821209	28,494594	48,249114	55,111420	27,776164	56,732923	58,586156	21,729465	30,869818	36,233756	 	21,860369	33,038512	37,704712	34,963119	21,452755	32,586429	34,529328	34,980088	23,677678	30,394676	36,806634	34,630778	23,841780	35,360214	37,698102	36,682522	100,010645	34,391159	39,291808	65,330994	62,198943	61,887532	59,988481	35,184920	34,584641	36,198181	34,377444
620,00	100,028980	99,977338	99,986720	100,048041	62,855172	62,499130	62,662774	62,525940	100,010693	100,001645	33,156821	38,214570	35,816121	38,274211	36,638087	27,143162	54,375207	56,102264	27,294743	56,634325	56,840891	28,465155	53,743225	56,858063	28,343174	48,215112	55,148244	27,623111	56,720942	58,562142	21,692233	30,776772	36,321446	 	21,827167	33,023366	37,769055	35,035568	21,425022	32,594907	34,601229	35,030797	23,622154	30,338433	36,875483	34,715861	23,812282	35,341054	37,777597	36,729333	99,963945	34,444192	39,338276	65,347350	62,197453	61,904317	60,046369	35,240987	34,628955	36,229455	34,438956
622,00	100,009739	100,043797	99,949753	100,008440	62,801057	62,419498	62,616718	62,422228	100,038838	99,995786	33,216518	38,245532	35,902503	38,299835	36,701185	26,996812	54,317737	56,140041	27,159923	56,649637	56,852800	28,342479	53,716648	56,871283	28,193882	48,130998	55,180073	27,482221	56,722057	58,555865	21,682185	30,732059	36,376300	 	21,802594	33,034974	37,843478	35,065547	21,408750	32,607329	34,686235	35,101444	23,602539	30,285680	36,959386	34,737709	23,819479	35,352662	37,833291	36,791083	100,026679	34,484875	39,385995	65,327597	62,202966	61,854571	60,061693	35,312137	34,699258	36,274830	34,507075
624,00	99,990010	100,051117	100,020552	99,958640	62,732810	62,406206	62,608969	62,421185	99,986339	100,003362	33,223709	38,330626	35,924560	38,338393	36,743441	26,874956	54,335093	56,187290	27,004635	56,671804	56,907469	28,247407	53,688502	56,941968	28,077123	48,053855	55,236405	27,321324	56,741250	58,606154	21,640430	30,734473	36,438715	 	21,771689	33,074394	37,906718	35,159490	21,403347	32,664350	34,774771	35,183534	23,547685	30,301338	37,016860	34,838971	23,783614	35,396454	37,898734	36,867559	99,990273	34,505212	39,407358	65,310669	62,181211	61,822927	60,116804	35,354701	34,746075	36,342195	34,558442
626,00	100,003648	99,978280	99,916214	100,046527	62,697709	62,344503	62,510920	62,367624	99,972451	100,035191	33,242443	38,394278	35,948887	38,400415	36,810121	26,773536	54,389465	56,164449	26,923090	56,757236	56,883353	28,145489	53,705621	56,967354	27,958265	48,024747	55,232137	27,228186	56,782794	58,552706	21,640214	30,717027	36,544636	 	21,769710	33,136860	38,000667	35,262287	21,405008	32,683453	34,842706	35,293683	23,533960	30,309504	37,117600	34,926805	23,793474	35,438848	37,990683	36,953568	100,034368	34,577197	39,490888	65,339571	62,201548	61,849982	60,193688	35,454106	34,792283	36,403996	34,638864
628,00	99,985754	100,007558	100,034404	99,930441	62,660122	62,289894	62,476605	62,292463	99,993426	100,014615	33,299094	38,377789	35,966980	38,458985	36,828873	26,693472	54,403222	56,236029	26,822415	56,758970	57,009000	28,092620	53,701913	57,042199	27,885798	47,973269	55,283159	27,156070	56,752765	58,630592	21,648039	30,735394	36,617219	 	21,772254	33,143625	38,080424	35,319978	21,441573	32,740167	34,915355	35,379562	23,545107	30,294615	37,181935	34,982136	23,798634	35,459557	38,059938	37,024438	100,020087	34,586516	39,505565	65,312272	62,159163	61,808610	60,195059	35,466149	34,865335	36,442670	34,671226
630,00	99,978912	100,012386	99,985749	100,029373	62,550682	62,260067	62,449896	62,215984	99,979228	100,037050	33,329096	38,466045	36,020195	38,474455	36,852160	26,647636	54,413790	56,264669	26,808932	56,825829	56,974173	28,056729	53,730053	57,010567	27,832493	48,003638	55,303079	27,053642	56,795341	58,564115	21,644829	30,762601	36,687902	 	21,800080	33,181134	38,144529	35,383022	21,472284	32,780978	35,023251	35,452306	23,560695	30,347914	37,274352	35,057327	23,800918	35,494849	38,107932	37,075549	99,980843	34,622338	39,538124	65,343565	62,186909	61,867827	60,267186	35,527164	34,920847	36,509988	34,733212
632,00	100,031567	100,029659	100,015867	99,922234	62,564522	62,236309	62,378794	62,205958	100,027537	99,994874	33,361435	38,490605	36,059082	38,508210	36,903557	26,699111	54,452682	56,292742	26,805383	56,830800	56,954765	28,067210	53,780246	57,060647	27,873096	48,033011	55,374342	27,092898	56,782067	58,579719	21,698557	30,815837	36,756200	 	21,852958	33,238456	38,210851	35,443112	21,557875	32,855210	35,080349	35,523492	23,619656	30,395165	37,359253	35,109672	23,854230	35,514867	38,176391	37,173390	100,068283	34,672081	39,593890	65,302825	62,218332	61,846387	60,275006	35,604370	34,971330	36,563805	34,830689
634,00	100,061738	99,983251	99,997300	99,983704	62,517631	62,158537	62,356967	62,166929	100,011885	100,026214	33,425799	38,527709	36,083490	38,565242	36,952609	26,747084	54,454243	56,266516	26,881504	56,843019	57,000023	28,150487	53,773582	57,121420	27,901495	48,042351	55,381197	27,140853	56,815201	58,572066	21,768905	30,871820	36,825562	 	21,907789	33,296221	38,296726	35,527360	21,643695	32,916489	35,152131	35,583442	23,692924	30,480576	37,426522	35,207233	23,941839	35,597244	38,253987	37,240228	100,093758	34,697640	39,633223	65,319806	62,193406	61,798459	60,324281	35,659274	35,015818	36,630040	34,898645
636,00	100,023770	99,939883	100,023627	99,997830	62,481433	62,126696	62,321460	62,144804	100,081909	100,106585	33,449239	38,566244	36,158979	38,590512	37,006253	26,904595	54,505068	56,325364	26,988742	56,899387	57,050163	28,308949	53,774136	57,109767	28,069642	48,107120	55,450559	27,271935	56,808919	58,619851	21,867840	30,974966	36,926574	 	22,023942	33,395371	38,367897	35,596171	21,782702	33,022603	35,229024	35,674682	23,800521	30,568862	37,470639	35,290346	24,032952	35,690898	38,311702	37,281570	99,996877	34,750447	39,692697	65,350664	62,243623	61,836177	60,379153	35,698804	35,066631	36,683619	34,924862
638,00	100,010872	99,973983	100,006747	100,004911	62,430084	62,123388	62,259406	62,062532	100,061274	100,062549	33,485809	38,625407	36,178052	38,638079	37,015843	27,130017	54,527241	56,330466	27,229539	56,956440	57,049817	28,538358	53,861797	57,174927	28,303251	48,118466	55,463296	27,471277	56,822759	58,623862	22,009666	31,110135	36,962354	 	22,186662	33,457235	38,418961	35,670352	21,941872	33,097839	35,291281	35,720521	23,941651	30,675444	37,529930	35,335776	24,176075	35,753185	38,339967	37,357742	99,933016	34,741035	39,698160	65,313530	62,252337	61,804354	60,422468	35,738063	35,110036	36,708751	34,973726
640,00	100,056207	99,926835	100,005651	100,006127	62,403399	62,068838	62,213868	62,082672	100,078344	100,112736	33,513215	38,653991	36,218584	38,684422	37,077510	27,489746	54,505879	56,345522	27,608341	56,978810	57,087648	28,915060	53,867280	57,189178	28,683901	48,152974	55,491590	27,808526	56,791961	58,609116	22,233351	31,220797	37,006435	 	22,374457	33,517751	38,504747	35,737047	22,180691	33,179805	35,342321	35,807565	24,187335	30,760872	37,567914	35,423431	24,399623	35,839286	38,412553	37,417606	99,981290	34,783381	39,730439	65,299660	62,216973	61,831647	60,450715	35,793090	35,127962	36,749804	35,028988
642,00	100,018132	99,980468	99,994296	100,039923	62,358630	62,059140	62,194675	61,989623	100,027227	100,032604	33,534661	38,685334	36,236107	38,709414	37,129888	27,896512	54,559422	56,361824	27,988410	57,041740	57,120472	29,301065	53,938621	57,229894	29,091230	48,198369	55,540830	28,191277	56,843716	58,579534	22,464427	31,313828	37,080806	34,987560	22,607136	33,562726	38,560963	35,815030	22,418900	33,258811	35,432357	35,890269	24,412459	30,860311	37,655371	35,468146	24,604864	35,915509	38,488060	37,449324	100,010228	34,803689	39,787459	65,320086	62,218958	61,798745	60,499424	35,834652	35,197681	36,829823	35,080728
644,00	100,045907	99,978966	100,014293	99,945664	62,304091	61,998206	62,139267	61,967182	100,103319	100,098181	33,589104	38,746116	36,292592	38,772506	37,182593	28,334060	54,521221	56,352991	28,465664	57,022625	57,135189	29,785147	53,860843	57,238424	29,548898	48,144731	55,568844	28,649801	56,817359	58,542871	22,734573	31,398726	37,163326	35,082358	22,873141	33,648026	38,648248	35,846961	22,691649	33,343065	35,506865	36,000934	24,707195	30,941814	37,740958	35,528070	24,877733	35,965520	38,547671	37,551636	100,037968	34,870860	39,828315	65,270114	62,224936	61,778516	60,484523	35,870513	35,230315	36,860362	35,131091
646,00	99,988043	100,013936	100,016010	100,066316	62,289351	61,911064	62,137425	61,927474	100,089192	100,048792	33,601120	38,786048	36,328298	38,797665	37,180617	28,795189	54,528970	56,376648	28,871533	57,035637	57,127398	30,229688	53,845477	57,265610	30,009693	48,120025	55,585074	29,082090	56,835246	58,596516	22,992466	31,442013	37,206879	35,088390	23,123237	33,657432	38,701290	35,933074	22,976707	33,376807	35,564786	36,046135	24,981421	30,948159	37,803027	35,579833	25,115162	36,011869	38,585076	37,561825	100,008965	34,884483	39,884394	65,293485	62,217891	61,811471	60,534614	35,929343	35,302866	36,918479	35,211381
648,00	99,919492	99,938291	99,977714	99,967748	62,250000	61,905926	62,087458	61,858219	100,098717	100,048578	33,640403	38,825753	36,334279	38,841054	37,190542	29,180264	54,499179	56,419766	29,273149	57,004911	57,136029	30,582350	53,809863	57,296675	30,378920	47,945517	55,617762	29,473019	56,802750	58,574760	23,222706	31,419286	37,259710	35,134661	23,337448	33,624753	38,747674	35,972491	23,209673	33,379123	35,611126	36,078736	25,210512	30,907437	37,822175	35,634014	25,347888	35,992372	38,637438	37,628728	100,003850	34,920049	39,890918	65,275306	62,237620	61,795831	60,579914	35,960379	35,316908	36,928514	35,230634
650,00	100,015044	99,993211	99,940127	100,030637	62,268120	61,854249	62,000078	61,846596	100,048172	100,056303	33,685771	38,833800	36,344874	38,869038	37,246549	29,477736	54,460609	56,309932	29,598099	56,987184	57,093406	30,918917	53,725398	57,276267	30,691838	47,739401	55,584443	29,790980	56,765395	58,523005	23,399808	31,320000	37,347507	35,112217	23,509054	33,560005	38,816205	35,998785	23,385304	33,337811	35,712111	36,142591	25,368452	30,751085	37,898350	35,641319	25,517535	35,941070	38,719860	37,632129	99,999315	34,961143	39,953163	65,300524	62,218493	61,744279	60,589570	36,055148	35,350811	37,008846	35,280803
652,00	99,971372	99,901354	100,026655	100,069463	62,135303	61,878848	61,965263	61,797404	100,019526	100,039577	33,740529	38,903877	36,409950	38,942301	37,312108	29,640996	54,417819	56,385815	29,727656	57,001364	57,116538	31,065294	53,662199	57,291615	30,857810	47,426274	55,619007	29,961422	56,826997	58,552098	23,534173	31,121516	37,385809	35,117859	23,639667	33,477330	38,893956	36,064965	23,542300	33,248481	35,746509	36,189041	25,535578	30,544707	37,981051	35,685116	25,666186	35,880330	38,744980	37,686908	99,988502	34,954068	40,005469	65,279061	62,266415	61,792052	60,661864	36,084566	35,421318	37,012941	35,334423
654,00	100,026035	99,937421	100,049627	99,960726	62,096798	61,741531	61,979586	61,719882	100,075436	100,025713	33,769086	38,956711	36,454034	38,929439	37,329561	29,637653	54,279840	56,363559	29,758349	56,904870	57,120740	31,051442	53,414428	57,270736	30,852717	46,973574	55,600715	30,021432	56,715846	58,532649	23,609175	30,815586	37,473068	35,112950	23,699099	33,341181	38,958085	36,104241	23,600577	33,084095	35,817489	36,209136	25,551066	30,209291	38,019899	35,681027	25,742626	35,657558	38,809261	37,720868	100,040555	35,028493	40,072402	65,238553	62,187988	61,704624	60,625941	36,133218	35,436231	37,119156	35,396117
656,00	99,977422	99,925262	100,040376	100,010228	62,074643	61,711174	61,898762	61,675447	100,039530	100,097096	33,801872	38,995925	36,494225	38,971370	37,372074	29,508668	54,140413	56,322348	29,597509	56,934559	57,126915	30,875471	53,184599	57,293653	30,711651	46,450821	55,560488	29,939637	56,711209	58,516699	23,570247	30,370042	37,508261	35,034084	23,670937	33,090651	39,004228	36,134389	23,583883	32,830849	35,848451	36,285356	25,508928	29,728562	38,095683	35,693821	25,735599	35,418919	38,888204	37,719604	100,023067	35,044497	40,072614	65,295005	62,211478	61,712533	60,708010	36,187106	35,516894	37,134087	35,454905
658,00	99,967813	99,916291	100,085819	99,967921	62,036270	61,646509	61,867100	61,647660	100,120819	100,005960	33,846667	39,019001	36,550683	39,020962	37,399542	29,141676	53,943014	56,334966	29,199961	56,786382	57,113743	30,474672	52,874845	57,248342	30,283609	45,757017	55,575240	29,583764	56,677610	58,493155	23,448105	29,762521	37,547940	34,920257	23,552750	32,754725	39,043200	36,109397	23,452656	32,505584	35,874498	36,305091	25,368100	29,086038	38,128802	35,633355	25,651240	35,079870	38,902542	37,713414	99,990618	35,080615	40,096614	65,203065	62,142980	61,682600	60,639435	36,230522	35,550481	37,165278	35,493171
660,00	99,958402	99,922490	99,999779	99,959099	61,998010	61,597723	61,774081	61,616170	100,026512	99,969053	33,852521	39,062482	36,559620	39,069206	37,442750	28,508916	53,699291	56,275016	28,549096	56,714290	57,036889	29,827106	52,509898	57,199782	29,623961	44,968116	55,474818	29,038414	56,623137	58,402532	23,173569	29,080835	37,613377	34,798145	23,286021	32,431689	39,096275	36,101592	23,177885	32,120314	35,953635	36,336255	25,087014	28,388652	38,209802	35,596362	25,388575	34,669694	38,973609	37,747926	100,048506	35,134575	40,157449	65,213621	62,123752	61,595744	60,670412	36,289728	35,582811	37,230423	35,562921
662,00	99,967927	99,924421	100,074887	99,993533	61,930108	61,603665	61,818564	61,524349	100,093567	99,973541	33,907664	39,053982	36,613905	39,089438	37,461349	27,657562	53,479320	56,280851	27,694306	56,620944	57,025963	29,006538	52,188045	57,245022	28,747669	44,178325	55,481660	28,300643	56,600600	58,451271	22,800447	28,347215	37,625617	34,604034	22,953866	32,009402	39,093849	36,060363	22,858940	31,670699	35,952938	36,347145	24,716464	27,628440	38,202929	35,526776	25,121722	34,207416	38,963920	37,701052	99,958825	35,143957	40,178451	65,193784	62,144238	61,630648	60,716939	36,298120	35,643929	37,237680	35,576430
664,00	99,876904	99,886650	100,018501	99,908727	61,872560	61,526203	61,758435	61,496031	100,058973	100,032473	33,932799	39,124957	36,617890	39,117226	37,491786	26,718691	53,236222	56,256884	26,783192	56,488460	57,017636	28,036499	51,731950	57,188749	27,757424	43,363044	55,473435	27,403110	56,475180	58,381057	22,378120	27,572945	37,656948	34,466180	22,542736	31,607452	39,148700	36,053115	22,396764	31,272620	36,004975	36,359641	24,225885	26,877046	38,218462	35,473663	24,759465	33,716679	39,041859	37,696549	99,880761	35,140315	40,207770	65,164560	62,077373	61,578083	60,695410	36,361107	35,656461	37,294400	35,616440
666,00	99,966460	99,905157	100,008297	99,968356	61,865306	61,514568	61,708081	61,486906	100,118673	99,984133	33,951584	39,118680	36,666524	39,143077	37,534443	25,690925	52,979922	56,170595	25,781825	56,381524	56,900507	27,071041	51,427662	57,114542	26,736000	42,623484	55,379009	26,482028	56,480789	58,333600	21,898308	26,856890	37,720349	34,344041	22,087726	31,250253	39,211056	36,040404	21,971408	30,854473	36,075240	36,345372	23,748189	26,137143	38,297626	35,411087	24,337509	33,244514	39,077523	37,698197	100,038683	35,224885	40,287173	65,148199	62,076741	61,575258	60,729814	36,376745	35,723731	37,369606	35,671946
668,00	99,894643	99,969649	100,044823	100,061405	61,782223	61,534476	61,651623	61,387819	99,985647	100,047946	33,952573	39,168158	36,690730	39,202794	37,567332	24,796982	52,825683	56,148380	24,872151	56,341428	56,925100	26,185116	51,104194	57,091278	25,842702	41,986483	55,365127	25,613022	56,443816	58,306330	21,450406	26,220295	37,749413	34,210882	21,682853	30,914482	39,269459	36,029026	21,547738	30,494678	36,083072	36,377752	23,296459	25,509042	38,314587	35,364735	23,960420	32,845086	39,079431	37,679908	99,991417	35,242063	40,300977	65,146822	62,092811	61,515641	60,788023	36,414969	35,721985	37,411934	35,740316
670,00	100,067461	99,990028	100,068033	100,043023	61,814433	61,464018	61,639535	61,398852	100,059021	99,964160	33,985415	39,205316	36,739013	39,228499	37,607300	24,076645	52,656317	56,141376	24,201380	56,241429	56,879163	25,494272	50,830895	57,041198	25,087351	41,468474	55,247456	24,961272	56,355959	58,251536	21,112342	25,716007	37,792754	34,081796	21,372934	30,661708	39,310944	35,977259	21,245895	30,214545	36,155024	36,358756	22,949553	25,007907	38,377744	35,288051	23,669651	32,515618	39,123031	37,669304	99,956441	35,287094	40,367639	65,130103	62,084162	61,501318	60,777849	36,453027	35,764095	37,458152	35,776693
672,00	100,024879	99,990273	100,023854	99,914253	61,766297	61,375016	61,598921	61,348182	100,076568	99,980390	34,040195	39,243034	36,775753	39,295673	37,612897	23,548178	52,431846	56,042039	23,673645	56,122196	56,822038	25,003016	50,591969	57,010400	24,544820	41,078311	55,219454	24,463758	56,284320	58,182722	20,867877	25,381008	37,832987	34,032735	21,154837	30,492315	39,350772	36,021340	21,004261	30,042389	36,163557	36,424881	22,715029	24,651487	38,410568	35,303071	23,470512	32,327643	39,176515	37,702817	99,998850	35,318866	40,406021	65,043288	61,997008	61,415452	60,747993	36,508346	35,819876	37,514690	35,846695
674,00	99,990863	99,977565	100,012362	99,978185	61,691374	61,313659	61,515731	61,326766	100,081384	100,031030	34,078789	39,321965	36,839256	39,340842	37,678015	23,199886	52,361119	56,006235	23,279233	56,060666	56,807017	24,645133	50,473237	56,926453	24,213941	40,859750	55,102688	24,133562	56,183594	58,097917	20,706475	25,162208	37,850389	34,018818	20,978810	30,415058	39,398006	36,040288	20,859900	29,934847	36,211213	36,464211	22,533430	24,464113	38,451853	35,319522	23,352066	32,199141	39,205194	37,718654	99,986422	35,342157	40,444165	65,042335	61,993021	61,423117	60,769844	36,539164	35,876071	37,557471	35,911930
676,00	99,949789	99,968374	100,010085	100,050151	61,659187	61,313576	61,514318	61,267596	100,028384	100,046790	34,086326	39,379546	36,863863	39,413893	37,713513	22,986901	52,369469	56,008428	23,095283	56,135941	56,786722	24,425264	50,470054	56,948698	23,962827	40,881202	55,117214	23,966463	56,281728	58,104676	20,624065	25,063154	37,949100	34,072179	20,904896	30,439046	39,483425	36,101869	20,789686	29,951924	36,276445	36,512911	22,448879	24,417187	38,503605	35,389230	23,307471	32,182512	39,288944	37,783068	100,063574	35,401005	40,513384	65,086055	62,012440	61,434460	60,790509	36,622342	35,898191	37,595385	35,954514
678,00	99,952787	99,942297	100,000334	99,964136	61,627233	61,263281	61,429524	61,219406	100,064695	99,949628	34,159169	39,379776	36,900231	39,422789	37,755144	22,908363	52,337593	55,966491	22,968306	56,078821	56,724602	24,366838	50,517297	56,871229	23,836382	40,915158	55,125254	23,918110	56,158173	58,083063	20,631410	25,049493	37,989971	34,105685	20,903954	30,540526	39,510974	36,141005	20,803724	30,034190	36,327919	36,560875	22,431062	24,418339	38,546756	35,417423	23,352684	32,208291	39,339539	37,829915	100,025570	35,409632	40,579590	65,053469	61,954355	61,317831	60,786945	36,646909	35,979992	37,619615	35,971078
680,00	99,986970	99,926466	99,985194	100,066638	61,592096	61,207461	61,389661	61,229873	100,098407	99,937743	34,184361	39,460793	36,925897	39,450654	37,757796	23,064895	52,456671	55,922598	23,103306	56,097490	56,724072	24,541014	50,597811	56,882244	23,960024	41,182175	55,120397	24,111116	56,216949	58,032596	20,735541	25,171801	38,050374	34,223390	20,992431	30,667362	39,550442	36,222994	20,955537	30,169833	36,376494	36,586112	22,551745	24,615552	38,623950	35,483024	23,509364	32,388574	39,360991	37,865201	100,046909	35,471684	40,594390	65,021724	61,959386	61,313587	60,820365	36,703625	36,012298	37,708962	36,012653
682,00	100,053084	99,981093	100,088787	100,043678	61,575878	61,212838	61,404198	61,209798	100,084066	100,127506	34,219465	39,530191	36,991894	39,488828	37,847462	23,636436	52,552545	55,998921	23,621905	56,176865	56,737202	25,087085	50,815874	56,894493	24,504595	41,583112	55,110687	24,677013	56,176603	58,051986	21,072359	25,528896	38,032514	34,396562	21,273151	31,012070	39,595950	36,312285	21,287037	30,469531	36,403659	36,689767	22,866611	25,029886	38,622561	35,616025	23,798254	32,687533	39,397109	37,992799	99,945420	35,448402	40,613601	65,014493	61,902899	61,342078	60,847890	36,705554	36,044377	37,691584	36,045930
684,00	100,078309	99,972528	100,018525	99,964553	61,527818	61,162716	61,335230	61,157590	100,013292	99,965042	34,226573	39,516297	37,015232	39,490548	37,846416	24,650231	52,706259	55,988938	24,642800	56,222272	56,734049	26,100495	51,081359	56,922466	25,487998	42,152536	55,155724	25,712529	56,205076	58,020699	21,654417	26,052028	38,116014	34,549928	21,792832	31,356591	39,647588	36,398765	21,829051	30,809489	36,498919	36,758596	23,434049	25,583524	38,697883	35,709053	24,362013	33,064231	39,434969	38,063645	99,993002	35,525471	40,651244	64,952415	61,901152	61,260158	60,790265	36,768749	36,037335	37,735206	36,083823
686,00	100,046945	99,934989	100,065374	99,952459	61,497986	61,092955	61,289388	61,118031	100,176930	100,062931	34,317961	39,617196	37,061083	39,564669	37,906978	26,127788	52,943671	55,962569	26,146990	56,351548	56,738645	27,538383	51,400536	56,930894	27,011284	42,972261	55,186009	27,287292	56,245959	58,034599	22,470453	26,854306	38,177454	34,781262	22,567229	31,806794	39,714754	36,515272	22,622313	31,261832	36,529607	36,847124	24,318857	26,394963	38,743690	35,883126	25,167498	33,604133	39,494938	38,162318	99,959296	35,525650	40,674174	64,970136	61,937422	61,301661	60,811555	36,790770	36,068517	37,786976	36,092788
688,00	100,029624	99,941218	100,034797	99,955553	61,471343	61,054170	61,288989	61,084974	100,119960	99,993575	34,301963	39,614719	37,085742	39,599410	37,930298	28,102019	53,178406	56,015325	28,098848	56,422001	56,807637	29,479632	51,768857	56,917161	28,983825	43,843225	55,222470	29,216063	56,288689	57,975322	23,512484	27,805111	38,323343	35,058582	23,541118	32,355571	39,825284	36,642891	23,599331	31,854627	36,625308	36,938134	25,336081	27,363709	38,858303	36,086982	26,111171	34,238702	39,584342	38,304961	100,075865	35,556266	40,742341	64,961022	61,833185	61,250627	60,806018	36,844632	36,175185	37,874961	36,207318
690,00	100,070405	100,019956	100,047922	100,038326	61,455834	61,059844	61,214024	61,046046	100,117028	100,026870	34,350502	39,653197	37,119448	39,638612	37,948489	30,518600	53,494370	56,006056	30,552086	56,586206	56,787020	31,797311	52,260011	56,944650	31,437746	44,892588	55,255228	31,623170	56,282908	58,004123	24,725896	28,889289	38,364705	35,372609	24,671854	32,974309	39,876500	36,801261	24,735367	32,495269	36,692229	37,021565	26,564702	28,436738	38,913280	36,276379	27,181506	34,942120	39,627960	38,407731	99,957693	35,585794	40,796435	64,957517	61,919743	61,225945	60,852426	36,885071	36,208257	37,913269	36,240214
692,00	100,069153	99,952704	100,068343	100,027657	61,380458	61,044663	61,183298	60,966909	100,081384	100,053310	34,377605	39,712751	37,112907	39,711541	38,015920	33,065799	53,774416	56,095272	33,092231	56,675327	56,841445	34,254047	52,742577	57,008642	34,014991	46,048206	55,360878	34,098378	56,349045	58,080602	25,993112	29,976484	38,451853	35,747361	25,832304	33,617663	39,946067	36,920851	25,912270	33,143398	36,769429	37,127459	27,867204	29,584771	39,006919	36,497098	28,310043	35,671866	39,716011	38,579354	100,077724	35,643330	40,822122	64,965528	61,879879	61,221105	60,855490	36,954963	36,266083	37,965316	36,328080
694,00	100,014162	100,056589	100,047791	100,020897	61,302179	60,969883	61,143738	60,914803	99,992126	99,983668	34,372866	39,725035	37,183839	39,708215	38,049430	35,433799	54,020178	56,129003	35,611847	56,721872	56,832045	36,611989	53,128326	57,061422	36,521778	47,098321	55,364966	36,383352	56,336135	58,055413	27,183923	31,056887	38,497126	35,976964	26,938450	34,168929	39,981183	37,023881	27,053121	33,735129	36,846530	37,165242	29,061678	30,618325	39,092290	36,646691	29,379386	36,321452	39,791593	38,619712	99,961543	35,636866	40,884981	64,882797	61,899173	61,225098	60,845494	36,977318	36,275300	37,985149	36,345014
696,00	100,101399	99,971205	100,037324	99,937648	61,350501	60,921746	61,163926	60,946018	100,101149	100,048530	34,452721	39,752999	37,230265	39,759767	38,084084	37,819770	54,259676	56,142813	38,088441	56,816554	56,866962	38,942051	53,520644	57,054317	38,993511	48,126346	55,441338	38,675067	56,336302	58,128864	28,326783	32,084355	38,575619	36,277425	28,053683	34,795943	40,005857	37,134561	28,136846	34,346360	36,871770	37,270918	30,231863	31,697381	39,099106	36,759436	30,405959	36,973765	39,808449	38,723078	99,986386	35,647401	40,877330	64,881974	61,833572	61,199015	60,816401	36,989868	36,287910	38,053244	36,352456
698,00	99,943995	99,971789	100,039339	99,995798	61,281717	60,923535	61,033183	60,834622	100,029421	100,138354	34,477511	39,792171	37,234384	39,837119	38,123739	39,830866	54,550177	56,139815	40,193540	56,922263	56,862980	40,918168	53,867590	57,085264	41,060585	49,041873	55,464989	40,518054	56,394970	58,106506	29,275835	33,000696	38,648745	36,532697	28,983024	35,299134	40,103123	37,270474	29,081783	34,876430	36,976728	37,396306	31,211957	32,675290	39,177215	36,949766	31,235340	37,546575	39,865884	38,871089	100,033712	35,718086	40,941870	64,908004	61,850977	61,224633	60,895240	37,074664	36,357716	38,103449	36,422679
700,00	100,072289	99,893069	100,063026	100,034726	61,256194	60,937375	61,008310	60,865742	100,045550	99,917686	34,494260	39,818323	37,252098	39,817733	38,130742	41,567338	54,720247	56,157941	41,940749	57,020897	56,883365	42,676723	54,211867	57,182050	42,852145	49,809352	55,533087	42,191476	56,450146	58,113754	30,133623	33,732650	38,690391	36,734200	29,772148	35,731453	40,155229	37,365472	29,863325	35,310891	37,016565	37,437162	32,124320	33,441010	39,288566	37,054738	31,981295	37,978691	39,938012	38,915759	99,869323	35,740644	40,963170	64,949155	61,900967	61,253667	60,911590	37,084815	36,406979	38,125378	36,441979
702,00	99,965996	99,936593	99,968934	99,961007	61,206394	60,841697	61,007839	60,794044	100,041842	100,007510	34,531567	39,864787	37,286803	39,879340	38,200393	43,051183	54,819489	56,188869	43,512902	57,094592	56,898600	44,133523	54,394883	57,138455	44,421291	50,380057	55,542910	43,568525	56,479031	58,124751	30,854058	34,389913	38,704515	36,940435	30,441639	36,053154	40,171587	37,448910	30,547053	35,703999	37,059548	37,483582	32,830250	34,175807	39,297712	37,204015	32,581025	38,389814	40,010628	39,010784	99,858630	35,734221	40,993196	64,933658	61,793369	61,204702	60,859066	37,150896	36,421221	38,186166	36,489251
704,00	100,006545	99,811816	100,020361	99,938446	61,197013	60,712296	60,982507	60,740465	100,088859	99,930537	34,575099	39,866561	37,351131	39,899886	38,176334	44,299680	54,933250	56,233442	44,817054	57,108217	56,911427	45,393288	54,534131	57,230264	45,725453	50,873971	55,626637	44,778433	56,409991	58,135843	31,461027	34,952441	38,795999	37,078744	31,068686	36,356166	40,275353	37,497219	31,151173	36,014313	37,152499	37,591925	33,456707	34,716597	39,377755	37,255937	33,129162	38,700572	40,098259	39,053681	99,910563	35,799894	41,068164	64,804029	61,745453	61,124742	60,823435	37,187663	36,492240	38,216048	36,566845
706,00	100,006747	99,930471	100,044453	100,038934	61,152911	60,772198	60,961038	60,773766	100,017226	99,966276	34,596676	39,919746	37,401894	39,950496	38,270417	45,405856	55,140156	56,338561	45,968533	57,215542	56,938285	46,515128	54,852003	57,238066	46,813771	51,401293	55,646676	45,808643	56,510895	58,140808	31,997231	35,409582	38,865536	37,246341	31,540698	36,647260	40,381527	37,672272	31,698152	36,274213	37,240735	37,671956	33,946240	35,208338	39,466503	37,436172	33,590031	39,006606	40,127009	39,208314	99,971473	35,820353	41,111609	64,911377	61,840498	61,224055	60,946995	37,251100	36,507165	38,253284	36,600962
708,00	100,020838	99,965495	100,056148	100,093234	61,122042	60,783267	60,961998	60,745198	100,024867	99,950308	34,642556	39,986104	37,425441	39,981705	38,300881	46,375328	55,329436	56,314057	46,941623	57,334846	56,966454	47,468257	55,007547	57,297564	47,811994	51,802331	55,678016	46,676505	56,540805	58,144742	32,460830	35,824394	38,970414	37,391543	31,986761	36,837232	40,408030	37,736580	32,144359	36,545289	37,292123	37,764317	34,434587	35,625032	39,569959	37,519941	34,016114	39,217442	40,190667	39,261037	99,963069	35,859653	41,115129	64,896655	61,887962	61,160529	60,977060	37,341440	36,538714	38,331649	36,627352
710,00	100,029874	99,922061	100,026321	100,012720	61,054170	60,723358	60,935074	60,679412	100,031137	99,955827	34,653986	39,990675	37,449181	39,979875	38,316208	47,247508	55,400300	56,374347	47,910440	57,407349	57,002109	48,363659	55,203664	57,297164	48,716453	52,094156	55,712909	47,462636	56,659049	58,214861	32,873595	36,181501	38,973224	37,497026	32,406163	37,004045	40,438306	37,772214	32,571971	36,793935	37,377852	37,824190	34,886637	35,994080	39,597896	37,626112	34,362400	39,459932	40,268698	39,343566	99,933791	35,884917	41,136014	64,891815	61,829990	61,195487	60,923588	37,370384	36,584005	38,348523	36,672333
712,00	99,900764	99,967474	99,985087	100,071383	61,013031	60,741013	60,821211	60,610718	100,133920	99,950910	34,687507	40,057737	37,511387	40,032333	38,418528	48,045012	55,508035	56,331229	48,734242	57,522136	57,038242	49,169907	55,332279	57,292068	49,505660	52,406847	55,741012	48,193377	56,588048	58,138400	33,329597	36,484909	39,115393	37,691361	32,804397	37,244561	40,514147	37,909654	33,042553	36,992100	37,409779	37,932897	35,350052	36,327279	39,642456	37,732947	34,714973	39,644405	40,281722	39,453959	100,001740	35,944137	41,208735	64,892828	61,838216	61,231649	60,977817	37,366810	36,632481	38,403535	36,747751
714,00	100,017273	99,926114	100,043511	100,014818	61,070186	60,746843	60,906893	60,714900	100,015128	99,957871	34,720734	40,112200	37,494689	40,074113	38,387889	48,867401	55,585527	56,402618	49,586689	57,506317	57,022381	49,966404	55,454278	57,310468	50,356919	52,679640	55,801606	48,985559	56,648654	58,179647	33,676392	36,780730	39,172995	37,758857	33,152857	37,403715	40,563956	37,987643	33,398163	37,160057	37,478077	37,969249	35,687444	36,621758	39,771488	37,845194	35,055682	39,820251	40,392685	39,517120	99,986237	35,968968	41,266778	64,909083	61,824125	61,199975	60,950273	37,451470	36,660975	38,452449	36,750612
716,00	100,019050	99,968129	100,031757	100,076640	61,042094	60,734296	60,904741	60,660213	100,073123	99,851036	34,763932	40,072200	37,572592	40,075713	38,390061	49,629474	55,678993	56,459010	50,340348	57,568103	57,094252	50,732303	55,574775	57,360750	51,139450	52,940655	55,879557	49,677312	56,746870	58,244246	34,098017	36,984077	39,260933	37,849122	33,516759	37,497112	40,604213	38,025796	33,747482	37,323028	37,546149	38,037324	36,082694	36,825725	39,835343	37,900272	35,375240	39,937985	40,422973	39,590776	100,028658	36,018974	41,306287	64,877701	61,895746	61,218375	60,998046	37,494752	36,753228	38,570595	36,837864
718,00	99,947625	99,973887	100,030577	99,992543	61,030078	60,697919	60,820872	60,674739	100,057852	99,985862	34,794912	40,116388	37,569609	40,132123	38,453689	50,329459	55,729246	56,533474	51,080924	57,677859	57,089585	51,412433	55,772412	57,394522	51,862484	53,166455	55,889833	50,330681	56,735903	58,251166	34,393796	37,275842	39,273998	37,932235	33,832914	37,603715	40,644991	38,102418	34,075925	37,457484	37,648982	38,102725	36,406803	37,069216	39,865127	38,043419	35,672164	40,107226	40,451986	39,659813	100,051105	36,027873	41,315469	64,830214	61,884493	61,232638	60,999602	37,522319	36,772805	38,508010	36,847913
720,00	100,003505	99,958724	100,017905	100,023854	61,003584	60,649669	60,815442	60,597616	100,052607	99,973702	34,812474	40,173164	37,604582	40,124467	38,466099	51,025808	55,838138	56,507373	51,756281	57,750475	57,143569	52,056348	55,855727	57,407314	52,488375	53,432137	55,912209	50,919217	56,824356	58,239675	34,753883	37,449691	39,339730	38,028187	34,139070	37,766188	40,699905	38,212153	34,396094	37,613171	37,644914	38,190594	36,732033	37,235963	39,917183	38,113171	35,908633	40,216622	40,506688	39,733860	100,042033	36,040175	41,319272	64,879805	61,889625	61,263853	61,009622	37,572142	36,781633	38,594326	36,858433
722,00	100,135159	100,029385	100,119627	99,957174	61,060941	60,642147	60,825652	60,641789	100,084317	99,969393	34,800830	40,196022	37,638992	40,205753	38,483179	51,623559	55,935556	56,657004	52,384752	57,767749	57,197487	52,731264	55,938643	57,485092	53,160834	53,568918	56,061721	51,481110	56,792396	58,317065	35,045183	37,620923	39,406821	38,120663	34,370235	37,857392	40,754303	38,265896	34,705597	37,719205	37,686306	38,266763	37,025625	37,430149	39,927638	38,191512	36,217135	40,370426	40,560904	39,796200	99,970186	36,083362	41,362894	64,875489	61,893779	61,217463	60,994625	37,574288	36,786148	38,587865	36,885437
724,00	100,048089	99,802417	100,023627	100,025082	60,993153	60,690337	60,854083	60,617721	100,007057	100,038123	34,863856	40,255120	37,668931	40,196028	38,545200	52,167785	55,991304	56,635141	52,941662	57,854581	57,230198	53,256446	56,097156	57,525921	53,696203	53,822517	56,127053	51,990438	56,855631	58,325481	35,325259	37,859058	39,498007	38,244611	34,651387	38,014939	40,807369	38,360271	34,969532	37,886590	37,762269	38,348240	37,293330	37,637007	40,044701	38,299525	36,406422	40,525314	40,640813	39,888018	100,015020	36,095056	41,452408	64,955330	61,920214	61,248869	61,088187	37,641984	36,866233	38,659385	36,919025
726,00	99,989438	99,916869	100,002551	99,985677	61,002386	60,651350	60,848343	60,619694	100,065303	99,974203	34,863985	40,279725	37,698144	40,284202	38,603896	52,663672	56,060117	56,692046	53,463686	57,887650	57,324117	53,831142	56,149620	57,540578	54,148531	53,946227	56,173545	52,374148	56,858093	58,346367	35,562497	37,987411	39,515126	38,327616	34,842637	38,100117	40,878582	38,428432	35,226795	37,999544	37,815759	38,436943	37,533656	37,817544	40,071565	38,349959	36,662757	40,666229	40,707782	39,933056	99,930787	36,120597	41,444346	64,932221	61,901748	61,229151	61,093765	37,676537	36,884552	38,679338	36,963996
728,00	100,097394	99,870336	99,986440	100,129163	61,049533	60,721225	60,807312	60,636723	100,006938	99,969900	34,897441	40,303448	37,718850	40,281227	38,579360	53,165448	56,190205	56,672132	53,991723	58,029956	57,305241	54,276741	56,323010	57,627088	54,702985	54,162282	56,161761	52,920246	56,996125	58,400249	35,804808	38,136983	39,605677	38,452026	35,121390	38,238433	40,911874	38,486987	35,450658	38,090137	37,888825	38,486993	37,735531	37,966338	40,170822	38,448569	36,889189	40,753281	40,722615	39,968032	100,039887	36,169347	41,494596	64,896613	61,975896	61,296439	61,183363	37,712538	36,912167	38,747787	37,037399
730,00	99,872416	99,958932	100,120056	100,125265	60,956997	60,701859	60,858238	60,578835	99,921435	100,137365	34,911835	40,339786	37,733838	40,343171	38,635123	53,529859	56,334639	56,745708	54,348081	58,169073	57,443893	54,619449	56,415421	57,645118	55,047792	54,328424	56,305903	53,179508	56,999075	58,417553	36,057419	38,299447	39,640674	38,480872	35,319284	38,271868	40,977651	38,557193	35,697824	38,188529	37,938845	38,528958	37,960908	38,053012	40,189564	38,564041	37,030885	40,821588	40,784702	40,076214	100,086153	36,204574	41,508329	65,029055	61,975998	61,336523	61,216164	37,792629	36,919057	38,686216	37,098637
732,00	99,973518	99,893540	100,061691	100,083399	61,062282	60,730857	60,815209	60,592413	99,953794	100,101268	34,966713	40,390065	37,770879	40,326250	38,649359	53,924513	56,363517	56,809849	54,696101	58,220375	57,427460	55,080825	56,558168	57,682568	55,386096	54,449481	56,353086	53,533602	57,049322	58,525032	36,206052	38,429886	39,619109	38,558370	35,434330	38,362670	40,952188	38,623655	35,921782	38,305390	37,931225	38,643754	38,163552	38,187703	40,160891	38,602123	37,191039	40,883514	40,755162	40,110356	99,888110	36,119053	41,472870	65,026093	62,112200	61,312461	61,255831	37,752616	36,876529	38,721299	37,030616
734,00	100,003707	99,866700	100,034094	99,928045	61,070472	60,664850	60,815907	60,741216	100,091612	100,106871	34,951651	40,423349	37,797400	40,340447	38,700622	54,304397	56,480229	56,900126	55,044389	58,190656	57,442528	55,432856	56,628793	57,680202	55,759156	54,592443	56,361014	53,916705	57,131201	58,437091	36,428931	38,520640	39,723527	38,677001	35,574931	38,456935	41,009316	38,656232	36,091691	38,427460	37,991008	38,697615	38,323933	38,319671	40,323657	38,689914	37,353161	41,026938	40,814534	40,219939	100,002813	36,215755	41,578180	64,983994	62,026185	61,284596	61,253047	37,802669	36,952245	38,812974	37,121347
736,00	100,076103	99,917388	99,979663	100,077856	61,096364	60,679966	60,775936	60,683173	99,975741	100,062072	35,009244	40,427354	37,806636	40,371746	38,711035	54,606962	56,517798	56,898069	55,389285	58,312798	57,452422	55,686730	56,713647	57,682884	56,096458	54,725385	56,359231	54,156852	57,202435	58,533663	36,554033	38,617271	39,759904	38,712597	35,742387	38,517001	41,151342	38,725671	36,226118	38,475946	38,110960	38,715562	38,475272	38,416237	40,334502	38,694492	37,466651	41,116810	40,913498	40,194562	100,069463	36,231488	41,613716	65,065503	62,072146	61,375993	61,301869	37,860188	37,034294	38,862655	37,157887
738,00	100,075662	99,930876	99,954247	100,076818	61,101377	60,773700	60,923207	60,781372	100,112867	99,934804	35,039136	40,448007	37,838489	40,390813	38,703144	54,809856	56,669509	56,968826	55,695933	58,386481	57,534319	56,026000	56,880480	57,923347	56,349850	54,937124	56,538206	54,444027	57,282424	58,564293	36,724079	38,680243	39,791662	38,739261	35,893077	38,562429	41,129997	38,745534	36,421090	38,532567	38,153180	38,738301	38,647744	38,476071	40,370247	38,743034	37,630299	41,100070	40,964577	40,286979	99,979520	36,294460	41,633105	65,127218	62,157750	61,395574	61,379725	37,910232	37,037513	38,896361	37,188104
740,00	99,999064	99,914193	99,983811	99,926829	61,169773	60,836494	60,950589	60,774142	100,049484	100,120723	35,039338	40,499419	37,888578	40,474388	38,809383	55,125165	56,755430	57,090539	55,903172	58,510911	57,697535	56,301141	56,893432	57,778478	56,630290	54,989338	56,694746	54,683912	57,368761	58,678371	36,806294	38,844308	39,866793	38,852128	36,017150	38,672075	41,193616	38,885385	36,553344	38,679194	38,162032	38,866034	38,763183	38,668784	40,447307	38,874739	37,748826	41,298908	41,015738	40,368295	100,032198	36,271980	41,654950	65,061033	62,238032	61,548060	61,398900	37,896922	37,076819	38,882551	37,177190
742,00	100,005686	99,894720	100,024259	99,951774	61,195487	60,788143	60,986733	60,789073	100,086081	99,906367	35,116348	40,501148	37,928966	40,479365	38,746372	55,280018	56,797791	57,070214	56,073922	58,519244	57,658160	56,489706	57,001013	57,981533	56,788844	55,089176	56,614000	54,884046	57,330054	58,713108	36,946177	38,915884	39,901361	38,869679	36,127490	38,706225	41,250294	38,886088	36,669910	38,716298	38,198897	38,884193	38,886243	38,692239	40,466776	38,904506	37,877297	41,264793	41,037047	40,422639	99,981558	36,304820	41,730693	65,037084	62,221313	61,508363	61,436063	37,952453	37,115970	38,904876	37,235624
744,00	100,019062	100,006688	99,960238	100,058484	61,254233	60,893488	61,011678	60,851365	100,079656	100,038373	35,078740	40,610132	37,908754	40,566045	38,865361	55,523145	56,945384	57,212454	56,308186	58,692420	57,744622	56,647187	57,185626	58,055544	56,969804	55,337244	56,803948	54,995608	57,556868	58,728850	37,037900	39,020392	39,963868	38,979834	36,222917	38,836393	41,234726	38,995820	36,767131	38,783914	38,234574	38,942432	38,952422	38,775575	40,506077	38,978061	37,940207	41,405877	41,039622	40,471900	99,880373	36,338747	41,737157	65,217072	62,328440	61,617565	61,582065	37,995321	37,127340	38,988200	37,247613
746,00	100,021839	99,871719	100,004971	99,978364	61,389536	60,919327	61,062676	60,944837	99,886739	100,113416	35,187626	40,632591	37,981978	40,593779	38,880393	55,757356	57,047981	57,332397	56,515795	58,772701	57,846975	56,903452	57,243103	58,155799	57,189351	55,429155	56,834066	55,287313	57,584816	58,850735	37,230441	39,104050	40,020588	39,067882	36,349627	38,900080	41,284564	39,078632	36,930734	38,896260	38,319182	39,043263	39,115751	38,915712	40,553033	39,096028	38,038263	41,459587	41,089809	40,573266	99,900979	36,351955	41,779023	65,243757	62,322092	61,650878	61,646223	38,029793	37,155455	39,024463	37,309229
748,00	100,132716	99,888742	100,005925	100,003862	61,367327	60,980111	61,046255	60,985112	100,043643	100,019085	35,235301	40,673020	38,036954	40,575835	38,884762	55,959815	57,118118	57,311976	56,647789	58,817154	57,849449	57,060611	57,304227	58,140093	57,357746	55,595315	56,931019	55,470240	57,700896	58,900124	37,308729	39,099899	40,060598	39,076614	36,403224	39,010516	41,400960	39,087391	37,046960	38,927504	38,388488	39,028403	39,160091	38,958901	40,682688	39,079070	38,181964	41,492942	41,249520	40,602052	99,990517	36,416897	41,852868	65,329987	62,483251	61,742115	61,760497	38,142118	37,220895	39,079159	37,379131
750,00	100,156856	99,991244	99,914926	100,166178	61,472535	61,083198	61,182833	61,023825	99,974859	100,125146	35,216758	40,760908	38,005507	40,708205	38,988459	56,081671	57,320905	57,456732	56,821811	59,019196	58,020723	57,214689	57,472301	58,191067	57,476056	55,694932	57,052898	55,600375	57,745886	58,939195	37,374499	39,261591	40,139756	39,205459	36,492684	39,118293	41,436124	39,180720	37,105477	39,085805	38,393697	39,167482	39,231664	39,059260	40,708056	39,233649	38,188699	41,647083	41,270083	40,675345	99,892217	36,424348	41,851121	65,456086	62,510628	61,765933	61,790186	38,079470	37,268493	39,137354	37,403792
752,00	99,971390	99,912554	100,123703	99,949789	61,466759	61,059225	61,243373	61,046171	100,029159	100,023150	35,246632	40,719157	38,073665	40,690705	38,927123	56,193888	57,287210	57,463080	57,032818	58,987415	58,119655	57,363975	57,569766	58,397532	57,597274	55,768377	57,170546	55,644304	57,820374	59,092641	37,446490	39,238101	40,110433	39,224857	36,581194	39,045990	41,470069	39,236337	37,186468	39,075771	38,466179	39,237553	39,375618	39,134818	40,749732	39,293715	38,306126	41,635600	41,294387	40,726107	99,972463	36,486930	41,888633	65,367621	62,590092	61,834067	61,886734	38,129428	37,317067	39,133865	37,420991
754,00	99,971604	99,957281	100,053239	99,965501	61,451399	61,118823	61,215061	61,036408	100,014699	100,100780	35,254395	40,784037	38,119712	40,724292	39,035106	56,239152	57,412881	57,688451	57,085067	59,144855	58,136904	57,451636	57,680762	58,473814	57,700604	55,824596	57,160604	55,810624	57,877088	59,085572	37,537080	39,380541	40,213054	39,351860	36,617997	39,235824	41,561905	39,300328	37,336540	39,167389	38,549864	39,264533	39,345616	39,201632	40,817520	39,320609	38,402393	41,720462	41,322863	40,756756	99,982500	36,435756	41,920528	65,458536	62,618530	61,937487	61,900109	38,203195	37,354484	39,263108	37,477288
756,00	100,068641	99,960768	100,052619	99,817252	61,647534	61,067408	61,335176	61,272353	100,099933	100,013590	35,365069	40,788010	38,163558	40,794128	39,076954	56,547612	57,454216	57,714123	57,241112	59,034210	58,258808	57,665062	57,679349	58,486623	57,886916	55,921167	57,294911	55,960256	57,881653	59,236526	37,633073	39,487803	40,283012	39,405328	36,732969	39,217311	41,599196	39,385375	37,356040	39,197829	38,646454	39,324158	39,537740	39,257321	40,918368	39,424983	38,477212	41,805857	41,419375	40,798327	100,052023	36,563829	42,019999	65,330803	62,588310	61,919451	61,952847	38,250169	37,384117	39,281300	37,567365
758,00	100,063133	100,044537	99,964422	99,974734	61,651003	61,155713	61,393446	61,285275	100,000215	100,135422	35,336539	40,903255	38,139394	40,763891	39,105919	56,659538	57,493961	57,703507	57,374144	59,214431	58,212584	57,739073	57,723641	58,551830	58,003777	55,987406	57,303500	56,221354	57,993579	59,276831	37,675622	39,455348	40,310279	39,440069	36,868390	39,281940	41,581517	39,387426	37,449113	39,325368	38,644904	39,414302	39,595890	39,305341	40,986705	39,438209	38,581181	41,884336	41,465676	40,885675	99,933434	36,548918	42,024985	65,454638	62,645912	61,948669	62,000495	38,285485	37,390718	39,304641	37,577102
760,00	99,956757	99,869597	100,081134	100,014508	61,569953	61,264133	61,443764	61,322206	100,101960	100,040567	35,438338	40,926251	38,263243	40,843600	39,141265	56,729990	57,605684	57,800764	57,529420	59,314191	58,422244	57,829964	57,921118	58,612627	58,098555	56,192017	57,414341	56,281513	58,172286	59,389681	37,785017	39,514592	40,408793	39,517576	36,888599	39,301455	41,739631	39,486712	37,536535	39,310771	38,770354	39,381331	39,674777	39,389771	41,039491	39,511603	38,613921	41,931313	41,497076	40,914866	100,092959	36,605603	42,100507	65,576380	62,779081	62,000644	62,141299	38,378251	37,539849	39,431977	37,709683
762,00	100,088179	100,015020	100,016332	100,092566	61,749673	61,388969	61,411089	61,353737	100,040638	100,054371	35,399297	40,887773	38,238877	40,862048	39,154071	56,846648	57,773006	57,817334	57,608449	59,419513	58,428246	57,915688	57,974279	58,828801	58,191735	56,356114	57,489175	56,354004	58,162844	59,377718	37,844807	39,590409	40,410259	39,548352	36,921826	39,433631	41,711655	39,499274	37,637821	39,372107	38,768923	39,512619	39,724278	39,467686	41,006812	39,521652	38,671076	41,901702	41,483006	40,981448	99,901891	36,596718	42,086619	65,683770	62,847537	62,133372	62,205982	38,386214	37,507498	39,376241	37,633121
764,00	100,069225	99,944967	99,920654	99,838918	61,813998	61,367738	61,552840	61,412072	100,166941	100,017214	35,427511	40,992659	38,234884	40,884200	39,187634	57,018954	57,851559	57,890236	57,747877	59,502995	58,457953	58,055514	58,087808	58,832985	58,372211	56,359327	57,538617	56,516200	58,285898	59,453207	37,876761	39,686397	40,554374	39,590696	37,027192	39,451635	41,835895	39,520699	37,648472	39,413348	38,840786	39,563933	39,832211	39,565572	41,133609	39,599273	38,752091	41,997451	41,605186	41,047543	100,092137	36,669388	42,192128	65,639466	62,857723	62,156624	62,183267	38,425338	37,566581	39,493817	37,766221
766,00	99,997169	99,885094	99,975348	99,907416	61,879766	61,344969	61,649603	61,398381	100,147319	100,235534	35,496995	41,024512	38,357219	41,010338	39,259940	57,130790	57,842100	58,050567	57,846004	59,551936	58,624876	58,184761	58,102655	58,918518	58,449978	56,424057	57,613051	56,627345	58,248711	59,566778	37,999600	39,698437	40,543234	39,686882	37,097377	39,541462	41,846693	39,630008	37,729323	39,587766	38,901910	39,596069	39,823359	39,653647	41,146290	39,689168	38,800681	42,086324	41,614848	41,098744	100,022423	36,711356	42,193657	65,632212	62,886214	62,156016	62,261957	38,502172	37,570295	39,507779	37,768811
768,00	99,861407	99,982715	99,996752	100,050879	61,806262	61,435682	61,622530	61,389828	100,134885	100,244737	35,546803	41,108382	38,346058	41,021746	39,273453	57,130820	57,979476	58,152151	57,856029	59,627229	58,622539	58,279359	58,274180	59,093004	58,466494	56,614780	57,665747	56,684631	58,400011	59,627336	38,023776	39,874095	40,561503	39,726388	37,156191	39,595875	41,815728	39,693031	37,784606	39,649245	38,898486	39,661571	39,939526	39,618522	41,203701	39,753637	38,861808	42,171958	41,703016	41,139308	100,111294	36,727870	42,226687	65,736270	62,953454	62,271637	62,342560	38,527825	37,621063	39,444110	37,790409
770,00	99,948800	99,991685	100,029480	99,754977	61,933535	61,496568	61,759233	61,534464	100,003242	99,992353	35,544482	41,070479	38,342831	41,006207	39,316133	57,230484	57,945532	58,289713	58,000404	59,682500	58,727467	58,259773	58,294046	59,095043	58,588910	56,587887	57,805306	56,729370	58,451343	59,754020	38,079870	39,832142	40,634629	39,746159	37,167922	39,577848	41,948041	39,657754	37,795076	39,661390	39,002243	39,659464	39,911541	39,676353	41,243497	39,668119	38,943473	42,162532	41,751251	41,167468	100,132751	36,773622	42,283952	65,771067	62,998164	62,303358	62,374830	38,596475	37,691113	39,568770	37,879962
772,00	99,976760	99,895322	99,933785	99,860948	61,926955	61,540270	61,874866	61,573523	100,066459	100,017583	35,612956	41,100112	38,456467	40,970421	39,340577	57,427335	58,056480	58,434093	58,144027	59,773320	58,871520	58,502448	58,481538	59,211236	58,697832	56,706077	57,888085	56,902027	58,528501	59,797049	38,154790	39,864555	40,651312	39,791793	37,237075	39,699355	41,962880	39,791793	37,948665	39,629224	38,998619	39,770639	40,038854	39,760458	41,251472	39,847454	39,043853	42,195034	41,646439	41,195661	99,986875	36,721095	42,246708	65,842009	63,092357	62,368155	62,585652	38,538730	37,702900	39,533147	37,851179
774,00	99,909592	99,969596	99,877912	100,117779	61,949104	61,764854	61,878341	61,557245	100,062120	100,074601	35,548130	41,115320	38,455796	41,053763	39,384025	57,463795	58,245307	58,409864	58,181107	59,920210	58,933407	58,443117	58,507079	59,244144	58,789670	56,944102	57,936275	56,966203	58,817148	59,828794	38,241914	39,907992	40,654337	39,824510	37,316421	39,767370	41,962394	39,774284	37,965524	39,676821	39,003560	39,744940	40,038747	39,819068	41,265771	39,853522	39,001542	42,264667	41,740102	41,259149	99,910134	36,705709	42,296800	65,919054	63,319165	62,491649	62,614501	38,536462	37,695166	39,512980	37,925279
776,00	99,906218	99,982750	99,884361	99,954063	62,165761	61,689806	61,815989	61,632288	99,985182	100,187612	35,568765	41,198865	38,477543	41,180965	39,395854	57,644695	58,240759	58,320105	58,321416	59,905714	58,842725	58,687371	58,644170	59,228820	58,822399	56,931812	58,042032	57,130843	58,775026	59,877390	38,248277	39,978087	40,802532	39,958030	37,325495	39,799160	42,071247	39,863038	37,963197	39,836824	39,066827	39,884475	40,116009	39,914253	41,388521	39,917713	39,075378	42,398921	41,822034	41,387740	99,961543	36,822167	42,342430	65,931720	63,281924	62,525690	62,622809	38,693991	37,773010	39,654401	37,924001
778,00	99,940228	99,837649	100,176716	99,891257	62,242287	61,730093	62,026662	61,765152	99,974513	100,140047	35,672027	41,237494	38,558167	41,193905	39,485785	57,650679	58,313692	58,584356	58,464891	59,998685	59,108543	58,747065	58,664471	59,431624	58,947897	56,923145	58,129877	57,145625	58,816439	60,058928	38,360995	40,076125	40,860671	39,987683	37,431604	39,854991	42,120057	39,888227	38,087708	39,921731	39,154676	39,903271	40,177771	39,951628	41,416749	39,946738	39,168823	42,424220	41,878793	41,409576	99,953580	36,830765	42,365146	66,042656	63,333595	62,503940	62,682742	38,706619	37,835276	39,706531	37,979224
780,00	99,970895	99,984407	99,980813	100,033677	62,236959	61,838573	61,986995	61,888623	100,131607	100,169659	35,711271	41,275752	38,540500	41,297230	39,494908	57,780600	58,502060	58,559394	58,487779	60,054141	59,111464	58,787888	58,775431	59,413630	59,019870	57,022536	58,161920	57,290417	58,894199	60,002446	38,382313	40,083581	40,916097	40,055642	37,469685	39,866725	42,113811	39,993000	38,163149	39,911789	39,148799	39,945018	40,215412	39,946038	41,410488	40,035647	39,215651	42,512074	41,893464	41,467345	100,036311	36,800769	42,458466	66,026950	63,343632	62,598443	62,778777	38,670120	37,808976	39,691010	38,039735
782,00	99,928594	99,983180	100,122190	99,984151	62,254518	61,838394	62,156683	61,779118	100,157905	100,100148	35,724258	41,355008	38,571423	41,278553	39,507008	57,832813	58,531648	58,693767	58,574438	60,123676	59,173310	58,882910	58,833510	59,578210	59,064317	57,176173	58,257312	57,323253	58,957905	60,243928	38,445985	40,195054	40,972003	40,114719	37,489083	39,954323	42,275611	40,018213	38,203821	39,996693	39,287364	39,988106	40,319782	40,044630	41,556484	40,209597	39,316288	42,495170	42,045936	41,508043	100,173068	36,982742	42,502862	66,034406	63,411081	62,676448	62,843817	38,746870	37,949970	39,767718	38,120827
784,00	100,021911	99,904460	99,950033	99,960554	62,311822	61,955780	62,139273	61,914730	100,067031	100,041211	35,695577	41,363466	38,601819	41,289467	39,505136	57,893378	58,596128	58,706594	58,644438	60,115445	59,207743	58,991569	58,857244	59,572381	59,057528	57,311243	58,264542	57,360071	58,919644	60,122675	38,500986	40,220413	40,986174	40,124848	37,585208	39,957261	42,218545	40,060318	38,261813	39,983749	39,258552	40,006471	40,275973	40,085557	41,600686	40,146750	39,295089	42,554647	41,974097	41,516060	99,889624	36,952943	42,566216	66,018504	63,394582	62,795174	62,889534	38,778985	37,873390	39,774528	38,099974
786,00	100,012708	99,860430	99,963588	99,745077	62,362587	61,817080	62,175375	61,974376	100,086033	99,913812	35,767692	41,313919	38,625917	41,271371	39,518386	58,026236	58,536839	58,820361	58,728033	60,194123	59,396225	59,161246	58,826709	59,700567	59,270453	57,295531	58,376700	57,519329	58,988816	60,253292	38,551891	40,181872	41,043347	40,127173	37,647113	40,001053	42,345023	40,040633	38,288644	39,965722	39,323702	40,037331	40,345705	40,058276	41,602090	40,158802	39,436221	42,573312	42,091694	41,521126	100,075781	36,917618	42,506009	66,112906	63,385218	62,655520	62,885737	38,851613	37,988421	39,899749	38,211527
788,00	99,982011	100,089502	99,987227	99,948305	62,435168	61,982673	62,178451	61,930507	100,123692	99,970192	35,742024	41,392747	38,636512	41,316894	39,526516	58,035612	58,699322	58,808559	58,766907	60,329491	59,279954	59,044111	59,027451	59,646964	59,275764	57,397205	58,397788	57,544166	59,048176	60,334325	38,629791	40,245837	41,023991	40,225306	37,573367	40,045273	42,328387	40,178996	38,333806	40,022784	39,340186	40,114957	40,491182	40,178093	41,598895	40,162566	39,418763	42,654169	42,093140	41,599494	99,799520	36,990863	42,543530	66,214079	63,618875	62,816358	62,985253	38,912162	37,935466	39,875239	38,182747
790,00	99,987358	99,917483	99,905431	99,827558	62,384683	61,981225	62,270474	62,063450	99,888945	100,078475	35,780919	41,379893	38,701263	41,387147	39,709803	58,171612	58,722275	58,764946	58,887285	60,316467	59,372503	59,218729	59,024745	59,715259	59,406847	57,376879	58,373231	57,640117	59,067392	60,339695	38,621727	40,273827	41,148531	40,292999	37,659732	40,167087	42,402679	40,226376	38,413617	40,084404	39,458755	40,161368	40,389419	40,251061	41,688016	40,234563	39,446336	42,685622	42,196110	41,638955	100,011444	37,040374	42,666221	66,207635	63,532835	62,794542	63,007838	38,938010	38,075402	39,937165	38,224185
792,00	100,013065	99,962735	99,961227	99,950129	62,609965	62,209654	62,211829	62,142938	100,029504	99,994248	35,864329	41,462889	38,743088	41,437203	39,710912	58,281958	58,815736	58,998787	58,996260	60,363555	59,431231	59,283954	59,139395	59,835702	59,497052	57,550514	58,530271	57,731080	59,163588	60,415906	38,776234	40,340823	41,124931	40,322179	37,721044	40,193695	42,480117	40,288675	38,440719	40,204781	39,478040	40,247914	40,494782	40,256178	41,710654	40,321824	39,563897	42,748535	42,098546	41,795385	99,841708	37,000901	42,692643	66,197687	63,616771	62,895471	63,054997	38,984859	38,069144	40,033475	38,281995
794,00	100,010467	99,975663	100,096190	99,938494	62,569380	62,188101	62,351310	62,071794	100,021768	100,059295	35,877869	41,519713	38,786542	41,494176	39,790478	58,238161	58,993518	58,955657	58,967376	60,485244	59,512502	59,383464	59,327734	59,815776	59,559619	57,613277	58,596587	57,762831	59,248543	60,494322	38,727942	40,394175	41,187778	40,423051	37,757203	40,228090	42,446876	40,355605	38,481677	40,310156	39,443958	40,354583	40,537557	40,342656	41,749564	40,410373	39,577380	42,824763	42,237198	41,755241	99,876285	37,086362	42,732412	66,286826	63,715172	62,935221	63,219672	38,972551	38,053763	40,040764	38,317662
796,00	100,073600	99,967420	100,039446	100,087416	62,546635	62,167287	62,401861	62,194198	100,188112	99,916768	35,972822	41,559380	38,896519	41,487563	39,782155	58,257014	59,035867	59,076524	59,026581	60,525453	59,525484	59,390241	59,311616	59,905797	59,633517	57,700974	58,604497	57,857382	59,244269	60,442752	38,884652	40,461946	41,322917	40,457326	37,871689	40,324062	42,542869	40,352222	38,634869	40,373290	39,578667	40,366450	40,630350	40,367499	41,869554	40,471789	39,711189	42,863405	42,333508	41,785800	100,139844	37,173247	42,808473	66,337967	63,763183	62,989312	63,219893	39,084989	38,096157	40,070456	38,370383
798,00	100,137866	99,871904	99,881989	99,986720	62,623072	62,185603	62,340569	62,257743	99,990922	100,167859	35,843104	41,656953	38,846287	41,589928	39,905980	58,491534	59,006590	59,004909	59,057367	60,603046	59,522867	59,437549	59,289241	59,858000	59,714532	57,755792	58,689898	57,925147	59,471744	60,480797	38,826892	40,591159	41,295850	40,552795	37,865514	40,365219	42,488682	40,435275	38,489869	40,344375	39,575493	40,384161	40,543228	40,513974	41,847867	40,522572	39,643729	42,965943	42,336932	41,927001	99,972743	37,161607	42,740887	66,370016	63,762814	63,046449	63,283932	39,157590	38,198072	40,063798	38,388565
800,00	100,053370	100,009942	99,959922	100,038028	62,715656	62,280047	62,433761	62,246394	100,149143	100,072205	36,003152	41,667649	38,901651	41,589251	39,868537	58,569169	59,082806	59,112841	59,217381	60,564953	59,639752	59,624004	59,396279	59,914565	59,772909	57,877988	58,720845	58,027089	59,438473	60,597247	38,926181	40,571067	41,293064	40,519750	37,876526	40,336376	42,630771	40,456966	38,671198	40,400004	39,635953	40,504798	40,678033	40,520039	41,996470	40,519455	39,769450	42,958459	42,447984	41,922259	99,901015	37,186345	42,870095	66,443551	63,790274	63,039333	63,406140	39,162791	38,185537	40,131283	38,484278
