Wavelength nm.	CTB_AMO_TIBT02500_A_20260515	CTB_AMO_TIES04900_A_20260515	CTB_AMO_TIET02100_A_20260515	CTB_AMO_TIET02100_B_20260515	CTB_AMO_TIET02250_A_20260515	CTB_AMO_TIET02275_A_20260515	CTB_AMO_TIET02310_A_20260515	CTB_AMO_TIET02310_B_20260515	CTB_AMO_TIET02325_A_20260515	CTB_AMO_TIET02350_A_20260515	CTB_AMO_TIET02350_B_20260515	CTB_AMO_TIET02350_C_20260515	CTB_AMO_TIET02360_A_20260515	CTB_AMO_TIET02380_A_20260515	CTB_AMO_TIET02385_A_20260515	CTB_AMO_TIET02400_A_20260515	CTB_AMO_TIET02420_A_20260515	CTB_AMO_TIET02425_A_20260515	CTB_AMO_TIET02425_B_20260515	CTB_AMO_TIET02425_C_20260515	CTB_AMO_TIET02450_A_20260515	CTB_AMO_TIET02450_B_20260515	CTB_AMO_TIET02450_C_20260515	CTB_AMO_TIET02475_A_20260515	CTB_AMO_TIET02500_A_20260515	CTB_AMO_TIET02530_A_20260515	CTB_AMO_TIPI04900_A_20260515	CTB_AMO_TIRG02900_A_20260515	CTB_AR_001_A_20260515	CTB_REF_001_A_20260515	CTB_REF_002_A_20260515	CTB_REF_003_A_20260515	CTB_REF_004_A_20260515	CTB_REF_005_A_20260515	CTB_REF_006_A_20260515	CTB_REF_007_A_20260515	CTB_REF_008_A_20260515	CTB_REF_009_A_20260515	CTB_REF_010_A_20260515
220,00	4,251460	3,651727	4,285932	4,262977	2,600761	3,378581	3,602256	3,613509	3,883468	3,948532	3,956045	3,961867	4,010886	4,230851	4,261060	4,219423	4,323688	4,316077	4,293248	4,354167	4,189820	4,244776	4,251415	4,300442	4,168180	4,234662	2,672781	2,647624	0,000064	-0,000089	-0,000922	0,000428	0,002778	0,000198	0,000723	-0,000077	-0,001086	-0,000432	0,002618
221,00	4,321224	3,587139	4,324478	4,334224	2,524252	3,314411	3,502732	3,518140	3,783297	3,870949	3,885314	3,897127	3,918963	4,167145	4,255136	4,173320	4,297587	4,281384	4,298647	4,345581	4,203172	4,265079	4,305358	4,273540	4,181524	4,239578	2,600232	2,577844	0,000020	-0,000344	-0,000920	0,000237	0,002558	0,000082	0,000693	-0,000150	-0,001072	-0,000099	0,002406
222,00	4,275463	3,476792	4,333560	4,294965	2,461089	3,253528	3,411901	3,422460	3,654226	3,761864	3,767918	3,772693	3,812921	4,154796	4,253739	4,112172	4,201622	4,218791	4,234968	4,230344	4,243317	4,266698	4,282080	4,261864	4,144271	4,224721	2,534802	2,514666	-0,000263	-0,000477	-0,000864	0,000386	0,002553	-0,000006	0,000405	-0,000343	-0,001106	-0,000490	0,002183
223,00	4,325222	3,391261	4,287912	4,340671	2,397250	3,187407	3,307317	3,332006	3,544373	3,638978	3,642741	3,650968	3,682216	4,072546	4,169097	4,025601	4,171375	4,175715	4,199353	4,190525	4,209058	4,236061	4,255351	4,316570	4,155780	4,236239	2,471212	2,451522	0,000337	-0,000149	-0,000694	0,000310	0,002639	-0,000121	0,000346	-0,000353	-0,001105	-0,000216	0,002354
224,00	4,330494	3,300368	4,324907	4,315879	2,328689	3,121889	3,212950	3,228763	3,401298	3,492519	3,492271	3,508340	3,534291	3,920165	4,083258	3,908038	4,042522	4,054942	4,045572	4,077775	4,202394	4,260115	4,284445	4,325535	4,078062	4,174492	2,404336	2,386297	-0,000026	-0,000220	-0,000758	0,000539	0,002652	-0,000037	0,000495	-0,000420	-0,001162	-0,000120	0,002360
225,00	4,310357	3,209892	4,253268	4,298782	2,264898	3,046831	3,114068	3,133022	3,269325	3,350153	3,358973	3,355965	3,380659	3,784254	3,947919	3,779572	3,928273	3,951597	3,933175	3,958892	4,157078	4,164525	4,149020	4,207911	3,962850	4,102259	2,340904	2,324592	0,000051	-0,000476	-0,000833	0,000405	0,002626	-0,000282	0,000096	-0,000111	-0,000891	-0,000296	0,002272
226,00	4,268673	3,125310	4,187124	4,238915	2,202117	2,965526	3,009314	3,027050	3,119922	3,206306	3,195901	3,207134	3,224146	3,616640	3,794444	3,620807	3,758548	3,782773	3,787898	3,816725	4,034163	4,047419	4,044526	4,120893	3,764797	3,908083	2,279728	2,262726	0,000065	-0,000328	-0,000814	0,000303	0,002316	0,000038	0,000426	-0,000332	-0,000973	-0,000180	0,002111
227,00	4,302553	3,038387	4,051748	4,101468	2,138708	2,886432	2,906600	2,922397	2,988369	3,057246	3,060171	3,061834	3,072837	3,444714	3,614912	3,473166	3,587023	3,623391	3,644348	3,637654	3,852180	3,849473	3,864680	3,978856	3,516296	3,681039	2,215898	2,200294	0,000036	-0,000499	-0,000810	0,000037	0,002294	-0,000155	0,000418	-0,000436	-0,001148	-0,000092	0,002059
228,00	4,240699	2,947712	3,872729	3,899446	2,075256	2,798430	2,794067	2,817415	2,851535	2,911155	2,913965	2,920136	2,924210	3,276822	3,460673	3,291115	3,408944	3,468488	3,472230	3,478128	3,641685	3,647259	3,652276	3,772796	3,236779	3,418775	2,152689	2,139980	-0,000017	-0,000167	-0,000585	0,000211	0,002396	0,000026	0,000412	-0,000141	-0,000862	-0,000387	0,001766
229,00	4,090987	2,858261	3,651920	3,680208	2,015553	2,716650	2,698171	2,711292	2,719164	2,776588	2,782701	2,782653	2,782007	3,114963	3,299883	3,140835	3,240615	3,311858	3,325036	3,321056	3,411728	3,416430	3,418012	3,543653	2,976753	3,162387	2,091793	2,080874	0,000165	-0,000416	-0,000690	0,000292	0,002369	-0,000101	0,000201	-0,000322	-0,001247	-0,000386	0,001746
230,00	3,885787	2,771540	3,421183	3,439845	1,957128	2,633754	2,598349	2,612668	2,595541	2,646029	2,652470	2,656904	2,645731	2,956727	3,131777	2,992055	3,080935	3,154292	3,164568	3,163143	3,184632	3,190470	3,198204	3,312166	2,734218	2,925633	2,031412	2,020458	-0,000105	-0,000324	-0,000563	0,000308	0,002163	-0,000018	0,000292	-0,000312	-0,001118	-0,000197	0,001698
231,00	3,604475	2,683600	3,177005	3,194201	1,897984	2,543214	2,495743	2,514411	2,474152	2,517927	2,520842	2,527730	2,512476	2,799641	2,976047	2,843438	2,920322	2,999755	3,011348	3,012206	2,967747	2,971785	2,974882	3,081630	2,511657	2,704156	1,971140	1,960857	0,000114	-0,000307	-0,000527	0,000312	0,002377	-0,000014	0,000153	-0,000149	-0,001106	-0,000187	0,001742
232,00	3,309795	2,600511	2,955448	2,969175	1,840027	2,457656	2,396919	2,413348	2,357608	2,396160	2,399241	2,404744	2,388987	2,647449	2,821113	2,705610	2,769652	2,856747	2,867166	2,866919	2,765828	2,770780	2,776986	2,874660	2,308530	2,504554	1,913179	1,902911	0,000219	-0,000144	-0,000521	0,000352	0,002304	-0,000065	-0,000058	-0,000078	-0,001079	-0,000137	0,001790
233,00	3,038799	2,523600	2,757002	2,770915	1,784686	2,371402	2,302669	2,315022	2,248812	2,281803	2,283404	2,288753	2,270304	2,508296	2,678104	2,573110	2,629938	2,721213	2,729953	2,733840	2,585701	2,591466	2,592711	2,684654	2,137202	2,333464	1,857675	1,846835	-0,000021	-0,000316	-0,000432	0,000028	0,002323	-0,000006	0,000002	-0,000112	-0,001104	-0,000094	0,001577
234,00	2,796132	2,449373	2,573917	2,582475	1,732684	2,285467	2,213604	2,225363	2,145043	2,175714	2,177517	2,181869	2,160745	2,378143	2,542690	2,449909	2,498616	2,597444	2,605266	2,605019	2,422377	2,425049	2,425776	2,510384	1,988810	2,184559	1,804865	1,793283	0,000254	-0,000146	-0,000745	0,000187	0,002056	-0,000333	-0,000146	-0,000357	-0,001004	-0,000272	0,001443
235,00	2,571107	2,382191	2,406798	2,418655	1,683582	2,207016	2,130076	2,141008	2,052240	2,077925	2,081154	2,082425	2,061881	2,261979	2,419441	2,340457	2,381421	2,482727	2,492380	2,491094	2,273253	2,277240	2,279981	2,356133	1,858511	2,054685	1,755529	1,742788	-0,000213	-0,000392	-0,000687	0,000115	0,001919	-0,000006	-0,000140	-0,000285	-0,001117	-0,000200	0,001503
236,00	2,379805	2,316667	2,262897	2,271488	1,640469	2,137205	2,053982	2,066076	1,970984	1,991457	1,995700	1,996683	1,974110	2,158929	2,311014	2,240129	2,277237	2,381881	2,389513	2,389357	2,144155	2,149287	2,151705	2,224435	1,746910	1,942990	1,709725	1,697315	0,000077	-0,000170	-0,000663	-0,000111	0,001995	-0,000012	0,000112	-0,000158	-0,001024	-0,000153	0,001536
237,00	2,211477	2,257571	2,133050	2,140469	1,598889	2,075565	1,988420	1,999469	1,898276	1,915789	1,919547	1,921368	1,896562	2,069178	2,217512	2,153839	2,183987	2,290915	2,300315	2,299167	2,033167	2,037800	2,038874	2,104401	1,651417	1,847229	1,667686	1,657206	-0,000041	-0,000339	-0,000477	0,000040	0,002047	0,000313	-0,000048	-0,000229	-0,001133	-0,000100	0,001506
238,00	2,066019	2,202984	2,019171	2,026176	1,561085	2,020900	1,929374	1,938885	1,831544	1,848508	1,852203	1,854563	1,828201	1,987858	2,133499	2,076758	2,101388	2,209467	2,216596	2,216979	1,933322	1,939728	1,939278	1,999859	1,567503	1,762518	1,627783	1,618709	-0,000038	-0,000372	-0,000678	0,000333	0,002329	-0,000092	-0,000076	-0,000084	-0,001147	-0,000101	0,001063
239,00	1,944892	2,151620	1,922713	1,930080	1,527343	1,973226	1,876915	1,887577	1,775568	1,791314	1,794601	1,796543	1,769331	1,920960	2,062917	2,010328	2,031470	2,138463	2,146483	2,146616	1,851331	1,856032	1,858426	1,913552	1,497514	1,692582	1,592998	1,583525	-0,000034	-0,000182	-0,000805	-0,000016	0,002053	0,000104	-0,000305	-0,000014	-0,000749	-0,000154	0,001240
240,00	1,842004	2,104811	1,839749	1,846450	1,496027	1,930601	1,830876	1,840111	1,726319	1,739208	1,742551	1,743375	1,718796	1,861928	2,000678	1,951929	1,971108	2,076553	2,085102	2,083713	1,779715	1,783966	1,784824	1,838093	1,437774	1,629890	1,560445	1,550879	-0,000227	-0,000330	-0,000633	-0,000109	0,001706	-0,000100	-0,000248	-0,000201	-0,000990	-0,000213	0,001171
241,00	1,752730	2,059605	1,766323	1,772598	1,466340	1,891942	1,789320	1,797706	1,680501	1,691970	1,695072	1,696341	1,672199	1,808408	1,945901	1,898861	1,915079	2,019912	2,027547	2,027588	1,714739	1,720342	1,719545	1,769593	1,385788	1,576605	1,530792	1,521118	-0,000194	-0,000101	-0,000588	-0,000073	0,002027	0,000037	-0,000311	-0,000035	-0,000700	-0,000080	0,001234
242,00	1,677252	2,020408	1,702787	1,709797	1,439519	1,856000	1,750852	1,759453	1,641168	1,650642	1,654553	1,653625	1,630852	1,761733	1,896418	1,853508	1,867692	1,970213	1,978724	1,979261	1,660456	1,664299	1,664834	1,711957	1,341709	1,531656	1,503395	1,493953	-0,000247	-0,000034	-0,000612	0,000057	0,002077	-0,000070	-0,000409	-0,000149	-0,000988	-0,000042	0,001169
243,00	1,611234	1,982726	1,647495	1,652486	1,414782	1,825164	1,715067	1,724728	1,604893	1,611576	1,616117	1,615990	1,595124	1,720432	1,851213	1,811430	1,823443	1,926489	1,933848	1,932342	1,611947	1,616632	1,616303	1,660712	1,302882	1,491283	1,476817	1,469133	-0,000096	-0,000378	-0,000805	0,000012	0,001781	0,000076	-0,000157	0,000087	-0,000883	-0,000063	0,001111
244,00	1,553731	1,945905	1,597867	1,603870	1,391244	1,794380	1,683270	1,691349	1,570966	1,577573	1,581922	1,581399	1,560911	1,683466	1,811067	1,774629	1,783107	1,884992	1,892911	1,892573	1,568732	1,573004	1,573461	1,615550	1,268904	1,455636	1,452634	1,445421	-0,000085	-0,000119	-0,000746	-0,000089	0,001828	0,000164	-0,000090	-0,000227	-0,001029	-0,000005	0,001016
245,00	1,505407	1,914101	1,555552	1,560159	1,369269	1,765175	1,653636	1,661999	1,539996	1,546312	1,549425	1,549250	1,530017	1,649139	1,774504	1,739671	1,747457	1,848801	1,855357	1,855502	1,531094	1,535495	1,535826	1,576119	1,239893	1,424126	1,430232	1,422540	-0,000134	-0,000203	-0,000711	0,000020	0,001927	0,000082	-0,000343	0,000032	-0,001031	0,000234	0,001264
246,00	1,463560	1,882628	1,518114	1,521995	1,349426	1,739579	1,627417	1,634945	1,511989	1,516737	1,520333	1,521804	1,502655	1,618284	1,742143	1,708417	1,714216	1,813984	1,820929	1,820414	1,497577	1,502511	1,502843	1,541241	1,213224	1,396876	1,408837	1,400934	-0,000249	0,000088	-0,000608	0,000089	0,001986	-0,000038	-0,000228	-0,000096	-0,000773	0,000069	0,000917
247,00	1,428155	1,854043	1,485504	1,488996	1,331101	1,715083	1,601821	1,609882	1,485777	1,490639	1,494179	1,494830	1,476815	1,590687	1,712732	1,679887	1,685947	1,783289	1,789940	1,790079	1,468237	1,472125	1,472703	1,510272	1,189304	1,371184	1,388250	1,380232	-0,000167	-0,000268	-0,000778	0,000057	0,002068	0,000070	-0,000289	-0,000138	-0,001036	-0,000140	0,000931
248,00	1,397916	1,826686	1,457482	1,461554	1,313248	1,693371	1,579098	1,586670	1,463173	1,467412	1,471125	1,470773	1,454510	1,566510	1,687544	1,655184	1,660110	1,756477	1,763929	1,763120	1,442672	1,447110	1,447649	1,483991	1,169901	1,349803	1,370590	1,362582	-0,000244	0,000114	-0,000423	0,000006	0,001756	0,000011	-0,000521	-0,000069	-0,001007	0,000064	0,001221
249,00	1,371636	1,801833	1,432966	1,436993	1,297687	1,672971	1,558948	1,565770	1,442803	1,445951	1,449720	1,449489	1,434687	1,544800	1,663895	1,632630	1,636206	1,731297	1,738325	1,738763	1,420112	1,424138	1,424486	1,460191	1,151622	1,329730	1,354242	1,344702	-0,000318	0,000061	-0,000630	-0,000253	0,001683	0,000044	-0,000258	-0,000029	-0,000710	0,000122	0,000798
250,00	1,348878	1,779054	1,410823	1,414564	1,282836	1,654986	1,539520	1,547008	1,424032	1,426302	1,430205	1,429585	1,415666	1,524010	1,642190	1,611965	1,614724	1,708803	1,715601	1,716291	1,399479	1,403243	1,403353	1,439181	1,135248	1,311426	1,338817	1,327603	-0,000165	-0,000065	-0,000527	-0,000097	0,001608	-0,000031	-0,000237	-0,000236	-0,001006	0,000059	0,000922
251,00	1,328924	1,757141	1,390831	1,394559	1,269194	1,637629	1,520829	1,528283	1,406408	1,408458	1,412147	1,411687	1,398476	1,506018	1,622568	1,593172	1,595494	1,687827	1,694654	1,694758	1,380994	1,385023	1,384791	1,420306	1,120080	1,295393	1,323780	1,312644	-0,000091	-0,000097	-0,000771	-0,000080	0,001868	-0,000201	-0,000327	-0,000094	-0,001037	0,000305	0,001012
252,00	1,309825	1,736946	1,372900	1,376513	1,256251	1,621205	1,504196	1,512020	1,390786	1,391936	1,394942	1,395254	1,383113	1,490328	1,604402	1,575294	1,576978	1,668170	1,675709	1,675678	1,363762	1,367683	1,367791	1,402483	1,106413	1,279627	1,309745	1,297860	-0,000159	0,000020	-0,000582	-0,000202	0,001568	0,000190	-0,000460	-0,000090	-0,000831	-0,000051	0,000794
253,00	1,293499	1,717699	1,356446	1,359754	1,244069	1,605853	1,488309	1,495818	1,374754	1,376246	1,379462	1,379830	1,367899	1,473910	1,587804	1,558046	1,559666	1,650113	1,656577	1,656290	1,347725	1,352420	1,352095	1,386173	1,093274	1,264813	1,296349	1,283631	-0,000216	0,000034	-0,000596	-0,000028	0,001877	0,000011	-0,000440	-0,000195	-0,000935	0,000385	0,001014
254,00	1,277642	1,699797	1,341387	1,344719	1,232563	1,590680	1,474210	1,481065	1,360928	1,361914	1,365163	1,365517	1,354876	1,459799	1,571882	1,542310	1,543543	1,632999	1,639406	1,639648	1,333156	1,337270	1,337194	1,371316	1,080859	1,251341	1,284466	1,269902	-0,000055	-0,000104	-0,000672	-0,000197	0,001528	-0,000038	-0,000472	-0,000152	-0,000958	-0,000027	0,000860
255,00	1,264030	1,682105	1,327031	1,330079	1,221404	1,576452	1,459666	1,466721	1,347415	1,348176	1,351857	1,351717	1,340850	1,446019	1,556948	1,527659	1,528282	1,616641	1,623444	1,623841	1,319566	1,324116	1,323353	1,357019	1,069290	1,237967	1,271907	1,257066	-0,000155	-0,000275	-0,000565	-0,000021	0,001913	0,000186	-0,000415	-0,000019	-0,000841	0,000325	0,000986
256,00	1,250537	1,667264	1,314296	1,317155	1,211194	1,562204	1,445542	1,453061	1,333885	1,335049	1,338505	1,338416	1,328572	1,431957	1,541832	1,513814	1,512818	1,600427	1,607591	1,607078	1,305600	1,310432	1,310141	1,343611	1,057673	1,224686	1,260647	1,244074	-0,000046	-0,000085	-0,000551	-0,000246	0,001740	0,000026	-0,000328	-0,000069	-0,000694	0,000129	0,000789
257,00	1,237975	1,650467	1,302051	1,305574	1,200902	1,549438	1,433021	1,440220	1,321459	1,322579	1,326500	1,326257	1,316077	1,419221	1,528774	1,499835	1,498980	1,585938	1,592580	1,592892	1,293942	1,298011	1,298020	1,330710	1,046422	1,212627	1,249733	1,231480	-0,000220	0,000045	-0,000599	0,000049	0,001893	-0,000281	-0,000541	-0,000189	-0,000849	0,000098	0,000873
258,00	1,225347	1,635642	1,289623	1,292840	1,190923	1,537085	1,420631	1,426952	1,309797	1,310831	1,313895	1,313897	1,304935	1,407438	1,516110	1,486598	1,485741	1,571388	1,577944	1,579209	1,281575	1,286030	1,285986	1,317859	1,036085	1,199875	1,238851	1,219546	-0,000132	-0,000214	-0,000628	0,000021	0,001822	-0,000240	-0,000606	-0,000188	-0,000760	0,000010	0,000677
259,00	1,213086	1,622001	1,277857	1,281014	1,180842	1,524867	1,408042	1,414591	1,299484	1,298918	1,302806	1,302615	1,293998	1,396616	1,502862	1,474237	1,473411	1,557291	1,564532	1,564259	1,270032	1,274217	1,273664	1,306509	1,025076	1,188004	1,228541	1,207887	-0,000246	-0,000194	-0,000668	-0,000151	0,001694	-0,000203	-0,000551	-0,000308	-0,000834	-0,000013	0,000664
260,00	1,201813	1,608396	1,266817	1,269390	1,171891	1,513144	1,396361	1,403226	1,288139	1,288224	1,291387	1,291477	1,282850	1,385452	1,490847	1,462086	1,460185	1,544482	1,551367	1,551767	1,259041	1,262515	1,262560	1,294261	1,014733	1,176596	1,218608	1,197324	0,000056	0,000040	-0,000489	0,000007	0,001795	-0,000108	-0,000467	-0,000223	-0,000898	0,000012	0,000887
261,00	1,189905	1,594601	1,254975	1,258070	1,161852	1,501573	1,384490	1,390341	1,277171	1,277510	1,280804	1,280703	1,271801	1,374329	1,478334	1,449640	1,447651	1,531119	1,537763	1,538226	1,247533	1,251250	1,251236	1,282451	1,004737	1,164932	1,207702	1,185344	-0,000047	-0,000079	-0,000459	0,000202	0,002020	-0,000073	-0,000731	0,000068	-0,000636	0,000135	0,000897
262,00	1,178350	1,580340	1,243283	1,246340	1,151696	1,488266	1,371223	1,377764	1,265581	1,265417	1,268792	1,268559	1,260502	1,362423	1,465008	1,436828	1,434773	1,517651	1,524197	1,523999	1,235598	1,239501	1,239423	1,271160	0,993803	1,153095	1,196821	1,174074	-0,000054	-0,000162	-0,000694	-0,000009	0,001659	0,000084	-0,000387	-0,000133	-0,000752	0,000035	0,000579
263,00	1,166481	1,566806	1,232100	1,234281	1,140839	1,475375	1,358700	1,365168	1,252922	1,254174	1,257030	1,256887	1,248604	1,349688	1,451858	1,423420	1,421254	1,503706	1,509968	1,510223	1,223830	1,227718	1,228027	1,259320	0,983251	1,141191	1,185466	1,161673	0,000088	-0,000366	-0,000613	-0,000081	0,001718	0,000039	-0,000436	-0,000121	-0,000791	0,000121	0,000885
264,00	1,154543	1,552057	1,220737	1,222470	1,130785	1,462071	1,346085	1,352474	1,241868	1,242242	1,245650	1,245993	1,237392	1,338494	1,438947	1,410413	1,408286	1,489799	1,496744	1,496929	1,212449	1,216310	1,216115	1,247449	0,972861	1,129078	1,174203	1,150073	-0,000040	-0,000149	-0,000395	0,000024	0,001829	0,000074	-0,000277	-0,000104	-0,000704	-0,000016	0,000741
265,00	1,142235	1,537654	1,208514	1,210563	1,119547	1,449417	1,332980	1,339265	1,230519	1,230448	1,233422	1,233699	1,225457	1,325808	1,426785	1,397077	1,395362	1,475994	1,482316	1,482679	1,200939	1,204485	1,204801	1,235603	0,961461	1,117043	1,163053	1,137706	-0,000101	-0,000032	-0,000502	-0,000168	0,001703	0,000048	-0,000538	-0,000049	-0,000603	-0,000079	0,000686
266,00	1,129557	1,523249	1,196330	1,198557	1,108676	1,436490	1,320017	1,325521	1,217746	1,219094	1,221864	1,221536	1,213691	1,313714	1,413870	1,383482	1,382641	1,461651	1,468144	1,468789	1,189147	1,192984	1,192634	1,223014	0,950464	1,104886	1,151173	1,125196	0,000128	-0,000156	-0,000657	-0,000002	0,001881	-0,000040	-0,000462	-0,000256	-0,000786	0,000116	0,000795
267,00	1,116571	1,508151	1,183483	1,185367	1,096556	1,422375	1,305916	1,311985	1,205778	1,206201	1,209074	1,209474	1,201635	1,300915	1,399712	1,370355	1,368444	1,447859	1,454269	1,454333	1,176846	1,180123	1,180189	1,210220	0,938937	1,091610	1,138913	1,112151	-0,000012	-0,000179	-0,000601	0,000056	0,001850	-0,000079	-0,000516	-0,000171	-0,000755	0,000057	0,000686
268,00	1,102741	1,491545	1,169874	1,171794	1,083520	1,407461	1,290651	1,296561	1,191653	1,192644	1,194870	1,195430	1,187493	1,287147	1,384842	1,354908	1,353585	1,431948	1,438604	1,438171	1,163157	1,166612	1,166774	1,196224	0,927087	1,078573	1,125600	1,098535	0,000120	-0,000285	-0,000641	-0,000121	0,001641	-0,000083	-0,000574	-0,000160	-0,000810	-0,000067	0,000730
269,00	1,088547	1,475133	1,156479	1,157937	1,070805	1,392477	1,275411	1,281311	1,178296	1,177998	1,181078	1,181569	1,173871	1,272498	1,369487	1,339770	1,337290	1,416082	1,422525	1,422527	1,149715	1,153045	1,153171	1,183108	0,915223	1,065296	1,112631	1,084781	-0,000004	-0,000105	-0,000552	-0,000172	0,001661	0,000043	-0,000458	0,000056	-0,000625	-0,000142	0,000618
270,00	1,074145	1,457384	1,142320	1,144127	1,057360	1,377054	1,260306	1,265868	1,163250	1,164229	1,167426	1,167253	1,159343	1,257239	1,353591	1,324082	1,322159	1,400170	1,406696	1,406251	1,135618	1,139330	1,139030	1,168828	0,903238	1,051920	1,098975	1,070647	0,000089	-0,000389	-0,000780	0,000072	0,001835	0,000073	-0,000543	-0,000036	-0,000677	0,000039	0,000891
271,00	1,059599	1,438746	1,127885	1,129624	1,043004	1,360616	1,244641	1,249552	1,148717	1,149804	1,152680	1,152963	1,145041	1,242347	1,337782	1,307788	1,306380	1,383611	1,390222	1,390488	1,121545	1,125277	1,125138	1,154559	0,890508	1,037578	1,084239	1,055925	0,000144	-0,000255	-0,000648	-0,000067	0,001667	-0,000156	-0,000690	-0,000307	-0,000823	0,000047	0,000938
272,00	1,044603	1,420182	1,113597	1,115102	1,028356	1,344397	1,227706	1,233203	1,133872	1,134906	1,138055	1,138023	1,129963	1,227183	1,321740	1,291774	1,290480	1,367368	1,372939	1,373056	1,108186	1,111252	1,111400	1,140310	0,877936	1,023809	1,070126	1,041025	0,000031	-0,000094	-0,000617	0,000111	0,001916	-0,000233	-0,000609	-0,000242	-0,000586	-0,000046	0,000766
273,00	1,029709	1,400931	1,098748	1,100056	1,013577	1,327883	1,210463	1,216340	1,118654	1,119516	1,122660	1,122684	1,114932	1,211593	1,305093	1,275788	1,274575	1,350784	1,356130	1,356710	1,093253	1,096943	1,096733	1,125387	0,864600	1,009485	1,054915	1,025840	0,000103	-0,000368	-0,000899	-0,000136	0,001792	-0,000028	-0,000394	-0,000123	-0,000584	0,000006	0,000781
274,00	1,013998	1,381093	1,084012	1,085189	0,998955	1,310522	1,193799	1,198477	1,102391	1,104173	1,107344	1,106532	1,099164	1,194664	1,287456	1,258442	1,257951	1,333253	1,339318	1,338926	1,078700	1,082296	1,081910	1,110228	0,851656	0,995215	1,039976	1,010347	0,000280	-0,000187	-0,000520	-0,000048	0,001829	-0,000060	-0,000430	-0,000025	-0,000601	-0,000033	0,000787
275,00	0,998415	1,360367	1,068163	1,069472	0,983456	1,293194	1,176202	1,181077	1,085914	1,088061	1,090759	1,090247	1,082590	1,177349	1,269229	1,240645	1,240138	1,315578	1,320691	1,321108	1,063238	1,066678	1,066829	1,094853	0,838540	0,980170	1,024228	0,994451	0,000011	-0,000369	-0,000712	0,000106	0,001913	0,000087	-0,000507	-0,000283	-0,000634	-0,000017	0,000833
276,00	0,982513	1,340365	1,053255	1,053893	0,967672	1,275308	1,158442	1,163393	1,069163	1,071532	1,074215	1,074225	1,066543	1,160039	1,250901	1,222630	1,222345	1,297210	1,302750	1,303070	1,048084	1,051425	1,051413	1,078849	0,824965	0,965637	1,008626	0,978508	0,000254	-0,000235	-0,000573	0,000127	0,001896	-0,000228	-0,000635	-0,000215	-0,000671	0,000049	0,000693
277,00	0,967000	1,319373	1,036557	1,038165	0,951782	1,257508	1,140041	1,145154	1,052643	1,054764	1,057360	1,056946	1,049769	1,142106	1,232074	1,204219	1,203631	1,278556	1,284184	1,284100	1,032326	1,035249	1,035278	1,062969	0,812011	0,950752	0,992484	0,962207	0,000345	-0,000244	-0,000603	0,000043	0,001851	-0,000295	-0,000596	-0,000136	-0,000527	-0,000036	0,000680
278,00	0,951013	1,297622	1,021077	1,021981	0,935514	1,239809	1,122339	1,127093	1,035482	1,038046	1,040524	1,040460	1,033229	1,124797	1,213427	1,186443	1,186349	1,260244	1,265159	1,265268	1,016655	1,019429	1,019513	1,046927	0,798448	0,936091	0,975812	0,945956	-0,000029	-0,000165	-0,000621	0,000183	0,001668	-0,000026	-0,000600	-0,000220	-0,000525	0,000074	0,000764
279,00	0,935124	1,275880	1,004908	1,006086	0,919899	1,222414	1,104068	1,109127	1,019135	1,021479	1,024023	1,023717	1,016843	1,107111	1,194722	1,168441	1,168059	1,241062	1,246592	1,246539	1,000760	1,003922	1,003757	1,030728	0,784709	0,921006	0,960015	0,929155	0,000097	-0,000173	-0,000699	0,000127	0,001897	-0,000030	-0,000661	0,000003	-0,000558	-0,000262	0,000878
280,00	0,919284	1,252921	0,989128	0,990151	0,903090	1,204293	1,086118	1,091223	1,002358	1,004313	1,006834	1,006416	0,999899	1,088753	1,175813	1,149565	1,149263	1,222120	1,227481	1,227580	0,984660	0,987706	0,987952	1,014387	0,771364	0,905961	0,943179	0,913338	0,000248	-0,000004	-0,000429	0,000039	0,001651	-0,000215	-0,000712	-0,000005	-0,000382	0,000024	0,000691
281,00	0,903176	1,230883	0,972737	0,973932	0,887308	1,186219	1,068194	1,072971	0,984774	0,987045	0,989450	0,989604	0,982949	1,070729	1,156246	1,130784	1,131035	1,203246	1,208262	1,208192	0,968883	0,971625	0,971608	0,998485	0,757699	0,891033	0,927440	0,896642	0,000155	-0,000172	-0,000473	-0,000241	0,001373	-0,000084	-0,000509	-0,000298	-0,000676	-0,000048	0,000662
282,00	0,887279	1,207803	0,956889	0,957832	0,870482	1,168074	1,050074	1,054761	0,968082	0,970269	0,972519	0,972747	0,966511	1,052487	1,137758	1,112024	1,112713	1,183649	1,188988	1,189041	0,952791	0,955903	0,955843	0,981648	0,744081	0,875556	0,910663	0,880236	0,000357	-0,000277	-0,000509	0,000314	0,001893	0,000089	-0,000650	0,000029	-0,000538	0,000105	0,000714
283,00	0,871079	1,183867	0,940024	0,940477	0,853792	1,149399	1,030982	1,035637	0,949946	0,952259	0,954476	0,954410	0,948825	1,033698	1,117932	1,093048	1,093015	1,163535	1,168340	1,168391	0,935962	0,938639	0,938699	0,965110	0,730212	0,860100	0,893571	0,863540	0,000076	-0,000276	-0,000637	-0,000175	0,001508	-0,000063	-0,000500	-0,000193	-0,000480	0,000135	0,000790
284,00	0,855692	1,160095	0,924348	0,924487	0,837635	1,131119	1,013185	1,017390	0,932666	0,934895	0,937173	0,937003	0,931624	1,015087	1,098308	1,074015	1,074400	1,144384	1,148884	1,149662	0,919857	0,922252	0,922643	0,948396	0,716505	0,845164	0,877136	0,847356	0,000015	-0,000184	-0,000471	-0,000084	0,001717	-0,000088	-0,000615	-0,000202	-0,000552	-0,000214	0,000553
285,00	0,839489	1,136520	0,907676	0,908422	0,821389	1,112779	0,994457	0,998540	0,914747	0,917663	0,919613	0,919771	0,914442	0,996094	1,078026	1,054861	1,055509	1,124334	1,129040	1,129309	0,903391	0,906043	0,905981	0,931716	0,703139	0,829751	0,860681	0,831082	0,000074	-0,000196	-0,000529	0,000145	0,001902	0,000030	-0,000713	-0,000231	-0,000464	-0,000276	0,000698
286,00	0,824072	1,113760	0,891543	0,892496	0,804927	1,094232	0,976365	0,980406	0,897968	0,900087	0,901923	0,902209	0,897981	0,978135	1,058908	1,036372	1,036881	1,105133	1,109402	1,109823	0,887333	0,890175	0,889894	0,915312	0,689836	0,814846	0,844365	0,814602	0,000078	-0,000198	-0,000456	0,000050	0,001651	-0,000219	-0,000623	-0,000131	-0,000659	0,000012	0,000477
287,00	0,808231	1,090896	0,875928	0,876319	0,789186	1,076358	0,958055	0,962233	0,880809	0,883264	0,885029	0,884779	0,881119	0,959909	1,039332	1,017773	1,018014	1,085358	1,090170	1,089679	0,871276	0,874063	0,874336	0,898894	0,676215	0,799698	0,827885	0,798836	-0,000076	-0,000314	-0,000436	0,000333	0,002139	-0,000060	-0,000665	-0,000232	-0,000584	-0,000230	0,000417
288,00	0,793541	1,067998	0,860014	0,860990	0,773603	1,058100	0,940501	0,944831	0,864250	0,866235	0,868426	0,868224	0,864974	0,942237	1,020677	0,999488	1,000021	1,066484	1,070868	1,070414	0,855631	0,858458	0,858318	0,883017	0,663442	0,785382	0,812153	0,783138	-0,000072	-0,000241	-0,000360	-0,000022	0,001667	-0,000021	-0,000833	0,000131	-0,000360	-0,000310	0,000611
289,00	0,779278	1,045581	0,845124	0,845576	0,758729	1,039978	0,923006	0,927343	0,847760	0,849764	0,851996	0,851851	0,848424	0,924303	1,002854	0,980905	0,982252	1,047623	1,051429	1,051891	0,840212	0,843107	0,843151	0,867388	0,651120	0,771233	0,796854	0,767758	-0,000050	-0,000319	-0,000534	0,000056	0,002032	-0,000122	-0,000648	-0,000273	-0,000650	-0,000059	0,000621
290,00	0,763713	1,022391	0,829499	0,829749	0,742990	1,022007	0,905236	0,909563	0,831176	0,833464	0,835297	0,835537	0,832512	0,906550	0,983474	0,962717	0,963769	1,027740	1,032609	1,032306	0,824481	0,827190	0,827290	0,851433	0,637572	0,755927	0,780667	0,752288	-0,000004	-0,000104	-0,000522	0,000254	0,001941	-0,000041	-0,000582	-0,000230	-0,000575	-0,000318	0,000322
291,00	0,749658	1,000208	0,814129	0,814759	0,728416	1,004758	0,888777	0,892474	0,815144	0,817520	0,818996	0,819500	0,816322	0,889571	0,965698	0,945295	0,946445	1,009704	1,014285	1,014138	0,809587	0,812268	0,812196	0,836196	0,624918	0,742107	0,765812	0,737280	-0,000065	-0,000230	-0,000387	0,000096	0,001806	-0,000160	-0,000651	-0,000240	-0,000689	0,000003	0,000697
292,00	0,735009	0,977977	0,799434	0,799618	0,713252	0,987103	0,871711	0,875070	0,799046	0,800818	0,802795	0,802807	0,800514	0,872311	0,946817	0,927406	0,928327	0,990975	0,995948	0,995424	0,793945	0,796722	0,796693	0,820820	0,612140	0,727569	0,750134	0,722053	-0,000048	-0,000027	-0,000358	0,000034	0,001578	-0,000146	-0,000913	-0,000389	-0,000471	-0,000163	0,000532
293,00	0,721128	0,956710	0,784191	0,784482	0,698837	0,969469	0,854536	0,857816	0,783003	0,785293	0,786804	0,787074	0,785414	0,854879	0,928815	0,909737	0,910897	0,972454	0,976673	0,977054	0,779212	0,781748	0,781880	0,805708	0,600060	0,713488	0,735473	0,707507	-0,000165	-0,000101	-0,000386	0,000125	0,001753	0,000009	-0,000831	-0,000193	-0,000518	-0,000047	0,000578
294,00	0,707188	0,935743	0,769828	0,770099	0,684696	0,952883	0,838286	0,841047	0,768114	0,769895	0,771860	0,771539	0,769990	0,837987	0,910898	0,892295	0,893460	0,954670	0,959160	0,958982	0,764291	0,766663	0,766809	0,790297	0,587935	0,699911	0,721001	0,693265	-0,000153	-0,000063	-0,000324	0,000061	0,001738	-0,000117	-0,000815	-0,000184	-0,000467	-0,000024	0,000605
295,00	0,693587	0,915599	0,755405	0,755617	0,670849	0,935798	0,822051	0,825336	0,752863	0,754771	0,756511	0,756243	0,755171	0,822209	0,893331	0,875569	0,876446	0,936913	0,941331	0,940878	0,749770	0,752227	0,752206	0,775604	0,576274	0,686364	0,706785	0,679653	-0,000230	-0,000088	-0,000354	-0,000172	0,001511	-0,000230	-0,000821	-0,000196	-0,000481	0,000000	0,000545
296,00	0,680639	0,896815	0,741436	0,741674	0,657378	0,919065	0,806419	0,809493	0,738310	0,740498	0,742457	0,742116	0,740556	0,806577	0,876533	0,858846	0,860143	0,919559	0,923948	0,923842	0,736027	0,738769	0,738522	0,761765	0,565008	0,673721	0,692904	0,666220	-0,000422	0,000036	-0,000321	0,000233	0,001821	-0,000177	-0,000864	-0,000077	-0,000625	-0,000233	0,000494
297,00	0,668016	0,877706	0,727896	0,727795	0,643978	0,903751	0,791100	0,794156	0,724483	0,726074	0,728007	0,727696	0,726462	0,791287	0,860117	0,842973	0,844830	0,902786	0,906811	0,906909	0,722461	0,724559	0,724530	0,747541	0,553665	0,660987	0,679502	0,653061	-0,000224	-0,000159	-0,000223	-0,000027	0,001644	-0,000193	-0,000963	-0,000439	-0,000512	-0,000292	0,000377
298,00	0,655550	0,858932	0,714592	0,714866	0,631153	0,888012	0,776776	0,779675	0,710841	0,713135	0,714685	0,714678	0,712925	0,776511	0,844405	0,827498	0,829227	0,886378	0,890363	0,890384	0,709181	0,711553	0,711710	0,734410	0,543041	0,648861	0,666232	0,640337	-0,000259	-0,000167	-0,000352	0,000116	0,001845	-0,000010	-0,000912	-0,000175	-0,000651	-0,000069	0,000435
299,00	0,643435	0,840361	0,701532	0,701537	0,618981	0,872812	0,761869	0,765055	0,697515	0,699695	0,701312	0,700764	0,699709	0,761757	0,828689	0,811870	0,813642	0,870185	0,874266	0,874496	0,695885	0,698188	0,698137	0,720796	0,532055	0,636568	0,653188	0,627572	-0,000079	-0,000125	-0,000355	-0,000071	0,001858	-0,000152	-0,000659	-0,000319	-0,000646	-0,000218	0,000422
300,00	0,631678	0,822317	0,688915	0,689242	0,605869	0,858062	0,748264	0,751015	0,684451	0,686772	0,688200	0,687954	0,686629	0,747403	0,813895	0,796733	0,799180	0,855071	0,858395	0,858978	0,683401	0,685889	0,685719	0,708195	0,521919	0,624913	0,640254	0,615259	-0,000380	-0,000169	-0,000280	0,000050	0,001766	-0,000019	-0,000834	-0,000176	-0,000786	0,000067	0,000617
301,00	0,619772	0,803619	0,676186	0,676378	0,592965	0,843249	0,734232	0,737243	0,671733	0,673887	0,675371	0,675154	0,673872	0,733297	0,798962	0,781763	0,784039	0,839428	0,843206	0,843290	0,670792	0,673270	0,672719	0,694911	0,511559	0,613129	0,627583	0,602808	-0,000309	0,000010	-0,000326	-0,000130	0,001821	-0,000096	-0,000825	-0,000267	-0,000786	-0,000069	0,000410
302,00	0,607982	0,784670	0,663779	0,663556	0,580088	0,829056	0,720424	0,723249	0,658713	0,660829	0,662576	0,662649	0,661128	0,719571	0,783785	0,767145	0,769432	0,824488	0,827640	0,827859	0,657949	0,660225	0,660168	0,681589	0,501036	0,601448	0,614182	0,590181	-0,000131	0,000123	-0,000256	-0,000222	0,001823	-0,000233	-0,000853	-0,000433	-0,000543	-0,000357	0,000186
303,00	0,596794	0,767002	0,651424	0,651140	0,567831	0,814470	0,707062	0,709626	0,646432	0,648619	0,650264	0,650259	0,648956	0,706216	0,769799	0,752429	0,754931	0,809126	0,812507	0,812715	0,645697	0,648105	0,647874	0,669669	0,491318	0,590388	0,601488	0,578416	-0,000216	0,000061	-0,000277	-0,000076	0,001566	0,000053	-0,000654	-0,000309	-0,000724	-0,000063	0,000474
304,00	0,585999	0,749432	0,639577	0,639650	0,555644	0,800579	0,693949	0,696786	0,634407	0,636867	0,638305	0,638345	0,637085	0,692901	0,755646	0,738289	0,740762	0,794703	0,797993	0,798127	0,633653	0,635951	0,636122	0,657248	0,481652	0,579411	0,589210	0,566713	-0,000143	0,000145	-0,000125	-0,000008	0,001536	-0,000143	-0,000907	-0,000310	-0,000608	-0,000179	0,000287
305,00	0,574911	0,731517	0,627175	0,626814	0,543119	0,787072	0,680875	0,683236	0,622249	0,624575	0,626217	0,626175	0,624624	0,679773	0,741294	0,724201	0,726790	0,779550	0,782844	0,782841	0,621664	0,623634	0,623794	0,644955	0,472232	0,568937	0,576451	0,554587	-0,000040	-0,000351	-0,000546	-0,000046	0,001726	0,000064	-0,000843	-0,000140	-0,000577	-0,000200	0,000359
306,00	0,564203	0,714496	0,615910	0,615637	0,530973	0,774040	0,668126	0,670623	0,610628	0,613022	0,615053	0,614609	0,613262	0,667006	0,728095	0,710575	0,713394	0,765303	0,768757	0,768890	0,610459	0,612298	0,611948	0,632593	0,462919	0,558258	0,563898	0,542940	-0,000023	-0,000077	-0,000205	0,000048	0,001643	-0,000212	-0,000962	-0,000309	-0,000741	-0,000061	0,000354
307,00	0,553738	0,698205	0,604477	0,604352	0,519499	0,761740	0,656154	0,658661	0,599617	0,602321	0,603474	0,603175	0,602275	0,655298	0,714973	0,697521	0,700058	0,751565	0,754669	0,755170	0,599210	0,600812	0,601215	0,621244	0,454189	0,548397	0,552260	0,531887	-0,000236	-0,000117	-0,000130	0,000089	0,001679	0,000141	-0,000396	-0,000153	-0,000558	-0,000169	0,000411
308,00	0,543510	0,682207	0,593491	0,593102	0,508152	0,748929	0,644100	0,646174	0,588527	0,591246	0,592466	0,591966	0,590913	0,642348	0,701658	0,684322	0,686760	0,737530	0,740695	0,740748	0,587342	0,589642	0,589852	0,609503	0,445457	0,538368	0,540743	0,521077	0,000207	-0,000102	-0,000365	0,000169	0,001649	0,000095	-0,000774	-0,000217	-0,000800	-0,000107	0,000256
309,00	0,533072	0,666428	0,582214	0,582215	0,496364	0,737022	0,632035	0,634568	0,577907	0,580346	0,581433	0,581202	0,580416	0,631269	0,688942	0,671712	0,673693	0,724352	0,727747	0,727567	0,576598	0,578380	0,578265	0,598136	0,436551	0,528207	0,528958	0,510011	-0,000108	-0,000272	-0,000518	-0,000097	0,001552	-0,000217	-0,001001	-0,000147	-0,000506	-0,000443	0,000068
310,00	0,523634	0,651505	0,571994	0,571869	0,485658	0,725190	0,621281	0,623733	0,567362	0,569959	0,571132	0,571104	0,569738	0,619789	0,676865	0,659261	0,661774	0,711533	0,714824	0,714784	0,566007	0,568109	0,567813	0,587011	0,428744	0,519273	0,518369	0,499770	0,000094	-0,000129	-0,000138	0,000006	0,001595	-0,000165	-0,000928	-0,000333	-0,000572	0,000075	0,000423
311,00	0,513886	0,637329	0,561442	0,561359	0,475441	0,713796	0,610434	0,612673	0,557492	0,560253	0,561246	0,561159	0,559908	0,608638	0,664829	0,646787	0,649193	0,698942	0,701883	0,702196	0,555428	0,557297	0,557143	0,576374	0,420048	0,509709	0,507503	0,489699	-0,000068	-0,000174	-0,000378	-0,000199	0,001351	-0,000179	-0,000936	-0,000218	-0,000451	-0,000285	0,000086
312,00	0,504333	0,624025	0,551695	0,551429	0,465140	0,702566	0,599601	0,602114	0,547608	0,550164	0,551181	0,551028	0,549680	0,597748	0,653058	0,634946	0,637372	0,686522	0,689870	0,689706	0,545280	0,547139	0,547327	0,565979	0,412168	0,500424	0,497402	0,480025	-0,000050	-0,000094	-0,000205	-0,000141	0,001508	0,000034	-0,000499	-0,000048	-0,000517	-0,000182	0,000225
313,00	0,494967	0,609844	0,541794	0,541529	0,454767	0,691637	0,589209	0,591654	0,537700	0,540207	0,541267	0,541337	0,540378	0,587132	0,641766	0,623252	0,626203	0,674365	0,677431	0,677672	0,535564	0,537234	0,537087	0,555585	0,404012	0,491077	0,486957	0,470225	0,000337	0,000058	-0,000122	-0,000069	0,001567	-0,000177	-0,000992	-0,000086	-0,000624	-0,000163	0,000441
314,00	0,485633	0,596886	0,531604	0,531128	0,445218	0,680586	0,579265	0,580849	0,528229	0,530618	0,531644	0,531940	0,530685	0,576559	0,630545	0,611665	0,614715	0,662474	0,665310	0,665477	0,525628	0,527217	0,527396	0,545303	0,396120	0,482053	0,476948	0,461023	0,000331	-0,000073	-0,000305	0,000109	0,001631	-0,000235	-0,000894	-0,000464	-0,000797	0,000043	0,000134
315,00	0,476119	0,583625	0,521799	0,521342	0,435452	0,669665	0,568345	0,570543	0,518753	0,520860	0,521791	0,521684	0,521179	0,566331	0,619564	0,600367	0,603181	0,650122	0,653131	0,653551	0,515290	0,517174	0,517326	0,534945	0,388127	0,472640	0,466947	0,451496	0,000135	-0,000082	-0,000395	-0,000307	0,001630	-0,000026	-0,000681	-0,000183	-0,000649	0,000145	0,000291
316,00	0,467371	0,572559	0,512381	0,512066	0,426948	0,659803	0,558422	0,560677	0,509737	0,511787	0,512715	0,512890	0,512382	0,556875	0,609041	0,590084	0,592512	0,639139	0,641760	0,642209	0,505888	0,507771	0,507532	0,525962	0,380800	0,464260	0,458089	0,443418	-0,000021	-0,000210	-0,000398	0,000011	0,001493	0,000234	-0,000520	-0,000173	-0,000533	0,000109	0,000404
317,00	0,459075	0,560926	0,504102	0,503542	0,418254	0,650096	0,549762	0,552113	0,501594	0,503188	0,504664	0,504209	0,503734	0,547558	0,599027	0,579737	0,582124	0,629092	0,631455	0,631621	0,497458	0,499013	0,499032	0,516239	0,373330	0,455456	0,449462	0,435055	0,000241	0,000248	-0,000254	-0,000024	0,001413	0,000050	-0,000737	0,000071	-0,000455	-0,000091	0,000246
318,00	0,450032	0,549477	0,494976	0,494265	0,409302	0,640097	0,540232	0,542205	0,492468	0,494707	0,495843	0,495568	0,494959	0,538043	0,588745	0,569501	0,572009	0,617730	0,620172	0,620834	0,488438	0,489991	0,490392	0,506737	0,366074	0,447273	0,440543	0,426660	0,000333	-0,000020	-0,000302	0,000067	0,001361	0,000381	-0,000722	-0,000211	-0,000580	-0,000160	0,000120
319,00	0,441892	0,538345	0,486086	0,485673	0,401046	0,630784	0,530962	0,533086	0,484142	0,486279	0,487563	0,487337	0,486787	0,529069	0,579165	0,559597	0,562319	0,607215	0,609843	0,610208	0,479840	0,481665	0,481702	0,497555	0,358847	0,439008	0,431833	0,417982	-0,000056	-0,000218	-0,000464	0,000089	0,001450	-0,000295	-0,001110	0,000103	-0,000379	-0,000012	0,000385
320,00	0,433423	0,527670	0,477573	0,477261	0,393557	0,621038	0,522301	0,524208	0,475968	0,477842	0,479017	0,478816	0,478255	0,519846	0,569372	0,550067	0,552343	0,597368	0,600032	0,600224	0,471138	0,472897	0,473387	0,489383	0,351849	0,430582	0,423942	0,410658	0,000063	-0,000021	-0,000502	0,000009	0,001362	-0,000073	-0,001063	-0,000142	-0,000645	-0,000145	0,000091
321,00	0,425108	0,517617	0,469144	0,468654	0,385574	0,611896	0,512936	0,514880	0,467293	0,469496	0,470886	0,470504	0,470067	0,511070	0,560031	0,540393	0,542788	0,587150	0,589468	0,589682	0,462824	0,464193	0,464363	0,480811	0,344409	0,422220	0,415988	0,402597	0,000071	-0,000110	-0,000417	-0,000151	0,001378	-0,000151	-0,000684	-0,000198	-0,000477	-0,000131	0,000169
322,00	0,417126	0,507305	0,461244	0,460735	0,377910	0,602642	0,504714	0,506044	0,459529	0,461563	0,462484	0,462298	0,461798	0,502402	0,550564	0,531158	0,534077	0,577474	0,579871	0,580060	0,454408	0,455956	0,456070	0,472292	0,337914	0,414013	0,408379	0,395149	0,000076	-0,000204	-0,000632	-0,000136	0,001198	-0,000036	-0,000820	0,000062	-0,000415	-0,000172	0,000159
323,00	0,409441	0,497821	0,452962	0,452396	0,370954	0,593921	0,496094	0,497850	0,451741	0,454115	0,454992	0,454702	0,454093	0,494019	0,541745	0,522495	0,524794	0,568180	0,570775	0,571266	0,446819	0,448426	0,448567	0,463792	0,331071	0,406310	0,400848	0,388375	0,000060	-0,000330	-0,000370	-0,000008	0,001652	0,000068	-0,000880	0,000092	-0,000602	-0,000236	0,000072
324,00	0,401655	0,487684	0,444694	0,444640	0,363727	0,584031	0,487304	0,488795	0,443481	0,445607	0,446777	0,446564	0,446122	0,485471	0,532905	0,512824	0,516060	0,558108	0,560243	0,560852	0,438478	0,440125	0,439748	0,455873	0,324404	0,398848	0,393210	0,380786	-0,000012	-0,000062	-0,000167	0,000144	0,001468	0,000265	-0,000369	-0,000031	-0,000267	0,000201	0,000629
325,00	0,394313	0,478770	0,437204	0,436575	0,356503	0,575631	0,479173	0,481027	0,436014	0,437961	0,438918	0,438247	0,438474	0,477417	0,523992	0,504251	0,507436	0,549189	0,551409	0,551528	0,430483	0,432152	0,432165	0,447752	0,318286	0,391020	0,385905	0,373547	0,000244	0,000298	-0,000146	-0,000126	0,001182	-0,000005	-0,000636	0,000225	-0,000824	0,000230	0,000649
326,00	0,386744	0,470045	0,429770	0,429642	0,349942	0,567315	0,471331	0,472686	0,428445	0,430572	0,431494	0,431384	0,430743	0,469372	0,515431	0,495722	0,498225	0,540072	0,542313	0,542742	0,422962	0,424718	0,424736	0,440394	0,312077	0,383665	0,378983	0,366910	0,000211	0,000090	-0,000294	0,000109	0,001192	0,000154	-0,000417	-0,000088	-0,000543	0,000055	0,000451
327,00	0,379320	0,461390	0,422794	0,422039	0,343613	0,559439	0,463652	0,465011	0,421421	0,423222	0,424228	0,424050	0,423982	0,461925	0,507189	0,487855	0,490218	0,531628	0,533812	0,534034	0,415926	0,417440	0,417695	0,432993	0,305643	0,376476	0,372423	0,360562	0,000086	0,000126	-0,000475	0,000168	0,000990	0,000303	-0,000446	0,000330	-0,000490	0,000070	0,000278
328,00	0,372516	0,452480	0,415543	0,415029	0,337151	0,550910	0,456174	0,457809	0,413954	0,416239	0,417230	0,416835	0,416457	0,453816	0,499123	0,479339	0,482306	0,522847	0,524997	0,525423	0,408901	0,410338	0,410397	0,425483	0,299788	0,369452	0,365555	0,353911	-0,000071	0,000187	-0,000436	0,000052	0,001042	0,000136	-0,000404	-0,000080	-0,000629	0,000195	0,000539
329,00	0,366068	0,444242	0,408554	0,408208	0,330809	0,543196	0,448607	0,450293	0,406941	0,409469	0,410546	0,410033	0,409578	0,446431	0,490851	0,471800	0,474367	0,514426	0,516778	0,516781	0,402201	0,403946	0,403615	0,418619	0,293936	0,362208	0,359158	0,347417	-0,000043	-0,000192	-0,000259	0,000042	0,001060	-0,000021	-0,000803	-0,000028	-0,000812	-0,000111	0,000356
330,00	0,359194	0,436029	0,402141	0,401358	0,324264	0,535666	0,441263	0,442653	0,400309	0,402362	0,403070	0,403437	0,403037	0,439392	0,483192	0,463849	0,466597	0,506333	0,508476	0,508639	0,395169	0,396467	0,396539	0,411199	0,288172	0,355625	0,352179	0,341086	0,000028	0,000000	-0,000382	-0,000132	0,001133	0,000006	-0,000740	0,000278	-0,000466	-0,000158	0,000356
331,00	0,352740	0,428030	0,394851	0,394454	0,318334	0,527628	0,433824	0,435084	0,393702	0,395761	0,396662	0,396208	0,395866	0,432167	0,475268	0,456108	0,458528	0,498149	0,499981	0,500498	0,388516	0,389992	0,389898	0,404261	0,282520	0,348993	0,346118	0,335027	0,000282	-0,000231	-0,000526	0,000250	0,001020	0,000196	-0,000596	0,000045	-0,000561	0,000106	0,000570
332,00	0,346389	0,419765	0,388591	0,388138	0,312019	0,520177	0,426822	0,428169	0,387135	0,389061	0,390122	0,389691	0,389932	0,425288	0,467359	0,448879	0,451118	0,490168	0,492126	0,492337	0,381709	0,383389	0,383411	0,397745	0,276973	0,342436	0,339674	0,328917	0,000055	-0,000249	-0,000452	0,000278	0,001316	-0,000158	-0,000699	0,000317	-0,000311	-0,000273	0,000195
333,00	0,340401	0,412399	0,382128	0,381670	0,306656	0,512697	0,419785	0,420863	0,380401	0,382339	0,383347	0,383217	0,383441	0,418216	0,460544	0,441529	0,443931	0,482228	0,484614	0,484586	0,375396	0,376897	0,376794	0,391428	0,271993	0,336258	0,333838	0,323230	0,000185	-0,000025	-0,000368	0,000146	0,000753	0,000261	-0,000334	0,000202	-0,000498	0,000021	0,000320
334,00	0,334308	0,404367	0,375993	0,375473	0,300617	0,505225	0,412894	0,414066	0,374188	0,376137	0,377049	0,376811	0,376764	0,411383	0,452903	0,434047	0,436388	0,474825	0,476897	0,476818	0,368998	0,370499	0,370410	0,384785	0,266789	0,330428	0,327635	0,317138	0,000154	0,000124	-0,000343	-0,000032	0,001182	0,000027	-0,000513	0,000045	-0,000626	0,000018	0,000419
335,00	0,328324	0,396976	0,369640	0,369260	0,294916	0,498079	0,406054	0,407491	0,368001	0,369883	0,370819	0,370716	0,370528	0,404777	0,445518	0,427006	0,429359	0,466865	0,469049	0,469015	0,363072	0,364433	0,364283	0,378648	0,261859	0,324217	0,321643	0,311561	0,000333	-0,000057	-0,000413	0,000058	0,001020	0,000176	-0,000590	0,000123	-0,000462	-0,000086	0,000146
336,00	0,322712	0,389248	0,364158	0,363419	0,289412	0,491410	0,399309	0,400831	0,361738	0,363691	0,364555	0,364453	0,364308	0,397858	0,438763	0,420115	0,422560	0,459531	0,461793	0,461802	0,356915	0,358228	0,358112	0,372448	0,256779	0,318392	0,315552	0,305852	-0,000160	-0,000068	-0,000527	0,000002	0,000823	0,000223	-0,000446	0,000343	-0,000347	-0,000163	0,000417
337,00	0,317124	0,381883	0,358273	0,357443	0,283955	0,484499	0,392886	0,393974	0,355716	0,357618	0,358493	0,358380	0,358117	0,391424	0,431646	0,413117	0,415659	0,452334	0,454083	0,454313	0,351188	0,352463	0,352258	0,366244	0,252177	0,312586	0,310132	0,300419	0,000050	-0,000059	-0,000405	0,000176	0,001072	0,000215	-0,000443	0,000138	-0,000412	0,000051	0,000616
338,00	0,311662	0,374296	0,352411	0,351385	0,278348	0,477625	0,386496	0,387748	0,349942	0,351497	0,352555	0,352413	0,352566	0,384744	0,424739	0,406256	0,408630	0,444903	0,447015	0,447126	0,345346	0,346286	0,346484	0,360185	0,247168	0,306685	0,304368	0,294723	0,000021	0,000224	-0,000201	0,000136	0,001046	0,000240	-0,000442	0,000121	-0,000572	0,000001	0,000410
339,00	0,306366	0,367151	0,346846	0,345717	0,273145	0,470551	0,379975	0,381364	0,343847	0,345308	0,345976	0,345835	0,346624	0,378322	0,417761	0,399361	0,401957	0,437793	0,439956	0,439933	0,339264	0,340348	0,340295	0,354238	0,242369	0,301140	0,298890	0,289309	0,000004	0,000114	-0,000133	-0,000118	0,000890	0,000161	-0,000424	0,000073	-0,000532	-0,000004	0,000280
340,00	0,300929	0,360010	0,340973	0,340130	0,267915	0,463749	0,373643	0,374953	0,338237	0,339710	0,340550	0,340225	0,340637	0,372124	0,410813	0,392852	0,394998	0,430558	0,432642	0,432755	0,333707	0,334307	0,334462	0,348400	0,237837	0,295486	0,293303	0,284200	-0,000074	0,000101	-0,000192	0,000378	0,000860	0,000312	-0,000454	0,000293	-0,000564	-0,000008	0,000452
341,00	0,294977	0,352594	0,335158	0,334250	0,262340	0,456914	0,367069	0,368636	0,332088	0,333722	0,334646	0,334311	0,334878	0,365713	0,403848	0,385871	0,387985	0,423400	0,425474	0,425211	0,327646	0,328566	0,328649	0,342189	0,232987	0,289669	0,287304	0,278471	-0,000186	0,000081	-0,000373	-0,000188	0,000705	-0,000005	-0,000641	-0,000153	-0,000724	-0,000274	0,000144
342,00	0,290207	0,346189	0,330117	0,329114	0,257561	0,450759	0,361458	0,362735	0,326698	0,328109	0,329257	0,328823	0,329310	0,359682	0,397398	0,379650	0,381800	0,416652	0,418669	0,418707	0,322379	0,323197	0,323296	0,336941	0,228689	0,284775	0,282502	0,273819	-0,000152	0,000255	-0,000219	-0,000131	0,000937	0,000144	-0,000210	0,000304	-0,000588	-0,000036	0,000206
343,00	0,285005	0,339487	0,324453	0,323433	0,252672	0,444072	0,355083	0,356375	0,321174	0,322657	0,323276	0,323186	0,323932	0,353774	0,390997	0,373265	0,375374	0,409708	0,411183	0,411779	0,316635	0,317768	0,317839	0,331560	0,224013	0,279332	0,277174	0,268419	-0,000152	0,000032	-0,000435	-0,000095	0,000643	0,000206	-0,000176	0,000201	-0,000520	-0,000306	0,000240
344,00	0,280049	0,332894	0,319055	0,318139	0,247697	0,437720	0,349355	0,350625	0,315549	0,317101	0,318035	0,317802	0,318246	0,347485	0,384646	0,366876	0,369148	0,403137	0,404468	0,404974	0,311563	0,312509	0,312475	0,325829	0,219917	0,274136	0,271953	0,263728	-0,000110	-0,000022	-0,000554	-0,000130	0,000811	0,000247	-0,000205	0,000125	-0,000627	-0,000331	0,000316
345,00	0,275579	0,326380	0,313922	0,312893	0,243021	0,431853	0,343660	0,344906	0,310277	0,312146	0,312696	0,312687	0,313053	0,341982	0,378689	0,360880	0,363299	0,396462	0,398143	0,398528	0,306219	0,307212	0,307196	0,320392	0,215750	0,269544	0,267144	0,258536	-0,000235	-0,000077	-0,000502	-0,000085	0,000842	0,000136	-0,000587	0,000285	-0,000495	-0,000015	0,000299
346,00	0,270303	0,320165	0,308965	0,307965	0,238186	0,425762	0,338166	0,338915	0,304914	0,306721	0,307321	0,307106	0,307795	0,336137	0,371903	0,354479	0,356951	0,390301	0,391374	0,391943	0,301067	0,302002	0,301852	0,315012	0,211327	0,264246	0,262215	0,253841	-0,000331	-0,000031	-0,000517	0,000078	0,000895	0,000142	-0,000403	0,000063	-0,000710	-0,000176	0,000165
347,00	0,265732	0,314163	0,303748	0,302705	0,233538	0,419445	0,332333	0,333555	0,299557	0,301510	0,302201	0,301811	0,302483	0,330426	0,366069	0,348459	0,350861	0,383756	0,385205	0,385520	0,295852	0,296756	0,296869	0,309980	0,207359	0,259346	0,257229	0,249298	-0,000231	-0,000087	-0,000497	-0,000048	0,000969	0,000083	-0,000399	0,000033	-0,000850	-0,000164	0,000121
348,00	0,260863	0,307983	0,298520	0,297465	0,229065	0,413534	0,326694	0,327699	0,294470	0,296439	0,296864	0,296670	0,297299	0,324758	0,360028	0,342483	0,344896	0,377160	0,378707	0,378985	0,290491	0,291439	0,291521	0,304659	0,203393	0,254421	0,252421	0,244656	-0,000152	0,000141	-0,000366	-0,000148	0,000591	0,000361	-0,000292	0,000112	-0,000663	-0,000134	0,000221
349,00	0,256029	0,302005	0,293672	0,292528	0,224481	0,407427	0,321216	0,322424	0,289512	0,291535	0,291912	0,291838	0,292303	0,319386	0,353979	0,336535	0,338702	0,370955	0,372457	0,372856	0,285538	0,286483	0,286653	0,299433	0,199464	0,249761	0,247789	0,240002	-0,000247	0,000082	-0,000556	0,000105	0,000832	0,000126	-0,000472	0,000014	-0,000690	-0,000133	0,000123
350,00	0,251342	0,296176	0,288663	0,287701	0,220261	0,401797	0,315969	0,317214	0,284589	0,286232	0,286932	0,286962	0,287344	0,313967	0,347785	0,330764	0,332983	0,364734	0,366111	0,366559	0,280532	0,281611	0,281571	0,294309	0,195357	0,244925	0,243056	0,235446	-0,000336	0,000110	-0,000333	-0,000105	0,000707	-0,000035	-0,000517	0,000041	-0,000682	-0,000087	0,000184
351,00	0,246873	0,290395	0,283667	0,282876	0,216151	0,396385	0,310659	0,311811	0,279733	0,281531	0,282221	0,282072	0,282691	0,308702	0,342015	0,325149	0,327393	0,358548	0,359932	0,360355	0,275893	0,276955	0,276804	0,289342	0,191464	0,240394	0,238495	0,231070	-0,000045	-0,000043	-0,000535	0,000059	0,000824	-0,000074	-0,000517	0,000228	-0,000460	-0,000028	0,000227
352,00	0,242460	0,284886	0,278896	0,277847	0,212146	0,390752	0,305509	0,306766	0,274738	0,276628	0,277172	0,277264	0,277644	0,303176	0,336796	0,319310	0,321778	0,352384	0,354019	0,354497	0,271066	0,271897	0,272058	0,284579	0,187666	0,235764	0,234235	0,226983	-0,000171	-0,000092	-0,000666	0,000060	0,000636	0,000040	-0,000275	-0,000138	-0,000642	-0,000013	0,000213
353,00	0,238171	0,279484	0,274275	0,273433	0,208041	0,385201	0,300431	0,301349	0,269916	0,271804	0,272435	0,272371	0,272757	0,297958	0,331211	0,313729	0,316367	0,346575	0,347976	0,348509	0,266317	0,267396	0,267270	0,279876	0,184121	0,231477	0,230105	0,222961	-0,000008	-0,000153	-0,000616	-0,000142	0,000808	0,000176	-0,000356	0,000160	-0,000763	0,000090	0,000303
354,00	0,233701	0,274016	0,269729	0,268417	0,203840	0,379881	0,295509	0,296525	0,265460	0,267282	0,267854	0,267756	0,268166	0,292952	0,325519	0,308319	0,310930	0,340960	0,342338	0,342845	0,261867	0,262664	0,262336	0,274678	0,180335	0,227008	0,225925	0,218510	-0,000079	-0,000254	-0,000642	0,000012	0,000807	0,000027	-0,000491	0,000019	-0,000738	-0,000050	0,000148
355,00	0,229416	0,268686	0,265136	0,264093	0,200167	0,374781	0,290686	0,291579	0,261046	0,262665	0,263302	0,263151	0,263953	0,287950	0,320258	0,303153	0,305723	0,335319	0,336947	0,337153	0,257302	0,258116	0,257942	0,270122	0,176755	0,222891	0,221779	0,214727	-0,000093	-0,000132	-0,000484	-0,000013	0,000945	0,000067	-0,000348	0,000012	-0,000791	0,000036	0,000340
356,00	0,225453	0,263818	0,260861	0,259390	0,196352	0,369540	0,285958	0,286835	0,256666	0,258374	0,258786	0,258887	0,259440	0,282991	0,314860	0,297894	0,300497	0,329775	0,331387	0,331519	0,252571	0,253533	0,253500	0,265731	0,173244	0,218579	0,217870	0,210734	0,000017	-0,000104	-0,000467	0,000024	0,000756	0,000168	-0,000296	-0,000103	-0,000553	0,000021	0,000303
357,00	0,221175	0,258915	0,256336	0,254828	0,192541	0,364718	0,281001	0,282307	0,252567	0,253978	0,254578	0,254516	0,255330	0,278468	0,309561	0,293095	0,295315	0,324338	0,325891	0,326128	0,248273	0,249071	0,249127	0,260757	0,169734	0,214473	0,213818	0,207039	0,000261	-0,000078	-0,000425	-0,000053	0,000640	0,000106	-0,000429	0,000193	-0,000418	-0,000191	-0,000018
358,00	0,217171	0,254262	0,251708	0,250530	0,189178	0,359619	0,276553	0,277468	0,248226	0,249834	0,250271	0,250317	0,250868	0,273768	0,304897	0,287907	0,290271	0,319108	0,320645	0,320474	0,243966	0,244883	0,244885	0,256532	0,166654	0,210570	0,210105	0,203558	0,000110	0,000010	-0,000478	-0,000003	0,000760	0,000161	-0,000464	-0,000093	-0,000778	-0,000028	0,000087
359,00	0,213060	0,249753	0,247487	0,246196	0,185917	0,354985	0,272154	0,273069	0,244234	0,245546	0,246035	0,246060	0,247053	0,269187	0,299795	0,283045	0,285269	0,313772	0,315305	0,315433	0,239823	0,240600	0,240579	0,252164	0,163110	0,206464	0,206517	0,200077	-0,000092	-0,000292	-0,000630	0,000016	0,000668	0,000064	-0,000325	-0,000009	-0,000576	-0,000157	0,000060
360,00	0,209331	0,244933	0,243410	0,241976	0,182227	0,350053	0,267589	0,268645	0,239915	0,241485	0,242013	0,241837	0,242776	0,264621	0,294921	0,278272	0,280698	0,308629	0,310015	0,310112	0,235600	0,236572	0,236354	0,247870	0,160108	0,202688	0,202732	0,196404	-0,000023	-0,000245	-0,000568	0,000071	0,000564	0,000014	-0,000412	-0,000065	-0,000634	-0,000046	0,000138
361,00	0,205348	0,240503	0,239235	0,237833	0,178834	0,345674	0,263214	0,264146	0,236015	0,237445	0,238101	0,237927	0,238599	0,260061	0,289988	0,273473	0,275678	0,303725	0,304821	0,304794	0,231486	0,232235	0,232185	0,243528	0,156906	0,198898	0,199400	0,192912	0,000077	-0,000210	-0,000596	-0,000034	0,000612	-0,000234	-0,000579	0,000178	-0,000472	0,000030	0,000052
362,00	0,201383	0,236168	0,234782	0,233375	0,175540	0,340838	0,258775	0,259706	0,232089	0,233545	0,233896	0,233830	0,234644	0,255709	0,285163	0,268638	0,270857	0,298468	0,299728	0,299629	0,227341	0,228179	0,228229	0,239330	0,153672	0,195140	0,195789	0,189506	0,000164	-0,000321	-0,000554	0,000087	0,000703	0,000079	-0,000218	0,000033	-0,000390	0,000076	0,000186
363,00	0,197530	0,232055	0,230844	0,229666	0,172319	0,336248	0,254964	0,255528	0,227984	0,229402	0,229770	0,229847	0,230722	0,251294	0,280507	0,264134	0,266251	0,293635	0,294796	0,294864	0,223194	0,224038	0,224066	0,235386	0,150649	0,191272	0,192343	0,186329	0,000040	0,000033	-0,000347	-0,000027	0,000766	0,000213	-0,000249	0,000131	-0,000502	-0,000083	0,000121
364,00	0,193619	0,228042	0,226997	0,225682	0,169384	0,331849	0,250848	0,251508	0,224172	0,225846	0,226203	0,226012	0,226655	0,247057	0,275737	0,259460	0,261686	0,288921	0,290302	0,290258	0,219567	0,220299	0,220183	0,231312	0,147516	0,187616	0,189022	0,183168	-0,000022	-0,000095	-0,000378	0,000246	0,000682	-0,000078	-0,000345	-0,000082	-0,000631	0,000009	0,000010
365,00	0,190077	0,223904	0,222799	0,221442	0,166147	0,327773	0,246732	0,247423	0,220440	0,221955	0,222378	0,222292	0,223153	0,242882	0,271531	0,255237	0,257460	0,284079	0,284938	0,285308	0,215629	0,216406	0,216367	0,227056	0,144699	0,184122	0,185868	0,179819	0,000141	-0,000024	-0,000611	0,000108	0,000749	0,000119	-0,000349	-0,000117	-0,000466	-0,000082	0,000222
366,00	0,186158	0,219943	0,219127	0,217451	0,163217	0,323636	0,242669	0,243406	0,216944	0,218195	0,218668	0,218533	0,219581	0,238904	0,266976	0,251147	0,253000	0,279409	0,280583	0,280602	0,211724	0,212599	0,212360	0,222999	0,141554	0,180625	0,182510	0,176755	0,000003	-0,000202	-0,000485	-0,000030	0,000657	-0,000136	-0,000496	0,000076	-0,000509	-0,000136	0,000022
367,00	0,182769	0,216035	0,215053	0,213551	0,160302	0,319398	0,238320	0,239087	0,213552	0,214519	0,215074	0,214838	0,216108	0,235023	0,262463	0,246672	0,248748	0,274726	0,275875	0,275870	0,208173	0,208856	0,208746	0,219233	0,138851	0,177133	0,179420	0,173669	0,000265	-0,000189	-0,000588	0,000137	0,000696	0,000011	-0,000540	0,000240	-0,000277	-0,000100	0,000162
368,00	0,179158	0,212153	0,211224	0,209721	0,157232	0,315059	0,234820	0,235355	0,209637	0,210833	0,211291	0,211224	0,212137	0,230851	0,258461	0,242334	0,244543	0,270193	0,271199	0,271472	0,204191	0,204937	0,204802	0,215319	0,135945	0,173942	0,176172	0,170610	-0,000064	-0,000099	-0,000529	-0,000071	0,000643	-0,000119	-0,000432	-0,000087	-0,000498	0,000100	0,000257
369,00	0,175964	0,208697	0,207282	0,205889	0,154549	0,310975	0,230961	0,231507	0,206342	0,207105	0,207666	0,207659	0,208568	0,226698	0,254091	0,238150	0,240693	0,265742	0,266709	0,267014	0,200517	0,201275	0,201527	0,211603	0,133314	0,170619	0,173184	0,167790	0,000178	-0,000225	-0,000519	-0,000185	0,000521	-0,000089	-0,000306	-0,000020	-0,000588	0,000203	0,000147
370,00	0,172313	0,205156	0,203942	0,202422	0,151953	0,307065	0,227327	0,228003	0,202817	0,203987	0,204283	0,203964	0,205155	0,223166	0,249975	0,234233	0,236345	0,261706	0,262457	0,262718	0,197263	0,197789	0,197769	0,208159	0,130623	0,167113	0,170375	0,165034	0,000116	-0,000055	-0,000331	-0,000205	0,000544	0,000080	-0,000441	-0,000018	-0,000567	0,000108	0,000076
371,00	0,168955	0,201768	0,200252	0,199017	0,149211	0,303529	0,223860	0,224488	0,199362	0,200632	0,200982	0,200828	0,201850	0,219555	0,245847	0,230627	0,232386	0,257745	0,258570	0,258548	0,193714	0,194359	0,194378	0,204326	0,127689	0,163832	0,167661	0,162258	0,000287	0,000121	-0,000234	0,000046	0,000695	-0,000133	-0,000286	0,000031	-0,000326	0,000102	0,000004
372,00	0,165727	0,198018	0,196503	0,195130	0,146236	0,299597	0,219932	0,220547	0,196033	0,197083	0,197624	0,197483	0,198469	0,215748	0,242073	0,226289	0,228535	0,253006	0,254002	0,253922	0,190236	0,190832	0,190812	0,200627	0,125142	0,160882	0,164356	0,159272	0,000044	-0,000017	-0,000514	0,000104	0,000709	-0,000286	-0,000577	-0,000063	-0,000355	0,000184	0,000172
373,00	0,162164	0,194323	0,192111	0,191104	0,143626	0,294928	0,216042	0,216381	0,192064	0,193331	0,193899	0,193534	0,194621	0,211631	0,237691	0,222009	0,224136	0,248314	0,249009	0,249219	0,186374	0,186781	0,187161	0,196600	0,122296	0,157368	0,161359	0,156414	-0,000329	0,000046	-0,000515	0,000037	0,000811	-0,000106	-0,000329	-0,000097	-0,000504	0,000067	0,000184
374,00	0,158867	0,190918	0,188623	0,187358	0,140721	0,291230	0,212476	0,212791	0,188888	0,189917	0,190426	0,190231	0,191339	0,207771	0,233735	0,218222	0,220402	0,244083	0,245047	0,245253	0,182964	0,183273	0,183694	0,193104	0,119795	0,154164	0,158601	0,153746	-0,000089	0,000130	-0,000517	-0,000004	0,000768	-0,000139	-0,000384	-0,000015	-0,000560	0,000060	0,000250
375,00	0,155647	0,187415	0,185019	0,183947	0,138238	0,287719	0,209031	0,209469	0,185698	0,186743	0,187295	0,187069	0,188334	0,204358	0,230064	0,214626	0,216688	0,240022	0,241175	0,241200	0,179619	0,180243	0,180524	0,189429	0,117371	0,151199	0,155623	0,151009	-0,000004	0,000064	-0,000504	0,000039	0,000899	-0,000184	-0,000567	-0,000092	-0,000561	0,000021	0,000300
376,00	0,152376	0,184162	0,181864	0,180486	0,135864	0,284048	0,205828	0,206173	0,182442	0,183432	0,183827	0,183841	0,184900	0,200739	0,226187	0,210723	0,212835	0,236075	0,237082	0,237133	0,176365	0,176840	0,177178	0,186373	0,114670	0,148190	0,153175	0,148599	-0,000223	0,000151	-0,000259	0,000007	0,000813	-0,000023	-0,000317	-0,000136	-0,000585	0,000044	0,000318
377,00	0,149075	0,181033	0,178193	0,177080	0,133325	0,280387	0,202067	0,202649	0,179250	0,180291	0,180645	0,180576	0,181840	0,197173	0,222322	0,206946	0,209218	0,232036	0,232938	0,233198	0,173088	0,173437	0,173890	0,182798	0,112340	0,145144	0,150360	0,145872	-0,000221	0,000055	-0,000269	-0,000057	0,000693	-0,000246	-0,000376	-0,000202	-0,000730	0,000063	0,000410
378,00	0,146134	0,177756	0,174894	0,173581	0,130999	0,277211	0,198791	0,199256	0,176593	0,177295	0,177548	0,177443	0,179079	0,194127	0,218760	0,203863	0,205861	0,228279	0,228941	0,229238	0,170090	0,170428	0,170638	0,179455	0,109898	0,142237	0,147825	0,143284	-0,000254	-0,000101	-0,000431	-0,000026	0,000738	-0,000249	-0,000510	0,000039	-0,000264	0,000085	0,000362
379,00	0,143157	0,174975	0,171943	0,170336	0,128753	0,273886	0,195699	0,196036	0,173603	0,174216	0,174516	0,174552	0,176196	0,190879	0,215538	0,200416	0,202411	0,224549	0,225311	0,225476	0,166984	0,167501	0,167620	0,176483	0,107841	0,139461	0,145501	0,140977	-0,000168	-0,000057	-0,000501	-0,000081	0,000769	-0,000106	-0,000426	-0,000153	-0,000429	0,000174	-0,000009
380,00	0,140308	0,171959	0,168721	0,167273	0,126433	0,270569	0,192823	0,193151	0,170576	0,171429	0,171765	0,171615	0,173201	0,187709	0,211978	0,197073	0,199072	0,221037	0,221734	0,222095	0,164061	0,164586	0,164703	0,173201	0,105352	0,136583	0,142846	0,138470	-0,000221	0,000016	-0,000309	0,000065	0,000820	-0,000299	-0,000609	-0,000056	-0,000567	0,000037	0,000289
381,00	0,137496	0,169003	0,165700	0,164239	0,124277	0,267344	0,189832	0,190126	0,167746	0,168519	0,168808	0,168617	0,170462	0,184545	0,208675	0,193769	0,195729	0,217647	0,218246	0,218472	0,161167	0,161630	0,161930	0,170262	0,103186	0,134005	0,140567	0,136404	-0,000098	0,000021	-0,000475	0,000010	0,000805	-0,000085	-0,000553	-0,000249	-0,000696	0,000187	0,000315
382,00	0,134780	0,166004	0,162602	0,160971	0,122019	0,264312	0,186735	0,186846	0,165111	0,165922	0,166124	0,165886	0,167488	0,181554	0,205297	0,190540	0,192338	0,213945	0,214762	0,214791	0,158452	0,158779	0,158945	0,167123	0,101151	0,131407	0,138222	0,134025	-0,000048	-0,000089	-0,000482	0,000232	0,000867	-0,000201	-0,000575	-0,000046	-0,000630	-0,000042	0,000185
383,00	0,131926	0,163438	0,159593	0,158135	0,120102	0,261148	0,184002	0,184089	0,162302	0,162911	0,163277	0,162962	0,164802	0,178491	0,201966	0,187383	0,189112	0,210669	0,211240	0,211341	0,155415	0,155702	0,156121	0,164513	0,098847	0,128703	0,136191	0,132111	-0,000125	-0,000067	-0,000435	0,000018	0,000660	0,000009	-0,000372	-0,000157	-0,000628	0,000025	0,000135
384,00	0,129067	0,160414	0,156773	0,155292	0,117937	0,258140	0,180951	0,181315	0,159616	0,160202	0,160436	0,160333	0,162174	0,175730	0,198759	0,184261	0,185933	0,207327	0,207870	0,207919	0,152652	0,153092	0,153287	0,161445	0,096781	0,126214	0,133794	0,129664	-0,000065	-0,000025	-0,000456	0,000045	0,000730	-0,000105	-0,000647	-0,000058	-0,000559	-0,000226	0,000059
385,00	0,126745	0,157807	0,153856	0,152282	0,115831	0,255266	0,178060	0,178260	0,157070	0,157720	0,158005	0,157803	0,159574	0,172752	0,195967	0,181318	0,183001	0,203780	0,204404	0,204623	0,149986	0,150515	0,150680	0,158694	0,094784	0,123713	0,131634	0,127402	-0,000007	-0,000210	-0,000688	0,000168	0,000842	-0,000060	-0,000600	-0,000068	-0,000654	-0,000006	0,000132
386,00	0,124065	0,154983	0,151055	0,149460	0,113921	0,252391	0,175334	0,175603	0,154601	0,155152	0,155409	0,155210	0,157145	0,170081	0,192809	0,178590	0,179981	0,200726	0,201251	0,201394	0,147285	0,147886	0,148119	0,155961	0,092785	0,121336	0,129480	0,125484	-0,000191	-0,000173	-0,000653	0,000137	0,000879	-0,000108	-0,000476	-0,000074	-0,000601	-0,000024	0,000098
387,00	0,121454	0,152315	0,148503	0,146771	0,111965	0,249440	0,172760	0,173002	0,151891	0,152445	0,152750	0,152537	0,154575	0,167317	0,189601	0,175576	0,176941	0,197532	0,198151	0,198296	0,144976	0,145154	0,145439	0,153164	0,090734	0,118691	0,127325	0,123342	0,000006	-0,000108	-0,000460	0,000041	0,000783	-0,000121	-0,000707	-0,000018	-0,000614	-0,000178	-0,000051
388,00	0,119120	0,149763	0,145752	0,144124	0,110156	0,246691	0,170308	0,170359	0,149513	0,149975	0,150367	0,150108	0,152150	0,164708	0,186678	0,172772	0,174199	0,194374	0,195119	0,195288	0,142293	0,142621	0,142888	0,150838	0,088887	0,116458	0,125316	0,121380	-0,000037	-0,000011	-0,000379	0,000182	0,000883	-0,000035	-0,000467	-0,000145	-0,000662	-0,000125	-0,000060
389,00	0,116680	0,147058	0,143051	0,141516	0,108030	0,243799	0,167492	0,167651	0,147016	0,147617	0,147755	0,147574	0,149539	0,161895	0,183852	0,169907	0,171204	0,191358	0,192015	0,192058	0,139839	0,140145	0,140398	0,148008	0,087082	0,114068	0,123208	0,119250	-0,000026	0,000002	-0,000441	0,000244	0,000752	-0,000039	-0,000473	-0,000260	-0,000800	-0,000119	0,000039
390,00	0,114353	0,144664	0,140578	0,138964	0,106267	0,241175	0,165021	0,165145	0,144765	0,145256	0,145386	0,145265	0,147259	0,159395	0,181063	0,167338	0,168586	0,188265	0,189016	0,188973	0,137203	0,137782	0,137969	0,145464	0,085287	0,111921	0,121187	0,117349	0,000220	-0,000070	-0,000597	0,000129	0,000932	0,000041	-0,000583	-0,000260	-0,000837	-0,000184	0,000064
391,00	0,112196	0,142344	0,138187	0,136605	0,104454	0,238746	0,162801	0,162760	0,142470	0,142958	0,143001	0,142963	0,145052	0,157077	0,178439	0,164760	0,165985	0,185437	0,186230	0,186161	0,134873	0,135251	0,135438	0,143137	0,083515	0,109649	0,119282	0,115560	0,000012	0,000045	-0,000474	0,000035	0,000845	0,000045	-0,000593	-0,000273	-0,000703	-0,000145	-0,000056
392,00	0,109888	0,139931	0,135747	0,134122	0,102694	0,236338	0,160372	0,160389	0,140489	0,140535	0,140781	0,140518	0,142886	0,154803	0,175806	0,162318	0,163369	0,182601	0,183436	0,183345	0,132534	0,133014	0,133155	0,140783	0,081783	0,107575	0,117464	0,113717	0,000124	0,000087	-0,000466	-0,000038	0,000767	0,000005	-0,000603	-0,000094	-0,000504	-0,000115	-0,000014
393,00	0,107850	0,137534	0,133536	0,131834	0,101025	0,233845	0,158029	0,158153	0,138226	0,138454	0,138567	0,138466	0,140783	0,152413	0,173210	0,159751	0,160850	0,179967	0,180746	0,180666	0,130393	0,130873	0,130879	0,138507	0,080147	0,105615	0,115465	0,111902	-0,000008	0,000102	-0,000467	0,000111	0,000805	-0,000042	-0,000552	-0,000055	-0,000479	-0,000110	-0,000010
394,00	0,105816	0,135211	0,131262	0,129628	0,099282	0,231502	0,155700	0,155791	0,136083	0,136325	0,136240	0,136139	0,138625	0,150043	0,170809	0,157381	0,158283	0,177193	0,177972	0,177912	0,128086	0,128620	0,128722	0,136199	0,078561	0,103549	0,113693	0,110008	0,000103	0,000069	-0,000485	-0,000065	0,000793	0,000115	-0,000496	0,000001	-0,000565	-0,000009	-0,000005
395,00	0,103708	0,132918	0,129122	0,127277	0,097564	0,228922	0,153545	0,153517	0,134008	0,134043	0,134053	0,134094	0,136499	0,147775	0,168164	0,154891	0,155785	0,174597	0,175316	0,175351	0,125981	0,126375	0,126540	0,133973	0,076889	0,101485	0,111785	0,108099	0,000024	0,000031	-0,000437	0,000031	0,000742	0,000018	-0,000566	-0,000134	-0,000571	-0,000081	-0,000041
396,00	0,101789	0,130772	0,126901	0,125045	0,095956	0,226658	0,151228	0,151194	0,131939	0,132061	0,132058	0,132076	0,134409	0,145665	0,165899	0,152583	0,153559	0,171901	0,172519	0,172617	0,123949	0,124351	0,124500	0,131684	0,075511	0,099700	0,109975	0,106389	-0,000024	-0,000080	-0,000530	0,000122	0,000880	-0,000108	-0,000653	-0,000074	-0,000471	0,000018	0,000117
397,00	0,099797	0,128537	0,124551	0,122764	0,094288	0,224266	0,149039	0,148983	0,129951	0,130062	0,130141	0,130105	0,132476	0,143563	0,163172	0,150289	0,150990	0,169377	0,170036	0,170020	0,121969	0,122320	0,122484	0,129479	0,073830	0,097640	0,108060	0,104758	0,000183	-0,000051	-0,000491	0,000190	0,000900	-0,000159	-0,000552	0,000014	-0,000438	-0,000013	0,000006
398,00	0,097866	0,126354	0,122629	0,120739	0,092717	0,221871	0,146930	0,146867	0,128077	0,128136	0,128063	0,127923	0,130502	0,141327	0,161002	0,147946	0,148730	0,166967	0,167525	0,167537	0,119925	0,120134	0,120373	0,127332	0,072311	0,095704	0,106321	0,102999	0,000158	-0,000020	-0,000499	0,000187	0,001034	-0,000135	-0,000675	-0,000023	-0,000460	-0,000023	0,000042
399,00	0,096119	0,124349	0,120223	0,118615	0,091342	0,219462	0,144663	0,144603	0,126038	0,125911	0,126013	0,125898	0,128256	0,139268	0,158514	0,145832	0,146413	0,164350	0,164735	0,164993	0,117597	0,118161	0,118179	0,125442	0,070868	0,093837	0,104552	0,101441	0,000072	-0,000116	-0,000569	0,000077	0,000861	0,000097	-0,000593	-0,000103	-0,000517	-0,000070	-0,000040
400,00	0,094203	0,122303	0,118609	0,116737	0,089762	0,217406	0,142689	0,142724	0,124241	0,124122	0,124228	0,124127	0,126652	0,137334	0,156439	0,143589	0,144388	0,162072	0,162521	0,162673	0,115978	0,116385	0,116503	0,123378	0,069480	0,092107	0,102902	0,099774	0,000095	-0,000058	-0,000608	0,000182	0,000909	0,000082	-0,000602	-0,000149	-0,000414	0,000042	-0,000006
401,00	0,092685	0,120444	0,116440	0,114680	0,088340	0,215136	0,140541	0,140570	0,122389	0,121932	0,122171	0,122011	0,124738	0,135148	0,154222	0,141449	0,142198	0,159676	0,159974	0,160131	0,113902	0,114363	0,114346	0,121416	0,068192	0,090385	0,101432	0,098293	0,000019	-0,000211	-0,000536	0,000021	0,000828	0,000214	-0,000515	-0,000061	-0,000471	0,000054	0,000110
402,00	0,090930	0,118469	0,114670	0,112891	0,086870	0,213138	0,138568	0,138661	0,120581	0,120386	0,120444	0,120329	0,122954	0,133354	0,152073	0,139307	0,140148	0,157486	0,157765	0,158000	0,112282	0,112502	0,112569	0,119467	0,066846	0,088721	0,099789	0,096688	0,000021	-0,000130	-0,000504	0,000316	0,000887	0,000041	-0,000588	-0,000145	-0,000402	0,000103	0,000072
403,00	0,089144	0,116481	0,112785	0,110934	0,085337	0,211006	0,136605	0,136518	0,118931	0,118602	0,118667	0,118557	0,121232	0,131425	0,149854	0,137399	0,137937	0,155280	0,155584	0,155793	0,110466	0,110887	0,110946	0,117698	0,065511	0,086909	0,098291	0,095276	0,000107	-0,000180	-0,000609	0,000246	0,000946	0,000063	-0,000595	-0,000014	-0,000407	0,000040	0,000004
404,00	0,087880	0,114700	0,111013	0,109407	0,084099	0,208917	0,134825	0,134764	0,117185	0,116670	0,116741	0,116633	0,119392	0,129562	0,147846	0,135384	0,135995	0,152937	0,153328	0,153508	0,108581	0,108959	0,108908	0,115933	0,064323	0,085367	0,096684	0,093753	0,000099	-0,000224	-0,000565	-0,000087	0,000747	0,000073	-0,000487	-0,000045	-0,000417	0,000093	0,000078
405,00	0,086341	0,113061	0,109395	0,107582	0,082882	0,207067	0,132869	0,132915	0,115541	0,115043	0,114985	0,114970	0,117760	0,127713	0,145872	0,133499	0,134114	0,150838	0,151112	0,151355	0,106989	0,107228	0,107205	0,114233	0,063250	0,084055	0,095217	0,092503	-0,000049	-0,000155	-0,000556	0,000138	0,000860	0,000236	-0,000497	0,000067	-0,000385	0,000168	0,000119
406,00	0,084828	0,111369	0,107744	0,105903	0,081559	0,204962	0,130933	0,131099	0,114064	0,113305	0,113382	0,113373	0,116080	0,125941	0,143831	0,131447	0,132140	0,148723	0,149146	0,149253	0,105237	0,105577	0,105510	0,112547	0,061963	0,082465	0,093732	0,091034	-0,000028	-0,000098	-0,000440	0,000145	0,000917	0,000193	-0,000498	-0,000066	-0,000465	0,000155	0,000200
407,00	0,083316	0,109470	0,105819	0,104076	0,080192	0,203015	0,129073	0,129063	0,112255	0,111620	0,111781	0,111563	0,114348	0,124065	0,141732	0,129655	0,130046	0,146376	0,146833	0,146930	0,103472	0,103974	0,103917	0,110644	0,060680	0,080939	0,092127	0,089339	0,000030	-0,000249	-0,000480	0,000118	0,000762	0,000029	-0,000502	-0,000008	-0,000401	0,000016	0,000170
408,00	0,081820	0,107833	0,104006	0,102263	0,078823	0,200915	0,127124	0,127047	0,110483	0,109867	0,109866	0,109670	0,112575	0,122025	0,139757	0,127621	0,128080	0,143976	0,144561	0,144714	0,101716	0,102073	0,102103	0,109049	0,059494	0,079274	0,090879	0,088034	0,000126	-0,000283	-0,000682	-0,000041	0,000766	0,000200	-0,000470	-0,000010	-0,000439	0,000216	0,000177
409,00	0,080357	0,106097	0,102620	0,100741	0,077589	0,199063	0,125386	0,125312	0,108961	0,108129	0,108242	0,108109	0,111023	0,120422	0,137655	0,125781	0,126270	0,142116	0,142546	0,142750	0,100105	0,100510	0,100442	0,107364	0,058412	0,077946	0,089448	0,086715	0,000066	-0,000178	-0,000572	0,000006	0,000735	0,000207	-0,000487	-0,000043	-0,000500	0,000055	0,000176
410,00	0,079078	0,104387	0,101063	0,099340	0,076265	0,197147	0,123694	0,123655	0,107376	0,106637	0,106650	0,106535	0,109372	0,118609	0,135754	0,123995	0,124491	0,140216	0,140790	0,140725	0,098568	0,098954	0,098925	0,105623	0,057398	0,076542	0,088031	0,085334	-0,000097	-0,000103	-0,000384	-0,000017	0,000851	0,000192	-0,000444	0,000069	-0,000396	0,000153	0,000219
411,00	0,077553	0,102694	0,099308	0,097556	0,075047	0,195066	0,121668	0,121751	0,105836	0,104814	0,105043	0,104742	0,107719	0,116869	0,133657	0,122092	0,122548	0,137932	0,138558	0,138561	0,096969	0,097132	0,097163	0,104077	0,056237	0,075106	0,086669	0,084075	-0,000057	-0,000134	-0,000522	-0,000051	0,000795	0,000221	-0,000430	0,000064	-0,000359	0,000207	0,000075
412,00	0,076378	0,101071	0,097661	0,096058	0,073866	0,193127	0,119919	0,119887	0,104200	0,103402	0,103438	0,103333	0,106206	0,114968	0,131940	0,120295	0,120848	0,135877	0,136460	0,136525	0,095492	0,095759	0,095888	0,102413	0,055328	0,073969	0,085325	0,082630	-0,000179	-0,000027	-0,000575	0,000135	0,000858	0,000215	-0,000606	0,000063	-0,000376	0,000267	0,000186
413,00	0,075034	0,099412	0,096298	0,094577	0,072548	0,191353	0,118320	0,118376	0,102748	0,101776	0,101902	0,101732	0,104566	0,113353	0,129874	0,118511	0,118879	0,133979	0,134568	0,134635	0,094066	0,094297	0,094335	0,100807	0,054218	0,072593	0,083910	0,081346	-0,000128	0,000065	-0,000476	-0,000007	0,000909	0,000136	-0,000602	0,000123	-0,000403	0,000117	0,000050
414,00	0,073761	0,098043	0,094796	0,093168	0,071479	0,189263	0,116445	0,116428	0,101283	0,100123	0,100201	0,100058	0,103108	0,111676	0,128016	0,116786	0,117119	0,131961	0,132426	0,132544	0,092510	0,092607	0,092630	0,099298	0,053207	0,071329	0,082604	0,080024	-0,000074	-0,000036	-0,000584	-0,000052	0,000755	0,000114	-0,000573	0,000186	-0,000395	0,000260	0,000145
415,00	0,072398	0,096366	0,093425	0,091576	0,070267	0,187445	0,114688	0,114826	0,099674	0,098651	0,098716	0,098482	0,101453	0,109880	0,126049	0,114906	0,115362	0,130085	0,130582	0,130621	0,091058	0,091096	0,091269	0,097649	0,052196	0,069929	0,081158	0,078720	-0,000072	-0,000036	-0,000571	-0,000088	0,000693	0,000209	-0,000569	0,000158	-0,000292	0,000253	0,000207
416,00	0,071319	0,094909	0,091986	0,090124	0,069085	0,185601	0,113019	0,113156	0,098201	0,097156	0,097307	0,097063	0,099880	0,108218	0,124337	0,113174	0,113739	0,128167	0,128707	0,128683	0,089533	0,089695	0,089797	0,096306	0,051288	0,068823	0,080024	0,077424	-0,000011	0,000026	-0,000570	-0,000000	0,000717	0,000136	-0,000642	0,000097	-0,000454	0,000253	0,000288
417,00	0,069970	0,093353	0,090453	0,088640	0,067860	0,183528	0,111534	0,111365	0,096591	0,095484	0,095691	0,095570	0,098181	0,106281	0,122463	0,111344	0,112019	0,126456	0,126680	0,126839	0,088143	0,088221	0,088258	0,094617	0,050295	0,067529	0,078669	0,076146	-0,000082	0,000004	-0,000463	-0,000064	0,000763	0,000040	-0,000595	0,000092	-0,000599	0,000259	0,000214
418,00	0,068861	0,091896	0,089087	0,087365	0,066746	0,181685	0,109708	0,109871	0,095286	0,094085	0,094342	0,094078	0,096847	0,104876	0,120640	0,109715	0,110264	0,124423	0,124662	0,124827	0,086697	0,086703	0,086868	0,093240	0,049278	0,066442	0,077430	0,074958	-0,000111	0,000065	-0,000589	-0,000152	0,000673	0,000077	-0,000603	0,000086	-0,000540	0,000267	0,000210
419,00	0,067723	0,090607	0,087703	0,086018	0,065758	0,179928	0,108144	0,108323	0,093748	0,092754	0,092916	0,092646	0,095303	0,103225	0,118913	0,107921	0,108639	0,122623	0,122904	0,123118	0,085365	0,085451	0,085508	0,091925	0,048496	0,065163	0,076338	0,073819	-0,000088	0,000039	-0,000652	-0,000084	0,000786	0,000145	-0,000510	0,000131	-0,000602	0,000261	0,000180
420,00	0,066437	0,089064	0,086331	0,084678	0,064735	0,178173	0,106553	0,106550	0,092465	0,091282	0,091504	0,091354	0,093960	0,101744	0,117180	0,106269	0,106905	0,120768	0,121147	0,121169	0,084089	0,084141	0,084312	0,090432	0,047584	0,064036	0,075207	0,072591	-0,000075	-0,000058	-0,000594	-0,000059	0,000893	0,000246	-0,000663	0,000047	-0,000543	0,000283	0,000131
421,00	0,065282	0,087594	0,085179	0,083324	0,063610	0,176526	0,105063	0,105217	0,091283	0,089997	0,090100	0,089941	0,092674	0,100345	0,115315	0,104943	0,105291	0,119130	0,119356	0,119373	0,082581	0,082832	0,082854	0,088933	0,046702	0,062815	0,073988	0,071466	-0,000014	0,000095	-0,000412	0,000023	0,000836	0,000114	-0,000576	0,000190	-0,000341	0,000103	0,000024
422,00	0,064352	0,086232	0,083844	0,082075	0,062643	0,174783	0,103630	0,103712	0,089810	0,088747	0,088849	0,088643	0,091289	0,098762	0,113925	0,103365	0,103914	0,117338	0,117587	0,117670	0,081434	0,081568	0,081601	0,087773	0,045975	0,061829	0,072761	0,070437	0,000116	0,000075	-0,000492	0,000029	0,000793	0,000050	-0,000526	0,000138	-0,000439	0,000290	0,000223
423,00	0,063085	0,084801	0,082432	0,080774	0,061363	0,172717	0,102014	0,102112	0,088316	0,087059	0,087346	0,087205	0,089664	0,097122	0,111965	0,101506	0,102057	0,115404	0,115759	0,115802	0,080095	0,080221	0,080251	0,086267	0,044901	0,060490	0,071512	0,069002	-0,000080	-0,000044	-0,000523	-0,000146	0,000750	0,000042	-0,000646	0,000020	-0,000620	0,000130	0,000027
424,00	0,062003	0,083414	0,081244	0,079584	0,060342	0,171116	0,100433	0,100612	0,087139	0,085834	0,085974	0,085657	0,088520	0,095952	0,110255	0,100135	0,100604	0,113755	0,114047	0,114149	0,078796	0,078804	0,078993	0,084940	0,044117	0,059453	0,070284	0,067884	-0,000013	-0,000020	-0,000541	-0,000133	0,000650	0,000150	-0,000615	0,000300	-0,000444	0,000166	0,000117
425,00	0,060966	0,082227	0,080166	0,078299	0,059429	0,169413	0,098969	0,099250	0,085785	0,084551	0,084791	0,084553	0,087046	0,094444	0,108764	0,098567	0,099077	0,112049	0,112429	0,112452	0,077586	0,077717	0,077917	0,083783	0,043192	0,058392	0,069286	0,066893	-0,000000	-0,000075	-0,000524	-0,000106	0,000770	0,000163	-0,000648	0,000172	-0,000595	0,000059	-0,000010
426,00	0,060015	0,081022	0,078875	0,077140	0,058551	0,167843	0,097662	0,097770	0,084652	0,083402	0,083659	0,083251	0,085929	0,093222	0,107334	0,097256	0,097620	0,110503	0,110808	0,110851	0,076447	0,076634	0,076849	0,082507	0,042471	0,057445	0,068331	0,065863	0,000088	-0,000119	-0,000674	-0,000153	0,000931	0,000160	-0,000528	0,000102	-0,000500	0,000230	0,000055
427,00	0,058882	0,079784	0,077909	0,076066	0,057499	0,166406	0,096428	0,096653	0,083621	0,082205	0,082359	0,082194	0,084771	0,091951	0,105829	0,095924	0,096235	0,109079	0,109492	0,109445	0,075358	0,075492	0,075699	0,081320	0,041718	0,056424	0,067191	0,064767	0,000122	0,000062	-0,000479	0,000008	0,000809	0,000102	-0,000594	0,000191	-0,000535	0,000084	0,000082
428,00	0,057905	0,078540	0,076585	0,074955	0,056567	0,164783	0,095022	0,095264	0,082317	0,080924	0,081033	0,080871	0,083536	0,090607	0,104327	0,094400	0,094753	0,107327	0,107874	0,107795	0,074107	0,074263	0,074459	0,080044	0,040959	0,055464	0,066203	0,063716	0,000084	-0,000059	-0,000532	-0,000154	0,000755	0,000062	-0,000601	0,000152	-0,000535	0,000069	-0,000028
429,00	0,057032	0,077423	0,075623	0,073771	0,055746	0,163233	0,093748	0,093953	0,081167	0,079762	0,079917	0,079687	0,082347	0,089302	0,102948	0,093135	0,093562	0,105955	0,106405	0,106237	0,073042	0,073073	0,073375	0,078910	0,040245	0,054570	0,064954	0,062814	-0,000039	-0,000106	-0,000457	-0,000143	0,000735	0,000146	-0,000447	0,000166	-0,000565	0,000089	-0,000021
430,00	0,056025	0,076172	0,074506	0,072674	0,054801	0,161726	0,092508	0,092608	0,080080	0,078714	0,078922	0,078573	0,081313	0,088183	0,101439	0,091835	0,092079	0,104454	0,104861	0,104894	0,071973	0,072169	0,072307	0,077673	0,039470	0,053463	0,064013	0,061867	0,000108	0,000021	-0,000384	0,000031	0,000900	0,000102	-0,000510	0,000245	-0,000470	0,000040	-0,000112
431,00	0,055064	0,074987	0,073322	0,071618	0,053837	0,160087	0,091251	0,091261	0,078783	0,077456	0,077616	0,077299	0,079946	0,086780	0,100043	0,090455	0,090747	0,102904	0,103364	0,103405	0,070783	0,070950	0,071144	0,076583	0,038838	0,052550	0,062995	0,060706	0,000173	0,000002	-0,000490	-0,000091	0,000736	0,000050	-0,000629	0,000112	-0,000554	-0,000051	-0,000077
432,00	0,054231	0,073966	0,072414	0,070610	0,053022	0,158858	0,090023	0,090030	0,077835	0,076462	0,076641	0,076265	0,078929	0,085539	0,098599	0,089102	0,089501	0,101479	0,101961	0,101968	0,069879	0,069887	0,070193	0,075493	0,038033	0,051624	0,062111	0,059897	0,000220	-0,000009	-0,000503	0,000035	0,000788	0,000112	-0,000541	0,000177	-0,000440	-0,000088	-0,000122
433,00	0,053350	0,072726	0,071305	0,069637	0,052132	0,157362	0,088702	0,088858	0,076693	0,075296	0,075329	0,075093	0,077772	0,084174	0,097354	0,087875	0,088075	0,100122	0,100514	0,100540	0,068606	0,068735	0,069189	0,074309	0,037359	0,050791	0,061041	0,058795	0,000066	0,000057	-0,000489	0,000038	0,000697	0,000071	-0,000612	0,000130	-0,000521	0,000024	-0,000053
434,00	0,052329	0,071622	0,070289	0,068472	0,051154	0,155878	0,087525	0,087593	0,075627	0,074429	0,074437	0,074197	0,076664	0,083089	0,095870	0,086548	0,086811	0,098823	0,099272	0,099195	0,067736	0,067831	0,068203	0,073274	0,036654	0,049835	0,060034	0,057880	0,000220	0,000078	-0,000387	0,000076	0,000909	0,000013	-0,000666	0,000163	-0,000450	-0,000037	-0,000146
435,00	0,051486	0,070611	0,069379	0,067564	0,050367	0,154580	0,086160	0,086381	0,074590	0,073372	0,073489	0,073176	0,075616	0,082046	0,094472	0,085280	0,085516	0,097393	0,097808	0,097703	0,066827	0,066834	0,067221	0,072239	0,035974	0,048920	0,059152	0,056988	0,000269	0,000032	-0,000468	0,000096	0,000871	0,000078	-0,000522	0,000148	-0,000466	-0,000168	-0,000168
436,00	0,050716	0,069583	0,068237	0,066395	0,049437	0,153117	0,084940	0,084999	0,073417	0,072242	0,072293	0,071975	0,074429	0,080801	0,093413	0,084258	0,084342	0,095941	0,096287	0,096248	0,065618	0,065723	0,066204	0,070978	0,035495	0,048157	0,058101	0,055948	0,000157	0,000008	-0,000491	0,000078	0,000959	-0,000076	-0,000635	0,000255	-0,000379	-0,000075	-0,000061
437,00	0,049964	0,068642	0,067341	0,065531	0,048799	0,151977	0,083946	0,084074	0,072532	0,071176	0,071196	0,070991	0,073601	0,079657	0,092042	0,083028	0,083248	0,094729	0,095115	0,095117	0,064730	0,064694	0,065160	0,070109	0,034907	0,047409	0,057204	0,055171	0,000242	0,000072	-0,000458	0,000042	0,000843	0,000008	-0,000555	0,000229	-0,000382	-0,000034	-0,000053
438,00	0,049080	0,067658	0,066369	0,064570	0,047908	0,150751	0,082729	0,082894	0,071650	0,070084	0,070169	0,069931	0,072607	0,078610	0,090841	0,081877	0,082052	0,093377	0,093660	0,093770	0,063679	0,063693	0,064230	0,068940	0,034265	0,046517	0,056228	0,054275	0,000133	0,000052	-0,000512	0,000111	0,000815	-0,000039	-0,000645	0,000311	-0,000310	-0,000055	-0,000050
439,00	0,048346	0,066727	0,065487	0,063631	0,047297	0,149287	0,081655	0,081837	0,070467	0,069170	0,069213	0,068975	0,071421	0,077432	0,089671	0,080630	0,080939	0,092103	0,092403	0,092458	0,062718	0,062881	0,063309	0,068111	0,033547	0,045752	0,055423	0,053557	0,000273	0,000032	-0,000476	0,000123	0,000911	0,000132	-0,000505	0,000047	-0,000388	-0,000104	-0,000103
440,00	0,047454	0,065560	0,064618	0,062677	0,046304	0,148091	0,080588	0,080779	0,069576	0,068085	0,068225	0,068000	0,070385	0,076336	0,088490	0,079493	0,079820	0,091041	0,091274	0,091412	0,061833	0,061886	0,062426	0,067000	0,033041	0,044959	0,054556	0,052423	0,000323	0,000158	-0,000371	0,000116	0,000818	-0,000116	-0,000656	0,000159	-0,000398	-0,000063	-0,000092
441,00	0,046722	0,064752	0,063624	0,061826	0,045762	0,146839	0,079544	0,079687	0,068664	0,067223	0,067238	0,066993	0,069595	0,075395	0,087232	0,078495	0,078630	0,089708	0,089925	0,090006	0,060842	0,060908	0,061412	0,066251	0,032370	0,044165	0,053776	0,051771	0,000233	0,000092	-0,000459	0,000059	0,000822	0,000084	-0,000515	0,000202	-0,000416	-0,000142	-0,000099
442,00	0,046045	0,063866	0,062807	0,060991	0,045047	0,145695	0,078575	0,078708	0,067771	0,066321	0,066361	0,066121	0,068564	0,074269	0,086082	0,077418	0,077660	0,088590	0,088813	0,088893	0,060023	0,060060	0,060633	0,065220	0,031883	0,043499	0,052984	0,051090	0,000273	0,000220	-0,000371	0,000245	0,000876	-0,000002	-0,000547	0,000209	-0,000341	-0,000129	-0,000061
443,00	0,045298	0,063074	0,061968	0,060128	0,044340	0,144467	0,077564	0,077681	0,066836	0,065295	0,065367	0,065094	0,067620	0,073273	0,084922	0,076197	0,076472	0,087334	0,087565	0,087823	0,059091	0,059037	0,059748	0,064298	0,031272	0,042724	0,052233	0,050413	0,000291	0,000138	-0,000367	0,000078	0,000792	0,000107	-0,000489	0,000180	-0,000389	-0,000173	-0,000061
444,00	0,044613	0,062189	0,060949	0,059096	0,043604	0,143353	0,076422	0,076421	0,065901	0,064475	0,064493	0,064288	0,066780	0,072368	0,083897	0,075302	0,075439	0,086067	0,086248	0,086341	0,058199	0,058279	0,058945	0,063419	0,030745	0,042022	0,051377	0,049532	0,000228	0,000046	-0,000578	0,000193	0,000836	0,000035	-0,000533	0,000212	-0,000398	-0,000060	-0,000052
445,00	0,043831	0,061256	0,060098	0,058266	0,042919	0,142151	0,075436	0,075494	0,065036	0,063450	0,063516	0,063268	0,065924	0,071362	0,082766	0,074281	0,074442	0,084908	0,085147	0,085311	0,057370	0,057439	0,058000	0,062434	0,030201	0,041292	0,050579	0,048739	0,000229	0,000115	-0,000480	0,000150	0,000792	-0,000073	-0,000574	0,000177	-0,000318	-0,000121	-0,000185
446,00	0,043345	0,060577	0,059426	0,057585	0,042270	0,141115	0,074602	0,074693	0,064156	0,062693	0,062751	0,062432	0,064997	0,070371	0,081861	0,073249	0,073590	0,083912	0,084196	0,084282	0,056617	0,056613	0,057253	0,061642	0,029940	0,040713	0,049909	0,047996	0,000126	0,000143	-0,000397	0,000068	0,000912	0,000015	-0,000552	0,000274	-0,000281	-0,000077	0,000068
447,00	0,042530	0,059884	0,058652	0,056781	0,041646	0,139869	0,073562	0,073671	0,063367	0,061806	0,061818	0,061540	0,064088	0,069336	0,080846	0,072203	0,072485	0,082824	0,083048	0,083207	0,055603	0,055697	0,056281	0,060824	0,029256	0,039970	0,049178	0,047432	0,000362	0,000137	-0,000361	0,000189	0,000761	0,000031	-0,000522	0,000107	-0,000336	-0,000047	0,000018
448,00	0,041948	0,059121	0,057806	0,055947	0,041081	0,138786	0,072542	0,072691	0,062569	0,061099	0,061119	0,060853	0,063301	0,068491	0,079768	0,071290	0,071579	0,081612	0,081864	0,082094	0,054913	0,055070	0,055681	0,060004	0,028741	0,039282	0,048555	0,046808	0,000158	0,000137	-0,000502	0,000173	0,000874	0,000142	-0,000435	0,000176	-0,000399	-0,000084	-0,000021
449,00	0,041314	0,058398	0,056968	0,055076	0,040428	0,137877	0,071635	0,071600	0,061706	0,060157	0,060153	0,059940	0,062452	0,067633	0,078821	0,070443	0,070668	0,080557	0,080843	0,080981	0,054063	0,054254	0,054811	0,059248	0,028348	0,038866	0,047834	0,045988	0,000094	0,000060	-0,000457	0,000053	0,000795	-0,000065	-0,000525	0,000187	-0,000319	-0,000043	0,000097
450,00	0,040724	0,057660	0,056241	0,054429	0,039748	0,136709	0,070917	0,070962	0,060941	0,059463	0,059419	0,059218	0,061677	0,066693	0,077869	0,069407	0,069712	0,079643	0,079930	0,080054	0,053404	0,053552	0,054099	0,058272	0,027824	0,038038	0,047070	0,045275	0,000102	0,000132	-0,000353	0,000088	0,000828	-0,000085	-0,000593	0,000086	-0,000270	-0,000013	0,000020
451,00	0,040059	0,057068	0,055509	0,053702	0,039219	0,135705	0,070046	0,070076	0,060245	0,058578	0,058647	0,058420	0,060886	0,065978	0,076930	0,068592	0,068873	0,078574	0,078987	0,079071	0,052597	0,052826	0,053364	0,057543	0,027351	0,037441	0,046508	0,044678	-0,000012	0,000066	-0,000415	0,000172	0,000877	-0,000025	-0,000576	0,000122	-0,000319	-0,000035	-0,000003
452,00	0,039378	0,056443	0,054777	0,053010	0,038828	0,134608	0,069218	0,069214	0,059432	0,057852	0,057887	0,057552	0,059992	0,064957	0,075999	0,067541	0,067923	0,077680	0,078056	0,078019	0,051821	0,052072	0,052540	0,056842	0,026986	0,036891	0,045923	0,044145	-0,000002	0,000006	-0,000361	0,000155	0,000753	0,000123	-0,000501	0,000034	-0,000373	0,000018	0,000082
453,00	0,038849	0,055794	0,053988	0,052189	0,038223	0,133681	0,068333	0,068309	0,058591	0,057141	0,057053	0,056912	0,059298	0,064234	0,075052	0,066733	0,067028	0,076534	0,076945	0,076998	0,050980	0,051334	0,051943	0,055952	0,026357	0,036192	0,045366	0,043456	-0,000008	0,000055	-0,000422	0,000130	0,000768	0,000121	-0,000497	0,000065	-0,000312	-0,000067	0,000023
454,00	0,038190	0,055159	0,053375	0,051487	0,037541	0,132699	0,067589	0,067588	0,057957	0,056390	0,056257	0,056116	0,058418	0,063451	0,074120	0,065944	0,066114	0,075641	0,076142	0,076053	0,050224	0,050609	0,051091	0,055180	0,025917	0,035651	0,044633	0,042901	0,000028	0,000118	-0,000353	-0,000003	0,000874	0,000073	-0,000578	0,000147	-0,000327	-0,000017	0,000031
455,00	0,037709	0,054531	0,052618	0,050725	0,037138	0,131901	0,066686	0,066794	0,057228	0,055582	0,055470	0,055253	0,057812	0,062704	0,073307	0,065138	0,065467	0,074771	0,075085	0,075073	0,049561	0,049786	0,050286	0,054437	0,025668	0,035157	0,044007	0,042325	-0,000172	0,000093	-0,000311	0,000075	0,000678	0,000152	-0,000412	0,000192	-0,000238	0,000041	0,000167
456,00	0,037184	0,054112	0,051818	0,049976	0,036584	0,130950	0,066026	0,066000	0,056590	0,054831	0,054870	0,054537	0,057107	0,061901	0,072506	0,064195	0,064654	0,073812	0,074138	0,074103	0,048947	0,049143	0,049682	0,053761	0,025125	0,034649	0,043514	0,041684	-0,000093	0,000041	-0,000423	0,000101	0,000867	0,000068	-0,000517	0,000167	-0,000262	0,000157	0,000276
457,00	0,036502	0,053574	0,051279	0,049420	0,036104	0,129827	0,065161	0,065107	0,055681	0,054197	0,054167	0,053961	0,056291	0,061068	0,071582	0,063295	0,063651	0,072890	0,073242	0,073168	0,048334	0,048560	0,049122	0,053076	0,024745	0,034058	0,042960	0,041259	-0,000018	0,000101	-0,000390	0,000190	0,000791	0,000091	-0,000500	0,000016	-0,000352	0,000046	0,000061
458,00	0,035906	0,052933	0,050506	0,048657	0,035599	0,128976	0,064338	0,064275	0,055097	0,053426	0,053296	0,053168	0,055689	0,060391	0,070738	0,062670	0,062902	0,071953	0,072259	0,072250	0,047492	0,047728	0,048349	0,052209	0,024329	0,033417	0,042333	0,040599	-0,000121	0,000019	-0,000427	0,000050	0,000768	0,000119	-0,000603	0,000181	-0,000331	0,000108	0,000076
459,00	0,035383	0,052588	0,049872	0,048088	0,035184	0,128125	0,063775	0,063596	0,054381	0,052772	0,052745	0,052570	0,055056	0,059517	0,070028	0,061876	0,062126	0,071224	0,071365	0,071328	0,046896	0,047060	0,047690	0,051603	0,024024	0,033041	0,041895	0,040097	-0,000152	0,000042	-0,000427	-0,000001	0,000697	0,000149	-0,000523	0,000160	-0,000354	0,000208	0,000183
460,00	0,034860	0,052114	0,049115	0,047244	0,034722	0,127301	0,062794	0,062755	0,053798	0,051993	0,051883	0,051757	0,054383	0,058970	0,069141	0,061194	0,061364	0,070170	0,070432	0,070412	0,046195	0,046334	0,046935	0,050898	0,023582	0,032409	0,041289	0,039525	-0,000106	-0,000010	-0,000504	0,000043	0,000688	0,000049	-0,000562	0,000235	-0,000272	0,000207	0,000183
461,00	0,034207	0,051544	0,048384	0,046590	0,034222	0,126422	0,062075	0,062047	0,053111	0,051425	0,051293	0,051112	0,053666	0,058178	0,068197	0,060247	0,060539	0,069408	0,069611	0,069577	0,045553	0,045706	0,046285	0,050196	0,023123	0,031939	0,040811	0,038981	-0,000120	-0,000028	-0,000455	0,000042	0,000744	0,000054	-0,000520	0,000108	-0,000318	0,000129	0,000125
462,00	0,033740	0,051153	0,047879	0,046001	0,033872	0,125465	0,061405	0,061301	0,052475	0,050780	0,050755	0,050521	0,052974	0,057523	0,067470	0,059612	0,059905	0,068583	0,068801	0,068685	0,044993	0,045129	0,045736	0,049555	0,022807	0,031452	0,040386	0,038527	-0,000048	0,000020	-0,000367	0,000084	0,000835	0,000208	-0,000523	0,000011	-0,000429	0,000210	0,000243
463,00	0,033235	0,050709	0,047218	0,045263	0,033347	0,124676	0,060583	0,060503	0,051907	0,050216	0,050189	0,049904	0,052401	0,056873	0,066700	0,058882	0,059082	0,067632	0,067714	0,067721	0,044399	0,044505	0,045061	0,048901	0,022381	0,030852	0,039963	0,038137	-0,000081	-0,000018	-0,000538	0,000210	0,000840	0,000109	-0,000543	0,000104	-0,000376	0,000256	0,000216
464,00	0,032757	0,050333	0,046586	0,044740	0,032936	0,123865	0,060014	0,059859	0,051333	0,049513	0,049363	0,049243	0,051725	0,056221	0,065885	0,058123	0,058377	0,066818	0,067013	0,066921	0,043791	0,043812	0,044351	0,048316	0,021997	0,030386	0,039197	0,037590	-0,000188	-0,000032	-0,000450	-0,000031	0,000685	0,000138	-0,000609	0,000134	-0,000467	0,000239	0,000121
465,00	0,032160	0,049780	0,046083	0,044290	0,032549	0,122992	0,059315	0,059209	0,050709	0,048892	0,048569	0,048630	0,051204	0,055513	0,065159	0,057544	0,057681	0,066111	0,066192	0,066179	0,043074	0,043279	0,043702	0,047733	0,021649	0,029991	0,038867	0,037068	-0,000114	0,000019	-0,000404	-0,000032	0,000638	0,000102	-0,000491	0,000137	-0,000405	0,000287	0,000211
466,00	0,031743	0,049355	0,045369	0,043606	0,032053	0,122168	0,058726	0,058541	0,050046	0,048339	0,048123	0,048028	0,050499	0,054855	0,064404	0,056701	0,056991	0,065346	0,065536	0,065422	0,042493	0,042617	0,043152	0,047047	0,021303	0,029439	0,038349	0,036540	-0,000162	0,000061	-0,000420	0,000047	0,000776	0,000012	-0,000560	0,000047	-0,000443	0,000219	0,000175
467,00	0,031163	0,049125	0,044811	0,043016	0,031757	0,121365	0,057971	0,057810	0,049468	0,047892	0,047622	0,047554	0,049948	0,054178	0,063511	0,056043	0,056159	0,064405	0,064584	0,064496	0,042058	0,042115	0,042654	0,046487	0,020869	0,028927	0,037949	0,036300	-0,000217	-0,000064	-0,000466	0,000111	0,000791	0,000168	-0,000555	0,000067	-0,000501	0,000171	0,000111
468,00	0,030565	0,048672	0,044234	0,042348	0,031405	0,120630	0,057294	0,057097	0,049029	0,047239	0,046993	0,047011	0,049450	0,053744	0,062762	0,055397	0,055452	0,063696	0,063769	0,063734	0,041471	0,041571	0,042122	0,045718	0,020496	0,028430	0,037430	0,035668	-0,000110	-0,000040	-0,000525	0,000095	0,000777	0,000051	-0,000566	0,000118	-0,000406	0,000059	0,000065
469,00	0,029998	0,048412	0,043665	0,041731	0,031051	0,119720	0,056563	0,056339	0,048332	0,046595	0,046360	0,046348	0,048748	0,052970	0,062018	0,054621	0,054675	0,062788	0,063097	0,062913	0,040800	0,040970	0,041444	0,045215	0,020059	0,027864	0,036990	0,035277	-0,000154	-0,000010	-0,000551	-0,000012	0,000782	0,000184	-0,000577	0,000082	-0,000487	0,000082	0,000042
470,00	0,029563	0,048098	0,043125	0,041280	0,030739	0,119012	0,056116	0,055850	0,047822	0,046049	0,045760	0,045773	0,048189	0,052359	0,061344	0,054122	0,053979	0,062160	0,062388	0,062253	0,040332	0,040426	0,040862	0,044745	0,019756	0,027437	0,036602	0,035013	-0,000062	0,000065	-0,000486	0,000013	0,000719	0,000231	-0,000471	0,000244	-0,000451	0,000162	0,000044
471,00	0,029198	0,047771	0,042586	0,040777	0,030375	0,118212	0,055402	0,055164	0,047265	0,045505	0,045236	0,045231	0,047642	0,051764	0,060750	0,053485	0,053463	0,061459	0,061792	0,061601	0,039734	0,039873	0,040300	0,044144	0,019528	0,027064	0,036185	0,034497	-0,000057	0,000130	-0,000502	0,000002	0,000744	0,000110	-0,000490	0,000147	-0,000465	0,000188	0,000157
472,00	0,028740	0,047640	0,041890	0,040076	0,030090	0,117394	0,054714	0,054544	0,046774	0,045051	0,044850	0,044804	0,047013	0,051118	0,060063	0,052767	0,052831	0,060581	0,061004	0,060762	0,039295	0,039451	0,039787	0,043523	0,019025	0,026597	0,035831	0,034235	0,000020	0,000012	-0,000596	-0,000016	0,000736	0,000305	-0,000543	-0,000005	-0,000544	0,000199	0,000034
473,00	0,028234	0,047488	0,041593	0,039688	0,029841	0,116810	0,054289	0,054081	0,046339	0,044467	0,044265	0,044142	0,046664	0,050712	0,059396	0,052272	0,052151	0,060041	0,060381	0,060277	0,038757	0,038942	0,039182	0,043099	0,018735	0,026045	0,035518	0,033938	-0,000023	0,000074	-0,000560	0,000024	0,000714	0,000276	-0,000468	0,000016	-0,000494	0,000137	0,000007
474,00	0,027928	0,047251	0,040971	0,039197	0,029580	0,116029	0,053654	0,053476	0,045886	0,043967	0,043810	0,043736	0,046147	0,050144	0,058858	0,051755	0,051640	0,059322	0,059725	0,059565	0,038301	0,038476	0,038716	0,042591	0,018587	0,025775	0,035194	0,033556	-0,000137	0,000029	-0,000472	-0,000041	0,000671	0,000163	-0,000532	-0,000004	-0,000520	0,000196	0,000077
475,00	0,027447	0,047125	0,040451	0,038642	0,029254	0,115379	0,053023	0,052842	0,045419	0,043620	0,043336	0,043255	0,045739	0,049661	0,058138	0,051126	0,050973	0,058563	0,059010	0,058768	0,037743	0,037989	0,038272	0,042082	0,018187	0,025338	0,034866	0,033237	-0,000006	-0,000081	-0,000631	-0,000012	0,000716	0,000195	-0,000551	0,000074	-0,000501	0,000184	0,000037
476,00	0,027084	0,047020	0,040019	0,038316	0,029089	0,114747	0,052629	0,052428	0,045121	0,043093	0,042850	0,042788	0,045260	0,049110	0,057726	0,050716	0,050592	0,058105	0,058356	0,058277	0,037316	0,037632	0,037776	0,041695	0,017979	0,025001	0,034574	0,033004	0,000057	0,000075	-0,000516	0,000059	0,000825	0,000221	-0,000525	0,000168	-0,000387	0,000246	0,000128
477,00	0,026523	0,047055	0,039601	0,037761	0,028842	0,114007	0,052099	0,051863	0,044645	0,042661	0,042409	0,042320	0,044787	0,048625	0,056977	0,050154	0,049963	0,057330	0,057707	0,057635	0,036762	0,037034	0,037320	0,041170	0,017608	0,024433	0,034290	0,032728	0,000083	-0,000007	-0,000564	0,000007	0,000691	0,000224	-0,000501	0,000123	-0,000505	0,000146	0,000021
478,00	0,026180	0,046993	0,039113	0,037238	0,028627	0,113368	0,051572	0,051387	0,044197	0,042188	0,041943	0,041833	0,044397	0,048147	0,056448	0,049611	0,049393	0,056747	0,057094	0,057035	0,036379	0,036639	0,036855	0,040654	0,017344	0,024090	0,033987	0,032462	0,000081	-0,000063	-0,000547	-0,000028	0,000619	0,000182	-0,000542	0,000200	-0,000470	0,000142	0,000033
479,00	0,025761	0,046956	0,038757	0,036933	0,028373	0,112730	0,051058	0,050891	0,043693	0,041862	0,041600	0,041496	0,043864	0,047579	0,055845	0,048984	0,048849	0,056297	0,056593	0,056595	0,035970	0,036257	0,036478	0,040211	0,016975	0,023644	0,033651	0,032099	0,000111	0,000191	-0,000533	0,000076	0,000772	0,000207	-0,000538	0,000063	-0,000517	0,000129	-0,000090
480,00	0,025418	0,047085	0,038281	0,036434	0,028351	0,112245	0,050630	0,050345	0,043396	0,041482	0,041172	0,041117	0,043511	0,047203	0,055378	0,048708	0,048406	0,055712	0,055844	0,055843	0,035582	0,035874	0,036020	0,039750	0,016785	0,023330	0,033572	0,031940	0,000122	0,000114	-0,000604	0,000019	0,000704	0,000232	-0,000586	0,000151	-0,000463	0,000142	0,000049
481,00	0,025077	0,047239	0,037885	0,036007	0,028160	0,111485	0,050227	0,049988	0,042947	0,041034	0,040753	0,040685	0,043153	0,046722	0,054807	0,048116	0,047815	0,055193	0,055214	0,055360	0,035246	0,035543	0,035594	0,039344	0,016595	0,022959	0,033333	0,031712	0,000111	0,000062	-0,000582	0,000110	0,000781	0,000285	-0,000508	0,000108	-0,000429	0,000134	-0,000006
482,00	0,024630	0,047218	0,037643	0,035698	0,027946	0,110963	0,049813	0,049557	0,042616	0,040681	0,040450	0,040282	0,042754	0,046397	0,054292	0,047754	0,047345	0,054680	0,054826	0,054764	0,034909	0,035027	0,035148	0,038895	0,016290	0,022622	0,033157	0,031533	0,000178	0,000206	-0,000446	0,000113	0,000739	0,000266	-0,000484	0,000132	-0,000443	0,000079	-0,000104
483,00	0,024295	0,047253	0,037291	0,035333	0,027821	0,110306	0,049465	0,049182	0,042262	0,040214	0,040042	0,039874	0,042297	0,045788	0,053704	0,047185	0,046940	0,054255	0,054356	0,054395	0,034361	0,034628	0,034660	0,038439	0,015939	0,022206	0,032862	0,031291	0,000056	0,000252	-0,000406	0,000139	0,000674	0,000161	-0,000588	0,000167	-0,000536	0,000101	-0,000074
484,00	0,023919	0,047290	0,036901	0,034935	0,027703	0,109812	0,049054	0,048794	0,041896	0,039976	0,039704	0,039556	0,041963	0,045403	0,053313	0,046788	0,046406	0,053791	0,053779	0,053926	0,034061	0,034276	0,034391	0,038049	0,015820	0,021923	0,032761	0,031038	0,000131	0,000298	-0,000369	0,000227	0,000747	0,000227	-0,000499	0,000137	-0,000552	0,000098	-0,000045
485,00	0,023598	0,047400	0,036546	0,034543	0,027515	0,109081	0,048583	0,048341	0,041654	0,039575	0,039305	0,039242	0,041561	0,045050	0,052881	0,046437	0,046033	0,053208	0,053311	0,053300	0,033654	0,033857	0,033956	0,037594	0,015577	0,021575	0,032500	0,030896	0,000140	0,000235	-0,000410	0,000152	0,000802	0,000303	-0,000542	0,000138	-0,000525	0,000252	0,000077
486,00	0,023168	0,047269	0,036123	0,034104	0,027329	0,108533	0,048075	0,047906	0,041146	0,039088	0,038954	0,038741	0,041110	0,044556	0,052244	0,045859	0,045390	0,052653	0,052751	0,052760	0,033345	0,033469	0,033555	0,037304	0,015278	0,021136	0,032277	0,030681	0,000137	0,000266	-0,000443	0,000157	0,000765	0,000375	-0,000430	0,000026	-0,000455	0,000088	-0,000116
487,00	0,022915	0,047092	0,035858	0,033776	0,027161	0,107984	0,047719	0,047492	0,040772	0,038708	0,038554	0,038430	0,040736	0,044117	0,051784	0,045341	0,045045	0,052193	0,052290	0,052316	0,032854	0,033023	0,033105	0,036862	0,015060	0,020860	0,032031	0,030342	0,000229	0,000276	-0,000344	0,000233	0,000757	0,000346	-0,000533	0,000109	-0,000511	0,000205	-0,000043
488,00	0,022584	0,046771	0,035483	0,033477	0,026851	0,107302	0,047309	0,047091	0,040398	0,038524	0,038223	0,038162	0,040392	0,043688	0,051344	0,045011	0,044613	0,051698	0,051724	0,051815	0,032677	0,032740	0,032806	0,036395	0,014910	0,020601	0,031769	0,029968	0,000085	0,000314	-0,000371	0,000248	0,000797	0,000262	-0,000598	0,000103	-0,000404	0,000160	-0,000035
489,00	0,022274	0,046575	0,035068	0,033071	0,026662	0,106782	0,046927	0,046695	0,040087	0,037974	0,037795	0,037613	0,039974	0,043262	0,050844	0,044609	0,044157	0,051181	0,051231	0,051339	0,032164	0,032326	0,032434	0,036166	0,014716	0,020240	0,031609	0,029821	0,000136	0,000245	-0,000385	0,000151	0,000759	0,000319	-0,000413	0,000106	-0,000419	0,000119	0,000019
490,00	0,022077	0,046017	0,034715	0,032740	0,026237	0,106276	0,046567	0,046219	0,039767	0,037645	0,037462	0,037236	0,039657	0,042991	0,050437	0,044176	0,043783	0,050601	0,050774	0,050792	0,031850	0,031999	0,032037	0,035550	0,014581	0,020058	0,031061	0,029450	0,000135	0,000270	-0,000401	0,000273	0,000822	0,000316	-0,000553	0,000156	-0,000426	0,000212	0,000083
491,00	0,021638	0,045510	0,034238	0,032354	0,026119	0,105618	0,046061	0,045805	0,039319	0,037361	0,037108	0,036916	0,039201	0,042316	0,049869	0,043618	0,043254	0,050151	0,050291	0,050176	0,031582	0,031658	0,031789	0,035361	0,014272	0,019722	0,030808	0,029280	0,000223	0,000229	-0,000353	0,000337	0,000921	0,000417	-0,000351	0,000104	-0,000483	0,000149	-0,000015
492,00	0,021360	0,044653	0,033878	0,031948	0,025669	0,104988	0,045654	0,045335	0,038850	0,036876	0,036649	0,036506	0,038782	0,041925	0,049373	0,043200	0,042781	0,049568	0,049706	0,049683	0,031130	0,031180	0,031301	0,034853	0,014005	0,019382	0,030321	0,028646	0,000119	0,000160	-0,000411	0,000191	0,000792	0,000360	-0,000539	0,000070	-0,000439	0,000183	-0,000001
493,00	0,021048	0,043942	0,033489	0,031577	0,025238	0,104410	0,045108	0,044791	0,038665	0,036484	0,036275	0,036157	0,038351	0,041586	0,048901	0,042767	0,042298	0,048917	0,049246	0,049108	0,030686	0,030781	0,030945	0,034469	0,013802	0,019138	0,029943	0,028296	0,000047	0,000193	-0,000476	0,000121	0,000646	0,000368	-0,000581	0,000143	-0,000356	0,000129	0,000011
494,00	0,020867	0,042987	0,033136	0,031274	0,024859	0,103872	0,044657	0,044450	0,038228	0,036160	0,035906	0,035799	0,037969	0,041136	0,048449	0,042390	0,041917	0,048479	0,048822	0,048667	0,030453	0,030541	0,030614	0,034200	0,013648	0,018821	0,029554	0,027893	0,000171	0,000138	-0,000500	0,000188	0,000828	0,000335	-0,000439	0,000184	-0,000306	0,000112	0,000008
495,00	0,020411	0,041902	0,032907	0,030820	0,024360	0,103319	0,044256	0,044013	0,037786	0,035749	0,035496	0,035337	0,037556	0,040753	0,047905	0,041808	0,041398	0,047998	0,048250	0,048179	0,030064	0,030112	0,030275	0,033730	0,013437	0,018516	0,028941	0,027400	0,000117	0,000192	-0,000387	0,000231	0,000787	0,000333	-0,000645	0,000154	-0,000277	0,000101	-0,000031
496,00	0,020166	0,041072	0,032596	0,030479	0,024046	0,102647	0,043779	0,043594	0,037347	0,035384	0,035123	0,034972	0,037124	0,040225	0,047393	0,041406	0,041082	0,047491	0,047709	0,047547	0,029727	0,029806	0,029980	0,033433	0,013227	0,018221	0,028591	0,027147	0,000204	0,000124	-0,000411	0,000242	0,000821	0,000429	-0,000473	0,000021	-0,000395	0,000064	-0,000020
497,00	0,019891	0,039823	0,032166	0,030174	0,023475	0,102101	0,043287	0,043107	0,037054	0,034915	0,034720	0,034629	0,036814	0,039832	0,046953	0,040985	0,040581	0,046892	0,047234	0,047058	0,029350	0,029488	0,029561	0,032931	0,013029	0,018075	0,028033	0,026566	0,000142	0,000039	-0,000475	0,000217	0,000748	0,000267	-0,000462	0,000175	-0,000390	0,000076	0,000062
498,00	0,019668	0,038781	0,031784	0,029689	0,023105	0,101611	0,042880	0,042647	0,036760	0,034614	0,034437	0,034263	0,036479	0,039487	0,046523	0,040700	0,040277	0,046270	0,046670	0,046570	0,029078	0,029191	0,029267	0,032627	0,012968	0,017817	0,027498	0,026082	0,000145	-0,000043	-0,000550	0,000270	0,000854	0,000355	-0,000520	0,000146	-0,000220	0,000138	0,000094
499,00	0,019367	0,037681	0,031593	0,029372	0,022658	0,100966	0,042484	0,042268	0,036354	0,034140	0,033939	0,033804	0,036106	0,039051	0,046056	0,040189	0,039820	0,045906	0,046250	0,046036	0,028729	0,028679	0,028857	0,032261	0,012788	0,017509	0,027021	0,025674	0,000088	0,000085	-0,000432	0,000164	0,000777	0,000385	-0,000418	0,000128	-0,000277	-0,000016	0,000019
500,00	0,019028	0,036408	0,031171	0,029140	0,022174	0,100342	0,042069	0,041867	0,035946	0,033767	0,033567	0,033321	0,035679	0,038574	0,045510	0,039651	0,039336	0,045408	0,045676	0,045467	0,028337	0,028335	0,028450	0,031895	0,012492	0,017259	0,026421	0,025200	0,000043	-0,000016	-0,000491	0,000151	0,000718	0,000399	-0,000609	0,000143	-0,000318	0,000070	-0,000037
501,00	0,018920	0,035435	0,030863	0,028815	0,021801	0,099644	0,041594	0,041357	0,035498	0,033544	0,033296	0,033071	0,035240	0,038060	0,045163	0,039257	0,039082	0,044876	0,045153	0,045002	0,028118	0,028104	0,028291	0,031524	0,012517	0,017133	0,025971	0,024731	0,000067	0,000024	-0,000516	0,000279	0,000865	0,000426	-0,000574	0,000092	-0,000315	0,000185	0,000105
502,00	0,018654	0,034378	0,030452	0,028399	0,021265	0,099094	0,041116	0,040931	0,035228	0,033174	0,033001	0,032775	0,034886	0,037823	0,044601	0,038920	0,038576	0,044375	0,044610	0,044521	0,027783	0,027816	0,028104	0,031160	0,012234	0,016784	0,025462	0,024203	0,000026	0,000086	-0,000573	0,000288	0,000949	0,000347	-0,000564	0,000158	-0,000299	0,000147	-0,000034
503,00	0,018365	0,033340	0,030188	0,028152	0,020689	0,098738	0,040706	0,040447	0,034968	0,032695	0,032592	0,032339	0,034590	0,037515	0,044062	0,038583	0,038139	0,044044	0,044218	0,044028	0,027416	0,027520	0,027732	0,030804	0,012014	0,016519	0,024999	0,023823	0,000050	-0,000046	-0,000470	0,000232	0,000856	0,000270	-0,000535	0,000242	-0,000178	0,000050	-0,000039
504,00	0,018179	0,032560	0,029861	0,027679	0,020501	0,098066	0,040264	0,040037	0,034427	0,032397	0,032233	0,031962	0,034064	0,036950	0,043678	0,038084	0,037831	0,043611	0,043660	0,043519	0,027180	0,027182	0,027245	0,030666	0,011918	0,016335	0,024754	0,023520	0,000090	-0,000107	-0,000598	0,000337	0,000891	0,000410	-0,000462	0,000057	-0,000263	0,000071	0,000054
505,00	0,017981	0,031555	0,029609	0,027458	0,020064	0,097467	0,039933	0,039687	0,034111	0,032024	0,031802	0,031615	0,033748	0,036563	0,043238	0,037655	0,037452	0,043134	0,043216	0,043151	0,026802	0,026845	0,027012	0,030233	0,011696	0,016018	0,024205	0,023059	0,000036	0,000047	-0,000396	0,000271	0,000881	0,000407	-0,000475	0,000085	-0,000323	0,000107	0,000056
506,00	0,017681	0,030772	0,029214	0,027066	0,019695	0,096794	0,039453	0,039175	0,033686	0,031576	0,031350	0,031146	0,033301	0,036112	0,042793	0,037188	0,037016	0,042595	0,042710	0,042531	0,026446	0,026525	0,026592	0,029873	0,011600	0,015812	0,023726	0,022617	-0,000037	-0,000048	-0,000583	0,000198	0,000823	0,000430	-0,000508	0,000025	-0,000287	0,000039	0,000123
507,00	0,017457	0,030008	0,028918	0,026779	0,019316	0,096361	0,039029	0,038838	0,033327	0,031166	0,031088	0,030932	0,033002	0,035751	0,042279	0,036848	0,036659	0,042170	0,042244	0,042135	0,026150	0,026210	0,026354	0,029490	0,011482	0,015783	0,023409	0,022182	-0,000023	-0,000006	-0,000525	0,000234	0,000867	0,000430	-0,000465	0,000024	-0,000186	0,000141	0,000119
508,00	0,017246	0,029204	0,028604	0,026550	0,018922	0,095834	0,038736	0,038431	0,032979	0,030873	0,030693	0,030443	0,032596	0,035381	0,041847	0,036416	0,036338	0,041760	0,041895	0,041705	0,025795	0,025972	0,025936	0,029204	0,011242	0,015455	0,022953	0,021820	-0,000115	0,000041	-0,000437	0,000212	0,000852	0,000433	-0,000505	0,000197	-0,000194	0,000188	0,000132
509,00	0,017064	0,028437	0,028320	0,026220	0,018507	0,095326	0,038272	0,038113	0,032675	0,030697	0,030508	0,030304	0,032273	0,034960	0,041441	0,036062	0,035858	0,041339	0,041502	0,041250	0,025770	0,025807	0,025862	0,028902	0,011145	0,015212	0,022470	0,021401	-0,000028	0,000110	-0,000517	0,000348	0,000994	0,000354	-0,000620	0,000173	-0,000165	0,000012	0,000091
510,00	0,016782	0,027815	0,027960	0,025853	0,018194	0,094715	0,037892	0,037652	0,032384	0,030237	0,030105	0,029927	0,031923	0,034509	0,040980	0,035639	0,035500	0,040809	0,040944	0,040764	0,025317	0,025362	0,025463	0,028448	0,010965	0,014999	0,022171	0,021154	-0,000119	0,000068	-0,000586	0,000284	0,000847	0,000362	-0,000575	0,000114	-0,000185	0,000064	0,000103
511,00	0,016548	0,027193	0,027745	0,025670	0,017845	0,094228	0,037582	0,037302	0,032078	0,029802	0,029676	0,029407	0,031657	0,034183	0,040536	0,035338	0,035159	0,040460	0,040691	0,040503	0,024914	0,025185	0,025194	0,028079	0,010845	0,014803	0,021786	0,020721	-0,000051	0,000162	-0,000414	0,000273	0,000865	0,000401	-0,000553	0,000249	-0,000127	0,000069	0,000170
512,00	0,016352	0,026554	0,027415	0,025250	0,017594	0,093689	0,037078	0,036879	0,031567	0,029579	0,029357	0,029170	0,031114	0,033731	0,040056	0,034818	0,034742	0,039990	0,040254	0,039989	0,024744	0,024847	0,024895	0,027817	0,010680	0,014659	0,021377	0,020348	-0,000069	0,000142	-0,000496	0,000335	0,001005	0,000309	-0,000608	0,000139	-0,000225	0,000075	0,000143
513,00	0,016127	0,026035	0,027141	0,024979	0,017226	0,093161	0,036738	0,036436	0,031231	0,029196	0,029034	0,028817	0,030746	0,033399	0,039620	0,034444	0,034358	0,039583	0,039824	0,039607	0,024342	0,024564	0,024559	0,027485	0,010532	0,014340	0,021035	0,020114	0,000000	0,000167	-0,000452	0,000278	0,000877	0,000351	-0,000633	0,000122	-0,000219	0,000058	0,000128
514,00	0,015918	0,025473	0,026847	0,024722	0,016932	0,092549	0,036344	0,036179	0,030940	0,028769	0,028591	0,028424	0,030437	0,032928	0,039158	0,034089	0,033988	0,039139	0,039388	0,039151	0,024049	0,024266	0,024220	0,027189	0,010402	0,014196	0,020683	0,019688	0,000024	0,000189	-0,000417	0,000215	0,000892	0,000383	-0,000629	0,000161	-0,000268	0,000141	0,000243
515,00	0,015679	0,025042	0,026565	0,024439	0,016668	0,092052	0,035934	0,035738	0,030633	0,028522	0,028322	0,028160	0,030102	0,032623	0,038649	0,033664	0,033555	0,038657	0,038981	0,038717	0,023764	0,023942	0,023960	0,026890	0,010147	0,013848	0,020357	0,019501	0,000011	0,000181	-0,000351	0,000233	0,000896	0,000369	-0,000539	0,000217	-0,000187	0,000034	0,000127
516,00	0,015493	0,024549	0,026280	0,024230	0,016370	0,091552	0,035596	0,035474	0,030233	0,028078	0,027987	0,027780	0,029755	0,032229	0,038275	0,033267	0,033182	0,038334	0,038663	0,038338	0,023501	0,023772	0,023614	0,026527	0,010004	0,013697	0,020169	0,019275	-0,000080	0,000311	-0,000407	0,000204	0,000854	0,000328	-0,000594	0,000167	-0,000188	0,000127	0,000152
517,00	0,015318	0,024209	0,026111	0,024017	0,016120	0,091060	0,035316	0,035167	0,029893	0,027821	0,027729	0,027437	0,029467	0,031838	0,037934	0,032923	0,032877	0,038061	0,038358	0,038055	0,023307	0,023544	0,023460	0,026381	0,009882	0,013537	0,019739	0,018914	-0,000045	0,000403	-0,000426	0,000275	0,000961	0,000359	-0,000590	0,000089	-0,000288	0,000114	0,000103
518,00	0,015121	0,023622	0,025922	0,023826	0,015842	0,090515	0,034991	0,034745	0,029685	0,027534	0,027325	0,027179	0,029104	0,031534	0,037556	0,032543	0,032611	0,037653	0,037962	0,037610	0,023049	0,023102	0,023126	0,025961	0,009727	0,013318	0,019446	0,018690	0,000016	0,000400	-0,000308	0,000252	0,000824	0,000311	-0,000634	0,000182	-0,000232	0,000058	0,000175
519,00	0,014995	0,023314	0,025457	0,023454	0,015475	0,090149	0,034585	0,034439	0,029421	0,027140	0,026959	0,026853	0,028887	0,031153	0,037278	0,032316	0,032238	0,037198	0,037481	0,037210	0,022759	0,022777	0,022728	0,025742	0,009729	0,013305	0,019097	0,018407	0,000054	0,000272	-0,000436	0,000159	0,000823	0,000316	-0,000608	0,000138	-0,000255	0,000115	0,000246
520,00	0,014700	0,022998	0,025167	0,023188	0,015294	0,089676	0,034124	0,034006	0,029080	0,026850	0,026636	0,026614	0,028530	0,030891	0,036847	0,031888	0,031906	0,036736	0,037048	0,036834	0,022380	0,022539	0,022521	0,025444	0,009529	0,012970	0,018975	0,018216	0,000017	0,000292	-0,000471	0,000191	0,000794	0,000362	-0,000570	0,000047	-0,000299	0,000138	0,000146
521,00	0,014667	0,022556	0,025042	0,022980	0,015111	0,089268	0,033931	0,033747	0,028824	0,026637	0,026410	0,026268	0,028265	0,030600	0,036551	0,031677	0,031662	0,036446	0,036572	0,036535	0,022131	0,022272	0,022247	0,025088	0,009519	0,012923	0,018537	0,017864	0,000050	0,000334	-0,000323	0,000212	0,000891	0,000326	-0,000629	0,000226	-0,000196	0,000245	0,000329
522,00	0,014420	0,022210	0,024712	0,022710	0,014878	0,088785	0,033660	0,033428	0,028485	0,026346	0,026146	0,026017	0,027985	0,030245	0,036086	0,031318	0,031232	0,035996	0,036283	0,036139	0,021885	0,021957	0,021951	0,024823	0,009317	0,012727	0,018257	0,017644	0,000122	0,000391	-0,000351	0,000242	0,000918	0,000283	-0,000769	0,000192	-0,000217	0,000176	0,000260
523,00	0,014230	0,021937	0,024468	0,022514	0,014649	0,088345	0,033302	0,033138	0,028372	0,026076	0,025852	0,025781	0,027758	0,030037	0,035692	0,031131	0,030873	0,035715	0,035929	0,035910	0,021688	0,021694	0,021773	0,024550	0,009014	0,012434	0,018072	0,017520	-0,000051	0,000358	-0,000329	0,000278	0,000873	0,000360	-0,000676	0,000279	-0,000180	0,000093	0,000103
524,00	0,014115	0,021627	0,024226	0,022212	0,014465	0,087839	0,032927	0,032774	0,027905	0,025827	0,025603	0,025465	0,027309	0,029566	0,035448	0,030695	0,030632	0,035320	0,035539	0,035455	0,021419	0,021551	0,021524	0,024325	0,009000	0,012323	0,017784	0,017219	-0,000053	0,000272	-0,000454	0,000216	0,000782	0,000346	-0,000577	0,000128	-0,000279	0,000172	0,000241
525,00	0,013895	0,021332	0,023929	0,021931	0,014196	0,087465	0,032583	0,032415	0,027669	0,025464	0,025307	0,025081	0,027140	0,029245	0,035018	0,030422	0,030194	0,035004	0,035136	0,035130	0,021137	0,021176	0,021221	0,024157	0,008911	0,012069	0,017584	0,016991	0,000121	0,000356	-0,000489	0,000268	0,000822	0,000357	-0,000716	0,000128	-0,000214	0,000148	0,000211
526,00	0,013733	0,021140	0,023793	0,021804	0,014161	0,087106	0,032326	0,032215	0,027574	0,025219	0,025012	0,024750	0,026964	0,029021	0,034662	0,030160	0,029926	0,034617	0,034684	0,034790	0,020793	0,020887	0,020924	0,023881	0,008746	0,011901	0,017493	0,016827	-0,000040	0,000341	-0,000411	0,000208	0,000826	0,000447	-0,000582	0,000227	-0,000275	0,000173	0,000252
527,00	0,013497	0,020887	0,023383	0,021416	0,013919	0,086655	0,032030	0,031793	0,027261	0,024874	0,024670	0,024590	0,026729	0,028897	0,034313	0,029959	0,029619	0,034258	0,034410	0,034443	0,020621	0,020726	0,020703	0,023664	0,008532	0,011754	0,017187	0,016576	0,000059	0,000272	-0,000414	0,000194	0,000801	0,000327	-0,000557	0,000314	-0,000200	0,000104	0,000105
528,00	0,013407	0,020628	0,023260	0,021252	0,013766	0,086213	0,031700	0,031597	0,026985	0,024776	0,024469	0,024334	0,026346	0,028423	0,034114	0,029624	0,029299	0,034047	0,034063	0,034138	0,020390	0,020443	0,020457	0,023440	0,008439	0,011605	0,017031	0,016417	-0,000013	0,000314	-0,000383	0,000208	0,000804	0,000424	-0,000566	0,000236	-0,000295	0,000129	0,000211
529,00	0,013280	0,020305	0,022916	0,020873	0,013440	0,085793	0,031307	0,031161	0,026698	0,024520	0,024181	0,024223	0,026097	0,028131	0,033744	0,029266	0,029129	0,033622	0,033582	0,033695	0,020095	0,020316	0,020373	0,023070	0,008386	0,011467	0,016627	0,016257	0,000010	0,000215	-0,000544	0,000281	0,000886	0,000398	-0,000663	0,000182	-0,000266	0,000218	0,000224
530,00	0,013136	0,020088	0,022726	0,020638	0,013396	0,085399	0,031101	0,030857	0,026419	0,024194	0,023897	0,023843	0,025802	0,027723	0,033453	0,029009	0,028795	0,033338	0,033307	0,033414	0,019961	0,019976	0,019999	0,022887	0,008282	0,011382	0,016488	0,015981	-0,000040	0,000313	-0,000612	0,000189	0,000777	0,000396	-0,000657	0,000188	-0,000291	0,000248	0,000221
531,00	0,012860	0,020008	0,022450	0,020520	0,013394	0,085071	0,030876	0,030608	0,026317	0,023920	0,023741	0,023532	0,025650	0,027484	0,033101	0,028874	0,028379	0,032972	0,033031	0,033014	0,019650	0,019737	0,019805	0,022752	0,008023	0,011031	0,016425	0,015911	0,000192	0,000200	-0,000515	0,000187	0,000729	0,000479	-0,000479	0,000244	-0,000204	0,000080	0,000125
532,00	0,012820	0,019682	0,022267	0,020245	0,013133	0,084729	0,030576	0,030433	0,026029	0,023717	0,023403	0,023287	0,025351	0,027215	0,032868	0,028598	0,028174	0,032616	0,032765	0,032759	0,019406	0,019525	0,019515	0,022590	0,008009	0,011005	0,016189	0,015858	0,000015	0,000215	-0,000486	0,000136	0,000825	0,000508	-0,000637	0,000349	-0,000275	0,000213	0,000162
533,00	0,012664	0,019494	0,022099	0,020058	0,013064	0,084331	0,030357	0,030122	0,025875	0,023535	0,023158	0,023143	0,025100	0,026939	0,032519	0,028335	0,028028	0,032409	0,032510	0,032519	0,019222	0,019307	0,019339	0,022397	0,007946	0,010878	0,015986	0,015621	0,000113	0,000258	-0,000561	0,000193	0,000826	0,000415	-0,000557	0,000315	-0,000326	0,000204	0,000242
534,00	0,012396	0,019277	0,021778	0,019813	0,012695	0,083898	0,030025	0,029823	0,025599	0,023248	0,023051	0,022855	0,025004	0,026659	0,032269	0,028028	0,027704	0,032083	0,032132	0,032109	0,018984	0,019153	0,019151	0,022102	0,007809	0,010685	0,015808	0,015422	0,000177	0,000116	-0,000654	0,000220	0,000861	0,000374	-0,000701	0,000220	-0,000335	0,000264	0,000222
535,00	0,012267	0,019038	0,021655	0,019572	0,012704	0,083574	0,029759	0,029588	0,025388	0,023098	0,022638	0,022651	0,024636	0,026498	0,031961	0,027684	0,027471	0,031748	0,031925	0,031764	0,018829	0,018917	0,018994	0,021933	0,007737	0,010551	0,015647	0,015247	0,000066	0,000198	-0,000557	0,000228	0,000760	0,000496	-0,000599	0,000278	-0,000302	0,000251	0,000246
536,00	0,012126	0,018858	0,021344	0,019324	0,012443	0,083107	0,029500	0,029327	0,025152	0,022756	0,022455	0,022379	0,024416	0,026183	0,031723	0,027531	0,027101	0,031382	0,031560	0,031488	0,018611	0,018614	0,018621	0,021648	0,007653	0,010379	0,015469	0,015051	0,000085	0,000136	-0,000597	0,000138	0,000617	0,000444	-0,000658	0,000310	-0,000342	0,000303	0,000240
537,00	0,012006	0,018584	0,021299	0,019294	0,012170	0,082812	0,029235	0,029148	0,025051	0,022433	0,022255	0,022014	0,024335	0,025947	0,031335	0,027370	0,026793	0,031063	0,031305	0,031169	0,018213	0,018486	0,018351	0,021349	0,007458	0,010189	0,015015	0,014885	0,000099	0,000134	-0,000531	0,000218	0,000676	0,000432	-0,000767	0,000440	-0,000160	0,000333	0,000127
538,00	0,011840	0,018460	0,021150	0,019057	0,012078	0,082429	0,029152	0,028973	0,024797	0,022202	0,021948	0,021865	0,024007	0,025655	0,031074	0,027097	0,026610	0,030872	0,031090	0,030972	0,017987	0,018179	0,018152	0,021161	0,007455	0,010080	0,014919	0,014824	0,000003	0,000262	-0,000495	0,000103	0,000670	0,000506	-0,000742	0,000408	-0,000236	0,000385	0,000121
539,00	0,011602	0,018244	0,021063	0,018969	0,011885	0,082125	0,028770	0,028775	0,024609	0,022021	0,021761	0,021684	0,023897	0,025473	0,030843	0,026828	0,026412	0,030520	0,030915	0,030781	0,017828	0,018132	0,017863	0,020932	0,007372	0,009945	0,014758	0,014544	0,000045	0,000372	-0,000489	0,000176	0,000769	0,000486	-0,000789	0,000398	-0,000158	0,000334	0,000179
540,00	0,011512	0,018144	0,020860	0,018699	0,011846	0,081767	0,028624	0,028478	0,024427	0,021918	0,021622	0,021496	0,023650	0,025205	0,030580	0,026596	0,026106	0,030242	0,030542	0,030392	0,017628	0,017872	0,017800	0,020770	0,007243	0,009732	0,014714	0,014521	-0,000018	0,000210	-0,000470	0,000160	0,000792	0,000500	-0,000738	0,000409	-0,000195	0,000288	0,000185
541,00	0,011341	0,017922	0,020709	0,018615	0,011641	0,081307	0,028432	0,028330	0,024139	0,021691	0,021349	0,021219	0,023290	0,024879	0,030300	0,026329	0,025921	0,030038	0,030217	0,030193	0,017407	0,017694	0,017564	0,020566	0,007110	0,009645	0,014537	0,014296	0,000089	0,000301	-0,000377	0,000101	0,000705	0,000429	-0,000716	0,000287	-0,000304	0,000290	0,000130
542,00	0,011236	0,017806	0,020573	0,018454	0,011545	0,081137	0,028152	0,028145	0,024008	0,021474	0,021204	0,020932	0,023210	0,024746	0,030092	0,026124	0,025686	0,029860	0,029906	0,029895	0,017233	0,017561	0,017347	0,020361	0,007076	0,009505	0,014383	0,014211	0,000135	0,000281	-0,000447	0,000035	0,000695	0,000522	-0,000788	0,000332	-0,000202	0,000274	0,000136
543,00	0,010973	0,017764	0,020354	0,018203	0,011568	0,080721	0,028074	0,027925	0,023760	0,021328	0,020982	0,020846	0,022950	0,024426	0,029759	0,025849	0,025498	0,029634	0,029659	0,029598	0,017109	0,017279	0,017218	0,020285	0,006937	0,009314	0,014289	0,014135	0,000129	0,000264	-0,000411	0,000128	0,000779	0,000601	-0,000617	0,000299	-0,000325	0,000294	0,000101
544,00	0,010949	0,017578	0,020195	0,018031	0,011416	0,080451	0,027786	0,027693	0,023629	0,021143	0,020829	0,020665	0,022832	0,024336	0,029555	0,025759	0,025274	0,029275	0,029422	0,029320	0,016986	0,017166	0,017045	0,019994	0,006796	0,009220	0,014140	0,013936	0,000093	0,000217	-0,000424	0,000132	0,000764	0,000460	-0,000679	0,000364	-0,000148	0,000322	0,000142
545,00	0,010697	0,017496	0,020006	0,017919	0,011305	0,080159	0,027558	0,027487	0,023356	0,020972	0,020730	0,020582	0,022685	0,024068	0,029245	0,025517	0,025069	0,029126	0,029079	0,029061	0,016799	0,017017	0,016935	0,019838	0,006790	0,009096	0,014078	0,013897	0,000101	0,000175	-0,000423	0,000180	0,000826	0,000427	-0,000744	0,000379	-0,000194	0,000237	0,000195
546,00	0,010631	0,017167	0,019955	0,017751	0,011058	0,079829	0,027364	0,027306	0,023243	0,020739	0,020488	0,020316	0,022504	0,023819	0,029035	0,025306	0,024831	0,028932	0,028937	0,028792	0,016554	0,016838	0,016665	0,019505	0,006704	0,008960	0,013791	0,013667	0,000088	0,000253	-0,000409	0,000059	0,000802	0,000353	-0,000781	0,000374	-0,000198	0,000344	0,000038
547,00	0,010523	0,017171	0,019807	0,017543	0,010997	0,079480	0,027179	0,027125	0,023003	0,020544	0,020294	0,020124	0,022247	0,023575	0,028855	0,025072	0,024689	0,028651	0,028690	0,028593	0,016390	0,016713	0,016630	0,019404	0,006613	0,008898	0,013889	0,013584	-0,000033	0,000229	-0,000444	0,000186	0,000711	0,000475	-0,000693	0,000314	-0,000284	0,000214	0,000147
548,00	0,010357	0,017053	0,019626	0,017472	0,010955	0,079162	0,027058	0,026949	0,022846	0,020331	0,020086	0,019913	0,022124	0,023374	0,028641	0,024879	0,024462	0,028474	0,028505	0,028390	0,016185	0,016449	0,016374	0,019300	0,006600	0,008774	0,013758	0,013536	-0,000019	0,000238	-0,000375	0,000101	0,000672	0,000550	-0,000579	0,000274	-0,000241	0,000314	0,000108
549,00	0,010159	0,016857	0,019351	0,017279	0,010785	0,078899	0,026714	0,026706	0,022693	0,020186	0,019943	0,019845	0,021909	0,023240	0,028317	0,024628	0,024200	0,028165	0,028050	0,027975	0,016119	0,016406	0,016259	0,019066	0,006499	0,008574	0,013603	0,013342	0,000006	0,000175	-0,000490	0,000231	0,000750	0,000444	-0,000737	0,000372	-0,000213	0,000263	0,000071
550,00	0,010032	0,016788	0,019157	0,017041	0,010736	0,078595	0,026508	0,026474	0,022523	0,020141	0,019835	0,019710	0,021759	0,022958	0,028145	0,024455	0,023958	0,027858	0,027853	0,027763	0,015991	0,016259	0,016165	0,018897	0,006418	0,008456	0,013412	0,013199	-0,000007	0,000151	-0,000446	0,000189	0,000755	0,000469	-0,000766	0,000370	-0,000183	0,000310	0,000222
551,00	0,009905	0,016547	0,019061	0,016952	0,010501	0,078186	0,026370	0,026293	0,022399	0,019806	0,019667	0,019378	0,021547	0,022707	0,027862	0,024238	0,023805	0,027673	0,027717	0,027613	0,015789	0,016049	0,015841	0,018601	0,006313	0,008443	0,013250	0,013027	-0,000008	0,000165	-0,000366	0,000117	0,000697	0,000434	-0,000835	0,000378	-0,000263	0,000291	0,000204
552,00	0,009787	0,016361	0,018956	0,016781	0,010437	0,077847	0,026245	0,026189	0,022141	0,019626	0,019391	0,019187	0,021288	0,022505	0,027675	0,023998	0,023585	0,027470	0,027519	0,027376	0,015607	0,015926	0,015723	0,018489	0,006189	0,008287	0,013068	0,012937	0,000057	0,000223	-0,000424	0,000132	0,000628	0,000395	-0,000856	0,000357	-0,000240	0,000385	0,000147
553,00	0,009584	0,016477	0,018742	0,016604	0,010472	0,077610	0,025919	0,025824	0,021978	0,019520	0,019328	0,019160	0,021191	0,022348	0,027428	0,023815	0,023377	0,027198	0,027283	0,027094	0,015485	0,015695	0,015614	0,018513	0,006148	0,008206	0,013204	0,012999	0,000105	0,000235	-0,000404	0,000163	0,000822	0,000533	-0,000703	0,000320	-0,000201	0,000237	0,000127
554,00	0,009445	0,016131	0,018646	0,016394	0,010268	0,077392	0,025825	0,025768	0,021847	0,019323	0,019114	0,018939	0,021068	0,022258	0,027168	0,023635	0,023178	0,026983	0,027065	0,026867	0,015200	0,015526	0,015394	0,018143	0,006050	0,008047	0,012897	0,012681	0,000010	0,000271	-0,000408	0,000046	0,000769	0,000382	-0,000828	0,000325	-0,000204	0,000247	0,000093
555,00	0,009325	0,016036	0,018527	0,016272	0,010153	0,076953	0,025657	0,025620	0,021689	0,019214	0,019018	0,018716	0,020756	0,022062	0,026949	0,023433	0,022994	0,026691	0,026890	0,026604	0,015104	0,015422	0,015240	0,017973	0,005972	0,007967	0,012869	0,012599	0,000110	0,000326	-0,000398	0,000125	0,000762	0,000381	-0,000807	0,000426	-0,000261	0,000291	0,000094
556,00	0,009227	0,015962	0,018458	0,016160	0,010077	0,076680	0,025501	0,025449	0,021457	0,019039	0,018850	0,018544	0,020730	0,021861	0,026762	0,023263	0,022754	0,026496	0,026688	0,026413	0,014917	0,015189	0,015075	0,017916	0,005845	0,007825	0,012766	0,012565	0,000054	0,000328	-0,000423	0,000071	0,000725	0,000430	-0,000704	0,000401	-0,000184	0,000237	0,000126
557,00	0,009132	0,015681	0,018190	0,015853	0,009837	0,076490	0,025238	0,025154	0,021382	0,018957	0,018716	0,018446	0,020545	0,021708	0,026577	0,023078	0,022628	0,026162	0,026315	0,026063	0,014798	0,015014	0,014928	0,017645	0,005828	0,007700	0,012503	0,012339	0,000139	0,000237	-0,000482	0,000165	0,000750	0,000316	-0,000886	0,000483	-0,000140	0,000337	0,000113
558,00	0,008947	0,015677	0,018044	0,015791	0,009789	0,076116	0,024992	0,024963	0,021151	0,018881	0,018657	0,018419	0,020421	0,021506	0,026304	0,022845	0,022363	0,025955	0,026201	0,025897	0,014752	0,015029	0,014964	0,017461	0,005754	0,007616	0,012471	0,012341	0,000148	0,000314	-0,000428	0,000341	0,000861	0,000411	-0,000816	0,000333	-0,000151	0,000201	0,000105
559,00	0,008794	0,015517	0,017894	0,015613	0,009817	0,075795	0,024841	0,024900	0,021098	0,018649	0,018457	0,018208	0,020296	0,021329	0,026120	0,022680	0,022174	0,025645	0,025925	0,025669	0,014550	0,014808	0,014811	0,017242	0,005626	0,007461	0,012392	0,012169	0,000099	0,000301	-0,000482	0,000238	0,000806	0,000380	-0,000787	0,000415	-0,000067	0,000304	0,000103
560,00	0,008650	0,015525	0,017691	0,015395	0,009754	0,075550	0,024631	0,024615	0,020937	0,018394	0,018301	0,018003	0,020136	0,021172	0,025874	0,022548	0,022010	0,025410	0,025619	0,025434	0,014396	0,014612	0,014577	0,017198	0,005606	0,007379	0,012450	0,012227	0,000253	0,000244	-0,000508	0,000131	0,000778	0,000485	-0,000646	0,000420	-0,000020	0,000136	0,000083
561,00	0,008526	0,015352	0,017532	0,015211	0,009648	0,075178	0,024433	0,024408	0,020749	0,018269	0,018229	0,017913	0,019903	0,020965	0,025624	0,022314	0,021723	0,025246	0,025358	0,025285	0,014336	0,014461	0,014539	0,017003	0,005505	0,007124	0,012152	0,012040	0,000271	0,000136	-0,000511	0,000270	0,000735	0,000449	-0,000736	0,000463	-0,000031	0,000256	0,000006
562,00	0,008367	0,015254	0,017366	0,015020	0,009569	0,074885	0,024273	0,024225	0,020535	0,018179	0,018012	0,017782	0,019771	0,020836	0,025500	0,022211	0,021613	0,025019	0,025189	0,025051	0,014129	0,014330	0,014366	0,016942	0,005409	0,007154	0,012038	0,012003	0,000223	0,000259	-0,000472	0,000229	0,000698	0,000489	-0,000686	0,000405	-0,000061	0,000205	0,000022
563,00	0,008358	0,015130	0,017331	0,014959	0,009441	0,074569	0,024114	0,024188	0,020501	0,018074	0,017883	0,017620	0,019647	0,020675	0,025290	0,022003	0,021501	0,024814	0,025045	0,024888	0,013972	0,014142	0,014183	0,016607	0,005316	0,007010	0,011880	0,011789	0,000212	0,000282	-0,000425	0,000233	0,000767	0,000366	-0,000767	0,000449	-0,000005	0,000257	0,000063
564,00	0,008096	0,014960	0,017064	0,014860	0,009321	0,074272	0,023963	0,023976	0,020297	0,017891	0,017737	0,017474	0,019449	0,020561	0,025034	0,021774	0,021255	0,024677	0,024791	0,024678	0,013830	0,013948	0,014086	0,016418	0,005225	0,006911	0,011791	0,011693	0,000125	0,000293	-0,000445	0,000230	0,000810	0,000349	-0,000828	0,000369	0,000013	0,000178	-0,000014
565,00	0,008045	0,014813	0,016954	0,014569	0,009103	0,074054	0,023733	0,023765	0,020156	0,017755	0,017564	0,017273	0,019339	0,020369	0,024944	0,021667	0,021047	0,024476	0,024444	0,024398	0,013748	0,013826	0,013904	0,016288	0,005206	0,006795	0,011622	0,011537	0,000176	0,000285	-0,000634	0,000270	0,000784	0,000314	-0,000828	0,000437	-0,000023	0,000170	0,000003
566,00	0,007935	0,014875	0,016855	0,014528	0,009185	0,073772	0,023627	0,023674	0,020024	0,017640	0,017471	0,017148	0,019104	0,020133	0,024703	0,021397	0,020918	0,024424	0,024351	0,024313	0,013622	0,013737	0,013808	0,016219	0,005083	0,006703	0,011622	0,011567	0,000165	0,000337	-0,000435	0,000226	0,000819	0,000437	-0,000732	0,000421	-0,000126	0,000192	0,000046
567,00	0,007854	0,014617	0,016594	0,014241	0,009071	0,073552	0,023432	0,023431	0,019893	0,017519	0,017379	0,017161	0,019043	0,019956	0,024532	0,021308	0,020761	0,024064	0,023999	0,023918	0,013535	0,013643	0,013747	0,016084	0,005011	0,006583	0,011482	0,011396	0,000131	0,000191	-0,000549	0,000312	0,000920	0,000411	-0,000721	0,000376	0,000009	0,000261	-0,000067
568,00	0,007709	0,014503	0,016487	0,014228	0,008919	0,073328	0,023253	0,023262	0,019759	0,017396	0,017210	0,016985	0,018856	0,019831	0,024332	0,021181	0,020523	0,023809	0,023917	0,023866	0,013342	0,013463	0,013524	0,015845	0,004929	0,006481	0,011310	0,011310	0,000272	0,000252	-0,000532	0,000305	0,000906	0,000426	-0,000686	0,000410	-0,000040	0,000199	0,000024
569,00	0,007623	0,014429	0,016368	0,013978	0,008977	0,073090	0,023121	0,023010	0,019649	0,017316	0,017124	0,016829	0,018765	0,019718	0,024197	0,020972	0,020435	0,023669	0,023616	0,023651	0,013271	0,013334	0,013449	0,015748	0,004934	0,006474	0,011292	0,011253	0,000172	0,000258	-0,000606	0,000324	0,000974	0,000478	-0,000727	0,000472	0,000056	0,000221	0,000051
570,00	0,007432	0,014337	0,016220	0,013851	0,008882	0,072732	0,022998	0,022931	0,019438	0,017159	0,016939	0,016657	0,018679	0,019572	0,023951	0,020899	0,020177	0,023562	0,023402	0,023470	0,013130	0,013241	0,013346	0,015634	0,004817	0,006271	0,011146	0,011222	0,000161	0,000228	-0,000625	0,000339	0,000854	0,000478	-0,000835	0,000462	0,000050	0,000173	0,000022
571,00	0,007376	0,014344	0,016153	0,013755	0,008797	0,072476	0,022838	0,022756	0,019362	0,017095	0,016816	0,016626	0,018492	0,019531	0,023749	0,020738	0,020011	0,023262	0,023264	0,023309	0,013073	0,013153	0,013272	0,015473	0,004681	0,006252	0,011033	0,011119	0,000186	0,000260	-0,000509	0,000319	0,000920	0,000450	-0,000725	0,000481	0,000016	0,000210	-0,000002
572,00	0,007273	0,014240	0,016022	0,013648	0,008698	0,072136	0,022717	0,022755	0,019213	0,016887	0,016653	0,016463	0,018333	0,019354	0,023673	0,020491	0,019865	0,023184	0,023089	0,023200	0,012837	0,012966	0,013132	0,015371	0,004665	0,006147	0,010875	0,011026	0,000193	0,000275	-0,000531	0,000314	0,000913	0,000471	-0,000671	0,000403	-0,000001	0,000234	0,000021
573,00	0,007135	0,014158	0,015818	0,013432	0,008662	0,071941	0,022422	0,022487	0,019148	0,016670	0,016615	0,016314	0,018292	0,019227	0,023488	0,020376	0,019709	0,022952	0,022869	0,022936	0,012764	0,012885	0,013028	0,015139	0,004611	0,006119	0,010863	0,010965	0,000285	0,000201	-0,000569	0,000267	0,000886	0,000441	-0,000729	0,000417	0,000035	0,000197	0,000014
574,00	0,007045	0,013992	0,015767	0,013440	0,008482	0,071674	0,022470	0,022350	0,018950	0,016698	0,016439	0,016272	0,018061	0,018976	0,023286	0,020183	0,019453	0,022803	0,022888	0,022809	0,012763	0,012913	0,012953	0,014940	0,004500	0,006014	0,010723	0,010817	0,000204	0,000291	-0,000497	0,000390	0,000999	0,000377	-0,000800	0,000378	0,000047	0,000169	-0,000030
575,00	0,006922	0,013906	0,015574	0,013240	0,008430	0,071367	0,022279	0,022266	0,018807	0,016557	0,016309	0,016087	0,017930	0,018845	0,023060	0,020060	0,019315	0,022567	0,022609	0,022642	0,012619	0,012717	0,012818	0,014817	0,004341	0,005856	0,010619	0,010817	0,000217	0,000294	-0,000499	0,000339	0,000895	0,000390	-0,000783	0,000459	-0,000080	0,000172	-0,000036
576,00	0,006786	0,013787	0,015498	0,013215	0,008395	0,071123	0,022154	0,022110	0,018653	0,016365	0,016093	0,015894	0,017791	0,018671	0,022885	0,019899	0,019105	0,022335	0,022472	0,022465	0,012332	0,012610	0,012622	0,014799	0,004313	0,005714	0,010617	0,010657	0,000225	0,000297	-0,000478	0,000320	0,000788	0,000436	-0,000801	0,000404	-0,000016	0,000162	-0,000035
577,00	0,006733	0,013749	0,015451	0,013142	0,008300	0,070859	0,022060	0,022079	0,018625	0,016228	0,015949	0,015803	0,017673	0,018544	0,022786	0,019748	0,019074	0,022218	0,022396	0,022357	0,012305	0,012410	0,012404	0,014638	0,004318	0,005750	0,010524	0,010622	0,000150	0,000260	-0,000437	0,000232	0,000762	0,000386	-0,000760	0,000402	0,000003	0,000211	0,000023
578,00	0,006601	0,013618	0,015300	0,012906	0,008277	0,070651	0,021870	0,021828	0,018502	0,016216	0,015880	0,015778	0,017615	0,018350	0,022629	0,019603	0,018865	0,021949	0,022195	0,022119	0,012290	0,012440	0,012462	0,014425	0,004282	0,005635	0,010416	0,010553	0,000103	0,000246	-0,000509	0,000332	0,000910	0,000441	-0,000755	0,000440	0,000061	0,000182	-0,000058
579,00	0,006524	0,013527	0,015209	0,012858	0,008129	0,070390	0,021759	0,021725	0,018351	0,016174	0,015843	0,015623	0,017394	0,018230	0,022431	0,019415	0,018711	0,021841	0,022045	0,021984	0,012196	0,012403	0,012388	0,014277	0,004247	0,005624	0,010297	0,010337	0,000056	0,000272	-0,000464	0,000442	0,000936	0,000418	-0,000791	0,000394	-0,000012	0,000191	0,000006
580,00	0,006467	0,013392	0,015059	0,012698	0,008085	0,070151	0,021588	0,021615	0,018258	0,015986	0,015676	0,015433	0,017318	0,018117	0,022280	0,019303	0,018522	0,021606	0,021948	0,021848	0,011941	0,012147	0,012196	0,014259	0,004147	0,005543	0,010119	0,010359	0,000021	0,000209	-0,000460	0,000402	0,000868	0,000331	-0,000785	0,000402	0,000054	0,000232	0,000030
581,00	0,006317	0,013234	0,014956	0,012673	0,007981	0,069913	0,021465	0,021499	0,018157	0,015831	0,015520	0,015378	0,017210	0,017997	0,022071	0,019215	0,018264	0,021590	0,021666	0,021658	0,011878	0,012056	0,012065	0,013989	0,003993	0,005356	0,010131	0,010274	0,000024	0,000335	-0,000443	0,000392	0,000964	0,000398	-0,000802	0,000492	0,000122	0,000115	-0,000104
582,00	0,006330	0,013242	0,014810	0,012461	0,007960	0,069658	0,021305	0,021235	0,017971	0,015716	0,015402	0,015266	0,017068	0,017790	0,021930	0,018949	0,018186	0,021355	0,021544	0,021445	0,011773	0,011951	0,011962	0,013947	0,004041	0,005341	0,010118	0,010141	0,000030	0,000253	-0,000433	0,000420	0,000881	0,000395	-0,000785	0,000373	0,000045	0,000151	-0,000100
583,00	0,006132	0,013183	0,014867	0,012466	0,007882	0,069309	0,021343	0,021319	0,017917	0,015606	0,015255	0,015124	0,016890	0,017639	0,021735	0,018857	0,018051	0,021324	0,021481	0,021375	0,011614	0,011826	0,011848	0,013845	0,003844	0,005185	0,010034	0,010123	-0,000079	0,000280	-0,000394	0,000355	0,000949	0,000432	-0,000800	0,000437	0,000006	0,000170	-0,000133
584,00	0,006062	0,013138	0,014616	0,012292	0,007909	0,069159	0,021099	0,021021	0,017716	0,015427	0,015118	0,014941	0,016762	0,017473	0,021601	0,018702	0,017877	0,021158	0,021148	0,021188	0,011470	0,011731	0,011685	0,013805	0,003850	0,005158	0,010038	0,010201	-0,000046	0,000185	-0,000420	0,000373	0,000861	0,000488	-0,000704	0,000270	0,000030	0,000225	-0,000073
585,00	0,006010	0,013127	0,014558	0,012333	0,007867	0,068923	0,021037	0,021098	0,017595	0,015293	0,015064	0,014809	0,016651	0,017322	0,021476	0,018592	0,017692	0,021108	0,021086	0,021080	0,011338	0,011596	0,011621	0,013686	0,003841	0,005121	0,009971	0,010039	-0,000049	0,000301	-0,000326	0,000261	0,000837	0,000452	-0,000678	0,000451	0,000046	0,000221	0,000012
586,00	0,005924	0,013004	0,014458	0,012056	0,007784	0,068681	0,020865	0,020900	0,017574	0,015189	0,014901	0,014786	0,016543	0,017197	0,021295	0,018467	0,017583	0,020822	0,020803	0,020874	0,011336	0,011589	0,011469	0,013627	0,003776	0,004995	0,009906	0,010035	-0,000003	0,000302	-0,000351	0,000332	0,000872	0,000448	-0,000642	0,000410	0,000075	0,000209	-0,000068
587,00	0,005797	0,012930	0,014236	0,011964	0,007702	0,068335	0,020728	0,020626	0,017394	0,015126	0,014702	0,014628	0,016412	0,017061	0,021094	0,018241	0,017458	0,020668	0,020584	0,020669	0,011282	0,011473	0,011356	0,013451	0,003706	0,004916	0,009864	0,009914	-0,000075	0,000247	-0,000466	0,000344	0,000905	0,000504	-0,000749	0,000297	0,000076	0,000152	-0,000125
588,00	0,005824	0,012700	0,014252	0,011936	0,007631	0,068103	0,020651	0,020694	0,017331	0,015001	0,014680	0,014441	0,016351	0,016867	0,021033	0,018147	0,017361	0,020643	0,020477	0,020503	0,011042	0,011273	0,011156	0,013236	0,003757	0,004907	0,009717	0,009786	-0,000191	0,000275	-0,000390	0,000341	0,000845	0,000469	-0,000708	0,000400	0,000023	0,000267	0,000010
589,00	0,005678	0,012589	0,014065	0,011817	0,007612	0,067876	0,020418	0,020425	0,017175	0,014952	0,014598	0,014407	0,016146	0,016692	0,020812	0,017964	0,017141	0,020421	0,020265	0,020213	0,010969	0,011136	0,011170	0,013240	0,003572	0,004731	0,009672	0,009827	-0,000125	0,000217	-0,000406	0,000435	0,000951	0,000493	-0,000686	0,000339	-0,000026	0,000136	-0,000067
590,00	0,005621	0,012554	0,013963	0,011766	0,007539	0,067710	0,020345	0,020363	0,017111	0,014662	0,014328	0,014280	0,016103	0,016630	0,020652	0,017851	0,016987	0,020236	0,020015	0,020132	0,010848	0,011030	0,011074	0,013129	0,003556	0,004667	0,009666	0,009701	-0,000153	0,000263	-0,000405	0,000273	0,000821	0,000467	-0,000741	0,000426	0,000098	0,000142	-0,000066
591,00	0,005610	0,012424	0,013911	0,011603	0,007360	0,067365	0,020202	0,020190	0,016996	0,014643	0,014341	0,014249	0,015975	0,016414	0,020532	0,017759	0,016881	0,020117	0,019922	0,019946	0,010946	0,010982	0,010892	0,012959	0,003439	0,004644	0,009567	0,009531	-0,000062	0,000279	-0,000429	0,000347	0,000936	0,000381	-0,000812	0,000360	0,000048	0,000205	-0,000046
592,00	0,005460	0,012414	0,013755	0,011555	0,007308	0,067085	0,020040	0,019961	0,016782	0,014472	0,014151	0,014153	0,015795	0,016258	0,020380	0,017554	0,016699	0,019862	0,019814	0,019830	0,010721	0,010838	0,010850	0,012848	0,003400	0,004587	0,009475	0,009355	-0,000028	0,000272	-0,000333	0,000417	0,000941	0,000441	-0,000728	0,000357	-0,000035	0,000194	-0,000038
593,00	0,005425	0,012217	0,013752	0,011410	0,007297	0,066945	0,019982	0,019992	0,016758	0,014391	0,014057	0,014011	0,015790	0,016267	0,020258	0,017520	0,016674	0,019806	0,019680	0,019673	0,010565	0,010609	0,010724	0,012721	0,003368	0,004535	0,009408	0,009281	-0,000121	0,000279	-0,000349	0,000368	0,000839	0,000413	-0,000787	0,000463	0,000086	0,000165	-0,000047
594,00	0,005353	0,012199	0,013570	0,011307	0,007247	0,066746	0,019706	0,019751	0,016611	0,014187	0,013836	0,013829	0,015633	0,016017	0,020002	0,017256	0,016388	0,019591	0,019436	0,019399	0,010464	0,010504	0,010550	0,012676	0,003273	0,004382	0,009430	0,009411	-0,000058	0,000237	-0,000353	0,000247	0,000816	0,000486	-0,000750	0,000373	-0,000007	0,000100	-0,000137
595,00	0,005355	0,012031	0,013472	0,011171	0,007104	0,066535	0,019685	0,019602	0,016490	0,014203	0,013874	0,013799	0,015602	0,015901	0,019975	0,017152	0,016349	0,019434	0,019359	0,019364	0,010449	0,010423	0,010488	0,012431	0,003331	0,004397	0,009203	0,009230	-0,000079	0,000298	-0,000318	0,000373	0,000913	0,000360	-0,000829	0,000381	0,000018	0,000210	-0,000043
596,00	0,005246	0,011964	0,013382	0,011059	0,007097	0,066295	0,019490	0,019529	0,016407	0,014031	0,013687	0,013708	0,015476	0,015760	0,019794	0,016968	0,016162	0,019260	0,019151	0,019109	0,010325	0,010324	0,010357	0,012335	0,003168	0,004250	0,009092	0,009154	-0,000094	0,000218	-0,000413	0,000289	0,000858	0,000410	-0,000786	0,000347	-0,000024	0,000183	-0,000066
597,00	0,005120	0,011827	0,013294	0,010907	0,007059	0,066050	0,019344	0,019323	0,016269	0,014023	0,013540	0,013518	0,015351	0,015653	0,019606	0,016814	0,016018	0,018908	0,018928	0,018887	0,010161	0,010181	0,010244	0,012282	0,003179	0,004228	0,009115	0,009075	-0,000155	0,000211	-0,000473	0,000363	0,000938	0,000400	-0,000788	0,000383	-0,000038	0,000196	-0,000106
598,00	0,005045	0,011805	0,013085	0,010846	0,006990	0,065817	0,019101	0,019174	0,016073	0,013895	0,013525	0,013386	0,015181	0,015598	0,019508	0,016651	0,015881	0,018800	0,018834	0,018680	0,010118	0,010160	0,010208	0,012179	0,003082	0,004198	0,008976	0,009057	-0,000110	0,000195	-0,000523	0,000334	0,000961	0,000379	-0,000810	0,000374	-0,000026	0,000231	-0,000088
599,00	0,004952	0,011678	0,012963	0,010685	0,006863	0,065566	0,019013	0,019020	0,016051	0,013710	0,013290	0,013305	0,015031	0,015327	0,019408	0,016538	0,015810	0,018646	0,018760	0,018510	0,010053	0,010036	0,010084	0,012118	0,003055	0,004086	0,008908	0,008925	-0,000026	0,000213	-0,000521	0,000302	0,000876	0,000427	-0,000789	0,000334	-0,000077	0,000140	-0,000106
600,00	0,004952	0,011584	0,012954	0,010620	0,006868	0,065317	0,018909	0,018961	0,015862	0,013647	0,013256	0,013269	0,014895	0,015238	0,019206	0,016367	0,015671	0,018471	0,018579	0,018380	0,009962	0,010007	0,010034	0,012047	0,003047	0,004064	0,008844	0,008921	-0,000008	0,000247	-0,000478	0,000385	0,000995	0,000472	-0,000821	0,000323	-0,000079	0,000222	-0,000130
601,00	0,004939	0,011530	0,012756	0,010524	0,006731	0,065156	0,018765	0,018693	0,015884	0,013425	0,013052	0,012977	0,014886	0,015252	0,019075	0,016326	0,015611	0,018253	0,018453	0,018202	0,009708	0,009694	0,009820	0,011766	0,003069	0,003995	0,008668	0,008779	0,000046	0,000169	-0,000541	0,000208	0,000884	0,000364	-0,000833	0,000433	-0,000013	0,000269	0,000002
602,00	0,004843	0,011505	0,012731	0,010430	0,006749	0,064832	0,018681	0,018577	0,015711	0,013388	0,012953	0,012885	0,014748	0,014959	0,018982	0,016053	0,015527	0,018309	0,018301	0,018163	0,009632	0,009610	0,009735	0,011826	0,002966	0,003959	0,008723	0,008820	0,000075	0,000172	-0,000450	0,000301	0,000833	0,000486	-0,000726	0,000383	-0,000133	0,000254	0,000003
603,00	0,004820	0,011383	0,012566	0,010309	0,006670	0,064742	0,018455	0,018436	0,015634	0,013241	0,012845	0,012664	0,014624	0,015006	0,018802	0,015939	0,015414	0,017999	0,018076	0,017831	0,009513	0,009547	0,009580	0,011627	0,003001	0,003872	0,008636	0,008764	0,000001	0,000124	-0,000519	0,000252	0,000791	0,000405	-0,000821	0,000414	-0,000020	0,000285	-0,000004
604,00	0,004715	0,011271	0,012568	0,010209	0,006543	0,064424	0,018344	0,018366	0,015453	0,013133	0,012751	0,012616	0,014485	0,014788	0,018726	0,015819	0,015290	0,017942	0,017959	0,017741	0,009453	0,009435	0,009485	0,011508	0,002847	0,003828	0,008515	0,008568	0,000062	0,000168	-0,000575	0,000195	0,000839	0,000398	-0,000777	0,000376	-0,000050	0,000301	-0,000003
605,00	0,004609	0,011039	0,012476	0,010173	0,006421	0,064291	0,018248	0,018202	0,015411	0,013029	0,012604	0,012580	0,014416	0,014799	0,018491	0,015745	0,015110	0,017841	0,017780	0,017614	0,009391	0,009384	0,009437	0,011359	0,002792	0,003656	0,008381	0,008451	0,000073	0,000189	-0,000604	0,000278	0,000861	0,000342	-0,000860	0,000357	-0,000114	0,000225	-0,000048
606,00	0,004536	0,011123	0,012434	0,010117	0,006521	0,064079	0,018184	0,018116	0,015318	0,012906	0,012496	0,012409	0,014240	0,014618	0,018330	0,015639	0,015045	0,017779	0,017712	0,017421	0,009257	0,009223	0,009249	0,011319	0,002786	0,003667	0,008384	0,008472	0,000019	0,000213	-0,000556	0,000199	0,000855	0,000394	-0,000757	0,000437	-0,000053	0,000171	-0,000029
607,00	0,004589	0,011035	0,012371	0,010030	0,006430	0,063918	0,018043	0,018023	0,015258	0,012879	0,012492	0,012396	0,014264	0,014603	0,018221	0,015527	0,015044	0,017705	0,017521	0,017366	0,009258	0,009229	0,009297	0,011261	0,002763	0,003643	0,008301	0,008427	0,000102	0,000193	-0,000541	0,000242	0,000915	0,000410	-0,000782	0,000378	-0,000089	0,000187	-0,000123
608,00	0,004558	0,010916	0,012203	0,009906	0,006411	0,063690	0,017959	0,017869	0,015088	0,012787	0,012378	0,012244	0,014151	0,014433	0,018184	0,015319	0,014948	0,017480	0,017394	0,017269	0,009127	0,009162	0,009152	0,011245	0,002768	0,003603	0,008263	0,008397	0,000133	0,000212	-0,000569	0,000207	0,000772	0,000364	-0,000795	0,000404	-0,000143	0,000213	0,000032
609,00	0,004483	0,010901	0,012147	0,009785	0,006312	0,063606	0,017920	0,017882	0,015117	0,012679	0,012230	0,012150	0,014044	0,014527	0,018106	0,015283	0,014823	0,017427	0,017229	0,017062	0,008994	0,008979	0,009048	0,011091	0,002787	0,003588	0,008145	0,008256	0,000123	0,000195	-0,000556	0,000213	0,000779	0,000367	-0,000786	0,000406	-0,000081	0,000235	0,000006
610,00	0,004492	0,010838	0,012095	0,009808	0,006268	0,063460	0,017758	0,017708	0,015061	0,012623	0,012213	0,012105	0,013983	0,014341	0,018013	0,015254	0,014730	0,017286	0,017080	0,016964	0,009019	0,009022	0,008945	0,011053	0,002831	0,003595	0,007969	0,008166	0,000062	0,000217	-0,000597	0,000249	0,000767	0,000314	-0,000815	0,000297	-0,000123	0,000340	0,000132
611,00	0,004435	0,010795	0,012193	0,009721	0,006301	0,063355	0,017806	0,017731	0,014985	0,012583	0,012100	0,012015	0,013928	0,014324	0,017855	0,015161	0,014651	0,017212	0,017081	0,017014	0,008918	0,008967	0,008945	0,010948	0,002747	0,003542	0,007947	0,008234	0,000205	0,000295	-0,000459	0,000236	0,000782	0,000381	-0,000775	0,000399	-0,000010	0,000222	0,000009
612,00	0,004467	0,010642	0,012097	0,009696	0,006099	0,063079	0,017694	0,017653	0,014808	0,012455	0,011992	0,011916	0,013752	0,014118	0,017871	0,014986	0,014657	0,017047	0,016898	0,016765	0,008839	0,008969	0,008872	0,010888	0,002834	0,003620	0,007916	0,008076	0,000205	0,000300	-0,000427	0,000177	0,000845	0,000293	-0,000830	0,000294	-0,000179	0,000296	0,000108
613,00	0,004332	0,010641	0,011963	0,009545	0,006144	0,062939	0,017580	0,017524	0,014845	0,012328	0,011946	0,011898	0,013816	0,014124	0,017551	0,014958	0,014493	0,016944	0,016790	0,016727	0,008712	0,008898	0,008803	0,010896	0,002712	0,003499	0,007856	0,008131	0,000303	0,000344	-0,000486	0,000203	0,000801	0,000298	-0,000865	0,000413	-0,000094	0,000202	0,000038
614,00	0,004349	0,010580	0,012065	0,009565	0,006123	0,062772	0,017555	0,017561	0,014676	0,012245	0,011816	0,011797	0,013621	0,013965	0,017473	0,014705	0,014414	0,016881	0,016758	0,016657	0,008685	0,008756	0,008614	0,010794	0,002729	0,003530	0,007741	0,007949	0,000198	0,000374	-0,000428	0,000104	0,000766	0,000262	-0,000928	0,000295	-0,000160	0,000272	0,000008
615,00	0,004280	0,010592	0,011998	0,009547	0,006168	0,062543	0,017546	0,017394	0,014544	0,012094	0,011676	0,011568	0,013590	0,013815	0,017394	0,014671	0,014275	0,016763	0,016632	0,016584	0,008557	0,008597	0,008517	0,010819	0,002675	0,003369	0,007778	0,007974	0,000157	0,000339	-0,000506	0,000150	0,000650	0,000409	-0,000761	0,000266	-0,000155	0,000264	-0,000035
616,00	0,004291	0,010481	0,011848	0,009392	0,006047	0,062590	0,017294	0,017266	0,014599	0,012007	0,011679	0,011612	0,013472	0,013810	0,017310	0,014589	0,014192	0,016536	0,016487	0,016327	0,008490	0,008578	0,008496	0,010620	0,002740	0,003333	0,007695	0,007896	0,000152	0,000189	-0,000480	0,000178	0,000739	0,000388	-0,000815	0,000368	-0,000130	0,000294	0,000059
617,00	0,004254	0,010340	0,011871	0,009371	0,006040	0,062294	0,017281	0,017257	0,014474	0,011952	0,011583	0,011544	0,013356	0,013746	0,017228	0,014493	0,014135	0,016524	0,016471	0,016347	0,008478	0,008588	0,008432	0,010644	0,002682	0,003309	0,007564	0,007815	0,000223	0,000313	-0,000406	0,000115	0,000726	0,000351	-0,000887	0,000341	-0,000125	0,000363	0,000067
618,00	0,004191	0,010282	0,011798	0,009384	0,006023	0,062197	0,017265	0,017163	0,014422	0,011902	0,011530	0,011418	0,013391	0,013732	0,017130	0,014422	0,013986	0,016417	0,016388	0,016239	0,008310	0,008386	0,008329	0,010433	0,002686	0,003338	0,007532	0,007791	0,000148	0,000317	-0,000402	0,000101	0,000688	0,000308	-0,000782	0,000408	-0,000151	0,000329	0,000043
619,00	0,004201	0,010310	0,011794	0,009319	0,005991	0,062031	0,017294	0,017143	0,014390	0,011867	0,011517	0,011363	0,013249	0,013552	0,017034	0,014436	0,014041	0,016452	0,016351	0,016176	0,008322	0,008399	0,008389	0,010481	0,002697	0,003321	0,007448	0,007767	0,000176	0,000413	-0,000341	0,000188	0,000751	0,000378	-0,000809	0,000412	-0,000134	0,000346	0,000135
620,00	0,004154	0,010264	0,011750	0,009273	0,006012	0,061793	0,017172	0,017109	0,014341	0,011795	0,011347	0,011245	0,013229	0,013517	0,016933	0,014332	0,013890	0,016387	0,016301	0,016128	0,008211	0,008360	0,008229	0,010417	0,002672	0,003182	0,007477	0,007707	0,000073	0,000422	-0,000340	0,000154	0,000669	0,000389	-0,000790	0,000377	-0,000065	0,000333	0,000097
621,00	0,004094	0,010120	0,011681	0,009353	0,005858	0,061638	0,017134	0,017088	0,014268	0,011692	0,011289	0,011176	0,013108	0,013493	0,016845	0,014173	0,013819	0,016169	0,016182	0,016073	0,008116	0,008229	0,008127	0,010190	0,002675	0,003266	0,007264	0,007603	0,000198	0,000458	-0,000361	0,000184	0,000746	0,000318	-0,000881	0,000336	-0,000141	0,000353	0,000133
622,00	0,004157	0,009978	0,011515	0,009122	0,005721	0,061397	0,016869	0,016960	0,014010	0,011571	0,011242	0,011130	0,012885	0,013155	0,016705	0,014011	0,013724	0,016075	0,016085	0,015837	0,008108	0,008182	0,008035	0,010085	0,002581	0,003280	0,007110	0,007476	0,000234	0,000351	-0,000376	0,000234	0,000718	0,000192	-0,000920	0,000347	-0,000174	0,000445	0,000141
623,00	0,004056	0,010067	0,011466	0,009142	0,005834	0,061273	0,016853	0,016890	0,013949	0,011473	0,011126	0,010979	0,012903	0,013101	0,016510	0,013992	0,013653	0,016086	0,015987	0,015804	0,007937	0,008093	0,008050	0,010116	0,002631	0,003154	0,007224	0,007539	0,000134	0,000387	-0,000315	0,000068	0,000609	0,000243	-0,000880	0,000355	-0,000119	0,000366	0,000053
624,00	0,003943	0,010115	0,011465	0,008979	0,005833	0,061152	0,016695	0,016689	0,014016	0,011350	0,011083	0,010861	0,012900	0,013114	0,016442	0,013841	0,013507	0,015893	0,015831	0,015621	0,007867	0,007978	0,007922	0,010138	0,002479	0,003119	0,007176	0,007486	0,000090	0,000303	-0,000423	0,000145	0,000624	0,000380	-0,000858	0,000399	-0,000081	0,000185	0,000013
625,00	0,003981	0,009887	0,011390	0,008925	0,005695	0,060921	0,016691	0,016709	0,013899	0,011370	0,011039	0,010881	0,012834	0,013025	0,016396	0,013783	0,013358	0,015854	0,015753	0,015481	0,007940	0,008064	0,007908	0,009942	0,002577	0,003157	0,007108	0,007386	0,000095	0,000317	-0,000325	0,000200	0,000661	0,000362	-0,000883	0,000406	-0,000052	0,000328	0,000046
626,00	0,003878	0,009777	0,011163	0,008775	0,005617	0,060748	0,016490	0,016565	0,013758	0,011221	0,010911	0,010801	0,012600	0,012826	0,016199	0,013600	0,013251	0,015603	0,015509	0,015312	0,007788	0,007909	0,007806	0,009786	0,002511	0,003024	0,006977	0,007318	0,000015	0,000241	-0,000458	0,000049	0,000686	0,000256	-0,000903	0,000295	-0,000172	0,000301	0,000013
627,00	0,003922	0,009879	0,011194	0,008784	0,005724	0,060648	0,016534	0,016532	0,013680	0,011202	0,010893	0,010697	0,012620	0,012764	0,016164	0,013621	0,013305	0,015630	0,015523	0,015314	0,007795	0,007912	0,007797	0,009783	0,002602	0,003092	0,006956	0,007374	0,000023	0,000314	-0,000270	0,000197	0,000723	0,000355	-0,000849	0,000417	-0,000071	0,000340	0,000207
628,00	0,003896	0,009792	0,011130	0,008682	0,005683	0,060401	0,016352	0,016308	0,013598	0,011114	0,010873	0,010672	0,012553	0,012690	0,016063	0,013494	0,013222	0,015423	0,015243	0,015251	0,007632	0,007833	0,007768	0,009778	0,002602	0,003058	0,006963	0,007319	-0,000009	0,000244	-0,000403	0,000112	0,000684	0,000368	-0,000785	0,000388	-0,000144	0,000396	0,000150
629,00	0,003881	0,009688	0,011102	0,008702	0,005638	0,060231	0,016268	0,016342	0,013608	0,011055	0,010712	0,010622	0,012517	0,012596	0,015917	0,013437	0,013141	0,015360	0,015241	0,015127	0,007604	0,007751	0,007663	0,009737	0,002513	0,002978	0,006907	0,007254	0,000076	0,000347	-0,000434	0,000132	0,000790	0,000356	-0,000804	0,000414	-0,000078	0,000410	0,000174
630,00	0,003722	0,009617	0,011023	0,008588	0,005611	0,060025	0,016209	0,016245	0,013477	0,011106	0,010764	0,010601	0,012425	0,012444	0,015772	0,013400	0,012950	0,015244	0,015019	0,014968	0,007749	0,007808	0,007730	0,009578	0,002384	0,002886	0,006850	0,007174	0,000068	0,000234	-0,000350	0,000344	0,000809	0,000329	-0,000827	0,000318	-0,000094	0,000300	0,000044
631,00	0,003810	0,009475	0,010912	0,008607	0,005397	0,059805	0,016125	0,016229	0,013249	0,010993	0,010653	0,010512	0,012303	0,012230	0,015783	0,013151	0,012940	0,015112	0,014911	0,014894	0,007598	0,007724	0,007618	0,009434	0,002501	0,002989	0,006799	0,007128	0,000047	0,000336	-0,000341	0,000179	0,000795	0,000231	-0,000863	0,000273	-0,000127	0,000496	0,000188
632,00	0,003655	0,009492	0,010811	0,008423	0,005477	0,059618	0,015898	0,016034	0,013264	0,010794	0,010467	0,010360	0,012183	0,012224	0,015524	0,013100	0,012783	0,014901	0,014771	0,014738	0,007489	0,007510	0,007342	0,009445	0,002469	0,002902	0,006781	0,007060	0,000008	0,000195	-0,000478	0,000148	0,000684	0,000317	-0,000957	0,000356	-0,000115	0,000394	0,000145
633,00	0,003692	0,009384	0,010678	0,008380	0,005392	0,059344	0,015803	0,015889	0,013170	0,010814	0,010441	0,010282	0,012135	0,012118	0,015462	0,013106	0,012817	0,014754	0,014577	0,014589	0,007440	0,007524	0,007452	0,009365	0,002435	0,002921	0,006778	0,006986	-0,000055	0,000201	-0,000435	0,000242	0,000727	0,000254	-0,000881	0,000386	-0,000050	0,000362	0,000176
634,00	0,003655	0,009209	0,010675	0,008359	0,005390	0,059203	0,015768	0,015941	0,013206	0,010617	0,010371	0,010182	0,012075	0,012067	0,015425	0,012992	0,012674	0,014612	0,014443	0,014486	0,007273	0,007402	0,007287	0,009232	0,002477	0,002900	0,006702	0,006989	-0,000004	0,000201	-0,000396	0,000141	0,000768	0,000267	-0,000858	0,000376	0,000044	0,000379	0,000187
635,00	0,003664	0,009325	0,010533	0,008256	0,005390	0,058950	0,015600	0,015752	0,013004	0,010651	0,010329	0,010243	0,011879	0,011875	0,015298	0,012859	0,012538	0,014549	0,014355	0,014328	0,007429	0,007402	0,007335	0,009214	0,002427	0,002896	0,006703	0,006929	0,000059	0,000154	-0,000522	0,000245	0,000812	0,000279	-0,000767	0,000327	0,000002	0,000423	0,000187
636,00	0,003657	0,009193	0,010508	0,008215	0,005289	0,058849	0,015551	0,015708	0,012838	0,010678	0,010338	0,010158	0,011854	0,011757	0,015133	0,012801	0,012553	0,014407	0,014280	0,014270	0,007272	0,007382	0,007297	0,009113	0,002413	0,002830	0,006565	0,006847	-0,000001	0,000211	-0,000379	0,000186	0,000803	0,000310	-0,000930	0,000270	-0,000072	0,000365	0,000148
637,00	0,003500	0,009177	0,010361	0,008065	0,005224	0,058670	0,015337	0,015452	0,012874	0,010480	0,010197	0,009994	0,011744	0,011780	0,014923	0,012717	0,012254	0,014227	0,014186	0,013999	0,007225	0,007163	0,007211	0,009070	0,002328	0,002705	0,006532	0,006802	-0,000018	0,000073	-0,000496	0,000132	0,000781	0,000283	-0,001003	0,000289	-0,000002	0,000277	0,000124
638,00	0,003438	0,009072	0,010203	0,007977	0,005131	0,058432	0,015163	0,015293	0,012774	0,010446	0,010284	0,010063	0,011689	0,011679	0,014951	0,012597	0,012268	0,014036	0,014017	0,013797	0,007268	0,007286	0,007215	0,008965	0,002452	0,002728	0,006500	0,006715	0,000064	0,000003	-0,000521	0,000283	0,000917	0,000239	-0,001014	0,000302	-0,000017	0,000387	0,000147
639,00	0,003392	0,008871	0,010197	0,007875	0,005127	0,058185	0,015037	0,015255	0,012687	0,010318	0,010159	0,009857	0,011582	0,011570	0,014691	0,012513	0,012099	0,013885	0,013907	0,013726	0,007128	0,007201	0,007133	0,008838	0,002272	0,002624	0,006376	0,006633	0,000116	-0,000022	-0,000544	0,000179	0,000931	0,000208	-0,000999	0,000301	-0,000009	0,000310	0,000116
640,00	0,003472	0,008911	0,010128	0,007860	0,005044	0,058016	0,014944	0,015172	0,012583	0,010213	0,009941	0,009752	0,011533	0,011469	0,014711	0,012490	0,012127	0,013879	0,013827	0,013642	0,006994	0,007007	0,006940	0,008712	0,002324	0,002687	0,006350	0,006545	0,000065	0,000003	-0,000516	0,000168	0,000778	0,000206	-0,000979	0,000315	0,000018	0,000407	0,000284
641,00	0,003384	0,008990	0,010013	0,007805	0,005131	0,057737	0,014857	0,015152	0,012388	0,010258	0,009975	0,009845	0,011337	0,011384	0,014585	0,012410	0,011905	0,013751	0,013750	0,013537	0,006990	0,007152	0,007000	0,008751	0,002300	0,002627	0,006412	0,006623	0,000015	0,000017	-0,000404	0,000214	0,000864	0,000279	-0,000938	0,000203	-0,000042	0,000360	0,000204
642,00	0,003368	0,008870	0,009965	0,007677	0,005140	0,057641	0,014650	0,015035	0,012506	0,010107	0,009869	0,009700	0,011457	0,011430	0,014365	0,012259	0,011851	0,013595	0,013577	0,013386	0,006961	0,006921	0,006941	0,008771	0,002296	0,002577	0,006352	0,006600	0,000049	-0,000012	-0,000703	0,000230	0,000889	0,000315	-0,000858	0,000332	0,000060	0,000322	0,000150
643,00	0,003376	0,008842	0,009987	0,007663	0,005039	0,057341	0,014707	0,014982	0,012457	0,010031	0,009889	0,009652	0,011294	0,011334	0,014301	0,012140	0,011777	0,013599	0,013592	0,013285	0,006941	0,006967	0,006895	0,008554	0,002331	0,002583	0,006207	0,006549	0,000145	0,000086	-0,000472	0,000254	0,000925	0,000290	-0,000957	0,000333	0,000061	0,000326	0,000173
644,00	0,003262	0,008652	0,009912	0,007713	0,005010	0,057214	0,014591	0,014943	0,012319	0,009981	0,009800	0,009482	0,011247	0,011223	0,014195	0,011990	0,011681	0,013588	0,013459	0,013167	0,006781	0,006931	0,006863	0,008408	0,002293	0,002548	0,006169	0,006357	0,000102	0,000209	-0,000400	0,000208	0,000850	0,000186	-0,001032	0,000340	0,000112	0,000300	0,000079
645,00	0,003270	0,008610	0,009825	0,007482	0,004921	0,056967	0,014344	0,014779	0,012226	0,009863	0,009660	0,009481	0,011156	0,011212	0,014101	0,012007	0,011583	0,013454	0,013333	0,013021	0,006788	0,006819	0,006843	0,008386	0,002331	0,002512	0,006108	0,006279	-0,000010	0,000134	-0,000446	0,000313	0,000848	0,000163	-0,001011	0,000335	0,000151	0,000389	0,000156
646,00	0,003282	0,008580	0,009821	0,007564	0,004890	0,056652	0,014266	0,014798	0,012008	0,009755	0,009628	0,009394	0,011017	0,010934	0,014032	0,011793	0,011512	0,013381	0,013255	0,012992	0,006714	0,006760	0,006717	0,008288	0,002284	0,002520	0,006024	0,006302	0,000047	0,000104	-0,000360	0,000292	0,000886	0,000098	-0,000986	0,000259	-0,000002	0,000390	0,000212
647,00	0,003123	0,008560	0,009692	0,007384	0,004914	0,056644	0,014100	0,014561	0,012068	0,009794	0,009494	0,009341	0,010988	0,011099	0,013768	0,011917	0,011315	0,013081	0,012974	0,012772	0,006748	0,006726	0,006617	0,008310	0,002287	0,002395	0,005949	0,006285	0,000049	0,000087	-0,000470	0,000202	0,000844	0,000246	-0,000994	0,000323	0,000156	0,000301	0,000141
648,00	0,003108	0,008427	0,009692	0,007328	0,004791	0,056406	0,014061	0,014508	0,011994	0,009524	0,009362	0,009146	0,010796	0,010966	0,013633	0,011701	0,011189	0,013076	0,012925	0,012659	0,006458	0,006561	0,006525	0,008128	0,002258	0,002386	0,005887	0,006187	0,000029	0,000177	-0,000416	0,000052	0,000796	0,000185	-0,001075	0,000279	0,000129	0,000320	0,000118
649,00	0,003145	0,008400	0,009565	0,007264	0,004848	0,056184	0,014023	0,014443	0,011870	0,009493	0,009336	0,009161	0,010761	0,010809	0,013542	0,011613	0,011222	0,013003	0,012822	0,012549	0,006425	0,006485	0,006479	0,008134	0,002234	0,002391	0,005889	0,006178	0,000047	0,000161	-0,000473	0,000178	0,000815	0,000206	-0,001065	0,000294	0,000051	0,000304	0,000182
650,00	0,003114	0,008367	0,009553	0,007207	0,004875	0,056059	0,013796	0,014382	0,011768	0,009398	0,009257	0,009007	0,010777	0,010836	0,013477	0,011609	0,011112	0,012895	0,012734	0,012589	0,006469	0,006380	0,006396	0,008135	0,002250	0,002371	0,005875	0,006245	-0,000103	0,000203	-0,000390	0,000235	0,000843	0,000244	-0,000941	0,000291	0,000155	0,000268	0,000123
651,00	0,002987	0,008314	0,009429	0,007112	0,004779	0,055757	0,013721	0,014229	0,011594	0,009306	0,009138	0,008985	0,010614	0,010695	0,013312	0,011418	0,010927	0,012711	0,012569	0,012296	0,006357	0,006313	0,006393	0,007991	0,002230	0,002332	0,005724	0,006113	0,000034	0,000183	-0,000472	0,000187	0,000816	0,000249	-0,000915	0,000256	0,000028	0,000311	0,000031
652,00	0,002983	0,008282	0,009380	0,007109	0,004686	0,055549	0,013619	0,014089	0,011640	0,009386	0,009115	0,008952	0,010545	0,010583	0,013172	0,011262	0,010811	0,012485	0,012372	0,012177	0,006265	0,006404	0,006424	0,007877	0,002134	0,002286	0,005654	0,006093	-0,000048	0,000214	-0,000421	0,000186	0,000884	0,000189	-0,001088	0,000235	0,000170	0,000290	0,000063
653,00	0,002912	0,008169	0,009383	0,007095	0,004661	0,055441	0,013438	0,013925	0,011558	0,009220	0,009050	0,008881	0,010482	0,010593	0,013123	0,011333	0,010725	0,012357	0,012289	0,012078	0,006255	0,006246	0,006283	0,007774	0,002209	0,002282	0,005547	0,006016	-0,000124	0,000058	-0,000474	0,000296	0,000839	0,000226	-0,001059	0,000353	0,000130	0,000288	0,000135
654,00	0,002944	0,008122	0,009256	0,006940	0,004644	0,055120	0,013342	0,014013	0,011405	0,009103	0,008969	0,008782	0,010339	0,010450	0,013046	0,011248	0,010662	0,012279	0,012202	0,012048	0,006158	0,006182	0,006251	0,007821	0,002185	0,002277	0,005579	0,006031	0,000020	0,000163	-0,000460	0,000140	0,000833	0,000173	-0,001037	0,000169	0,000179	0,000389	0,000232
655,00	0,002903	0,007989	0,009320	0,007063	0,004589	0,055004	0,013447	0,014080	0,011343	0,009075	0,008799	0,008714	0,010279	0,010442	0,012864	0,011070	0,010562	0,012336	0,012306	0,012032	0,006174	0,006175	0,006103	0,007764	0,002123	0,002141	0,005438	0,005864	-0,000042	0,000348	-0,000274	0,000174	0,000828	0,000230	-0,001042	0,000290	0,000114	0,000326	0,000192
656,00	0,002659	0,008059	0,009276	0,006977	0,004530	0,054804	0,013299	0,013879	0,011299	0,009061	0,008804	0,008605	0,010230	0,010366	0,012666	0,010984	0,010276	0,012136	0,012074	0,011780	0,005968	0,006087	0,006126	0,007619	0,001964	0,001999	0,005400	0,005848	-0,000068	0,000274	-0,000357	0,000204	0,000906	0,000189	-0,001070	0,000227	0,000150	0,000132	0,000031
657,00	0,002677	0,007941	0,009214	0,006944	0,004534	0,054510	0,013159	0,013798	0,011145	0,008948	0,008686	0,008581	0,010072	0,010131	0,012585	0,010822	0,010297	0,012059	0,011942	0,011752	0,005907	0,006108	0,006070	0,007578	0,001989	0,001969	0,005282	0,005758	-0,000049	0,000315	-0,000270	0,000209	0,000948	0,000072	-0,001142	0,000173	0,000109	0,000214	0,000039
658,00	0,002713	0,007974	0,009209	0,006898	0,004498	0,054451	0,013134	0,013822	0,011171	0,008931	0,008727	0,008652	0,010062	0,010251	0,012556	0,010920	0,010238	0,011991	0,012082	0,011615	0,005917	0,006023	0,005982	0,007530	0,002042	0,001981	0,005283	0,005866	0,000117	0,000379	-0,000272	0,000264	0,001033	0,000191	-0,001100	0,000305	0,000198	0,000170	0,000038
659,00	0,002727	0,007851	0,009126	0,006807	0,004448	0,054164	0,012970	0,013637	0,011021	0,008723	0,008602	0,008442	0,009954	0,010088	0,012452	0,010817	0,010127	0,011851	0,011940	0,011602	0,005813	0,005886	0,005892	0,007475	0,002000	0,001918	0,005226	0,005887	-0,000036	0,000275	-0,000354	0,000180	0,000928	0,000209	-0,000996	0,000176	0,000178	0,000195	0,000078
660,00	0,002699	0,007666	0,009023	0,006634	0,004253	0,053990	0,012786	0,013472	0,010916	0,008711	0,008476	0,008315	0,009758	0,009971	0,012366	0,010664	0,010088	0,011728	0,011799	0,011369	0,005801	0,005884	0,005868	0,007344	0,002020	0,001905	0,004991	0,005632	-0,000144	0,000252	-0,000345	0,000192	0,000933	0,000096	-0,001134	0,000228	0,000145	0,000240	0,000063
661,00	0,002779	0,007758	0,008901	0,006646	0,004456	0,053831	0,012763	0,013372	0,010824	0,008682	0,008440	0,008330	0,009647	0,009884	0,012235	0,010651	0,009983	0,011658	0,011664	0,011291	0,005742	0,005923	0,005902	0,007387	0,002027	0,001924	0,005057	0,005764	-0,000053	0,000230	-0,000315	0,000200	0,001036	0,000193	-0,001012	0,000178	0,000236	0,000296	0,000094
662,00	0,002523	0,007695	0,008994	0,006684	0,004303	0,053698	0,012717	0,013413	0,010901	0,008583	0,008320	0,008181	0,009758	0,009827	0,012083	0,010634	0,009892	0,011633	0,011667	0,011358	0,005587	0,005884	0,005741	0,007295	0,001872	0,001751	0,004985	0,005680	0,000006	0,000272	-0,000313	0,000191	0,000987	0,000130	-0,001098	0,000234	0,000188	0,000194	-0,000032
663,00	0,002608	0,007591	0,008811	0,006505	0,004305	0,053526	0,012516	0,013178	0,010806	0,008498	0,008346	0,008310	0,009583	0,009659	0,012057	0,010628	0,009835	0,011490	0,011499	0,011117	0,005691	0,005850	0,005772	0,007193	0,001990	0,001892	0,004943	0,005727	-0,000053	0,000178	-0,000297	0,000239	0,001005	0,000182	-0,001042	0,000166	0,000217	0,000180	0,000065
664,00	0,002434	0,007640	0,008823	0,006487	0,004373	0,053328	0,012418	0,013166	0,010638	0,008437	0,008163	0,008189	0,009561	0,009599	0,011857	0,010459	0,009694	0,011397	0,011551	0,011094	0,005564	0,005846	0,005637	0,007248	0,001870	0,001659	0,004955	0,005669	-0,000029	0,000123	-0,000346	0,000155	0,000976	0,000260	-0,000943	0,000236	0,000227	0,000127	-0,000039
665,00	0,002454	0,007502	0,008779	0,006302	0,004214	0,053284	0,012270	0,012993	0,010524	0,008363	0,008168	0,008026	0,009472	0,009553	0,011760	0,010364	0,009685	0,011281	0,011261	0,010928	0,005548	0,005788	0,005634	0,007101	0,001853	0,001701	0,004848	0,005591	0,000036	0,000027	-0,000331	0,000211	0,000988	0,000148	-0,001108	0,000134	0,000135	0,000148	-0,000085
666,00	0,002326	0,007473	0,008735	0,006406	0,004142	0,053137	0,012218	0,012922	0,010482	0,008153	0,008117	0,008015	0,009379	0,009494	0,011700	0,010370	0,009480	0,011249	0,011279	0,010816	0,005499	0,005719	0,005666	0,007100	0,001799	0,001561	0,004752	0,005474	0,000044	0,000204	-0,000314	0,000182	0,001039	0,000106	-0,001096	0,000156	0,000097	0,000092	-0,000103
667,00	0,002400	0,007461	0,008648	0,006257	0,004125	0,053155	0,012129	0,012861	0,010622	0,008283	0,007898	0,007976	0,009432	0,009520	0,011569	0,010392	0,009399	0,011145	0,011127	0,010747	0,005421	0,005668	0,005527	0,007005	0,001840	0,001588	0,004780	0,005541	0,000097	0,000066	-0,000468	0,000171	0,000934	0,000205	-0,001140	0,000288	0,000258	0,000122	-0,000040
668,00	0,002466	0,007245	0,008650	0,006229	0,004063	0,052881	0,011980	0,012819	0,010470	0,008207	0,007920	0,007884	0,009248	0,009347	0,011643	0,010357	0,009452	0,011037	0,011014	0,010768	0,005436	0,005566	0,005472	0,006879	0,001978	0,001662	0,004619	0,005397	-0,000027	0,000135	-0,000424	0,000214	0,000900	0,000060	-0,001256	0,000094	0,000141	0,000160	0,000098
669,00	0,002469	0,007392	0,008526	0,006194	0,004095	0,052917	0,011991	0,012689	0,010530	0,008088	0,007839	0,007853	0,009335	0,009388	0,011580	0,010249	0,009431	0,011005	0,010852	0,010652	0,005350	0,005516	0,005427	0,006943	0,001956	0,001725	0,004615	0,005497	0,000061	-0,000021	-0,000455	0,000238	0,000949	0,000147	-0,001065	0,000278	0,000189	0,000210	0,000110
670,00	0,002454	0,007272	0,008473	0,006083	0,004031	0,052844	0,011867	0,012527	0,010379	0,008031	0,007699	0,007720	0,009276	0,009314	0,011430	0,010162	0,009245	0,010773	0,010694	0,010538	0,005203	0,005500	0,005373	0,006932	0,001893	0,001595	0,004619	0,005374	0,000033	-0,000018	-0,000459	0,000116	0,000882	0,000089	-0,001099	0,000194	0,000259	0,000166	0,000061
671,00	0,002378	0,007162	0,008627	0,006145	0,004107	0,052573	0,011882	0,012614	0,010344	0,008014	0,007774	0,007846	0,009140	0,009263	0,011365	0,010114	0,009248	0,010788	0,010737	0,010506	0,005397	0,005559	0,005478	0,006842	0,001855	0,001591	0,004585	0,005455	0,000119	0,000041	-0,000355	0,000284	0,001107	0,000150	-0,001243	0,000203	0,000245	0,000156	0,000069
672,00	0,002476	0,007150	0,008551	0,006119	0,004063	0,052489	0,011747	0,012474	0,010234	0,007834	0,007659	0,007690	0,009165	0,009043	0,011333	0,010096	0,009274	0,010612	0,010583	0,010424	0,005231	0,005460	0,005339	0,006798	0,002023	0,001617	0,004605	0,005353	0,000025	0,000053	-0,000379	0,000081	0,000978	0,000258	-0,001089	0,000199	0,000295	0,000201	0,000110
673,00	0,002280	0,007235	0,008519	0,006050	0,004105	0,052470	0,011646	0,012454	0,010269	0,007751	0,007478	0,007579	0,009016	0,009023	0,011170	0,009959	0,009205	0,010549	0,010428	0,010451	0,005134	0,005381	0,005156	0,006865	0,001886	0,001465	0,004560	0,005424	0,000106	-0,000030	-0,000346	0,000062	0,000989	0,000256	-0,001112	0,000195	0,000220	0,000105	0,000073
674,00	0,002238	0,007177	0,008468	0,006023	0,004070	0,052469	0,011609	0,012316	0,010221	0,007704	0,007512	0,007509	0,009022	0,008938	0,010996	0,009916	0,008992	0,010501	0,010392	0,010240	0,005170	0,005385	0,005197	0,006809	0,001860	0,001436	0,004518	0,005311	0,000141	0,000005	-0,000502	0,000133	0,000974	0,000210	-0,001144	0,000310	0,000276	0,000102	-0,000003
675,00	0,002203	0,007170	0,008340	0,005906	0,004013	0,052354	0,011439	0,012181	0,010146	0,007690	0,007436	0,007463	0,008927	0,008772	0,011011	0,009891	0,008976	0,010312	0,010188	0,010190	0,005153	0,005298	0,005113	0,006791	0,001847	0,001504	0,004484	0,005222	0,000110	-0,000104	-0,000478	0,000119	0,000917	0,000240	-0,001124	0,000175	0,000217	0,000091	-0,000011
676,00	0,002138	0,006951	0,008345	0,005881	0,003955	0,052301	0,011493	0,012198	0,010156	0,007629	0,007426	0,007415	0,008890	0,008845	0,010805	0,009928	0,008797	0,010202	0,010266	0,010185	0,005115	0,005142	0,005113	0,006550	0,001759	0,001503	0,004391	0,005060	0,000056	0,000040	-0,000348	0,000045	0,000952	0,000169	-0,001157	0,000223	0,000233	0,000024	-0,000060
677,00	0,002231	0,006983	0,008298	0,005840	0,003971	0,052154	0,011333	0,012028	0,010145	0,007555	0,007313	0,007298	0,008817	0,008734	0,010828	0,009760	0,008822	0,010111	0,010225	0,009976	0,004988	0,005233	0,005109	0,006616	0,001757	0,001337	0,004414	0,005144	0,000117	-0,000132	-0,000503	0,000102	0,001052	0,000190	-0,001165	0,000153	0,000244	0,000148	0,000002
678,00	0,002116	0,006790	0,008316	0,005798	0,003780	0,052015	0,011333	0,012051	0,010034	0,007438	0,007274	0,007229	0,008738	0,008602	0,010690	0,009714	0,008719	0,010028	0,010137	0,009972	0,004932	0,005080	0,004969	0,006488	0,001727	0,001393	0,004326	0,005000	0,000069	-0,000054	-0,000453	0,000179	0,000907	0,000164	-0,001269	0,000215	0,000246	0,000065	-0,000029
679,00	0,002116	0,006879	0,008329	0,005806	0,003886	0,051919	0,011259	0,011915	0,009915	0,007445	0,007258	0,007190	0,008617	0,008502	0,010660	0,009625	0,008750	0,009933	0,010067	0,009874	0,005006	0,005100	0,004991	0,006571	0,001794	0,001424	0,004314	0,005038	0,000129	0,000004	-0,000531	0,000033	0,001009	0,000190	-0,001221	0,000159	0,000250	0,000103	0,000033
680,00	0,002093	0,006748	0,008335	0,005871	0,003832	0,051809	0,011212	0,011968	0,009945	0,007376	0,007099	0,007134	0,008589	0,008462	0,010563	0,009637	0,008557	0,009938	0,010054	0,009942	0,004923	0,005017	0,004918	0,006427	0,001742	0,001310	0,004229	0,004912	0,000164	0,000105	-0,000376	0,000040	0,000960	0,000171	-0,001242	0,000203	0,000276	0,000080	-0,000071
681,00	0,002010	0,006779	0,008367	0,005704	0,003794	0,051815	0,011094	0,011837	0,009993	0,007320	0,007074	0,007092	0,008579	0,008331	0,010323	0,009582	0,008567	0,009842	0,010009	0,009775	0,004900	0,004902	0,004890	0,006516	0,001651	0,001271	0,004282	0,004989	0,000114	0,000031	-0,000398	0,000040	0,000953	0,000198	-0,001220	0,000105	0,000321	-0,000108	-0,000092
682,00	0,002028	0,006734	0,008337	0,005729	0,003750	0,051850	0,011165	0,011810	0,009884	0,007269	0,007005	0,006943	0,008550	0,008337	0,010466	0,009507	0,008626	0,009871	0,010097	0,009845	0,004958	0,004836	0,004795	0,006413	0,001681	0,001309	0,004292	0,004868	0,000094	0,000135	-0,000233	-0,000020	0,000960	0,000098	-0,001234	0,000117	0,000265	-0,000076	-0,000048
683,00	0,001999	0,006745	0,008274	0,005667	0,003740	0,051757	0,011018	0,011688	0,009881	0,007193	0,006978	0,006928	0,008435	0,008266	0,010328	0,009413	0,008371	0,009799	0,009918	0,009641	0,004914	0,004845	0,004802	0,006390	0,001655	0,001277	0,004177	0,004886	0,000022	0,000090	-0,000374	0,000047	0,001079	0,000265	-0,001273	0,000147	0,000246	-0,000053	-0,000043
684,00	0,002032	0,006638	0,008185	0,005553	0,003695	0,051680	0,010916	0,011589	0,009846	0,007215	0,006894	0,006904	0,008402	0,008316	0,010245	0,009395	0,008354	0,009706	0,009826	0,009538	0,004856	0,004830	0,004699	0,006298	0,001686	0,001322	0,004133	0,004821	-0,000054	0,000083	-0,000408	0,000047	0,001076	0,000172	-0,001347	0,000200	0,000257	-0,000036	0,000005
685,00	0,001881	0,006614	0,008230	0,005617	0,003764	0,051622	0,010924	0,011540	0,009858	0,007038	0,006857	0,006762	0,008384	0,008220	0,010059	0,009291	0,008378	0,009701	0,009730	0,009576	0,004679	0,004726	0,004657	0,006264	0,001570	0,001161	0,004121	0,004767	0,000070	0,000192	-0,000368	0,000010	0,001010	0,000240	-0,001264	0,000222	0,000350	0,000028	-0,000084
686,00	0,002006	0,006618	0,008197	0,005634	0,003644	0,051588	0,010890	0,011439	0,009584	0,007009	0,006841	0,006709	0,008299	0,008048	0,010158	0,009209	0,008471	0,009620	0,009703	0,009525	0,004742	0,004585	0,004671	0,006298	0,001726	0,001241	0,004109	0,004785	-0,000082	0,000212	-0,000269	0,000027	0,001070	0,000220	-0,001226	0,000090	0,000202	0,000056	0,000032
687,00	0,001891	0,006645	0,007996	0,005575	0,003598	0,051476	0,010792	0,011422	0,009670	0,007010	0,006753	0,006627	0,008269	0,008024	0,010020	0,009174	0,008239	0,009586	0,009647	0,009358	0,004709	0,004621	0,004641	0,006166	0,001659	0,001205	0,004039	0,004693	-0,000010	0,000219	-0,000334	0,000006	0,001053	0,000225	-0,001359	0,000135	0,000150	0,000036	-0,000077
688,00	0,001931	0,006558	0,008086	0,005617	0,003560	0,051245	0,010679	0,011278	0,009579	0,006944	0,006736	0,006732	0,008022	0,007846	0,009913	0,008866	0,008180	0,009547	0,009499	0,009317	0,004661	0,004619	0,004622	0,006098	0,001588	0,001181	0,004015	0,004639	-0,000053	0,000196	-0,000312	0,000016	0,001194	0,000227	-0,001354	-0,000010	0,000118	0,000010	0,000058
689,00	0,001891	0,006455	0,008056	0,005543	0,003541	0,051275	0,010692	0,011174	0,009544	0,006946	0,006571	0,006574	0,008125	0,007820	0,009798	0,009019	0,008133	0,009437	0,009355	0,009261	0,004623	0,004498	0,004517	0,006070	0,001589	0,001185	0,004048	0,004667	0,000010	0,000325	-0,000271	-0,000008	0,001081	0,000155	-0,001228	0,000059	0,000234	0,000002	-0,000020
690,00	0,001866	0,006556	0,008009	0,005599	0,003598	0,051165	0,010657	0,011231	0,009496	0,006811	0,006567	0,006449	0,008019	0,007787	0,009705	0,008933	0,008110	0,009452	0,009380	0,009245	0,004520	0,004420	0,004485	0,006126	0,001617	0,001095	0,004005	0,004590	-0,000081	0,000296	-0,000223	-0,000096	0,000950	0,000313	-0,001242	0,000135	0,000223	0,000053	-0,000043
691,00	0,001874	0,006362	0,007986	0,005491	0,003433	0,051107	0,010561	0,011022	0,009445	0,006828	0,006606	0,006586	0,008001	0,007758	0,009614	0,008959	0,008026	0,009363	0,009265	0,009155	0,004618	0,004490	0,004430	0,005964	0,001635	0,001104	0,003894	0,004564	-0,000135	0,000251	-0,000144	0,000012	0,001131	0,000217	-0,001332	0,000057	0,000206	0,000053	-0,000066
692,00	0,001756	0,006426	0,007900	0,005478	0,003406	0,050886	0,010469	0,011122	0,009307	0,006708	0,006462	0,006321	0,007812	0,007764	0,009543	0,008754	0,007996	0,009272	0,009214	0,008977	0,004408	0,004348	0,004392	0,005951	0,001516	0,001080	0,003931	0,004526	-0,000079	0,000327	-0,000199	-0,000023	0,001053	0,000336	-0,001253	0,000021	0,000226	0,000009	-0,000107
693,00	0,001803	0,006339	0,007967	0,005438	0,003369	0,050817	0,010374	0,010857	0,009285	0,006699	0,006494	0,006445	0,007887	0,007668	0,009487	0,008681	0,007944	0,009179	0,009173	0,008944	0,004592	0,004418	0,004509	0,005836	0,001578	0,001130	0,003817	0,004474	-0,000109	0,000333	-0,000306	0,000065	0,001193	0,000327	-0,001336	0,000072	0,000237	-0,000022	0,000015
694,00	0,001797	0,006173	0,007753	0,005370	0,003297	0,050896	0,010258	0,010694	0,009304	0,006666	0,006355	0,006313	0,007873	0,007686	0,009380	0,008698	0,007857	0,009024	0,009006	0,008867	0,004449	0,004288	0,004263	0,005830	0,001534	0,001032	0,003666	0,004529	-0,000189	0,000304	-0,000288	0,000001	0,001054	0,000231	-0,001449	0,000137	0,000300	-0,000033	-0,000176
695,00	0,001843	0,006230	0,007832	0,005424	0,003219	0,050615	0,010206	0,010785	0,009154	0,006558	0,006281	0,006259	0,007707	0,007521	0,009441	0,008591	0,007869	0,009005	0,009076	0,008827	0,004370	0,004238	0,004308	0,005801	0,001555	0,001124	0,003658	0,004364	-0,000079	0,000376	-0,000232	-0,000101	0,001083	0,000274	-0,001356	0,000064	0,000183	0,000030	-0,000048
696,00	0,001761	0,006146	0,007675	0,005240	0,003200	0,050554	0,009985	0,010517	0,009099	0,006611	0,006298	0,006258	0,007717	0,007533	0,009383	0,008479	0,007758	0,008769	0,008865	0,008598	0,004382	0,004370	0,004303	0,005705	0,001601	0,001083	0,003701	0,004347	-0,000107	0,000235	-0,000306	0,000102	0,001185	0,000281	-0,001372	0,000069	0,000327	0,000091	0,000067
697,00	0,001873	0,006091	0,007621	0,005190	0,003148	0,050382	0,009908	0,010444	0,009040	0,006481	0,006156	0,006063	0,007673	0,007470	0,009327	0,008506	0,007793	0,008605	0,008749	0,008570	0,004271	0,004182	0,004287	0,005686	0,001642	0,001170	0,003591	0,004336	-0,000121	0,000155	-0,000305	0,000000	0,001262	0,000211	-0,001375	0,000110	0,000326	0,000138	0,000067
698,00	0,001778	0,006141	0,007470	0,005158	0,003137	0,050322	0,009830	0,010309	0,009065	0,006380	0,006136	0,006016	0,007572	0,007381	0,009237	0,008490	0,007661	0,008532	0,008761	0,008433	0,004278	0,004175	0,004192	0,005629	0,001562	0,001069	0,003471	0,004346	0,000015	0,000282	-0,000399	-0,000095	0,001240	0,000271	-0,001429	0,000122	0,000263	0,000038	0,000023
699,00	0,001891	0,006143	0,007525	0,005100	0,003188	0,050236	0,009774	0,010298	0,008972	0,006272	0,006079	0,006017	0,007581	0,007466	0,009177	0,008429	0,007689	0,008642	0,008766	0,008426	0,004224	0,004201	0,004129	0,005529	0,001596	0,001150	0,003432	0,004294	-0,000181	0,000204	-0,000290	-0,000128	0,001117	0,000347	-0,001312	0,000103	0,000415	0,000102	0,000081
700,00	0,001744	0,006229	0,007504	0,005114	0,003222	0,050215	0,009718	0,010236	0,009055	0,006207	0,005928	0,005869	0,007522	0,007400	0,008989	0,008437	0,007646	0,008395	0,008681	0,008276	0,004055	0,004084	0,004044	0,005651	0,001529	0,001085	0,003508	0,004324	-0,000073	0,000105	-0,000310	-0,000133	0,001056	0,000432	-0,001241	0,000129	0,000388	0,000092	-0,000051
701,00	0,001850	0,006050	0,007417	0,005035	0,003040	0,050037	0,009476	0,010074	0,008791	0,006222	0,005915	0,005763	0,007464	0,007304	0,009078	0,008250	0,007609	0,008377	0,008525	0,008119	0,004042	0,004096	0,003965	0,005564	0,001632	0,001132	0,003342	0,004261	-0,000066	0,000119	-0,000424	-0,000091	0,001189	0,000284	-0,001346	0,000043	0,000215	0,000143	0,000118
702,00	0,001837	0,005920	0,007228	0,004950	0,002938	0,049975	0,009329	0,009898	0,008914	0,006136	0,005971	0,005868	0,007389	0,007277	0,009009	0,008265	0,007532	0,008141	0,008475	0,008014	0,004043	0,004148	0,004099	0,005468	0,001573	0,001134	0,003289	0,004186	0,000011	-0,000019	-0,000492	0,000079	0,001288	0,000201	-0,001287	0,000123	0,000291	0,000114	0,000103
703,00	0,001846	0,005990	0,007144	0,004935	0,002951	0,049772	0,009237	0,009787	0,008614	0,006096	0,005905	0,005690	0,007235	0,007135	0,008914	0,007986	0,007557	0,008232	0,008320	0,007972	0,003982	0,004020	0,003891	0,005343	0,001647	0,001077	0,003194	0,004175	-0,000010	-0,000007	-0,000615	-0,000029	0,001178	0,000310	-0,001406	-0,000108	0,000199	0,000107	0,000117
704,00	0,001764	0,005973	0,007186	0,004917	0,002980	0,049626	0,009238	0,009719	0,008740	0,005950	0,005764	0,005598	0,007338	0,007093	0,008821	0,008081	0,007453	0,008109	0,008349	0,007831	0,003911	0,003857	0,003815	0,005446	0,001552	0,001050	0,003216	0,004257	-0,000002	-0,000047	-0,000434	-0,000150	0,001162	0,000280	-0,001234	0,000101	0,000337	0,000183	0,000099
705,00	0,001692	0,005780	0,007093	0,004888	0,002862	0,049450	0,009148	0,009625	0,008600	0,006063	0,005818	0,005663	0,007272	0,007029	0,008736	0,008004	0,007307	0,008049	0,008176	0,007745	0,003967	0,004027	0,003834	0,005316	0,001494	0,001009	0,003103	0,004113	0,000109	0,000025	-0,000494	-0,000143	0,001269	0,000339	-0,001399	0,000095	0,000320	0,000125	0,000089
706,00	0,001664	0,005769	0,007044	0,004646	0,002871	0,049289	0,008955	0,009380	0,008511	0,005922	0,005662	0,005503	0,007223	0,006983	0,008620	0,007825	0,007226	0,007913	0,007931	0,007602	0,003900	0,003972	0,003780	0,005240	0,001475	0,000986	0,003031	0,004156	0,000132	-0,000089	-0,000548	-0,000058	0,001326	0,000413	-0,001334	0,000055	0,000248	-0,000004	0,000070
707,00	0,001751	0,005649	0,007036	0,004665	0,002741	0,049247	0,008951	0,009264	0,008505	0,005917	0,005741	0,005422	0,007151	0,006904	0,008651	0,007880	0,007248	0,007833	0,007895	0,007569	0,003903	0,003893	0,003887	0,005162	0,001558	0,001048	0,002977	0,004106	0,000079	-0,000002	-0,000553	-0,000054	0,001326	0,000331	-0,001399	0,000073	0,000350	0,000217	0,000201
708,00	0,001661	0,005722	0,006895	0,004667	0,002681	0,049027	0,008797	0,009094	0,008427	0,005873	0,005611	0,005322	0,007135	0,006821	0,008592	0,007801	0,007093	0,007814	0,007750	0,007436	0,003799	0,003791	0,003757	0,005045	0,001557	0,000950	0,002960	0,004092	0,000070	-0,000121	-0,000517	-0,000045	0,001296	0,000337	-0,001469	0,000049	0,000318	0,000150	0,000142
709,00	0,001568	0,005723	0,006834	0,004561	0,002712	0,048768	0,008802	0,009058	0,008149	0,005714	0,005541	0,005229	0,006983	0,006664	0,008408	0,007728	0,007130	0,007804	0,007810	0,007440	0,003801	0,003799	0,003613	0,005062	0,001519	0,000900	0,002941	0,004163	0,000151	-0,000017	-0,000466	-0,000045	0,001289	0,000349	-0,001245	0,000065	0,000305	0,000113	0,000110
710,00	0,001580	0,005491	0,006839	0,004582	0,002536	0,048545	0,008734	0,009077	0,008090	0,005684	0,005402	0,005290	0,006832	0,006556	0,008279	0,007502	0,006960	0,007730	0,007676	0,007319	0,003718	0,003651	0,003688	0,004879	0,001374	0,000878	0,002843	0,003968	0,000193	0,000060	-0,000414	-0,000019	0,001285	0,000279	-0,001401	0,000153	0,000265	0,000091	0,000145
711,00	0,001626	0,005601	0,006721	0,004535	0,002544	0,048455	0,008500	0,008887	0,007894	0,005478	0,005211	0,005071	0,006828	0,006454	0,008286	0,007330	0,006910	0,007679	0,007630	0,007355	0,003517	0,003543	0,003469	0,004881	0,001388	0,000858	0,002869	0,004083	0,000195	-0,000028	-0,000453	-0,000093	0,001233	0,000373	-0,001314	0,000119	0,000305	0,000111	0,000059
712,00	0,001542	0,005422	0,006657	0,004473	0,002417	0,048190	0,008384	0,008716	0,007727	0,005449	0,005254	0,004973	0,006523	0,006279	0,008139	0,007238	0,006798	0,007595	0,007482	0,007120	0,003414	0,003491	0,003345	0,004755	0,001323	0,000757	0,002669	0,003935	0,000140	-0,000019	-0,000361	-0,000124	0,001291	0,000364	-0,001453	-0,000034	0,000316	0,000033	0,000123
713,00	0,001548	0,005347	0,006617	0,004424	0,002356	0,048058	0,008290	0,008556	0,007770	0,005388	0,005175	0,004842	0,006656	0,006296	0,008000	0,007278	0,006649	0,007424	0,007395	0,006992	0,003391	0,003441	0,003232	0,004665	0,001344	0,000661	0,002744	0,003977	0,000156	0,000027	-0,000317	-0,000102	0,001356	0,000361	-0,001457	0,000142	0,000375	0,000058	0,000116
714,00	0,001346	0,005441	0,006575	0,004367	0,002283	0,047882	0,008274	0,008553	0,007639	0,005201	0,005043	0,004784	0,006574	0,006264	0,007965	0,007129	0,006642	0,007368	0,007329	0,007001	0,003208	0,003354	0,003231	0,004642	0,001180	0,000572	0,002633	0,003928	0,000119	0,000047	-0,000334	-0,000058	0,001304	0,000433	-0,001397	0,000166	0,000484	0,000014	0,000088
715,00	0,001378	0,005324	0,006569	0,004286	0,002227	0,047511	0,008146	0,008460	0,007426	0,005285	0,005050	0,004838	0,006335	0,005837	0,007841	0,006935	0,006549	0,007308	0,007299	0,006919	0,003332	0,003430	0,003213	0,004583	0,001155	0,000538	0,002631	0,003827	0,000220	0,000012	-0,000368	0,000030	0,001439	0,000364	-0,001383	0,000021	0,000378	0,000032	0,000041
716,00	0,001394	0,005406	0,006422	0,004172	0,002182	0,047317	0,007962	0,008174	0,007257	0,005063	0,004876	0,004611	0,006237	0,005718	0,007775	0,006795	0,006486	0,007167	0,007177	0,006790	0,003227	0,003290	0,003146	0,004488	0,001115	0,000483	0,002592	0,003913	0,000140	-0,000012	-0,000606	-0,000007	0,001458	0,000384	-0,001365	0,000025	0,000379	0,000078	0,000122
717,00	0,001313	0,005361	0,006308	0,004112	0,002198	0,047087	0,007771	0,008033	0,007140	0,004983	0,004750	0,004510	0,006107	0,005679	0,007649	0,006687	0,006466	0,006995	0,007158	0,006743	0,003139	0,003179	0,003050	0,004477	0,001156	0,000459	0,002668	0,003949	0,000262	0,000107	-0,000366	0,000000	0,001496	0,000439	-0,001186	0,000148	0,000442	0,000147	0,000118
718,00	0,001232	0,005171	0,006264	0,004119	0,002075	0,046885	0,007746	0,008000	0,006986	0,004964	0,004733	0,004442	0,006081	0,005548	0,007540	0,006452	0,006239	0,006905	0,007010	0,006628	0,003037	0,003122	0,003046	0,004326	0,001085	0,000340	0,002446	0,003805	0,000079	0,000073	-0,000316	0,000027	0,001604	0,000376	-0,001303	0,000085	0,000327	-0,000068	0,000045
719,00	0,001266	0,005164	0,006265	0,004002	0,001954	0,046657	0,007550	0,007855	0,006784	0,004946	0,004606	0,004328	0,005963	0,005393	0,007466	0,006375	0,006179	0,006761	0,007042	0,006650	0,002896	0,002959	0,002916	0,004128	0,001047	0,000246	0,002426	0,003732	0,000153	0,000085	-0,000414	-0,000087	0,001485	0,000396	-0,001341	0,000077	0,000388	0,000052	0,000160
720,00	0,001204	0,005127	0,006282	0,003992	0,001828	0,046473	0,007507	0,007712	0,006712	0,004779	0,004575	0,004396	0,005775	0,005242	0,007418	0,006262	0,006107	0,006746	0,006915	0,006413	0,002916	0,002922	0,002985	0,004076	0,001023	0,000166	0,002269	0,003623	0,000222	0,000199	-0,000269	-0,000010	0,001592	0,000383	-0,001335	0,000054	0,000427	0,000065	0,000110
721,00	0,001084	0,004895	0,006184	0,003934	0,001653	0,046140	0,007463	0,007675	0,006505	0,004592	0,004333	0,004198	0,005598	0,005182	0,007228	0,006001	0,005912	0,006524	0,006859	0,006383	0,002730	0,002712	0,002690	0,004046	0,000927	0,000160	0,002264	0,003567	0,000156	0,000137	-0,000231	-0,000039	0,001452	0,000318	-0,001498	-0,000040	0,000418	-0,000031	0,000046
722,00	0,000892	0,004825	0,006067	0,003801	0,001504	0,045987	0,007306	0,007454	0,006343	0,004604	0,004339	0,004082	0,005591	0,005092	0,007102	0,005975	0,005836	0,006475	0,006682	0,006338	0,002617	0,002720	0,002649	0,003838	0,000824	0,000042	0,002171	0,003449	0,000105	0,000191	-0,000253	-0,000139	0,001486	0,000277	-0,001458	-0,000027	0,000473	-0,000148	-0,000001
723,00	0,000941	0,004783	0,006144	0,003763	0,001480	0,045751	0,007112	0,007325	0,006206	0,004499	0,004261	0,004020	0,005552	0,004998	0,006973	0,005864	0,005788	0,006256	0,006421	0,006163	0,002582	0,002732	0,002762	0,003713	0,000834	-0,000079	0,002178	0,003553	0,000030	0,000144	-0,000183	-0,000015	0,001523	0,000387	-0,001370	0,000126	0,000558	-0,000124	0,000039
724,00	0,000819	0,004754	0,006060	0,003751	0,001371	0,045444	0,007073	0,007320	0,006126	0,004455	0,004090	0,003938	0,005346	0,004840	0,006993	0,005743	0,005667	0,006376	0,006433	0,006194	0,002514	0,002593	0,002625	0,003677	0,000794	-0,000137	0,002008	0,003464	0,000107	0,000283	-0,000148	0,000003	0,001655	0,000252	-0,001376	0,000098	0,000569	0,000012	0,000027
725,00	0,000896	0,004659	0,005889	0,003610	0,001415	0,045246	0,006892	0,007157	0,005938	0,004230	0,003915	0,003644	0,005303	0,004672	0,006857	0,005522	0,005625	0,006155	0,006253	0,006089	0,002300	0,002247	0,002365	0,003553	0,000738	-0,000193	0,002064	0,003409	-0,000095	0,000261	-0,000214	-0,000174	0,001453	0,000427	-0,001379	0,000064	0,000493	-0,000028	-0,000048
726,00	0,001037	0,004589	0,005828	0,003566	0,001277	0,045125	0,006666	0,007014	0,005861	0,004105	0,003677	0,003607	0,005327	0,004639	0,006884	0,005534	0,005670	0,006002	0,006128	0,005869	0,002221	0,002208	0,002346	0,003494	0,000844	-0,000227	0,001953	0,003415	-0,000036	0,000184	-0,000200	-0,000137	0,001465	0,000362	-0,001378	0,000207	0,000669	0,000203	0,000084
727,00	0,000794	0,004547	0,005922	0,003558	0,001149	0,044625	0,006676	0,006919	0,005495	0,004143	0,003783	0,003588	0,005086	0,004334	0,006610	0,005178	0,005488	0,006113	0,006046	0,005965	0,002232	0,002298	0,002239	0,003372	0,000744	-0,000326	0,001876	0,003305	0,000074	0,000337	-0,000148	-0,000028	0,001642	0,000317	-0,001331	0,000098	0,000553	0,000092	0,000034
728,00	0,000606	0,004381	0,005681	0,003346	0,000951	0,044415	0,006480	0,006618	0,005276	0,003861	0,003626	0,003376	0,004834	0,004133	0,006372	0,004841	0,005353	0,005891	0,005842	0,005673	0,002001	0,001972	0,002100	0,003127	0,000516	-0,000600	0,001733	0,003221	-0,000026	0,000145	-0,000256	0,000000	0,001638	0,000197	-0,001379	-0,000009	0,000567	-0,000043	-0,000042
729,00	0,000689	0,004326	0,005436	0,003173	0,000860	0,043943	0,006120	0,006415	0,004997	0,003819	0,003561	0,003348	0,004660	0,003941	0,006347	0,004665	0,005326	0,005647	0,005694	0,005502	0,002074	0,002081	0,002149	0,003061	0,000519	-0,000724	0,001524	0,003123	-0,000057	0,000169	-0,000276	0,000013	0,001852	0,000299	-0,001445	-0,000026	0,000564	0,000016	0,000047
730,00	0,000503	0,004329	0,005375	0,003084	0,000718	0,043586	0,005995	0,006253	0,004942	0,003648	0,003318	0,003146	0,004592	0,003890	0,006147	0,004502	0,005090	0,005453	0,005560	0,005402	0,001858	0,001833	0,001888	0,002917	0,000358	-0,000858	0,001522	0,003017	-0,000179	0,000281	-0,000131	-0,000011	0,001667	0,000346	-0,001458	0,000116	0,000635	0,000019	-0,000015
731,00	0,000337	0,004136	0,005299	0,002952	0,000713	0,043206	0,005841	0,006062	0,004528	0,003504	0,003130	0,002980	0,004348	0,003546	0,005977	0,004284	0,004910	0,005309	0,005412	0,005286	0,001676	0,001669	0,001801	0,002743	0,000247	-0,001001	0,001510	0,003011	-0,000217	0,000185	-0,000157	-0,000033	0,001686	0,000282	-0,001347	0,000142	0,000565	-0,000064	-0,000065
732,00	0,000147	0,004069	0,004912	0,002679	0,000572	0,042727	0,005524	0,005704	0,004174	0,003300	0,003117	0,002847	0,004043	0,003309	0,005864	0,003880	0,004761	0,005074	0,005139	0,004954	0,001639	0,001528	0,001622	0,002556	0,000146	-0,001259	0,001348	0,002844	-0,000032	0,000077	-0,000291	-0,000023	0,001876	0,000249	-0,001350	0,000096	0,000639	-0,000123	-0,000012
733,00	0,000028	0,003975	0,004949	0,002477	0,000346	0,042313	0,005414	0,005663	0,003823	0,003131	0,002874	0,002617	0,003873	0,003046	0,005796	0,003548	0,004737	0,004998	0,005061	0,004801	0,001438	0,001325	0,001512	0,002343	0,000148	-0,001268	0,001226	0,002816	-0,000232	0,000084	-0,000288	-0,000127	0,001868	0,000333	-0,001384	0,000128	0,000666	-0,000032	-0,000132
734,00	0,000095	0,003874	0,004834	0,002322	0,000192	0,041898	0,005131	0,005389	0,003517	0,002991	0,002776	0,002576	0,003739	0,002887	0,005522	0,003429	0,004565	0,004789	0,004921	0,004701	0,001381	0,001253	0,001537	0,002261	-0,000029	-0,001643	0,001118	0,002620	-0,000187	0,000085	-0,000270	0,000101	0,002065	0,000338	-0,001213	0,000170	0,000535	-0,000156	-0,000088
735,00	-0,000037	0,003694	0,004662	0,002276	0,000133	0,041592	0,004989	0,005181	0,003309	0,002837	0,002417	0,002341	0,003529	0,002610	0,005469	0,003121	0,004636	0,004685	0,004697	0,004543	0,001121	0,001109	0,001332	0,001961	-0,000026	-0,001670	0,000963	0,002553	-0,000205	0,000201	-0,000106	-0,000113	0,001987	0,000185	-0,001355	0,000079	0,000696	-0,000066	0,000139
736,00	-0,000156	0,003695	0,004607	0,002180	0,000121	0,041234	0,004792	0,005033	0,003043	0,002683	0,002347	0,002324	0,003402	0,002397	0,005280	0,002957	0,004482	0,004498	0,004530	0,004373	0,001030	0,000989	0,001215	0,002019	-0,000235	-0,001935	0,000877	0,002494	-0,000110	0,000110	-0,000069	0,000050	0,002035	0,000300	-0,001400	0,000185	0,000650	-0,000246	-0,000033
737,00	-0,000223	0,003582	0,004367	0,001952	-0,000059	0,040867	0,004627	0,004791	0,002904	0,002666	0,002215	0,002178	0,003245	0,002120	0,005271	0,002702	0,004390	0,004385	0,004420	0,004261	0,001033	0,000899	0,001128	0,001807	-0,000155	-0,001914	0,000718	0,002285	-0,000137	0,000067	-0,000097	-0,000016	0,002009	0,000062	-0,001339	0,000033	0,000571	-0,000032	-0,000043
738,00	-0,000121	0,003640	0,004348	0,001971	-0,000177	0,040740	0,004526	0,004823	0,002899	0,002455	0,002064	0,002081	0,003291	0,002201	0,005048	0,002696	0,004345	0,004161	0,004301	0,004203	0,000815	0,000699	0,000989	0,001708	-0,000322	-0,002027	0,000697	0,002297	-0,000102	0,000059	-0,000137	0,000063	0,002023	0,000223	-0,001391	0,000118	0,000613	-0,000144	-0,000055
739,00	-0,000331	0,003537	0,004360	0,001931	-0,000193	0,040591	0,004316	0,004666	0,002662	0,002448	0,002199	0,002127	0,003164	0,002117	0,005030	0,002578	0,004227	0,004083	0,004194	0,004147	0,000926	0,000738	0,001106	0,001754	-0,000203	-0,002045	0,000683	0,002304	-0,000106	0,000027	-0,000193	-0,000027	0,002093	0,000167	-0,001304	0,000128	0,000639	-0,000136	-0,000082
740,00	-0,000292	0,003447	0,004328	0,001976	-0,000262	0,040513	0,004389	0,004672	0,002778	0,002276	0,002070	0,002028	0,003036	0,002143	0,004961	0,002609	0,004190	0,004052	0,004113	0,004107	0,000904	0,000685	0,000895	0,001683	-0,000287	-0,001972	0,000611	0,002228	0,000070	0,000007	-0,000166	0,000012	0,002069	0,000202	-0,001329	0,000185	0,000658	-0,000147	-0,000063
741,00	-0,000254	0,003410	0,004346	0,001864	-0,000198	0,040375	0,004394	0,004643	0,002654	0,002379	0,001978	0,002046	0,003118	0,002125	0,005034	0,002519	0,004306	0,004055	0,004127	0,004215	0,000951	0,000670	0,000906	0,001655	-0,000138	-0,001943	0,000576	0,002248	-0,000206	0,000042	-0,000236	-0,000044	0,002095	0,000272	-0,001361	0,000176	0,000676	-0,000072	0,000135
742,00	-0,000330	0,003472	0,004294	0,001869	-0,000157	0,040374	0,004248	0,004568	0,002837	0,002510	0,002131	0,002137	0,003280	0,002328	0,004906	0,002677	0,004096	0,003993	0,004083	0,003915	0,001008	0,000791	0,001070	0,001634	-0,000176	-0,001953	0,000479	0,002239	0,000199	0,000083	-0,000226	0,000041	0,002063	0,000133	-0,001480	0,000252	0,000718	-0,000218	-0,000110
743,00	-0,000284	0,003305	0,004518	0,002056	-0,000265	0,040344	0,004474	0,004768	0,002821	0,002415	0,001970	0,002042	0,003246	0,002246	0,004817	0,002681	0,003993	0,004074	0,004258	0,004127	0,000812	0,000732	0,000948	0,001666	-0,000291	-0,001963	0,000506	0,002166	-0,000064	0,000218	-0,000158	0,000061	0,002051	0,000097	-0,001480	0,000158	0,000751	-0,000197	-0,000223
744,00	-0,000292	0,003461	0,004520	0,002095	-0,000200	0,040315	0,004374	0,004699	0,002940	0,002426	0,002122	0,002113	0,003243	0,002364	0,004885	0,002708	0,004114	0,004001	0,004104	0,004015	0,000881	0,000859	0,001014	0,001736	-0,000271	-0,001848	0,000505	0,002146	0,000002	0,000147	-0,000136	0,000009	0,002040	0,000102	-0,001429	0,000156	0,000723	-0,000134	-0,000046
745,00	-0,000239	0,003487	0,004596	0,002131	-0,000120	0,040302	0,004446	0,004756	0,003065	0,002495	0,002085	0,002185	0,003364	0,002391	0,004759	0,002819	0,004146	0,004063	0,004138	0,004063	0,000933	0,000779	0,001160	0,001788	-0,000215	-0,001751	0,000487	0,002157	0,000034	0,000127	-0,000174	0,000020	0,001997	0,000131	-0,001399	0,000404	0,000720	-0,000182	-0,000180
746,00	-0,000171	0,003498	0,004602	0,002099	0,000069	0,040270	0,004522	0,004860	0,003138	0,002548	0,002147	0,002147	0,003371	0,002550	0,004870	0,002849	0,004148	0,004141	0,004252	0,004100	0,001071	0,000881	0,001038	0,001889	-0,000162	-0,001681	0,000591	0,002291	0,000143	0,000088	-0,000127	0,000056	0,002060	0,000247	-0,001391	0,000159	0,000767	-0,000147	-0,000119
747,00	-0,000015	0,003490	0,004681	0,002273	-0,000088	0,040250	0,004609	0,004798	0,003243	0,002545	0,002234	0,002229	0,003469	0,002426	0,004937	0,002867	0,004165	0,004074	0,004383	0,004208	0,001126	0,001068	0,001251	0,001956	-0,000044	-0,001619	0,000563	0,002216	0,000071	0,000175	-0,000072	0,000089	0,002096	0,000180	-0,001292	0,000100	0,000776	-0,000056	-0,000051
748,00	-0,000046	0,003328	0,004842	0,002372	-0,000065	0,040372	0,004523	0,004865	0,003492	0,002506	0,002301	0,002290	0,003509	0,002660	0,004967	0,003173	0,004193	0,004176	0,004396	0,004137	0,001259	0,000994	0,001344	0,001895	0,000020	-0,001481	0,000511	0,002175	0,000191	0,000188	-0,000215	0,000089	0,002087	0,000105	-0,001372	0,000151	0,000843	-0,000127	-0,000124
749,00	0,000099	0,003373	0,004873	0,002381	0,000042	0,040224	0,004674	0,004813	0,003631	0,002614	0,002424	0,002347	0,003574	0,002709	0,004944	0,003133	0,004179	0,004235	0,004495	0,004287	0,001463	0,001132	0,001430	0,002065	0,000076	-0,001369	0,000610	0,002181	0,000127	0,000161	-0,000025	0,000172	0,002140	0,000101	-0,001470	0,000088	0,000769	-0,000070	-0,000189
750,00	0,000153	0,003481	0,004942	0,002527	0,000104	0,040231	0,004827	0,005097	0,003804	0,002740	0,002390	0,002372	0,003657	0,002874	0,004927	0,003213	0,004121	0,004379	0,004682	0,004262	0,001393	0,001221	0,001366	0,002141	0,000171	-0,001298	0,000672	0,002238	0,000180	0,000200	0,000039	0,000123	0,002160	0,000160	-0,001368	0,000188	0,000819	-0,000107	-0,000144
751,00	0,000135	0,003487	0,004877	0,002530	0,000111	0,040199	0,004813	0,005081	0,003684	0,002666	0,002494	0,002384	0,003639	0,002848	0,004851	0,003294	0,004153	0,004318	0,004662	0,004227	0,001398	0,001194	0,001440	0,002179	0,000153	-0,001256	0,000542	0,002306	0,000174	0,000199	-0,000039	0,000074	0,002160	0,000056	-0,001591	0,000175	0,000740	-0,000163	-0,000067
752,00	0,000176	0,003325	0,005083	0,002662	0,000096	0,040332	0,004952	0,005132	0,003991	0,002778	0,002622	0,002527	0,003773	0,003125	0,004817	0,003457	0,004219	0,004420	0,004701	0,004361	0,001512	0,001262	0,001539	0,002171	0,000221	-0,001186	0,000675	0,002260	0,000122	0,000084	-0,000021	0,000235	0,002057	0,000164	-0,001546	0,000140	0,000847	-0,000123	-0,000172
753,00	0,000253	0,003617	0,004970	0,002606	0,000256	0,040244	0,004957	0,005221	0,004133	0,002773	0,002575	0,002525	0,003805	0,003131	0,004869	0,003537	0,004171	0,004510	0,004780	0,004382	0,001527	0,001173	0,001488	0,002365	0,000263	-0,001055	0,000811	0,002423	0,000230	0,000084	-0,000049	0,000107	0,002049	0,000243	-0,001406	0,000137	0,000806	-0,000147	-0,000063
754,00	0,000342	0,003474	0,005106	0,002566	0,000321	0,040236	0,004865	0,005083	0,004221	0,002748	0,002559	0,002466	0,003944	0,003276	0,004956	0,003632	0,004227	0,004462	0,004653	0,004129	0,001410	0,001267	0,001531	0,002407	0,000387	-0,000933	0,000684	0,002372	0,000212	0,000063	-0,000030	0,000020	0,002006	0,000181	-0,001487	0,000093	0,000814	-0,000051	-0,000124
755,00	0,000378	0,003550	0,005101	0,002649	0,000353	0,040331	0,004972	0,005143	0,004401	0,002983	0,002751	0,002724	0,004000	0,003311	0,004907	0,003599	0,004155	0,004463	0,004667	0,004185	0,001709	0,001406	0,001747	0,002479	0,000385	-0,000851	0,000743	0,002332	0,000122	0,000070	-0,000131	0,000186	0,002130	0,000075	-0,001459	0,000122	0,000847	-0,000014	-0,000086
756,00	0,000337	0,003427	0,005214	0,002793	0,000360	0,040208	0,005124	0,005403	0,004490	0,002837	0,002686	0,002505	0,003947	0,003355	0,004868	0,003723	0,004066	0,004561	0,004682	0,004316	0,001579	0,001421	0,001667	0,002482	0,000272	-0,000908	0,000755	0,002355	0,000155	0,000212	-0,000006	0,000121	0,001896	0,000128	-0,001493	0,000167	0,000838	-0,000038	-0,000152
757,00	0,000500	0,003554	0,005270	0,002890	0,000428	0,040132	0,005071	0,005388	0,004553	0,002907	0,002805	0,002639	0,004055	0,003535	0,004995	0,003860	0,004319	0,004676	0,004712	0,004241	0,001686	0,001461	0,001698	0,002574	0,000482	-0,000631	0,000775	0,002291	-0,000004	0,000039	-0,000052	0,000170	0,002000	0,000031	-0,001468	0,000076	0,000925	0,000024	-0,000027
758,00	0,000658	0,003574	0,005274	0,002765	0,000496	0,040073	0,005139	0,005317	0,004743	0,002890	0,002724	0,002675	0,004089	0,003532	0,004932	0,003886	0,004334	0,004539	0,004622	0,004219	0,001757	0,001505	0,001852	0,002581	0,000599	-0,000592	0,000829	0,002484	0,000047	0,000034	-0,000091	0,000041	0,001993	0,000075	-0,001509	0,000120	0,000833	0,000080	-0,000023
759,00	0,000707	0,003562	0,005358	0,002906	0,000615	0,040054	0,005132	0,005258	0,004823	0,002993	0,002883	0,002713	0,004201	0,003690	0,005204	0,003972	0,004405	0,004471	0,004564	0,004216	0,001651	0,001551	0,001942	0,002732	0,000763	-0,000377	0,000912	0,002465	0,000017	-0,000039	-0,000056	0,000063	0,001900	0,000122	-0,001276	0,000120	0,000883	0,000205	0,000156
760,00	0,000609	0,003442	0,005363	0,002867	0,000456	0,039964	0,005150	0,005305	0,004904	0,003050	0,002914	0,002809	0,004306	0,003690	0,005071	0,004046	0,004338	0,004436	0,004603	0,004307	0,001794	0,001587	0,001909	0,002648	0,000561	-0,000406	0,000697	0,002376	-0,000092	0,000024	-0,000199	0,000030	0,001978	-0,000051	-0,001579	0,000064	0,000772	0,000034	0,000042
761,00	0,000856	0,003595	0,005412	0,002902	0,000536	0,040056	0,005199	0,005328	0,005023	0,003251	0,003014	0,002889	0,004258	0,003771	0,005106	0,004199	0,004459	0,004465	0,004508	0,004297	0,001973	0,001700	0,002034	0,002786	0,000810	-0,000117	0,000781	0,002484	-0,000000	-0,000065	-0,000122	0,000133	0,002079	-0,000064	-0,001444	0,000107	0,000884	0,000178	0,000041
762,00	0,000860	0,003663	0,005502	0,003091	0,000680	0,039982	0,005301	0,005558	0,005128	0,003313	0,003181	0,002975	0,004337	0,003857	0,005035	0,004314	0,004346	0,004642	0,004869	0,004443	0,001970	0,001884	0,002032	0,002947	0,000716	-0,000305	0,000900	0,002698	-0,000103	0,000232	-0,000058	0,000176	0,002148	0,000128	-0,001361	0,000100	0,000815	0,000055	0,000005
763,00	0,000868	0,003590	0,005477	0,003038	0,000697	0,039996	0,005202	0,005503	0,005238	0,003396	0,003195	0,002943	0,004428	0,003837	0,005117	0,004439	0,004372	0,004478	0,004689	0,004344	0,002119	0,001957	0,002073	0,002804	0,000846	-0,000139	0,000874	0,002550	0,000001	-0,000028	-0,000104	0,000205	0,002160	0,000087	-0,001498	0,000125	0,000885	0,000195	0,000246
764,00	0,000901	0,003635	0,005699	0,003139	0,000725	0,040075	0,005291	0,005555	0,005512	0,003273	0,003161	0,002865	0,004630	0,004130	0,005235	0,004590	0,004418	0,004644	0,004820	0,004380	0,002131	0,001764	0,002024	0,003005	0,001002	0,000067	0,001007	0,002608	-0,000127	0,000140	-0,000130	0,000010	0,001974	-0,000014	-0,001498	0,000246	0,000993	0,000275	0,000183
765,00	0,000944	0,003718	0,005521	0,003122	0,000778	0,040066	0,005318	0,005520	0,005712	0,003282	0,003135	0,003088	0,004653	0,004008	0,005098	0,004619	0,004329	0,004618	0,004787	0,004450	0,002041	0,001886	0,002125	0,003141	0,000911	-0,000004	0,000856	0,002670	0,000056	0,000002	-0,000225	0,000072	0,001881	0,000087	-0,001430	0,000175	0,001011	0,000135	0,000079
766,00	0,001127	0,003687	0,005576	0,003131	0,000799	0,039944	0,005279	0,005485	0,005668	0,003436	0,003278	0,003099	0,004655	0,004160	0,005278	0,004794	0,004384	0,004503	0,004778	0,004335	0,002194	0,001961	0,002225	0,003023	0,000969	0,000123	0,000935	0,002475	-0,000084	0,000016	-0,000251	0,000215	0,002144	0,000051	-0,001531	0,000157	0,000948	0,000293	0,000108
767,00	0,001149	0,003646	0,005683	0,003268	0,000728	0,040027	0,005390	0,005610	0,005700	0,003257	0,003311	0,003079	0,004782	0,004312	0,005230	0,004800	0,004402	0,004654	0,004975	0,004491	0,002149	0,001943	0,002226	0,003069	0,001067	0,000270	0,000899	0,002551	-0,000023	-0,000037	-0,000108	-0,000006	0,001931	0,000015	-0,001562	0,000134	0,001032	0,000273	0,000121
768,00	0,001126	0,003574	0,005725	0,003194	0,000837	0,039936	0,005432	0,005632	0,005886	0,003406	0,003347	0,003078	0,004843	0,004262	0,005149	0,004934	0,004369	0,004493	0,004877	0,004485	0,002298	0,002042	0,002263	0,003034	0,001012	0,000305	0,000823	0,002456	-0,000221	-0,000048	-0,000227	0,000135	0,002008	-0,000024	-0,001539	0,000063	0,001134	0,000295	0,000196
769,00	0,001085	0,003633	0,005840	0,003332	0,000845	0,039996	0,005435	0,005588	0,006057	0,003472	0,003502	0,003093	0,004933	0,004426	0,005084	0,005207	0,004349	0,004603	0,005004	0,004540	0,002317	0,001996	0,002400	0,003285	0,000999	0,000228	0,000805	0,002587	-0,000188	0,000139	-0,000126	0,000037	0,002130	0,000011	-0,001569	0,000164	0,001104	0,000106	-0,000025
770,00	0,001101	0,003635	0,005755	0,003250	0,000944	0,039902	0,005471	0,005704	0,006123	0,003414	0,003339	0,003126	0,004878	0,004314	0,005141	0,005031	0,004389	0,004668	0,005124	0,004552	0,002273	0,001936	0,002308	0,003324	0,000987	0,000387	0,000916	0,002712	-0,000035	0,000063	-0,000236	0,000084	0,001885	0,000009	-0,001424	0,000138	0,000939	0,000134	0,000050
771,00	0,001230	0,003632	0,006004	0,003546	0,000966	0,039948	0,005602	0,005916	0,006220	0,003570	0,003470	0,003290	0,005112	0,004579	0,005123	0,005429	0,004286	0,004931	0,005099	0,004800	0,002426	0,002001	0,002354	0,003318	0,001055	0,000349	0,000747	0,002653	-0,000113	0,000202	0,000061	0,000016	0,001986	0,000102	-0,001547	0,000143	0,001126	0,000222	-0,000077
772,00	0,001195	0,003785	0,005747	0,003337	0,001119	0,039792	0,005497	0,005788	0,006154	0,003534	0,003405	0,003065	0,005022	0,004457	0,005083	0,005165	0,004270	0,004808	0,005000	0,004576	0,002360	0,001976	0,002224	0,003401	0,001097	0,000390	0,000949	0,002654	-0,000123	0,000085	-0,000174	-0,000090	0,001748	-0,000007	-0,001611	0,000029	0,000959	0,000205	0,000041
773,00	0,001211	0,003737	0,005985	0,003470	0,000935	0,039826	0,005600	0,005823	0,006283	0,003467	0,003331	0,003154	0,005118	0,004587	0,005183	0,005369	0,004412	0,004914	0,005007	0,004627	0,002273	0,001932	0,002304	0,003343	0,001135	0,000510	0,000867	0,002686	-0,000121	0,000127	-0,000132	0,000099	0,001774	0,000053	-0,001503	0,000230	0,001106	0,000160	0,000088
774,00	0,001254	0,003754	0,005850	0,003486	0,001149	0,039942	0,005539	0,005868	0,006608	0,003674	0,003564	0,003287	0,005170	0,004779	0,005016	0,005565	0,004160	0,004870	0,004963	0,004565	0,002501	0,002060	0,002513	0,003459	0,001026	0,000516	0,001013	0,002793	-0,000086	0,000059	-0,000140	0,000170	0,001978	0,000141	-0,001560	0,000179	0,001185	0,000122	0,000009
775,00	0,001318	0,003758	0,005904	0,003644	0,001055	0,039834	0,005695	0,005936	0,006514	0,003664	0,003545	0,003254	0,005207	0,004715	0,005146	0,005531	0,004299	0,004985	0,005038	0,004882	0,002624	0,002061	0,002572	0,003508	0,001177	0,000754	0,001003	0,002594	-0,000041	0,000212	-0,000040	0,000154	0,001993	-0,000017	-0,001717	0,000122	0,001064	0,000177	0,000019
776,00	0,001314	0,003795	0,006085	0,003621	0,001181	0,039881	0,005815	0,005961	0,006658	0,003676	0,003475	0,003266	0,005322	0,004860	0,005058	0,005723	0,004040	0,004908	0,004966	0,004815	0,002577	0,002147	0,002570	0,003497	0,001056	0,000617	0,000851	0,002797	0,000045	0,000118	-0,000060	-0,000001	0,001772	0,000040	-0,001556	0,000227	0,001133	0,000038	0,000037
777,00	0,001156	0,003577	0,006119	0,003722	0,001094	0,039867	0,005849	0,005995	0,006776	0,003875	0,003621	0,003385	0,005231	0,004830	0,005031	0,005799	0,004050	0,004947	0,004967	0,004693	0,002521	0,002200	0,002709	0,003451	0,001050	0,000549	0,000757	0,002783	-0,000143	0,000207	-0,000072	-0,000032	0,001893	0,000010	-0,001680	0,000176	0,001236	-0,000106	0,000040
778,00	0,001338	0,003722	0,006165	0,003785	0,001111	0,039724	0,005867	0,006028	0,006832	0,003858	0,003642	0,003405	0,005265	0,004807	0,005126	0,005827	0,004131	0,005105	0,005102	0,004887	0,002548	0,002181	0,002614	0,003509	0,001201	0,000768	0,000852	0,002835	-0,000192	0,000190	-0,000011	0,000025	0,001989	0,000048	-0,001446	0,000142	0,001220	-0,000040	0,000099
779,00	0,001429	0,003765	0,006223	0,003802	0,001223	0,039712	0,005875	0,006064	0,006850	0,003727	0,003602	0,003361	0,005319	0,004808	0,004958	0,005836	0,003987	0,005002	0,005144	0,004905	0,002536	0,002175	0,002560	0,003484	0,001154	0,000751	0,000848	0,002808	-0,000101	0,000216	0,000017	-0,000028	0,001869	0,000077	-0,001643	0,000117	0,001282	-0,000044	-0,000000
780,00	0,001382	0,003781	0,006231	0,003820	0,001270	0,039774	0,005906	0,006111	0,006955	0,003932	0,003761	0,003522	0,005450	0,004978	0,005112	0,005925	0,004212	0,005004	0,005092	0,004799	0,002588	0,002353	0,002704	0,003628	0,001243	0,000912	0,000826	0,002851	-0,000209	0,000148	-0,000148	-0,000002	0,002028	0,000031	-0,001485	0,000191	0,001397	-0,000021	0,000042
781,00	0,001443	0,003713	0,006166	0,003906	0,001347	0,039670	0,005946	0,006181	0,006868	0,003801	0,003672	0,003401	0,005355	0,004942	0,005016	0,005953	0,004007	0,004965	0,005039	0,004908	0,002606	0,002398	0,002583	0,003628	0,001070	0,000975	0,000815	0,002915	0,000065	0,000182	0,000040	-0,000038	0,001916	0,000031	-0,001721	0,000071	0,001264	-0,000019	0,000022
782,00	0,001513	0,003740	0,006222	0,003805	0,001281	0,039642	0,005894	0,006066	0,006928	0,003817	0,003660	0,003488	0,005391	0,004940	0,005005	0,005962	0,004100	0,004967	0,005104	0,004848	0,002536	0,002356	0,002597	0,003666	0,001125	0,000830	0,000820	0,002794	0,000018	0,000151	-0,000121	-0,000062	0,001879	0,000007	-0,001619	0,000006	0,001296	-0,000069	-0,000023
783,00	0,001412	0,003648	0,006282	0,003743	0,001329	0,039793	0,005927	0,006092	0,007117	0,003860	0,003618	0,003383	0,005610	0,005124	0,004947	0,006245	0,004044	0,004980	0,005148	0,004843	0,002503	0,002338	0,002572	0,003611	0,001100	0,000934	0,000812	0,002883	-0,000039	0,000139	-0,000025	-0,000136	0,001951	0,000050	-0,001636	0,000106	0,001365	-0,000020	-0,000028
784,00	0,001530	0,003577	0,006253	0,003799	0,001124	0,039706	0,005922	0,006092	0,007161	0,003936	0,003733	0,003453	0,005658	0,005084	0,004941	0,006260	0,004072	0,004933	0,005197	0,004709	0,002654	0,002432	0,002684	0,003588	0,001235	0,001064	0,000720	0,002745	-0,000059	0,000121	-0,000154	-0,000028	0,002057	0,000014	-0,001701	0,000200	0,001488	-0,000113	0,000033
785,00	0,001420	0,003592	0,006156	0,003892	0,001154	0,039718	0,005905	0,006133	0,007247	0,003818	0,003553	0,003334	0,005607	0,005203	0,004913	0,006333	0,004025	0,004960	0,005203	0,004706	0,002461	0,002368	0,002604	0,003498	0,001258	0,001153	0,000549	0,002722	-0,000083	0,000066	-0,000238	-0,000169	0,001899	-0,000131	-0,001868	0,000152	0,001510	-0,000096	-0,000039
786,00	0,001555	0,003532	0,006347	0,003892	0,001169	0,039622	0,005996	0,006116	0,007400	0,004055	0,003809	0,003536	0,005838	0,005140	0,004900	0,006239	0,004029	0,004992	0,005225	0,004890	0,002592	0,002628	0,002654	0,003625	0,001309	0,001212	0,000720	0,002765	-0,000147	0,000169	0,000054	0,000109	0,002028	-0,000072	-0,001645	0,000239	0,001550	-0,000092	0,000056
787,00	0,001535	0,003428	0,006372	0,004004	0,001183	0,039629	0,005970	0,006221	0,007310	0,004002	0,003718	0,003515	0,005734	0,005110	0,005071	0,006324	0,004118	0,004941	0,005326	0,004781	0,002519	0,002406	0,002636	0,003553	0,001335	0,001213	0,000623	0,002650	0,000188	0,000198	-0,000091	-0,000064	0,001832	-0,000088	-0,001881	0,000189	0,001569	0,000006	0,000005
788,00	0,001548	0,003449	0,006206	0,003938	0,001183	0,039613	0,006048	0,006101	0,007450	0,004050	0,003711	0,003504	0,005599	0,005175	0,004862	0,006439	0,004030	0,004991	0,005094	0,004761	0,002635	0,002578	0,002741	0,003528	0,001200	0,001142	0,000602	0,002731	0,000103	0,000182	-0,000017	-0,000034	0,001851	-0,000068	-0,001744	0,000217	0,001637	-0,000306	-0,000140
789,00	0,001538	0,003568	0,006097	0,003879	0,001239	0,039420	0,005939	0,006199	0,007441	0,003891	0,003693	0,003563	0,005597	0,005173	0,004962	0,006325	0,003903	0,004801	0,005024	0,004775	0,002504	0,002474	0,002662	0,003610	0,001159	0,001159	0,000564	0,002631	0,000214	0,000093	-0,000144	-0,000045	0,001801	0,000018	-0,001669	0,000112	0,001557	-0,000155	-0,000031
790,00	0,001465	0,003552	0,006243	0,003818	0,001298	0,039635	0,005770	0,005968	0,007472	0,003906	0,003690	0,003518	0,005789	0,005346	0,004848	0,006516	0,003960	0,004755	0,005067	0,004682	0,002651	0,002456	0,002719	0,003702	0,001237	0,001177	0,000799	0,002709	0,000106	0,000075	-0,000226	-0,000072	0,001837	0,000038	-0,001732	0,000250	0,001753	-0,000103	-0,000051
791,00	0,001515	0,003656	0,006183	0,003810	0,001245	0,039328	0,005991	0,006112	0,007348	0,004030	0,003712	0,003492	0,005547	0,005272	0,004801	0,006417	0,003878	0,004778	0,005090	0,004735	0,002612	0,002364	0,002593	0,003574	0,001220	0,001217	0,000651	0,002786	0,000105	0,000104	-0,000084	-0,000038	0,001882	0,000080	-0,001733	0,000072	0,001598	-0,000071	-0,000151
792,00	0,001632	0,003754	0,006296	0,003890	0,001355	0,039362	0,005813	0,006158	0,007317	0,003856	0,003503	0,003255	0,005568	0,005269	0,004895	0,006504	0,003998	0,004904	0,004928	0,004610	0,002414	0,002306	0,002517	0,003811	0,001220	0,001275	0,000953	0,002920	0,000239	0,000126	-0,000222	-0,000188	0,001770	0,000026	-0,001699	-0,000009	0,001579	-0,000076	-0,000133
793,00	0,001553	0,003563	0,006217	0,003805	0,001170	0,039230	0,005832	0,005971	0,007305	0,003830	0,003561	0,003387	0,005629	0,005099	0,004838	0,006504	0,003961	0,004731	0,004971	0,004555	0,002394	0,002258	0,002679	0,003691	0,001285	0,001150	0,000665	0,002708	0,000189	0,000097	-0,000232	-0,000133	0,001873	0,000076	-0,001646	-0,000022	0,001560	-0,000077	-0,000076
794,00	0,001678	0,003453	0,006116	0,003765	0,001283	0,039148	0,005740	0,005868	0,007469	0,003943	0,003605	0,003507	0,005781	0,005271	0,004824	0,006607	0,003897	0,004815	0,004823	0,004589	0,002544	0,002332	0,002721	0,003638	0,001359	0,001363	0,000684	0,002786	0,000066	-0,000008	-0,000198	-0,000085	0,001914	0,000068	-0,001559	0,000167	0,001788	-0,000050	0,000024
795,00	0,001590	0,003696	0,006364	0,003895	0,001326	0,039203	0,005787	0,005930	0,007455	0,003970	0,003589	0,003364	0,005646	0,005319	0,004823	0,006673	0,003776	0,004860	0,004992	0,004645	0,002582	0,002322	0,002594	0,003777	0,001321	0,001267	0,000826	0,002864	0,000330	0,000068	-0,000123	-0,000092	0,001868	0,000060	-0,001654	0,000022	0,001698	-0,000083	-0,000046
796,00	0,001657	0,003518	0,006187	0,003955	0,001187	0,038987	0,005862	0,005963	0,007398	0,003871	0,003552	0,003367	0,005670	0,005202	0,004905	0,006498	0,004088	0,004766	0,004888	0,004502	0,002473	0,002166	0,002624	0,003738	0,001448	0,001417	0,000560	0,002699	0,000060	0,000051	-0,000115	-0,000051	0,001823	0,000036	-0,001756	0,000095	0,001696	0,000051	0,000154
797,00	0,001657	0,003475	0,006164	0,003801	0,001037	0,038977	0,005714	0,005783	0,007524	0,003758	0,003458	0,003310	0,005643	0,005248	0,004819	0,006768	0,003990	0,004755	0,004646	0,004327	0,002412	0,002150	0,002519	0,003568	0,001453	0,001293	0,000581	0,002504	0,000314	-0,000028	-0,000316	-0,000139	0,001733	-0,000004	-0,001765	0,000123	0,001811	-0,000075	0,000007
798,00	0,001621	0,003485	0,006210	0,004040	0,001097	0,038829	0,005770	0,005979	0,007458	0,003760	0,003518	0,003174	0,005628	0,005216	0,004685	0,006633	0,003919	0,004712	0,004916	0,004404	0,002557	0,002073	0,002504	0,003741	0,001428	0,001284	0,000748	0,002772	0,000142	0,000117	-0,000259	-0,000173	0,001908	0,000212	-0,001612	0,000174	0,001751	-0,000126	0,000074
799,00	0,001540	0,003429	0,006108	0,003836	0,001114	0,038556	0,005606	0,005716	0,007332	0,003819	0,003607	0,003303	0,005569	0,005228	0,004672	0,006559	0,003918	0,004605	0,004712	0,004336	0,002476	0,002120	0,002596	0,003603	0,001423	0,001418	0,000684	0,002698	0,000060	-0,000009	-0,000335	-0,000104	0,001888	0,000167	-0,001657	0,000061	0,001682	-0,000062	-0,000012
800,00	0,001720	0,003499	0,006277	0,003801	0,001247	0,038318	0,005662	0,005819	0,007184	0,003674	0,003497	0,003131	0,005375	0,005092	0,004870	0,006388	0,004026	0,004680	0,004822	0,004367	0,002424	0,002168	0,002411	0,003764	0,001573	0,001456	0,000672	0,002741	-0,000045	0,000112	-0,000224	-0,000161	0,001743	0,000282	-0,001717	-0,000074	0,001627	0,000089	0,000121
