Wavelength nm.	FUN_Leitura_T_Branco_2_ext	FUN_Amostra_R_006_MAI2025	FUN_Amostra_R_006_MAI2025_ext	FUN_Amostra_R_007_MAI2025	FUN_Amostra_R_007_MAI2025_ext	FUN_Amostra_R_008_MAI2025	FUN_Amostra_R_008_MAI2025_ext	FUN_Amostra_R_009_MAI2025	FUN_Amostra_R_009_MAI2025_ext	FUN_Amostra_R_017_MAI2025	FUN_Amostra_R_017_MAI2025_ext	FUN_Amostra_T_006_MAI2025	FUN_Amostra_T_006_MAI2025_ext	FUN_Amostra_T_007_MAI2025	FUN_Amostra_T_007_MAI2025_ext	FUN_Amostra_T_008_MAI2025	FUN_Amostra_T_008_MAI2025_ext	FUN_Amostra_T_009_MAI2025	FUN_Amostra_T_009_MAI2025_ext	FUN_Amostra_T_017_MAI2025	FUN_Amostra_T_017_MAI2025_ext	FUN_Leitura_R_Ar_1	FUN_Leitura_R_Ar_1_ext	FUN_Leitura_R_Branco_1	FUN_Leitura_R_Branco_1_ext	FUN_Leitura_R_Branco_2	FUN_Leitura_R_Branco_2_ext	FUN_Leitura_T_Ar_1	FUN_Leitura_T_Ar_1_ext	FUN_Leitura_T_Branco_1	FUN_Leitura_T_Branco_1_ext	FUN_Leitura_T_Branco_2
220,00	2,162007	20,727955	24,658784	20,769037	25,381505	16,931954	25,240728	15,114544	22,350667	22,997564	29,023904	1,512745	1,503326	1,338693	1,569056	1,304593	1,204790	1,066669	1,415391	1,627195	1,915704	99,956203	100,228643	35,706574	35,993075	35,795513	36,031178	99,897063	100,139463	2,155854	2,132284	2,129523
221,00	2,158192	20,823772	24,707350	20,950335	25,458995	17,092781	25,298271	15,252370	22,364959	23,193687	29,065025	1,513481	1,518926	1,349021	1,562823	1,308072	1,216453	1,083026	1,409779	1,638011	1,921239	100,175941	100,168455	35,822219	36,021286	35,921046	36,006352	100,014830	100,087881	2,129984	2,127141	2,131203
222,00	2,144519	20,957518	24,787575	21,073267	25,515860	17,274699	25,348502	15,471786	22,421011	23,382704	29,130179	1,545941	1,516930	1,370756	1,562979	1,324612	1,227909	1,099401	1,417792	1,671389	1,929750	100,339019	99,951816	35,945129	35,972428	36,026523	35,952839	100,077903	100,062108	2,131035	2,137873	2,115379
223,00	2,174156	21,033110	24,904478	21,119969	25,618783	17,285155	25,460953	15,594463	22,558783	23,546912	29,218429	1,574725	1,525250	1,385728	1,592792	1,338508	1,231136	1,125858	1,451636	1,690155	1,940062	100,144076	100,060177	35,920951	36,021459	35,938826	36,067066	100,015259	100,258291	2,136534	2,171540	2,142634
224,00	2,172859	21,142736	24,985708	21,217714	25,735894	17,345545	25,536534	15,706970	22,672912	23,660073	29,347801	1,601204	1,528055	1,397257	1,616867	1,342403	1,232714	1,132322	1,476729	1,717469	1,952133	100,141168	100,001502	35,934329	36,001462	35,911834	36,092222	99,927348	100,146139	2,165746	2,189707	2,150986
225,00	2,219134	21,249360	25,100362	21,403328	25,897247	17,451674	25,699767	15,787311	22,813238	23,796999	29,478180	1,600442	1,560157	1,411368	1,645808	1,358318	1,245115	1,146133	1,493630	1,727818	1,975429	100,111699	100,161409	36,032069	36,066577	35,909370	36,188656	99,993658	100,129664	2,184232	2,207500	2,181670
226,00	2,235333	21,362367	25,220978	21,578597	25,990561	17,644180	25,820997	15,965772	22,930303	23,993681	29,597911	1,633511	1,586532	1,453834	1,659985	1,372869	1,277325	1,149486	1,513579	1,750790	2,007708	100,183749	100,061464	36,186844	36,170220	36,062282	36,205274	99,977475	100,053871	2,192439	2,221842	2,203404
227,00	2,282564	21,514563	25,398779	21,664724	26,068476	17,801496	25,903150	16,117914	23,068999	24,193460	29,708472	1,664104	1,606632	1,482841	1,686028	1,408902	1,308221	1,158858	1,539453	1,786176	2,037012	100,125635	100,092018	36,308289	36,229870	36,160645	36,258715	100,057721	100,167942	2,244997	2,251916	2,231722
228,00	2,294087	21,648572	25,490463	21,827774	26,164740	17,921270	26,022100	16,261521	23,111260	24,407035	29,799482	1,701533	1,629542	1,500707	1,714246	1,434812	1,335813	1,159859	1,567833	1,828853	2,057889	100,037801	100,017190	36,315262	36,258438	36,272204	36,373147	100,165260	100,274420	2,274409	2,282634	2,250487
229,00	2,332828	21,829401	25,600684	22,013809	26,255843	18,037184	26,111490	16,372865	23,243032	24,526672	29,916742	1,734123	1,654614	1,511249	1,751978	1,458253	1,356395	1,156902	1,591943	1,869427	2,079409	99,933928	99,893951	36,456451	36,387774	36,389163	36,483967	100,108492	99,981761	2,327159	2,305951	2,281095
230,00	2,365897	21,965452	25,695193	22,154760	26,431230	18,173926	26,279920	16,541499	23,385864	24,708389	30,045989	1,758622	1,688753	1,541056	1,782914	1,473939	1,378926	1,146707	1,627688	1,887417	2,122372	99,902672	99,788976	36,584163	36,526135	36,535007	36,741456	100,032711	100,072825	2,344032	2,347545	2,317830
231,00	2,418859	22,125678	25,911811	22,280207	26,566610	18,308501	26,415229	16,697837	23,643260	24,863884	30,310267	1,788295	1,719555	1,560002	1,825141	1,487585	1,407846	1,128500	1,662333	1,912466	2,171788	99,882144	99,831766	36,780715	36,772770	36,692646	36,937606	99,763113	99,944085	2,381648	2,383895	2,380608
232,00	2,462368	22,324987	26,058856	22,434746	26,770204	18,446569	26,589668	16,842011	23,803894	25,131685	30,474281	1,815399	1,749972	1,577107	1,861905	1,521148	1,441350	1,104912	1,704257	1,942370	2,221145	100,001788	99,778634	36,944380	36,860693	36,879408	37,098533	99,837351	99,937934	2,419234	2,426065	2,426638
233,00	2,522072	22,527014	26,261172	22,587647	26,919630	18,570608	26,728034	16,997482	23,958275	25,276917	30,628908	1,849751	1,787426	1,588887	1,898073	1,544520	1,488343	1,088007	1,745366	1,992903	2,269002	100,020039	99,825066	37,125388	37,056026	37,073135	37,168637	99,932534	99,855387	2,471294	2,473582	2,478881
234,00	2,583120	22,682764	26,400748	22,732413	27,081764	18,745130	26,865581	17,203666	24,095596	25,456205	30,723989	1,875828	1,847632	1,619634	1,944305	1,552494	1,536416	1,076006	1,794459	2,033098	2,323716	100,202489	99,757242	37,258029	37,208089	37,292835	37,277240	100,010097	99,884832	2,536944	2,513822	2,531574
235,00	2,650507	22,783525	26,586679	22,854403	27,198264	18,867213	26,989403	17,371765	24,275553	25,571999	30,904412	1,914632	1,889937	1,651123	1,997389	1,556091	1,578227	1,065322	1,844450	2,076680	2,390593	100,125551	99,862313	37,373525	37,343785	37,398183	37,464315	100,068641	100,059259	2,599623	2,595994	2,595650
236,00	2,701858	22,915146	26,712900	23,050751	27,294433	19,009033	27,152032	17,536941	24,411093	25,739402	31,089452	1,950043	1,940675	1,670016	2,064629	1,574934	1,625000	1,045152	1,891422	2,114038	2,447477	100,089872	99,834257	37,533244	37,475449	37,549016	37,665561	100,040960	99,971980	2,654823	2,659805	2,657691
237,00	2,757687	23,109177	26,857558	23,178224	27,451020	19,125929	27,301583	17,660354	24,551553	25,948098	31,234929	1,983118	1,972933	1,695688	2,102175	1,605273	1,662822	1,023755	1,936812	2,166664	2,499665	99,969476	99,790978	37,749532	37,633455	37,691265	37,787467	100,053740	99,886203	2,709000	2,725512	2,729692
238,00	2,813917	23,275299	27,027202	23,315664	27,677605	19,294412	27,453241	17,764853	24,705200	26,137838	31,422660	2,019749	2,024097	1,723024	2,152668	1,642033	1,706108	1,010427	1,990180	2,196609	2,553022	100,070119	99,889314	37,953517	37,826213	37,949508	37,917224	100,013554	99,890870	2,782105	2,774977	2,792785
239,00	2,894579	23,374911	27,174431	23,389380	27,838126	19,425270	27,574721	17,862229	24,864939	26,275337	31,574240	2,056751	2,071557	1,772315	2,207774	1,674063	1,746079	1,000631	2,042628	2,246019	2,616682	100,049055	99,999535	38,072431	37,996379	38,113907	38,077548	99,979866	100,000286	2,863924	2,842515	2,858230
240,00	2,960558	23,470068	27,373827	23,511703	27,969921	19,512874	27,715644	17,975090	24,995819	26,389337	31,760070	2,104614	2,135855	1,810000	2,276665	1,701440	1,799020	1,004074	2,103373	2,293557	2,695659	100,146115	100,069273	38,215336	38,185164	38,294917	38,315749	99,973631	100,002038	2,925231	2,932698	2,919327
241,00	3,042102	23,571414	27,480447	23,617929	28,089425	19,572441	27,852607	18,133470	25,123900	26,483345	31,899810	2,145910	2,203407	1,839431	2,338883	1,723102	1,847807	1,004827	2,153278	2,367442	2,756944	100,035763	100,029039	38,375524	38,369489	38,447344	38,499302	99,985236	100,095105	2,981719	3,003881	2,990913
242,00	3,110924	23,700242	27,669808	23,700422	28,210020	19,667326	28,055662	18,233223	25,310227	26,607886	32,085216	2,201355	2,255291	1,871100	2,402361	1,762819	1,902973	1,017431	2,200572	2,441727	2,825300	100,010502	100,029361	38,573784	38,539410	38,591573	38,665783	99,918121	100,057840	3,047110	3,067941	3,055997
243,00	3,199433	23,805372	27,768043	23,772803	28,336844	19,729199	28,178063	18,296561	25,436011	26,699960	32,224107	2,251565	2,302188	1,914351	2,452893	1,804031	1,944360	1,029489	2,252399	2,500951	2,894512	100,005066	100,025320	38,732201	38,672075	38,739446	38,763356	99,938172	100,118291	3,137948	3,134672	3,137622
244,00	3,299515	23,861039	27,940884	23,801012	28,447565	19,777998	28,302878	18,331359	25,562862	26,819223	32,356194	2,320810	2,357367	1,977806	2,517041	1,853103	2,002965	1,050216	2,299051	2,564942	2,982458	100,035381	100,014544	38,884583	38,830617	38,863805	38,923344	99,926329	100,042057	3,217547	3,220681	3,222871
245,00	3,392461	23,902613	28,075144	23,902868	28,587353	19,803762	28,393340	18,386078	25,665656	26,893556	32,468084	2,371935	2,426777	2,028706	2,583165	1,895028	2,052504	1,070996	2,369511	2,608114	3,077921	100,039697	99,864197	39,039022	39,007959	39,060786	39,081761	100,026703	100,163674	3,308526	3,326423	3,332833
246,00	3,482762	24,000876	28,221178	24,009246	28,759763	19,888155	28,522202	18,438175	25,843686	27,040109	32,622784	2,438312	2,494901	2,083785	2,663722	1,948439	2,119131	1,094192	2,438221	2,678150	3,175879	100,002098	99,883342	39,269176	39,222568	39,226773	39,301476	99,940854	100,155699	3,398780	3,427373	3,423359
247,00	3,566833	24,111003	28,349304	24,108857	28,915408	19,961488	28,670859	18,487397	26,001695	27,147248	32,821456	2,497712	2,575642	2,135282	2,740226	2,002624	2,181276	1,113347	2,524595	2,750097	3,263866	99,980998	99,859738	39,506739	39,410695	39,461869	39,531913	99,992698	100,115812	3,513290	3,528023	3,530137
248,00	3,669278	24,235573	28,486446	24,158388	29,108673	20,046730	28,856638	18,520409	26,149741	27,255157	33,024329	2,570326	2,664869	2,196625	2,812840	2,064631	2,256780	1,142807	2,594080	2,828441	3,346926	99,964172	99,947023	39,733517	39,602524	39,667079	39,749965	99,961203	99,975097	3,613663	3,616351	3,605711
249,00	3,777730	24,303594	28,702325	24,215528	29,275537	20,138527	29,051954	18,563627	26,271987	27,358887	33,269054	2,642319	2,752185	2,268524	2,897309	2,124292	2,326760	1,167333	2,675993	2,904766	3,431754	99,914956	99,938172	39,902684	39,799222	39,906865	40,004307	100,009513	99,952173	3,711461	3,731586	3,712329
250,00	3,903789	24,438141	28,872100	24,334207	29,438296	20,238721	29,227695	18,618622	26,455423	27,507284	33,479476	2,708366	2,838488	2,341884	2,984324	2,180095	2,418257	1,208686	2,757408	2,995552	3,546273	100,010312	99,934119	40,152290	40,055317	40,167525	40,194181	99,986213	99,977303	3,823803	3,846090	3,818006
251,00	4,022191	24,555677	29,118583	24,468726	29,666919	20,308067	29,405937	18,704176	26,661921	27,673718	33,772296	2,797737	2,924667	2,418308	3,078394	2,246699	2,489136	1,243897	2,854295	3,089161	3,657863	100,120425	100,105441	40,436095	40,401545	40,478897	40,504086	99,939573	99,954832	3,943672	3,983202	3,966768
252,00	4,152212	24,710493	29,301730	24,586999	29,878825	20,360307	29,615960	18,771103	26,867074	27,807593	34,008777	2,894729	3,034948	2,494952	3,183153	2,325810	2,581467	1,292282	2,948716	3,191216	3,779552	100,210202	100,031126	40,769595	40,753987	40,770447	40,762275	100,014508	99,990821	4,097860	4,103418	4,097741
253,00	4,300608	24,836358	29,542029	24,722758	30,111825	20,426424	29,817250	18,827410	27,028480	27,947924	34,230697	2,991958	3,146753	2,578787	3,287824	2,410229	2,671632	1,330202	3,053075	3,289792	3,911604	100,116885	100,013876	41,042098	41,043556	41,021860	41,104004	99,908602	100,011289	4,244805	4,259418	4,251159
254,00	4,471712	24,965179	29,749849	24,842805	30,322221	20,516431	30,036360	18,849967	27,225432	28,125617	34,449854	3,090441	3,269339	2,672509	3,411851	2,489150	2,783350	1,374614	3,155685	3,408340	4,060750	100,028801	99,886781	41,308087	41,327235	41,267413	41,408619	100,014126	99,984580	4,404638	4,399734	4,400295
255,00	4,637806	25,091028	30,022347	24,987563	30,595800	20,607787	30,300751	18,925580	27,471742	28,303018	34,751144	3,191041	3,385308	2,750927	3,525985	2,573879	2,895954	1,412925	3,269944	3,520505	4,217219	99,921638	100,016570	41,578025	41,634801	41,557911	41,789871	99,950844	99,855691	4,556258	4,562517	4,571116
256,00	4,799095	25,227332	30,309007	25,153840	30,828476	20,697798	30,572495	18,978907	27,755836	28,479668	35,091159	3,312384	3,512460	2,834768	3,665852	2,658027	3,004599	1,449786	3,387021	3,652670	4,379656	99,842864	99,965233	41,940448	41,975671	41,889095	42,165595	100,092626	99,877810	4,731558	4,728784	4,738784
257,00	4,989658	25,405732	30,587548	25,357896	31,095323	20,803145	30,829400	19,071199	27,991563	28,700018	35,418233	3,423581	3,671331	2,929762	3,796677	2,744581	3,123290	1,485766	3,529422	3,785155	4,540928	99,796265	99,925089	42,362773	42,332551	42,254418	42,551777	100,015879	99,944711	4,920622	4,917960	4,924761
258,00	5,193619	25,600845	30,843118	25,535113	31,370589	20,906457	31,091353	19,131646	28,227285	28,930300	35,732961	3,552170	3,821002	3,046026	3,945626	2,840164	3,248047	1,530019	3,670786	3,929530	4,714815	99,735647	99,863243	42,789692	42,700046	42,664552	42,962635	100,025880	99,962378	5,122729	5,116696	5,115984
259,00	5,402439	25,790417	31,153354	25,724626	31,745851	21,079484	31,407943	19,244272	28,517210	29,236451	36,102593	3,683795	3,991875	3,167625	4,095631	2,954657	3,390283	1,581309	3,817528	4,072607	4,900774	99,835664	100,027502	43,209046	43,189153	43,114606	43,394276	99,940145	99,949121	5,330142	5,327618	5,313282
260,00	5,607968	25,986463	31,448835	25,931326	32,090566	21,229212	31,716314	19,318528	28,796494	29,495516	36,478588	3,828631	4,155439	3,293579	4,260359	3,077113	3,530832	1,633596	3,977814	4,235760	5,113513	99,849099	100,075829	43,628323	43,618226	43,576032	43,799835	99,915749	99,952424	5,544651	5,553452	5,526976
261,00	5,834080	26,190361	31,752908	26,135835	32,380593	21,412215	31,974518	19,411667	29,076874	29,763335	36,816213	3,975064	4,332305	3,424583	4,427610	3,205508	3,690953	1,681065	4,139658	4,421744	5,341196	99,924171	100,035012	44,100997	44,030640	44,002804	44,163120	99,971253	100,084925	5,771942	5,792301	5,765867
262,00	6,078393	26,449242	32,074386	26,335159	32,667315	21,557833	32,259408	19,513170	29,340872	29,996026	37,189198	4,126520	4,510498	3,548985	4,606009	3,321487	3,833155	1,736310	4,317099	4,602747	5,548439	99,996340	99,906647	44,582775	44,430724	44,457591	44,592854	99,985802	100,002444	6,001616	6,024008	6,038496
263,00	6,332657	26,690897	32,451144	26,552394	33,020505	21,740158	32,605651	19,647688	29,690436	30,307305	37,596482	4,296705	4,692311	3,686211	4,780135	3,454228	4,000257	1,791572	4,486027	4,776185	5,769863	100,054967	99,917746	45,051697	44,939068	44,877636	45,114213	100,006783	99,999076	6,254617	6,269825	6,296356
264,00	6,603250	26,910371	32,822871	26,828697	33,392370	21,921432	32,994682	19,776385	30,007055	30,615386	38,041505	4,465429	4,906294	3,838247	4,981327	3,593148	4,164728	1,861061	4,667217	4,956020	6,007549	100,061679	100,005698	45,512557	45,483577	45,409867	45,659149	99,988741	99,942666	6,531212	6,543836	6,565590
265,00	6,880789	27,150324	33,161554	27,071702	33,757293	22,088972	33,353373	19,888961	30,313620	30,919108	38,461521	4,644523	5,124241	3,999920	5,184997	3,731772	4,347880	1,926025	4,867484	5,147580	6,272414	100,006223	99,992156	45,985439	46,006560	45,941859	46,169040	99,991310	99,973410	6,809801	6,822367	6,829742
266,00	7,170781	27,391621	33,540893	27,359080	34,125710	22,255564	33,718258	20,005096	30,636200	31,200781	38,884503	4,831250	5,363630	4,162492	5,408527	3,875482	4,533331	1,988405	5,079087	5,363173	6,537518	99,979573	99,991572	46,528092	46,509644	46,526822	46,688518	100,077641	99,913508	7,108431	7,123794	7,134029
267,00	7,495157	27,677238	33,934101	27,618265	34,520444	22,433466	34,111232	20,117268	31,023332	31,539688	39,333722	5,037523	5,606380	4,320965	5,628812	4,012208	4,729429	2,033076	5,302112	5,579836	6,808954	99,977732	100,020289	47,100696	47,109181	47,078273	47,218338	100,027132	99,921834	7,413815	7,439750	7,440634
268,00	7,831275	27,945769	34,301454	27,892077	34,904253	22,623228	34,521484	20,254092	31,437677	31,904781	39,798248	5,247585	5,866129	4,493488	5,852386	4,189612	4,950879	2,093077	5,520571	5,819440	7,101957	99,969065	100,129962	47,701436	47,723448	47,650433	47,805801	100,055265	99,957162	7,748380	7,776629	7,767887
269,00	8,182218	28,245470	34,716091	28,161061	35,354161	22,832376	34,929702	20,428999	31,817886	32,250759	40,274647	5,448234	6,118607	4,681137	6,081016	4,360671	5,184579	2,161248	5,766287	6,058571	7,427442	99,951333	100,080299	48,264515	48,299518	48,227865	48,344219	100,013006	99,916357	8,104431	8,120302	8,105411
270,00	8,522730	28,555995	35,147527	28,469491	35,818356	23,103815	35,326901	20,620978	32,210785	32,624176	40,755528	5,669524	6,397722	4,882195	6,312224	4,558130	5,418158	2,254960	6,012241	6,307539	7,744194	100,041735	100,052941	48,903966	48,824900	48,834887	48,982862	100,079501	99,929655	8,450058	8,445897	8,460832
271,00	8,896173	28,824976	35,608172	28,789461	36,241505	23,341139	35,779297	20,832060	32,600871	32,975483	41,246328	5,900754	6,680128	5,097508	6,556185	4,744229	5,652193	2,360750	6,266762	6,574568	8,072526	99,954438	100,003564	49,493405	49,422210	49,422887	49,612701	100,087130	99,906313	8,821263	8,800881	8,833985
272,00	9,287915	29,171774	36,035731	29,107988	36,641067	23,611261	36,226529	21,039329	33,017039	33,383945	41,802654	6,144549	6,988373	5,318798	6,835646	4,954640	5,901612	2,490286	6,526622	6,861187	8,414214	99,996370	100,055897	50,140524	50,076699	50,069106	50,262952	100,077593	100,044310	9,180965	9,191315	9,215934
273,00	9,688733	29,502770	36,478359	29,432479	37,131107	23,839296	36,667225	21,263954	33,426702	33,743778	42,327794	6,390978	7,288572	5,548334	7,129820	5,159094	6,162346	2,621268	6,803592	7,154947	8,778888	99,910492	100,082862	50,758123	50,751233	50,716877	50,888354	100,033367	100,046170	9,583651	9,607383	9,607597
274,00	10,079107	29,870966	36,957118	29,785773	37,645853	24,155383	37,122309	21,513067	33,838588	34,150502	42,881393	6,645541	7,620859	5,791298	7,434866	5,397242	6,446757	2,758997	7,080469	7,453354	9,138027	100,056314	100,140369	51,427257	51,402861	51,390684	51,564103	100,060534	100,074494	9,998248	10,031652	10,012868
275,00	10,478508	30,231050	37,406394	30,145210	38,119918	24,424554	37,569836	21,784119	34,237918	34,522441	43,425795	6,905422	7,956158	6,027860	7,715609	5,632143	6,701342	2,888989	7,361687	7,747734	9,485545	100,055611	100,118160	52,133775	52,108198	52,044511	52,229691	100,071561	99,981016	10,415705	10,444736	10,453727
276,00	10,919633	30,582437	37,861118	30,516714	38,539121	24,719447	38,036624	22,045039	34,651425	34,957093	43,996781	7,166531	8,300884	6,278364	8,004519	5,865242	6,986179	3,026340	7,648186	8,050274	9,858185	100,068998	100,080514	52,820110	52,802610	52,744383	52,859437	100,022650	99,989909	10,844959	10,877280	10,904477
277,00	11,369484	30,977452	38,361695	30,854347	39,001858	24,992509	38,491303	22,287649	35,104141	35,401070	44,552368	7,444967	8,638091	6,514845	8,295806	6,097813	7,260952	3,149156	7,960930	8,347713	10,260014	99,979854	100,079894	53,464675	53,488100	53,389072	53,513992	99,960321	99,948829	11,258110	11,317113	11,349040
278,00	11,828334	31,309381	38,827321	31,214264	39,499524	25,287765	38,995060	22,500792	35,544491	35,861209	44,999990	7,744143	8,988902	6,778091	8,601208	6,332378	7,557403	3,292831	8,277148	8,669441	10,665145	99,917531	100,119960	54,074538	54,149687	54,027832	54,175341	99,881446	99,998504	11,717270	11,773697	11,769142
279,00	12,290607	31,670296	39,326054	31,567922	39,997083	25,566012	39,470780	22,752863	36,019683	36,311394	45,514813	8,028933	9,356015	7,045987	8,906873	6,589919	7,860307	3,437229	8,586547	9,007604	11,066879	99,940950	100,160885	54,719251	54,844850	54,685163	54,898691	99,882054	99,971777	12,183108	12,213815	12,210457
280,00	12,762776	32,024869	39,793074	31,956291	40,436053	25,875399	39,900565	23,033381	36,416852	36,769882	46,040866	8,338530	9,712584	7,329998	9,224629	6,848419	8,171917	3,587050	8,923175	9,351474	11,489337	100,029051	100,133014	55,448508	55,510360	55,425370	55,583578	99,860072	100,018501	12,668979	12,679164	12,685817
281,00	13,253556	32,389832	40,255600	32,300958	40,862107	26,140845	40,354884	23,350504	36,864638	37,219402	46,675822	8,636352	10,084759	7,599459	9,548504	7,120727	8,484001	3,750767	9,246506	9,711087	11,915264	100,041103	100,097108	56,145245	56,162661	56,100112	56,259519	99,932516	99,998742	13,149230	13,147168	13,182727
282,00	13,725029	32,819808	40,713620	32,677472	41,296124	26,465058	40,823042	23,665045	37,262172	37,662974	47,239116	8,960339	10,456122	7,887921	9,882650	7,392233	8,809523	3,936720	9,598150	10,051456	12,358925	100,025737	100,081563	56,809729	56,797624	56,712615	56,935668	100,024509	99,995309	13,611606	13,652855	13,675034
283,00	14,228031	33,202606	41,194245	33,071223	41,782719	26,784879	41,294616	24,023323	37,717351	38,111293	47,734237	9,270191	10,871693	8,166793	10,218110	7,680714	9,121849	4,173515	9,931602	10,407584	12,779735	99,951792	100,060749	57,452118	57,448399	57,312685	57,566285	100,090575	99,966186	14,108728	14,151098	14,155823
284,00	14,722778	33,637792	41,646579	33,475605	42,243579	27,165818	41,758031	24,386337	38,123992	38,557991	48,239544	9,600442	11,257966	8,483826	10,559348	7,981250	9,444454	4,430527	10,286865	10,746986	13,207582	100,018001	100,000012	58,133024	58,113527	58,022261	58,257067	100,063050	99,974614	14,604917	14,660183	14,648120
285,00	15,217015	34,038281	42,088649	33,887100	42,702442	27,542508	42,177755	24,823786	38,560259	39,023343	48,771378	9,924027	11,665020	8,796178	10,879079	8,296788	9,752380	4,732961	10,632600	11,084168	13,616849	100,012195	99,981207	58,793807	58,775514	58,706832	58,888078	99,953157	100,015628	15,104741	15,143548	15,136005
286,00	15,694106	34,469825	42,471111	34,282193	43,142685	27,923819	42,640522	25,267893	38,956439	39,408511	49,262193	10,229321	12,032006	9,133374	11,193660	8,621731	10,080498	5,049650	10,968906	11,441354	14,042473	100,008810	100,013041	59,421599	59,394228	59,319764	59,489310	99,903053	100,111759	15,603217	15,639000	15,600143
287,00	16,159856	34,863785	42,903119	34,695256	43,541172	28,293779	43,033955	25,694096	39,319003	39,849359	49,733785	10,543381	12,408961	9,457450	11,512158	8,953211	10,420686	5,380901	11,297493	11,811498	14,471553	99,992365	100,036705	60,015595	59,984624	59,902430	60,055053	99,907601	100,150335	16,100228	16,101141	16,078065
288,00	16,631149	35,262471	43,335277	35,065326	43,946227	28,686395	43,484145	26,143160	39,719865	40,256146	50,234109	10,851774	12,786110	9,768645	11,817754	9,289114	10,742691	5,732765	11,608969	12,180512	14,902778	100,048196	100,057614	60,617572	60,560375	60,476375	60,648221	99,975222	100,145507	16,594861	16,570725	16,560966
289,00	17,119743	35,675427	43,781769	35,429391	44,315341	29,049295	43,871644	26,558375	40,086102	40,721238	50,754106	11,196610	13,148196	10,087116	12,153694	9,605346	11,057603	6,089756	11,934128	12,514400	15,318276	100,068998	100,015378	61,182249	61,109924	61,092776	61,263090	100,036538	100,098264	17,078340	17,040171	17,078590
290,00	17,598867	36,105835	44,179431	35,805619	44,715893	29,452398	44,248974	27,059823	40,460944	41,142568	51,210147	11,517648	13,524288	10,397149	12,452212	9,905341	11,365639	6,456474	12,241359	12,846635	15,735462	100,061727	99,999154	61,763000	61,699647	61,670673	61,853987	100,049257	99,962074	17,528984	17,501350	17,574458
291,00	18,075448	36,575550	44,501662	36,201558	45,107350	29,831353	44,609910	27,523074	40,789166	41,556057	51,602292	11,848822	13,873520	10,717276	12,795059	10,195249	11,664677	6,817963	12,580396	13,197635	16,136819	100,044119	99,891502	62,377459	62,257963	62,258685	62,389940	100,030386	99,902892	18,004261	17,989531	18,065670
292,00	18,539865	36,972409	44,915509	36,609417	45,576459	30,207106	45,055085	28,018028	41,198200	41,970059	52,091330	12,146428	14,262456	11,047429	13,117844	10,509338	11,990494	7,159553	12,895378	13,547558	16,568826	100,004172	99,982786	62,956190	62,899828	62,821764	62,948090	99,973577	99,894750	18,441409	18,462339	18,533374
293,00	19,024889	37,380284	45,365199	37,031749	46,019405	30,592400	45,465389	28,490731	41,628608	42,400730	52,546048	12,454557	14,618786	11,358935	13,458191	10,817711	12,291481	7,514151	13,226879	13,884930	16,953947	100,053382	100,031972	63,507253	63,449925	63,369757	63,464838	99,935633	100,014651	18,909073	18,954353	18,990244
294,00	19,479044	37,731639	45,783496	37,373993	46,360442	30,923378	45,848888	28,960669	41,974109	42,799839	52,960402	12,744303	14,986534	11,659312	13,771039	11,133905	12,613489	7,839226	13,534772	14,220299	17,356612	99,975705	100,068378	63,965780	63,945037	63,830751	63,970762	99,883848	100,063193	19,342247	19,384907	19,440155
295,00	19,913839	38,139370	46,131030	37,698424	46,695262	31,309205	46,150503	29,405907	42,309567	43,202573	53,343081	13,050735	15,328377	11,938541	14,070384	11,413345	12,910867	8,179883	13,833816	14,556378	17,720449	100,004721	100,012076	64,480621	64,448297	64,272612	64,460778	99,940276	100,050235	19,805467	19,811803	19,884925
296,00	20,329089	38,538143	46,472973	37,983730	47,042277	31,671417	46,526095	29,844293	42,638439	43,537903	53,750825	13,337192	15,669814	12,223716	14,368233	11,709581	13,217907	8,481246	14,105491	14,878841	18,106204	99,999779	100,032139	64,967000	64,959162	64,741117	64,938498	99,988860	99,961019	20,236437	20,207106	20,318529
297,00	20,756713	38,888836	46,841401	38,385707	47,436020	32,005370	46,890500	30,248746	42,998764	43,931416	54,205167	13,643153	16,023703	12,486377	14,687894	11,987001	13,535514	8,792281	14,425156	15,186974	18,500857	100,084507	100,136530	65,435511	65,482855	65,263224	65,428108	100,122535	99,998301	20,672831	20,674646	20,775354
298,00	21,173871	39,218861	47,164586	38,728839	47,805664	32,335663	47,277942	30,635628	43,324175	44,272617	54,595381	13,926487	16,381013	12,782291	14,989509	12,251091	13,829185	9,085304	14,715309	15,489206	18,867697	100,047660	100,090420	65,848917	65,920502	65,727150	65,881974	100,122607	100,007975	21,100965	21,115255	21,198928
299,00	21,570939	39,553487	47,488496	39,054561	48,107639	32,635462	47,580424	31,001496	43,586883	44,634488	54,950273	14,205086	16,723318	13,076633	15,301892	12,510429	14,102004	9,377582	15,017833	15,807100	19,220753	100,018978	100,020909	66,247481	66,301882	66,155207	66,311538	100,102270	100,078762	21,522783	21,537796	21,579005
300,00	21,971716	39,883220	47,855008	39,321637	48,464021	32,958069	47,900921	31,340066	43,926692	44,959870	55,317235	14,465831	17,029266	13,340101	15,569179	12,748708	14,337933	9,630810	15,287563	16,102220	19,543864	99,945068	99,942499	66,623408	66,754889	66,573066	66,754812	100,021815	100,018406	21,911255	21,868576	21,942185
301,00	22,349505	40,199947	48,213908	39,587742	48,742399	33,213407	48,218921	31,643495	44,198000	45,250294	55,652541	14,719740	17,357069	13,581695	15,869649	13,002877	14,600617	9,853821	15,575480	16,390093	19,876602	99,966836	99,972963	66,984212	67,111516	67,010313	67,136389	100,048888	100,039828	22,268219	22,222374	22,318420
302,00	22,727640	40,520847	48,554215	39,893177	49,056977	33,526540	48,530102	31,942582	44,503620	45,623612	56,011122	14,982674	17,661612	13,815717	16,148083	13,259438	14,878166	10,077085	15,836492	16,665263	20,211104	100,024211	100,005329	67,382318	67,490035	67,417580	67,562723	100,078166	99,942070	22,621490	22,587723	22,717856
303,00	23,092026	40,790445	48,844701	40,139058	49,354786	33,767092	48,811939	32,202786	44,766811	45,919332	56,303030	15,224530	17,962870	14,070717	16,455500	13,521688	15,164627	10,293786	16,093732	16,962606	20,533377	99,987119	100,001252	67,689508	67,799872	67,682886	67,842871	100,055933	99,995768	22,970825	22,981806	23,068263
304,00	23,427847	41,081348	49,121383	40,447110	49,676377	34,010848	49,060667	32,495585	45,055127	46,235240	56,631291	15,480167	18,223083	14,304233	16,716734	13,755397	15,423355	10,512137	16,349047	17,235716	20,832789	99,997091	99,991465	68,085450	68,157965	68,024993	68,231636	100,014043	99,954104	23,306412	23,357277	23,402168
305,00	23,740250	41,315860	49,423420	40,698758	50,007099	34,219956	49,366075	32,697886	45,390606	46,452922	56,953311	15,714401	18,505178	14,521550	16,974920	13,955906	15,675274	10,710697	16,598552	17,473519	21,124321	99,878168	100,014985	68,360633	68,501991	68,305796	68,591094	99,951315	99,914461	23,636404	23,685730	23,724474
306,00	24,082525	41,556683	49,683613	40,961874	50,280321	34,442341	49,657196	32,950521	45,695159	46,724018	57,281297	15,956813	18,817964	14,754726	17,236497	14,175056	15,929645	10,914230	16,845156	17,713638	21,420644	99,909037	100,018883	68,724680	68,804330	68,690091	68,896902	100,002193	99,926734	23,940352	24,010277	24,047196
307,00	24,401237	41,801044	49,939045	41,177693	50,589740	34,731773	49,944988	33,157283	45,983127	46,997195	57,535899	16,198778	19,082789	14,971848	17,522970	14,400418	16,180098	11,083568	17,088045	17,956115	21,698298	99,985534	99,983215	69,055718	69,127691	68,980944	69,179034	99,987221	99,987280	24,245237	24,308342	24,350505
308,00	24,711055	41,971573	50,167650	41,369593	50,865585	34,932628	50,197554	33,367771	46,237409	47,240785	57,758898	16,437757	19,336562	15,180129	17,796783	14,622250	16,403407	11,259305	17,314263	18,196276	21,944544	99,958223	100,001371	69,269556	69,409251	69,200271	69,398707	100,046778	100,124609	24,553978	24,622415	24,661452
309,00	24,974318	42,185792	50,428367	41,585284	51,121068	35,163188	50,437117	33,545318	46,411082	47,457182	57,917112	16,669434	19,535659	15,395445	18,033119	14,817271	16,608430	11,395934	17,510931	18,410973	22,169870	100,040102	99,903893	69,503510	69,687289	69,499421	69,706082	100,018013	99,988854	24,839081	24,926656	24,934097
310,00	25,274551	42,389882	50,673205	41,787156	51,382017	35,313904	50,681335	33,738926	46,662846	47,678792	58,144855	16,841923	19,790818	15,588249	18,258886	15,017889	16,831855	11,539779	17,717829	18,636297	22,403388	100,031686	99,937165	69,726408	69,896662	69,739622	69,916040	99,990714	99,925268	25,114718	25,189725	25,207290
311,00	25,520009	42,622575	50,894350	42,034316	51,611280	35,503072	50,958467	33,897549	46,883118	47,891390	58,426034	17,048480	20,035912	15,789735	18,497606	15,202843	17,064077	11,665156	17,933340	18,863890	22,663160	100,093472	99,982810	69,987571	70,142472	70,013666	70,199442	99,984622	99,918437	25,339818	25,445464	25,467193
312,00	25,767234	42,888245	51,135105	42,231750	51,817632	35,711685	51,155931	34,108761	47,124791	48,107594	58,708060	17,231768	20,282720	15,968134	18,744650	15,388203	17,282702	11,822394	18,142965	19,107023	22,936945	100,051355	100,085986	70,280677	70,282531	70,121241	70,410150	100,005221	100,004423	25,568801	25,664926	25,734866
313,00	25,997862	43,140101	51,349211	42,463788	52,014530	35,954112	51,348734	34,263721	47,363171	48,353684	58,913177	17,448267	20,497616	16,174814	18,973511	15,544993	17,479548	11,978984	18,372415	19,312394	23,194543	100,115359	100,113118	70,478231	70,461100	70,292199	70,592672	100,052369	100,076377	25,789872	25,896752	25,993836
314,00	26,225337	43,387279	51,544738	42,628247	52,263874	36,174023	51,526141	34,433997	47,601300	48,603109	59,062886	17,621244	20,707861	16,337906	19,172233	15,719387	17,681989	12,106510	18,567389	19,500467	23,413481	100,224674	100,085473	70,697260	70,608348	70,489281	70,736074	99,943572	100,045955	26,011789	26,111573	26,218185
315,00	26,432735	43,539602	51,746458	42,800900	52,511001	36,359748	51,773465	34,537768	47,873431	48,803264	59,269822	17,799334	20,922776	16,507971	19,408792	15,888968	17,898771	12,236210	18,777189	19,662489	23,600405	100,166774	100,135791	70,779973	70,858276	70,708197	70,945066	99,934900	100,093842	26,264045	26,341674	26,444557
316,00	26,645982	43,665400	51,959199	42,993078	52,720302	36,472523	52,003038	34,632358	48,081797	48,944041	59,494352	17,988567	21,125929	16,691521	19,631895	16,088118	18,096568	12,361019	18,944570	19,888490	23,798144	100,024819	100,098324	70,860589	71,076041	70,887828	71,164328	99,959379	100,019336	26,488230	26,551965	26,617047
317,00	26,879784	43,849087	52,204233	43,220592	52,911437	36,607945	52,188385	34,802341	48,282868	49,124801	59,691304	18,217461	21,331066	16,900872	19,866523	16,263342	18,280981	12,497859	19,155428	20,065325	24,012718	100,008547	100,071144	71,063542	71,226072	71,086168	71,311134	100,072443	100,028360	26,693946	26,765922	26,827991
318,00	27,099386	44,047129	52,351367	43,434691	53,083915	36,751676	52,346861	34,931529	48,415756	49,327648	59,769285	18,387523	21,513845	17,072222	20,061575	16,418830	18,447459	12,621728	19,301866	20,216238	24,194792	100,082195	99,912840	71,253604	71,264589	71,189004	71,391076	100,052643	99,984229	26,868945	26,957250	26,978299
319,00	27,273950	44,272175	52,480674	43,585780	53,231508	36,916259	52,480322	35,097617	48,538148	49,564350	59,841162	18,551390	21,679175	17,198782	20,294420	16,545022	18,633291	12,746742	19,481359	20,331174	24,375895	100,187385	99,834985	71,378946	71,301109	71,298671	71,404243	99,936557	100,037301	27,022195	27,122203	27,157000
320,00	27,421579	44,462982	52,609873	43,761319	53,393650	37,070203	52,679342	35,191783	48,687571	49,766362	60,018647	18,706185	21,856689	17,361237	20,497820	16,689812	18,818158	12,886165	19,644034	20,501214	24,554673	100,168633	99,775541	71,457309	71,417916	71,342957	71,488982	99,986780	100,102365	27,189481	27,288887	27,321884
321,00	27,614290	44,594136	52,847457	43,896589	53,640431	37,247345	52,898604	35,315517	48,939759	49,905413	60,243243	18,887419	22,054309	17,534707	20,684493	16,826583	19,010004	12,988447	19,859430	20,687675	24,737015	100,171435	99,853212	71,554953	71,540952	71,499628	71,615183	99,987721	100,144112	27,345872	27,476111	27,499589
322,00	27,772117	44,672453	53,074145	44,078594	53,881276	37,378857	53,104138	35,416415	49,171361	50,023222	60,487336	19,069779	22,205497	17,706959	20,812477	16,997591	19,191144	13,100837	20,014764	20,866680	24,880300	100,177801	99,962211	71,630532	71,653360	71,534735	71,804690	100,060177	100,074637	27,500808	27,654883	27,697420
323,00	27,958170	44,742930	53,283918	44,202441	54,051089	37,517107	53,264159	35,530853	49,460617	50,084609	60,560626	19,191544	22,400889	17,897825	21,021618	17,147133	19,394778	13,199580	20,198426	21,040247	25,050947	100,093293	99,978280	71,628946	71,697593	71,648371	71,886957	100,021398	100,072873	27,679884	27,793381	27,835801
324,00	28,067505	44,774967	53,417546	44,370198	54,214728	37,627941	53,429401	35,614640	49,684855	50,172597	60,641980	19,343683	22,525541	18,057740	21,251735	17,290717	19,573551	13,308814	20,358393	21,216521	25,230277	100,015962	99,944067	71,624857	71,843040	71,651083	71,939272	100,009608	100,014961	27,825418	27,929801	27,961898
325,00	28,186435	44,904113	53,585285	44,532931	54,344314	37,784803	53,602105	35,687810	49,882004	50,279254	60,669798	19,487162	22,680323	18,229799	21,449503	17,420235	19,743654	13,413876	20,522429	21,360606	25,352278	99,944037	99,900275	71,726716	71,960610	71,753311	71,982783	99,990350	100,027227	27,997488	28,038561	28,076515
326,00	28,329369	45,059052	53,687978	44,664291	54,571140	37,889850	53,764391	35,765770	49,998143	50,391877	60,819495	19,632429	22,786237	18,338341	21,607298	17,553672	19,877405	13,522236	20,665549	21,473242	25,453812	99,950337	99,912536	71,841812	72,064537	71,738154	72,024119	99,979436	99,979991	28,163135	28,168091	28,192306
327,00	28,492814	45,279950	53,873289	44,807729	54,737860	38,029954	53,909802	35,882160	50,121021	50,594449	60,977674	19,780947	22,920372	18,488474	21,728043	17,717375	20,002364	13,662820	20,788519	21,586327	25,534448	99,978173	99,968892	71,988380	72,100139	71,848351	72,133172	99,971735	99,948770	28,303972	28,270629	28,335235
328,00	28,632692	45,408353	53,989011	44,918165	54,949301	38,138542	54,040617	36,008328	50,341147	50,716025	61,110169	19,916014	23,070681	18,602835	21,915036	17,842688	20,116058	13,790677	20,926297	21,709390	25,691730	99,924773	100,023162	72,033262	72,155058	71,842963	72,176915	100,009584	99,948007	28,433061	28,396875	28,440416
329,00	28,715414	45,533356	54,129261	45,071715	55,057740	38,279593	54,146689	36,147082	50,455332	50,899982	61,167753	20,055948	23,190261	18,760972	22,078492	17,965303	20,250541	13,892908	21,061516	21,883093	25,829962	99,943453	100,034666	72,106802	72,183084	71,941793	72,253031	100,047767	99,921763	28,495684	28,545958	28,593534
330,00	28,775892	45,631897	54,195011	45,181140	55,122864	38,386533	54,230481	36,223736	50,571787	50,980222	61,241049	20,171425	23,297918	18,860297	22,246927	18,081483	20,394401	13,981503	21,186867	22,040430	25,956413	99,944615	100,033057	72,131675	72,214556	71,951628	72,287500	100,100625	99,924624	28,636971	28,662789	28,699347
331,00	28,876519	45,749325	54,326648	45,295230	55,174428	38,498962	54,319203	36,289474	50,634128	51,088655	61,349195	20,300657	23,420812	18,996309	22,390360	18,227127	20,512432	14,100863	21,329682	22,212915	26,096070	99,934691	99,989587	72,166586	72,219431	71,966344	72,303748	100,186467	99,950355	28,759006	28,776595	28,823909
332,00	29,017049	45,851186	54,430068	45,408708	55,269682	38,617718	54,419214	36,323920	50,772655	51,151747	61,429781	20,412295	23,530409	19,077566	22,536035	18,339750	20,658025	14,217237	21,429153	22,326235	26,191905	99,936807	99,983525	72,131002	72,263545	71,977270	72,395927	100,126064	99,975038	28,891119	28,844157	28,909898
333,00	29,122487	45,936766	54,588675	45,505604	55,436403	38,745251	54,571223	36,402684	50,917602	51,254565	61,469853	20,527166	23,659796	19,216162	22,674921	18,441477	20,792137	14,324902	21,549089	22,390550	26,274079	99,965292	100,005603	72,101587	72,266328	71,983469	72,382545	100,111437	100,020909	28,983068	28,909114	29,003417
334,00	29,214200	45,991576	54,662722	45,605713	55,539763	38,837034	54,691589	36,459103	51,009601	51,298434	61,504245	20,633839	23,763764	19,330508	22,805369	18,520735	20,961961	14,407954	21,644437	22,449256	26,342627	100,004804	100,019860	72,037679	72,256196	72,023928	72,389990	100,047171	99,991447	29,046249	28,988326	29,085267
335,00	29,299644	46,035248	54,765612	45,654070	55,666846	38,931882	54,877687	36,521772	51,114929	51,379442	61,618400	20,748018	23,902725	19,456346	22,931336	18,658775	21,080485	14,513221	21,781395	22,534859	26,462466	99,981481	100,052929	72,019935	72,236365	72,029895	72,365630	100,074315	100,044155	29,112723	29,063630	29,155716
336,00	29,402313	46,157131	54,818684	45,774582	55,748641	39,016688	54,979062	36,602786	51,250255	51,465148	61,751658	20,855647	24,019049	19,540617	23,076616	18,770608	21,195604	14,617892	21,896753	22,655062	26,607156	99,996775	100,015295	72,062248	72,220391	72,058725	72,367811	100,102901	100,065422	29,202920	29,161867	29,239663
337,00	29,472387	46,279278	54,925627	45,902222	55,875963	39,145154	55,053741	36,719224	51,357830	51,585793	61,811423	20,930120	24,089018	19,632669	23,205504	18,877839	21,300066	14,713696	21,990952	22,746469	26,707217	100,035977	100,062895	72,100502	72,211182	72,092772	72,331339	99,994349	100,115073	29,277357	29,238519	29,322702
338,00	29,515588	46,347705	54,997975	46,004212	55,902880	39,230305	55,055356	36,835614	51,443601	51,661861	61,783069	21,033768	24,159689	19,726329	23,297432	18,940142	21,374710	14,818193	22,076640	22,832441	26,762906	100,020075	99,985290	72,108918	72,122276	72,045112	72,269511	99,901938	100,094724	29,352155	29,361069	29,378349
339,00	29,576960	46,409199	55,113649	46,060070	55,986071	39,320868	55,134547	36,945313	51,484603	51,717848	61,761457	21,139956	24,220800	19,859289	23,388290	19,045413	21,478872	14,927365	22,176170	22,927497	26,855981	100,050354	99,976736	72,018152	72,119504	72,013009	72,256416	99,892783	100,102115	29,398492	29,439834	29,473388
340,00	29,672232	46,486035	55,219442	46,110761	56,007874	39,391801	55,243927	37,049174	51,614088	51,762331	61,815321	21,244556	24,344923	19,964799	23,499693	19,143263	21,564484	15,053782	22,303826	23,028639	26,962733	100,046134	99,954492	72,026420	72,113770	71,957397	72,282499	99,918890	100,140834	29,496175	29,511082	29,553634
341,00	29,759642	46,590883	55,289382	46,192932	56,113607	39,527684	55,372357	37,166217	51,728863	51,872957	61,896205	21,334963	24,429055	20,063081	23,626761	19,257605	21,683212	15,171692	22,387271	23,139724	27,072364	100,071871	99,984097	72,014153	72,166800	71,964842	72,278786	99,963629	100,090826	29,572159	29,551256	29,645079
342,00	29,838401	46,677521	55,334276	46,333706	56,187856	39,630872	55,407727	37,276685	51,837313	51,926333	61,928540	21,417521	24,530984	20,122387	23,716734	19,340201	21,764000	15,276408	22,486024	23,220667	27,139825	100,014496	100,035632	72,034621	72,124076	71,940821	72,254372	99,954897	100,046039	29,639968	29,612404	29,665101
343,00	29,914749	46,759051	55,357438	46,438494	56,271195	39,747113	55,434531	37,404987	51,892948	52,025628	61,941272	21,547617	24,614809	20,207705	23,836873	19,447546	21,853170	15,370503	22,570406	23,316674	27,222976	100,034893	99,954748	71,972543	72,067428	71,976399	72,207975	100,012970	100,038135	29,698586	29,679114	29,701278
344,00	30,002594	46,835431	55,437535	46,590579	56,360567	39,810535	55,488449	37,523013	51,976520	52,035511	61,978871	21,648429	24,701242	20,294093	23,949331	19,544263	21,952596	15,470619	22,703013	23,382707	27,287689	100,087583	99,994910	71,961159	72,031587	71,981013	72,204483	100,069082	100,121927	29,753128	29,752231	29,755828
345,00	30,037224	46,925536	55,522358	46,690965	56,449509	39,901897	55,561209	37,640259	52,055526	52,102131	61,998826	21,763748	24,772240	20,415968	24,052444	19,659390	22,050560	15,586692	22,804235	23,489146	27,322090	100,122523	99,948770	71,902442	72,008616	71,925348	72,148651	100,020111	100,072873	29,824907	29,783332	29,844743
346,00	30,075598	46,997106	55,629104	46,734101	56,578326	40,009430	55,669588	37,734646	52,173936	52,139312	62,086338	21,834677	24,858476	20,538358	24,123912	19,742593	22,155455	15,708584	22,866578	23,568639	27,373838	100,075841	100,025678	71,848214	72,073483	71,839559	72,203833	100,038242	99,988914	29,885843	29,842567	29,924819
347,00	30,122045	47,099945	55,705380	46,802798	56,626737	40,124816	55,725145	37,854221	52,286142	52,212125	62,069213	21,910891	24,921392	20,642020	24,186221	19,818464	22,262946	15,816332	22,927012	23,645060	27,450746	100,035894	100,014794	71,799654	72,020322	71,737641	72,114921	99,964327	99,911672	29,920655	29,901269	29,994118
348,00	30,215630	47,186869	55,751067	46,862853	56,641644	40,218845	55,806112	37,984109	52,403867	52,277893	62,133592	21,973051	25,014293	20,721948	24,298516	19,892809	22,385377	15,914585	23,006235	23,711503	27,549520	99,985802	100,053179	71,778929	72,012854	71,733582	72,131437	99,944955	99,953043	29,965150	30,006003	30,046514
349,00	30,275011	47,285518	55,819070	47,004595	56,684095	40,334547	55,875403	38,150024	52,464968	52,346480	62,148011	22,052179	25,074792	20,801966	24,381323	19,997367	22,480857	16,012397	23,106964	23,786519	27,599627	99,992132	100,047803	71,763057	71,935892	71,749848	72,025752	99,864906	99,945349	29,987672	30,061024	30,088812
350,00	30,337903	47,354230	55,893749	47,068650	56,750989	40,457889	55,969101	38,295716	52,540857	52,410513	62,221712	22,148253	25,181481	20,889679	24,501121	20,118113	22,575617	16,132110	23,208906	23,894426	27,663818	100,021410	100,041497	71,741569	71,942812	71,752268	71,983498	99,907541	100,004780	30,090845	30,136502	30,141523
351,00	30,369484	47,417939	55,968219	47,149274	56,829554	40,557221	56,022143	38,407171	52,625704	52,492839	62,243241	22,237742	25,246406	20,980738	24,583580	20,232311	22,645499	16,230604	23,317282	23,980494	27,717227	100,040221	100,036168	71,692294	71,905154	71,709800	71,928674	99,943626	99,971223	30,136690	30,153483	30,206016
352,00	30,423933	47,470033	56,024826	47,190914	56,864166	40,644515	56,112826	38,497695	52,734941	52,561033	62,274063	22,328001	25,328842	21,070462	24,665315	20,325877	22,751915	16,339348	23,406668	24,065946	27,786818	99,990547	100,024915	71,657562	71,841484	71,608603	71,949601	99,961853	99,967837	30,210593	30,212629	30,250320
353,00	30,445436	47,540662	56,101948	47,290874	56,956214	40,706486	56,176925	38,579419	52,845359	52,620971	62,292510	22,411528	25,386399	21,158579	24,731463	20,409279	22,843343	16,423434	23,486227	24,126777	27,865422	99,994832	100,048733	71,617490	71,796107	71,580625	71,974164	99,889612	99,921119	30,217421	30,230457	30,278838
354,00	30,503789	47,611851	56,180966	47,366047	57,033473	40,798131	56,302637	38,665175	52,911192	52,656192	62,324268	22,483049	25,441176	21,257593	24,800994	20,490897	22,949640	16,532689	23,547608	24,194580	27,948785	100,000453	100,064242	71,607047	71,758294	71,550012	71,957433	99,891418	99,945170	30,265000	30,283865	30,320618
355,00	30,559221	47,695339	56,202102	47,462881	57,074261	40,864867	56,345916	38,740414	52,977574	52,708524	62,304461	22,585444	25,518003	21,347064	24,910182	20,576121	23,040655	16,631195	23,651281	24,272507	28,031284	100,055361	100,029087	71,560186	71,721709	71,537787	71,844810	99,889964	100,017035	30,320519	30,335525	30,370530
356,00	30,625251	47,765484	56,254262	47,530407	57,090533	40,958786	56,377822	38,799220	53,026897	52,757108	62,321490	22,676514	25,611025	21,420175	25,001633	20,654541	23,111247	16,737413	23,755591	24,349669	28,076690	99,971533	99,942225	71,505046	71,622056	71,464449	71,776545	99,904978	99,996704	30,387390	30,385047	30,426934
357,00	30,668446	47,853807	56,269723	47,614712	57,135183	41,081724	56,432223	38,876849	53,128457	52,791321	62,345517	22,789912	25,719386	21,499234	25,103113	20,751442	23,217039	16,832289	23,875020	24,427214	28,143424	99,938291	99,919474	71,432108	71,556115	71,430951	71,721381	99,936438	100,077593	30,448723	30,460420	30,465680
358,00	30,699137	47,943929	56,363875	47,710109	57,257491	41,194272	56,506258	38,923931	53,221285	52,859545	62,432033	22,865671	25,792658	21,586561	25,171793	20,845452	23,301615	16,924304	23,967430	24,509902	28,214076	99,876547	99,966067	71,417272	71,520936	71,371233	71,706420	99,956965	100,036681	30,479530	30,496177	30,523384
359,00	30,736181	48,001206	56,444293	47,815478	57,331574	41,286850	56,575638	38,985720	53,324962	52,917647	62,491161	22,946833	25,848493	21,682611	25,263068	20,944314	23,390061	17,007507	24,026468	24,566580	28,298959	99,893492	100,011456	71,374351	71,489644	71,341437	71,654844	99,992216	100,060332	30,526805	30,533546	30,544502
360,00	30,784816	48,078629	56,573361	47,925428	57,446641	41,366118	56,671679	39,054787	53,446615	53,023696	62,569547	23,056434	25,924516	21,782079	25,337717	21,039590	23,472925	17,088699	24,092612	24,654013	28,346166	99,890256	100,083172	71,342713	71,444982	71,259761	71,616709	99,996805	100,014162	30,577791	30,549037	30,595908
361,00	30,857354	48,188519	56,644255	48,033193	57,487547	41,463184	56,741410	39,150822	53,546786	53,074002	62,574995	23,159264	26,002410	21,880561	25,442606	21,125966	23,573141	17,176966	24,181946	24,717560	28,402099	99,934393	100,097597	71,320319	71,380883	71,268082	71,580666	99,974793	100,053990	30,627722	30,613986	30,614501
362,00	30,882859	48,311096	56,723303	48,121572	57,537985	41,575587	56,802702	39,245617	53,635645	53,139389	62,549281	23,263586	26,067552	21,988098	25,525016	21,209799	23,656042	17,259450	24,274401	24,813622	28,436330	99,946713	100,049531	71,274298	71,331275	71,205896	71,518618	99,958193	100,024843	30,658180	30,655611	30,669224
363,00	30,941948	48,390499	56,782836	48,227245	57,548177	41,696545	56,840658	39,326355	53,717023	53,204614	62,544543	23,363528	26,124665	22,101036	25,595778	21,300454	23,742259	17,343085	24,365404	24,891028	28,500453	99,971712	99,998468	71,242797	71,298605	71,171975	71,468115	99,926847	99,975705	30,692407	30,702761	30,698752
364,00	30,986068	48,451215	56,900483	48,303875	57,649207	41,809002	56,915373	39,363790	53,852248	53,302366	62,593579	23,439804	26,194632	22,211489	25,659755	21,417108	23,850897	17,424554	24,471548	24,975759	28,578070	99,928445	99,986547	71,132118	71,235174	71,102440	71,429902	99,967933	99,987191	30,731231	30,745864	30,762237
365,00	31,059596	48,561451	57,004285	48,428631	57,773387	41,908908	57,042724	39,412892	53,991681	53,383726	62,672824	23,534647	26,272509	22,311747	25,748909	21,528707	23,970507	17,504738	24,596992	25,069037	28,649506	99,935120	100,042140	71,095955	71,215492	71,088684	71,379858	99,998116	100,018156	30,778801	30,789939	30,797738
366,00	31,080270	48,679978	57,108545	48,513737	57,886469	42,015991	57,143652	39,456111	54,106236	53,453177	62,724727	23,612738	26,357666	22,402860	25,847450	21,631391	24,073562	17,603689	24,696116	25,159559	28,740600	99,955177	99,993843	71,044672	71,183771	71,061635	71,304590	100,051880	100,041533	30,816674	30,828983	30,848673
367,00	31,077361	48,761597	57,220197	48,643115	57,966828	42,127308	57,266843	39,510688	54,244417	53,518891	62,817937	23,736145	26,429671	22,498892	25,925910	21,707194	24,149099	17,661160	24,765068	25,251636	28,764701	99,967438	99,988973	71,048164	71,168590	71,017462	71,235627	100,041318	99,965334	30,852497	30,838379	30,872872
368,00	31,124228	48,856527	57,319152	48,763993	58,055878	42,264828	57,360184	39,563325	54,375821	53,606439	62,907290	23,843977	26,507518	22,602120	26,004994	21,810415	24,242640	17,744090	24,840036	25,321826	28,837213	99,982607	99,980837	71,030599	71,103460	70,983887	71,229070	100,022435	100,022328	30,882731	30,862090	30,913949
369,00	31,164467	48,977888	57,407290	48,924419	58,112824	42,373028	57,444805	39,601213	54,498369	53,691649	62,922454	23,957495	26,581189	22,719818	26,087737	21,911782	24,347053	17,805575	24,956773	25,393471	28,870714	99,965739	100,029767	71,000099	70,992547	70,936227	71,215063	99,967134	100,051999	30,917099	30,878744	30,947959
370,00	31,243148	49,107030	57,469141	49,096191	58,198762	42,481220	57,537639	39,711913	54,626691	53,815478	62,922227	24,043135	26,660258	22,805369	26,184687	22,028540	24,451976	17,907935	25,081164	25,460267	28,956848	100,026155	100,042117	70,992845	70,937538	70,898658	71,168154	99,932349	100,141239	30,956987	30,906633	30,991632
371,00	31,276518	49,217698	57,576251	49,241057	58,282667	42,595074	57,631665	39,781207	54,772776	53,913897	62,941116	24,142161	26,748887	22,923675	26,257721	22,155517	24,569108	18,000130	25,205642	25,551698	29,014647	100,047517	100,011110	70,917612	70,940518	70,834422	71,099585	100,000119	100,035167	31,031734	30,955619	31,040141
372,00	31,317621	49,318624	57,722408	49,362010	58,430159	42,746419	57,787001	39,894620	54,951870	54,020983	62,999910	24,258962	26,840875	23,021506	26,377511	22,280334	24,693522	18,104766	25,313959	25,650764	29,113793	100,031233	99,995524	70,844185	70,924133	70,768493	71,035421	100,056005	99,998754	31,060958	31,038451	31,079155
373,00	31,348810	49,464923	57,862407	49,506986	58,557409	42,915115	57,909751	39,977732	55,113882	54,081160	63,048244	24,387194	26,936683	23,164223	26,492879	22,402537	24,827594	18,199594	25,413164	25,767064	29,198235	99,997884	99,979246	70,750558	70,848978	70,685416	70,989501	100,084984	99,949831	31,104973	31,102934	31,137457
374,00	31,365407	49,578857	57,989997	49,658054	58,691049	43,068501	58,077800	40,089267	55,279654	54,181731	63,104659	24,532290	27,033234	23,296022	26,605746	22,508055	24,971841	18,298231	25,522012	25,870764	29,278648	100,001514	100,006449	70,703948	70,800710	70,643562	70,946747	100,053930	99,989563	31,132758	31,141892	31,189567
375,00	31,409410	49,712068	58,112943	49,832967	58,841807	43,183765	58,208513	40,169895	55,447221	54,268950	63,206542	24,640732	27,124125	23,424116	26,697510	22,608438	25,082311	18,392111	25,628638	25,968805	29,343382	100,042629	100,006747	70,643252	70,760781	70,594573	70,880729	100,035560	99,992681	31,166911	31,177047	31,248647
376,00	31,451726	49,837267	58,276826	49,963284	59,005505	43,285769	58,380747	40,226650	55,616289	54,320300	63,302094	24,754672	27,217826	23,541087	26,808655	22,713809	25,198919	18,474960	25,760096	26,053956	29,410163	100,034463	100,025821	70,576388	70,761734	70,531648	70,846152	100,058281	99,984139	31,183293	31,225282	31,286502
377,00	31,493589	49,982679	58,407056	50,110197	59,113890	43,412608	58,511198	40,330383	55,750048	54,408038	63,352770	24,850179	27,314442	23,660278	26,924685	22,820450	25,293756	18,574983	25,892207	26,165184	29,488149	99,989390	100,039959	70,508850	70,662779	70,477271	70,802605	100,048840	99,941987	31,212920	31,265324	31,333688
378,00	31,525797	50,134450	58,536345	50,265092	59,211016	43,571103	58,640218	40,434024	55,868697	54,506195	63,390255	24,963158	27,399713	23,779550	27,021992	22,929606	25,406754	18,658224	26,009196	26,267490	29,563916	99,983424	100,048542	70,485121	70,627016	70,447183	70,781344	100,035298	99,947053	31,257921	31,291893	31,359580
379,00	31,564599	50,279969	58,625144	50,434691	59,281844	43,744451	58,717215	40,568519	55,969054	54,640257	63,393176	25,073662	27,480567	23,882049	27,109107	23,051704	25,522316	18,761793	26,116449	26,368499	29,630059	100,005698	99,989802	70,450729	70,521432	70,444429	70,710260	100,034952	99,986732	31,319803	31,323624	31,401256
380,00	31,618965	50,412583	58,749861	50,599146	59,385753	43,902206	58,827055	40,638709	56,128317	54,745120	63,437194	25,182685	27,569658	23,992355	27,197820	23,172697	25,648946	18,836232	26,208964	26,458731	29,697251	99,980962	99,996465	70,410532	70,487505	70,402372	70,636374	100,036919	100,038576	31,353182	31,374496	31,407899
381,00	31,660974	50,537509	58,866090	50,753951	59,480894	44,028759	58,936441	40,741849	56,310427	54,829288	63,440520	25,299677	27,651918	24,111849	27,287209	23,291184	25,756821	18,922788	26,332015	26,538420	29,764241	99,936795	99,983180	70,363259	70,407158	70,336795	70,596319	100,056791	100,062275	31,398749	31,410277	31,444177
382,00	31,702998	50,660563	59,008425	50,889355	59,590292	44,169790	59,098333	40,823117	56,503755	54,940492	63,517243	25,403389	27,747825	24,227732	27,375162	23,398629	25,873071	19,004583	26,451781	26,608282	29,834169	99,881905	100,022066	70,291209	70,383626	70,239347	70,587319	100,017273	100,020480	31,439248	31,449577	31,467068
383,00	31,726086	50,813085	59,118396	51,048964	59,702641	44,330555	59,243327	40,959316	56,656432	55,062366	63,592726	25,512347	27,830747	24,342382	27,478576	23,514031	25,986251	19,105460	26,572120	26,697481	29,910949	99,918211	99,967653	70,229232	70,320344	70,181137	70,563090	100,019956	100,016594	31,472099	31,482011	31,524765
384,00	31,749421	50,966197	59,262437	51,219863	59,833711	44,515809	59,380937	41,056320	56,792331	55,195695	63,704181	25,616038	27,914679	24,461417	27,578118	23,640822	26,099518	19,208246	26,653874	26,803678	29,946524	99,917853	99,981660	70,175207	70,313227	70,161003	70,544410	99,985814	99,956703	31,507707	31,512886	31,565726
385,00	31,790721	51,115072	59,364551	51,403350	59,957290	44,687682	59,505200	41,175321	56,913221	55,334592	63,774467	25,748146	27,999598	24,598905	27,674752	23,765177	26,214182	19,313984	26,757059	26,931036	30,018890	99,981177	99,952662	70,159477	70,299721	70,181298	70,495820	100,005043	99,983865	31,545785	31,542116	31,611961
386,00	31,840193	51,271933	59,495616	51,572138	60,094297	44,856796	59,603679	41,280061	57,057393	55,464548	63,853586	25,880122	28,079340	24,702874	27,768385	23,879458	26,312006	19,399160	26,851991	27,027082	30,094010	100,009978	99,996912	70,151895	70,291632	70,168579	70,468682	99,976480	100,021219	31,596217	31,591567	31,647882
387,00	31,879896	51,393187	59,569162	51,712298	60,179532	45,020050	59,710753	41,394776	57,191229	55,586195	63,889426	26,009896	28,158376	24,820872	27,862006	23,984182	26,428229	19,495396	26,964989	27,109772	30,182782	100,036168	99,966192	70,089149	70,247626	70,112801	70,385873	99,982733	100,040913	31,640872	31,629473	31,685272
388,00	31,899354	51,516831	59,682852	51,853091	60,303789	45,171067	59,819150	41,498318	57,355618	55,700839	63,961607	26,118690	28,225812	24,943155	27,948144	24,102743	26,533395	19,593666	27,072057	27,193248	30,256465	100,001490	99,979699	70,065147	70,205218	70,048434	70,319808	99,982095	100,002229	31,683603	31,672263	31,732035
389,00	31,942806	51,637113	59,770757	52,009171	60,379028	45,323986	59,932125	41,600952	57,484037	55,786467	63,987470	26,215917	28,316599	25,071588	28,047651	24,218152	26,636687	19,694923	27,196091	27,278700	30,299240	99,972653	99,935079	70,026618	70,148146	69,991601	70,263553	99,998128	99,971914	31,712487	31,701154	31,766182
390,00	31,990880	51,789033	59,885657	52,181935	60,496694	45,458195	60,059476	41,712499	57,624084	55,910224	64,036512	26,317057	28,398836	25,167298	28,142908	24,317525	26,743856	19,784831	27,321282	27,372730	30,371386	99,971372	99,961001	70,024037	70,085901	69,966269	70,240021	99,986571	99,999243	31,762883	31,746766	31,793970
391,00	32,047608	51,925308	60,025370	52,341539	60,594422	45,616546	60,160142	41,830811	57,731771	56,041986	64,079338	26,423478	28,480554	25,263816	28,239930	24,424323	26,836431	19,865975	27,405939	27,463630	30,426577	100,001311	99,954551	69,980925	70,034730	69,948393	70,219260	100,011802	99,998176	31,796122	31,773388	31,818911
392,00	32,074830	52,055341	60,127085	52,478260	60,709482	45,760563	60,276884	41,920334	57,847059	56,161487	64,122182	26,524615	28,533143	25,360641	28,305992	24,513945	26,943842	19,931808	27,498820	27,543375	30,495355	100,044215	99,953675	69,951332	69,992375	69,917089	70,167077	99,969512	99,965125	31,829295	31,805852	31,841940
393,00	32,097110	52,154481	60,228425	52,612948	60,791522	45,896396	60,371459	42,011264	57,961428	56,242079	64,177209	26,614478	28,604347	25,486577	28,384954	24,618454	27,027711	20,003778	27,562439	27,625176	30,553579	100,054753	99,938744	69,915062	69,964361	69,862092	70,118034	99,957240	99,930263	31,854090	31,832543	31,882980
394,00	32,137418	52,275103	60,287833	52,752382	60,856110	46,009612	60,470980	42,081857	58,058584	56,304765	64,182496	26,714766	28,684866	25,580743	28,469655	24,708542	27,129489	20,071597	27,675605	27,702743	30,636382	100,060272	99,938226	69,869924	69,898772	69,809270	70,052552	99,927330	99,951482	31,883377	31,886125	31,912088
395,00	32,172596	52,364057	60,381472	52,894557	60,954535	46,122074	60,572308	42,169368	58,179504	56,395739	64,222008	26,821983	28,761292	25,691766	28,558418	24,830458	27,223647	20,159401	27,757981	27,801704	30,699784	100,057268	99,975425	69,836503	69,880849	69,765383	70,049322	99,969697	99,927491	31,927747	31,918842	31,960571
396,00	32,229584	52,465850	60,464102	53,012496	61,046296	46,233410	60,648817	42,223346	58,279985	56,487590	64,245379	26,938736	28,847840	25,786814	28,636557	24,928474	27,323058	20,234014	27,875522	27,896434	30,766073	100,021124	99,968195	69,787920	69,832987	69,726294	69,998652	99,964166	99,966550	31,959593	31,969869	31,990233
397,00	32,266262	52,540147	60,572559	53,107315	61,135840	46,342987	60,745561	42,283782	58,398813	56,552792	64,291978	27,035028	28,908995	25,898686	28,707030	25,016043	27,413508	20,316415	27,965042	27,987504	30,809090	99,992025	99,978292	69,755518	69,817483	69,666076	69,991094	99,976164	99,941671	31,997001	32,007444	32,033539
398,00	32,318226	52,632242	60,657346	53,195810	61,200708	46,427050	60,839081	42,333031	58,524555	56,602210	64,324498	27,139822	28,994197	26,005960	28,785059	25,097311	27,508417	20,374715	28,069323	28,061274	30,877611	99,972099	99,988198	69,708532	69,755399	69,605535	69,925368	99,959737	99,987543	32,035783	32,065129	32,062992
399,00	32,340664	52,738798	60,709906	53,305674	61,265028	46,527508	60,942698	42,394748	58,630359	56,685632	64,326048	27,223769	29,070944	26,098683	28,865081	25,207871	27,607676	20,439425	28,154042	28,128836	30,923364	100,000572	99,973959	69,670206	69,711572	69,587958	69,878149	99,974638	99,989504	32,081783	32,098758	32,106990
400,00	32,368115	52,842325	60,773528	53,429776	61,344981	46,611571	61,034572	42,453289	58,756590	56,756449	64,356261	27,316675	29,146162	26,202258	28,947136	25,312194	27,695054	20,480891	28,243163	28,203443	30,980310	100,035334	99,990255	69,632703	69,683999	69,575357	69,846475	99,972558	100,011671	32,137570	32,122022	32,134438
401,00	32,396075	52,920514	60,838807	53,528273	61,423105	46,691498	61,096573	42,486465	58,839399	56,825113	64,385396	27,390739	29,206184	26,274103	29,024270	25,398269	27,783090	20,527688	28,330690	28,267211	31,029394	100,026691	99,975991	69,570214	69,650424	69,545799	69,827676	99,939126	100,031257	32,173365	32,153824	32,169631
402,00	32,441571	52,983755	60,943401	53,616506	61,500823	46,761119	61,158735	42,511117	58,940309	56,871873	64,451575	27,488717	29,257578	26,365232	29,100272	25,473115	27,855849	20,570318	28,422251	28,351766	31,097329	100,031126	100,020838	69,539505	69,622004	69,478613	69,810867	99,955016	100,043237	32,220441	32,186878	32,215714
403,00	32,482949	53,052747	60,982543	53,702718	61,548483	46,821889	61,220449	42,528880	59,003556	56,909758	64,462996	27,561647	29,334760	26,436990	29,181647	25,565496	27,950913	20,626707	28,505722	28,421706	31,158644	100,043905	100,033343	69,501108	69,555002	69,426799	69,770670	99,989015	100,064266	32,258114	32,234514	32,256114
404,00	32,517260	53,106290	61,071223	53,791797	61,617339	46,883649	61,288637	42,535105	59,097928	56,946260	64,487600	27,646279	29,396471	26,521617	29,255393	25,641936	28,031003	20,671287	28,580374	28,484857	31,213048	100,064492	100,072193	69,497353	69,534385	69,383448	69,735444	99,973267	100,049984	32,282323	32,252365	32,285908
405,00	32,554245	53,147084	61,106938	53,847271	61,659831	46,925092	61,348432	42,516577	59,178221	56,966156	64,479363	27,717218	29,452235	26,597783	29,321462	25,727120	28,126740	20,708136	28,658137	28,543511	31,265575	100,039947	100,032651	69,448096	69,476628	69,325614	69,681436	99,966574	100,040448	32,300675	32,286927	32,313165
406,00	32,567555	53,177112	61,190844	53,897005	61,729205	46,965513	61,409718	42,490795	59,269094	57,003438	64,475900	27,798009	29,488730	26,682988	29,379570	25,786737	28,195107	20,735864	28,726667	28,599089	31,318662	100,019050	100,020170	69,398171	69,451416	69,280028	69,638366	99,945527	100,011456	32,316676	32,314220	32,339641
407,00	32,598385	53,213245	61,211419	53,968263	61,776882	46,992075	61,477417	42,474285	59,331530	57,024658	64,462584	27,877676	29,540664	26,772338	29,435530	25,867316	28,266624	20,778817	28,814042	28,679872	31,364205	99,977791	99,980980	69,316626	69,386190	69,213706	69,583559	99,997187	100,020170	32,357907	32,349563	32,386613
408,00	32,624799	53,250414	61,294043	54,056489	61,850393	47,019178	61,550039	42,479575	59,410238	57,046735	64,502984	27,951038	29,606661	26,853552	29,498532	25,937697	28,322089	20,817170	28,889254	28,739917	31,406403	99,967611	100,010705	69,270867	69,353747	69,177902	69,563562	99,991089	99,991083	32,390401	32,376450	32,416317
409,00	32,666093	53,291190	61,331135	54,130197	61,888790	47,042450	61,625415	42,464197	59,486860	57,080328	64,539123	28,025407	29,684219	26,932278	29,563293	26,023194	28,406003	20,853493	28,974986	28,812468	31,457123	99,922556	99,993044	69,229865	69,295901	69,125742	69,503134	99,973607	100,007749	32,426167	32,405034	32,454297
410,00	32,692420	53,340918	61,402875	54,185748	61,925459	47,077760	61,673933	42,461056	59,570587	57,103753	64,573097	28,085652	29,743674	27,018240	29,624307	26,095411	28,475752	20,892981	29,036185	28,871506	31,499892	99,951470	99,995089	69,190919	69,263560	69,078034	69,458961	99,988222	99,999356	32,471755	32,436877	32,486898
411,00	32,721484	53,398830	61,439860	54,255736	61,978346	47,113454	61,742938	42,435372	59,653640	57,130080	64,587319	28,163058	29,800254	27,094316	29,690248	26,168615	28,562272	20,933327	29,112023	28,924245	31,546119	99,977720	99,986541	69,149047	69,206464	69,043314	69,398808	100,006020	99,993372	32,496658	32,463607	32,504925
412,00	32,747710	53,432643	61,522913	54,312682	62,053025	47,150472	61,777735	42,417634	59,741843	57,144010	64,583069	28,245214	29,844463	27,171621	29,749405	26,233056	28,639123	20,985685	29,193482	28,974381	31,592804	100,007725	100,018001	69,075805	69,178063	69,001937	69,383794	100,001240	99,994487	32,520694	32,493290	32,537174
413,00	32,776356	53,480482	61,592275	54,374683	62,128001	47,187409	61,861867	42,404163	59,841371	57,175875	64,633322	28,326815	29,896852	27,248472	29,817733	26,303321	28,715438	21,027437	29,279253	29,023379	31,654730	99,985921	100,050175	69,034392	69,129241	68,985647	69,357109	99,988198	99,971616	32,539418	32,517380	32,572952
414,00	32,804653	53,514326	61,664045	54,430407	62,184137	47,227564	61,910963	42,389524	59,917581	57,201743	64,626104	28,390649	29,941863	27,332762	29,869935	26,373872	28,787822	21,072882	29,360282	29,078063	31,701753	99,982262	100,059140	68,964821	69,099355	68,932211	69,332558	99,964470	99,949735	32,584909	32,549167	32,611543
415,00	32,835329	53,600526	61,717576	54,538572	62,244081	47,304532	61,985856	42,402244	59,980023	57,243133	64,663339	28,447947	29,999581	27,403837	29,931113	26,440263	28,852636	21,106106	29,423600	29,124632	31,740180	100,024331	100,045741	68,943030	69,044381	68,889892	69,275457	99,960363	99,914134	32,619780	32,573429	32,639000
416,00	32,858455	53,692883	61,796159	54,641986	62,291455	47,401592	62,053567	42,420167	60,049802	57,307500	64,649284	28,523436	30,058381	27,477691	29,983053	26,542112	28,927687	21,165121	29,482424	29,184625	31,766909	100,041592	100,032783	68,906760	69,034332	68,849802	69,245821	99,990547	99,904084	32,650280	32,599324	32,648411
417,00	32,878307	53,772902	61,868453	54,735774	62,349010	47,494075	62,143290	42,473710	60,135090	57,357848	64,676660	28,587943	30,136302	27,541503	30,051580	26,617014	29,005983	21,218257	29,545528	29,243255	31,821197	100,036311	100,045633	68,888068	69,019890	68,830627	69,211549	100,002527	99,921107	32,656434	32,626414	32,660225
418,00	32,905674	53,833508	61,920196	54,813963	62,385345	47,582662	62,211579	42,530212	60,226029	57,399553	64,696938	28,663772	30,192855	27,620074	30,108184	26,697952	29,073513	21,277623	29,610807	29,307249	31,857568	99,993235	100,041378	68,855262	68,981791	68,804288	69,184458	100,006235	99,930054	32,670310	32,651561	32,685551
419,00	32,939163	53,880769	61,967081	54,886949	62,434024	47,645509	62,266374	42,587447	60,302049	57,435197	64,690065	28,737915	30,258921	27,701309	30,180192	26,762146	29,156375	21,323629	29,697633	29,357287	31,926560	99,974203	100,027263	68,815666	68,919909	68,768096	69,123805	100,003064	99,979347	32,701311	32,697934	32,724330
420,00	32,980743	53,963560	62,042052	54,989213	62,478429	47,743487	62,321115	42,662966	60,389769	57,498872	64,717948	28,826287	30,315569	27,783874	30,238488	26,845998	29,233664	21,383528	29,774192	29,411229	31,971711	99,995947	100,036991	68,792886	68,864709	68,739110	69,087923	100,005865	99,988610	32,740855	32,724133	32,763958
421,00	33,016032	54,049593	62,105703	55,072629	62,535030	47,822970	62,382954	42,719838	60,460663	57,565016	64,727217	28,909418	30,380678	27,863744	30,313817	26,939788	29,319742	21,456587	29,859704	29,473716	32,036313	99,976438	100,036383	68,753785	68,829054	68,688983	69,047171	100,016546	100,018382	32,768214	32,768178	32,798511
422,00	33,047307	54,127580	62,149382	55,182147	62,582380	47,931975	62,434345	42,795444	60,527354	57,631958	64,758301	28,987128	30,441406	27,938887	30,377340	27,024591	29,397362	21,522272	29,939342	29,541734	32,076976	99,999565	100,066996	68,705541	68,780661	68,649083	69,004720	100,014138	99,979913	32,792246	32,795322	32,813907
423,00	33,070052	54,213613	62,178159	55,259067	62,633902	48,016006	62,468028	42,848361	60,599965	57,685149	64,772612	29,071352	30,490568	28,030679	30,461553	27,116683	29,471198	21,592651	30,015126	29,606119	32,132852	99,962455	100,044668	68,637878	68,723524	68,599129	68,958426	100,038552	99,993837	32,824799	32,831141	32,859227
424,00	33,099806	54,307145	62,241703	55,362719	62,674594	48,120189	62,523884	42,918533	60,682791	57,736212	64,796644	29,142648	30,544055	28,112465	30,522454	27,193162	29,546890	21,657097	30,090308	29,664022	32,180157	99,996895	100,056255	68,596184	68,678606	68,562418	68,906456	100,039315	99,972862	32,864049	32,859015	32,882366
425,00	33,139363	54,398394	62,300062	55,462176	62,741303	48,204437	62,597555	42,977208	60,768205	57,780254	64,820027	29,217517	30,615723	28,190452	30,607122	27,278054	29,642865	21,723002	30,168331	29,731992	32,243794	99,990702	100,059009	68,559676	68,650979	68,547523	68,883348	100,024486	100,013113	32,894599	32,898960	32,906312
426,00	33,190915	54,457933	62,365228	55,550778	62,794882	48,290294	62,680984	43,039599	60,853666	57,822615	64,842963	29,293099	30,676830	28,269869	30,671716	27,356237	29,722205	21,787584	30,245453	29,797760	32,289669	100,009668	100,069356	68,539637	68,608481	68,514884	68,855822	100,011206	100,007761	32,923329	32,946882	32,929230
427,00	33,216274	54,533458	62,414777	55,647647	62,836230	48,371425	62,735617	43,093944	60,941362	57,872844	64,850587	29,384685	30,738860	28,363273	30,745727	27,444953	29,800043	21,848673	30,319321	29,871583	32,336825	100,032854	100,043583	68,510091	68,583852	68,494880	68,824995	100,037944	100,015998	32,956380	32,969463	32,960615
428,00	33,239692	54,606754	62,465537	55,705106	62,890744	48,443645	62,802267	43,122089	61,032081	57,898849	64,858651	29,468614	30,781075	28,454986	30,798864	27,525803	29,856837	21,902832	30,385417	29,918122	32,371724	100,025511	100,037146	68,483520	68,544519	68,443370	68,785930	100,013828	99,984378	32,971409	32,973248	32,999143
429,00	33,260572	54,706985	62,516367	55,806017	62,919706	48,493758	62,860698	43,154973	61,101383	57,938921	64,868540	29,543555	30,843315	28,533259	30,857757	27,605018	29,930505	21,951510	30,472118	29,980662	32,420307	100,023460	100,037134	68,453860	68,525124	68,405116	68,749928	100,026190	99,983376	32,999080	32,989269	33,004028
430,00	33,298442	54,755712	62,571806	55,873382	62,990224	48,532435	62,925643	43,185258	61,181211	57,973218	64,890283	29,621932	30,913603	28,604519	30,918184	27,672279	30,009842	21,995133	30,565917	30,034986	32,477310	100,017142	100,064445	68,412071	68,483907	68,357366	68,716210	100,006402	100,004888	33,032253	33,028203	33,010632
431,00	33,331230	54,817533	62,630463	55,975157	63,025552	48,587981	62,969220	43,221447	61,265445	58,033597	64,905852	29,694924	30,975607	28,674296	30,982116	27,727640	30,088747	22,038141	30,652034	30,091178	32,530639	100,045443	100,061893	68,362635	68,434691	68,323737	68,687922	100,049090	100,026274	33,068967	33,060914	33,034757
432,00	33,356243	54,849142	62,685072	56,037116	63,083208	48,653865	63,021392	43,220624	61,349034	58,040804	64,913458	29,766345	31,024826	28,750566	31,047940	27,804878	30,161032	22,089425	30,730635	30,145928	32,571748	100,026882	100,058413	68,296349	68,383658	68,287271	68,633628	100,048780	100,041282	33,114314	33,096355	33,073530
433,00	33,367145	54,908049	62,743831	56,119597	63,125169	48,726711	63,085812	43,232089	61,427277	58,089888	64,931059	29,831040	31,046098	28,823733	31,105363	27,886429	30,231211	22,135572	30,788890	30,199149	32,607532	100,009203	100,071132	68,255228	68,340647	68,244880	68,590403	100,056338	100,001621	33,139852	33,118302	33,114949
434,00	33,399183	54,963857	62,815756	56,200910	63,179249	48,783129	63,142902	43,224543	61,486757	58,126843	64,942598	29,902878	31,081933	28,901315	31,160644	27,975464	30,294040	22,181082	30,853394	30,266222	32,642475	100,006557	100,074792	68,223971	68,295449	68,192232	68,541312	100,023258	99,971658	33,168423	33,149320	33,152330
435,00	33,429566	55,016035	62,867123	56,272483	63,215905	48,834884	63,194066	43,240619	61,548096	58,187109	64,932942	29,975450	31,140533	28,977400	31,200027	28,033900	30,371821	22,226021	30,923688	30,327561	32,684067	100,013447	100,074279	68,179476	68,252504	68,131226	68,500239	99,969733	99,928093	33,182248	33,175457	33,178285
436,00	33,466098	55,064726	62,914729	56,344372	63,251710	48,885345	63,230669	43,254727	61,621702	58,192980	64,940071	30,051270	31,210384	29,073155	31,261963	28,110611	30,440599	22,276926	30,999506	30,395859	32,727826	99,997461	100,065577	68,127352	68,216592	68,088907	68,476874	99,969292	99,919230	33,216569	33,208546	33,209419
437,00	33,486408	55,109209	62,941587	56,409037	63,274229	48,957250	63,258624	43,292186	61,688751	58,199000	64,944595	30,130213	31,278178	29,154190	31,320801	28,188348	30,501458	22,338074	31,072235	30,464080	32,776287	99,977058	100,041747	68,051398	68,175584	68,034470	68,426573	99,991304	99,901462	33,250335	33,241734	33,237702
438,00	33,515522	55,164903	62,983090	56,489033	63,317400	49,046433	63,299394	43,346363	61,757886	58,233774	64,955789	30,211172	31,328639	29,241326	31,388798	28,280237	30,566648	22,377798	31,135356	30,529168	32,823619	99,985808	100,033963	68,021417	68,145269	68,002301	68,382424	100,038791	99,937218	33,286038	33,277676	33,274555
439,00	33,532575	55,217612	63,018572	56,579518	63,358152	49,126187	63,352609	43,414277	61,812449	58,291799	64,952201	30,292970	31,381235	29,306990	31,437460	28,352332	30,633697	22,449671	31,197777	30,589381	32,866502	99,977392	100,028098	67,968100	68,098676	67,946410	68,332952	100,026429	99,955481	33,312917	33,300442	33,307958
440,00	33,568639	55,296671	63,045472	56,663644	63,381886	49,241975	63,392437	43,535650	61,849135	58,367687	64,927095	30,382919	31,438744	29,401681	31,483206	28,433508	30,714691	22,533730	31,268966	30,658937	32,915637	99,983221	99,998468	67,970467	68,054414	67,912972	68,287516	100,055611	99,997216	33,346882	33,333668	33,339620
441,00	33,594143	55,393881	63,068706	56,785905	63,405430	49,354991	63,419819	43,669525	61,891580	58,435595	64,933431	30,465955	31,491372	29,485357	31,539345	28,514311	30,773199	22,640856	31,329978	30,724314	32,960114	99,985254	99,989134	67,933321	68,019861	67,880750	68,258947	100,035524	99,989289	33,384067	33,348149	33,367893
442,00	33,627698	55,514205	63,115370	56,888860	63,432878	49,508131	63,457537	43,825191	61,928576	58,519918	64,934301	30,545625	31,541756	29,569757	31,596324	28,601915	30,841446	22,734320	31,407517	30,810800	32,995093	99,991339	99,983186	67,878640	67,994028	67,836958	68,222016	100,035405	99,982291	33,412230	33,375445	33,400890
443,00	33,651805	55,619931	63,165957	57,001936	63,471854	49,630702	63,513762	43,995556	62,007815	58,619642	64,964408	30,627692	31,577867	29,635370	31,667075	28,685623	30,896333	22,836488	31,473380	30,881667	33,036667	99,975014	100,043261	67,805064	67,982888	67,770439	68,197405	99,992895	99,965769	33,446208	33,394396	33,428979
444,00	33,662948	55,748582	63,229227	57,125199	63,511884	49,817586	63,545531	44,208059	62,075716	58,736897	64,973307	30,708367	31,616956	29,713532	31,722099	28,768808	30,951124	22,942072	31,531894	30,961272	33,067667	99,991369	100,084209	67,787600	67,940789	67,713463	68,167394	99,973756	99,939299	33,472061	33,416331	33,449173
445,00	33,698058	55,874634	63,236392	57,253128	63,525224	49,985301	63,554800	44,444901	62,118548	58,853012	64,965367	30,800322	31,663436	29,802775	31,778169	28,860083	31,004336	23,067415	31,591487	31,035933	33,108410	100,007331	100,079584	67,778891	67,886251	67,679542	68,135571	99,991232	99,953222	33,502156	33,461934	33,473536
446,00	33,735889	56,015193	63,249707	57,384950	63,555145	50,175720	63,573843	44,696712	62,152541	58,960283	64,967889	30,881974	31,713766	29,890960	31,834841	28,947699	31,073791	23,192398	31,649694	31,114724	33,154988	100,025296	100,057614	67,755473	67,825836	67,653352	68,104082	99,985838	99,958473	33,531037	33,502501	33,518946
447,00	33,786592	56,154042	63,248914	57,484472	63,577640	50,351238	63,589579	44,977513	62,177026	59,074932	64,961952	30,978876	31,765038	29,977646	31,894052	29,042333	31,141070	23,333275	31,723785	31,207716	33,213481	100,016487	100,019896	67,690641	67,773002	67,623711	68,064034	99,994040	99,997032	33,557269	33,541244	33,558476
448,00	33,817670	56,280112	63,257998	57,594758	63,596141	50,533694	63,611233	45,267904	62,206882	59,172350	64,939606	31,066352	31,819582	30,049479	31,948304	29,127768	31,195146	23,463622	31,788009	31,276932	33,269238	100,007343	100,001442	67,659003	67,717195	67,584282	67,999077	99,978220	100,005913	33,582732	33,564454	33,594516
449,00	33,836192	56,425405	63,269037	57,705271	63,604599	50,732028	63,608092	45,577136	62,223524	59,276021	64,912742	31,147474	31,872800	30,134013	31,985360	29,209435	31,248489	23,604432	31,842935	31,358400	33,302528	100,024390	99,988103	67,635721	67,678535	67,572016	67,950666	99,974895	100,004303	33,619922	33,586943	33,611843
450,00	33,854902	56,558716	63,273013	57,833159	63,602978	50,926071	63,624322	45,882854	62,237418	59,370404	64,904177	31,221414	31,920090	30,209312	32,023486	29,286972	31,296647	23,743096	31,897369	31,424418	33,341748	100,023866	100,004888	67,603022	67,638040	67,518133	67,904490	99,993736	99,996245	33,655027	33,617261	33,648774
451,00	33,894911	56,679612	63,286871	57,920957	63,608122	51,118684	63,623202	46,179095	62,259334	59,445357	64,901549	31,291687	31,965998	30,298486	32,071581	29,375985	31,353360	23,885244	31,944215	31,499070	33,371413	99,995607	100,029480	67,534691	67,612767	67,464453	67,883784	100,013447	99,990255	33,704403	33,645207	33,674228
452,00	33,922458	56,782633	63,305873	58,014792	63,623327	51,286638	63,647175	46,472371	62,296826	59,521514	64,899004	31,359375	32,008690	30,358094	32,114714	29,455531	31,399086	24,019881	31,996119	31,558600	33,404872	99,968100	100,040042	67,484629	67,587870	67,386025	67,852813	100,012219	99,979991	33,726102	33,676663	33,690974
453,00	33,957064	56,906015	63,310057	58,098042	63,627946	51,454663	63,654917	46,758178	62,317920	59,592932	64,854676	31,422198	32,044768	30,425650	32,159123	29,535013	31,455261	24,159037	32,042146	31,614923	33,430526	99,964690	100,013959	67,445368	67,551017	67,379034	67,822427	100,035489	99,970454	33,758900	33,690688	33,710369
454,00	33,981907	57,032919	63,333386	58,205914	63,646728	51,620853	63,669699	47,025010	62,350965	59,682924	64,832789	31,486678	32,085133	30,488929	32,200161	29,607537	31,503361	24,287498	32,097706	31,671607	33,469978	100,002360	100,025296	67,452669	67,516899	67,373848	67,783809	100,020778	99,971014	33,774403	33,716697	33,748692
455,00	34,012058	57,146162	63,322657	58,283782	63,628358	51,779306	63,663805	47,262681	62,352294	59,754544	64,817637	31,554940	32,123765	30,561838	32,252902	29,684809	31,557465	24,413279	32,141703	31,729147	33,511981	100,015104	100,015891	67,418456	67,473269	67,375892	67,748666	100,037444	99,991006	33,799952	33,753398	33,790180
456,00	34,043002	57,214826	63,304156	58,331329	63,612020	51,876515	63,663423	47,473803	62,353987	59,808230	64,804208	31,619528	32,173643	30,625635	32,294378	29,762366	31,602114	24,523886	32,189640	31,801626	33,558699	99,994904	100,012171	67,382210	67,428708	67,320091	67,687231	100,034785	100,000608	33,826253	33,798817	33,829755
457,00	34,065780	57,278669	63,284135	58,368504	63,610858	51,955014	63,667017	47,665584	62,364393	59,839565	64,802420	31,686026	32,208732	30,681235	32,329789	29,828078	31,646165	24,628843	32,227284	31,860176	33,600628	99,972880	99,995202	67,315072	67,380053	67,279470	67,651141	100,037885	100,010526	33,861148	33,833119	33,852154
458,00	34,098297	57,353228	63,296068	58,410215	63,616729	52,037412	63,658720	47,838470	62,374908	59,869266	64,786804	31,743073	32,239094	30,734491	32,356724	29,897773	31,676462	24,723449	32,293403	31,912363	33,633134	99,955267	99,988526	67,294341	67,349172	67,232996	67,614204	100,042593	100,010967	33,895642	33,864334	33,877614
459,00	34,130460	57,412779	63,318527	58,490735	63,630819	52,134538	63,659924	47,978869	62,396681	59,912413	64,795166	31,804633	32,277831	30,779791	32,404864	29,955414	31,716850	24,805777	32,339773	31,939891	33,663264	99,964058	100,006568	67,274308	67,328298	67,207736	67,598671	100,011683	100,031686	33,916286	33,894256	33,899781
460,00	34,159619	57,469434	63,312167	58,551228	63,603395	52,229917	63,637573	48,121476	62,376314	59,948915	64,768136	31,851655	32,308441	30,829215	32,446346	30,014825	31,757596	24,881597	32,386816	31,983945	33,693820	99,972326	99,992532	67,265749	67,302465	67,191201	67,547530	99,996299	100,010586	33,945188	33,918935	33,918166
461,00	34,182006	57,519490	63,301313	58,595318	63,590026	52,300251	63,628972	48,239177	62,374723	59,982479	64,740074	31,893775	32,351223	30,881178	32,491973	30,066958	31,801450	24,953720	32,412219	32,028362	33,718482	99,982488	99,972230	67,222726	67,256546	67,163539	67,485297	99,990577	100,019443	33,967632	33,938512	33,946705
462,00	34,198242	57,569104	63,298845	58,621293	63,596302	52,379072	63,625658	48,347566	62,377334	60,001040	64,732283	31,947568	32,389161	30,938056	32,523498	30,129096	31,844872	25,032169	32,459077	32,084191	33,752763	99,992824	99,965596	67,196059	67,226386	67,154562	67,448115	100,017214	100,012362	33,998397	33,976641	33,973980
463,00	34,221685	57,607180	63,303369	58,647054	63,600475	52,445585	63,632143	48,428729	62,386942	60,030013	64,733237	32,002914	32,439587	30,994999	32,566753	30,186394	31,892800	25,111938	32,509884	32,126155	33,784133	99,987572	99,969244	67,147654	67,178708	67,122096	67,420298	100,040102	100,027406	34,016865	34,011260	34,010279
464,00	34,250697	57,634860	63,289654	58,687818	63,621306	52,505022	63,641536	48,509029	62,397724	60,054904	64,731628	32,059383	32,466251	31,045792	32,606220	30,240723	31,936833	25,173113	32,562560	32,163966	33,821353	100,004482	99,991369	67,107856	67,136073	67,117006	67,401701	100,030482	99,998021	34,036675	34,030804	34,035122
465,00	34,273437	57,652766	63,275921	58,709091	63,597316	52,540171	63,633960	48,563886	62,398642	60,070765	64,691126	32,098034	32,496688	31,093737	32,641074	30,282548	31,979945	25,224027	32,604548	32,210076	33,849359	99,995875	99,970925	67,051107	67,086905	67,068911	67,357028	99,992895	99,970359	34,053814	34,042493	34,053603
466,00	34,304950	57,680196	63,276565	58,737516	63,616931	52,580595	63,630629	48,628643	62,421292	60,087323	64,665747	32,145038	32,530922	31,133363	32,668418	30,330601	32,006887	25,270656	32,648936	32,244527	33,891717	99,993598	99,962336	67,006308	67,073190	67,014211	67,333394	99,941641	99,957192	34,077725	34,058353	34,071714
467,00	34,334168	57,699949	63,283676	58,761144	63,595629	52,615309	63,620287	48,689595	62,434554	60,116541	64,657438	32,208240	32,588136	31,190130	32,704762	30,383462	32,060865	25,341246	32,705623	32,299098	33,928791	99,990141	99,970579	66,977519	67,053151	66,961759	67,308831	99,945045	99,969125	34,117100	34,101871	34,109208
468,00	34,370041	57,724702	63,309252	58,778226	63,614470	52,666277	63,629377	48,768505	62,451720	60,140079	64,682651	32,268077	32,630295	31,241074	32,742172	30,438209	32,107297	25,406316	32,757047	32,349193	33,968243	99,995428	99,993187	66,937137	67,031717	66,909552	67,284006	99,962258	99,990267	34,161487	34,140328	34,146640
469,00	34,405246	57,766032	63,295871	58,825910	63,589507	52,727360	63,620329	48,848084	62,453032	60,158461	64,660859	32,317638	32,663533	31,291202	32,786646	30,493882	32,163942	25,466985	32,805908	32,395136	33,999202	100,005102	99,990171	66,906458	66,972423	66,870195	67,246085	99,975950	99,993861	34,199342	34,183288	34,179774
470,00	34,433827	57,796824	63,282001	58,874094	63,595295	52,786708	63,622516	48,920414	62,458098	60,157812	64,637536	32,361004	32,697216	31,335875	32,822591	30,548680	32,197118	25,523236	32,839677	32,439727	34,037825	100,010562	99,987239	66,860628	66,940981	66,843152	67,215264	99,977243	99,981958	34,229943	34,211141	34,210759
471,00	34,463727	57,840252	63,240713	58,927381	63,581252	52,858633	63,616365	48,992142	62,448853	60,182935	64,604455	32,420912	32,739779	31,392175	32,856804	30,612358	32,237965	25,592452	32,879961	32,479611	34,073517	100,031912	99,980855	66,851050	66,895640	66,820931	67,183518	99,971014	99,961829	34,261632	34,239501	34,240258
472,00	34,498799	57,853252	63,244140	58,958316	63,573444	52,911252	63,610625	49,048129	62,458658	60,212141	64,605641	32,485065	32,784244	31,436822	32,896817	30,659953	32,278413	25,665417	32,918316	32,538483	34,101591	100,048947	99,970144	66,824651	66,869378	66,801703	67,147917	99,971735	99,981773	34,290737	34,260896	34,270707
473,00	34,525180	57,884371	63,264543	58,984792	63,565367	52,978069	63,608044	49,118865	62,453538	60,229093	64,594185	32,547909	32,826817	31,489730	32,938686	30,713832	32,321995	25,738969	32,971087	32,578957	34,138000	100,054705	99,985433	66,801155	66,837156	66,763574	67,109090	99,952513	99,999481	34,319127	34,280080	34,279996
474,00	34,566632	57,905376	63,276309	59,005100	63,558656	53,016543	63,606280	49,190599	62,467051	60,249174	64,581180	32,597187	32,868642	31,542340	32,991207	30,763474	32,368809	25,804427	33,030438	32,632434	34,175748	100,054991	99,999082	66,750205	66,810918	66,724294	67,074198	99,930078	99,992067	34,348121	34,310982	34,313640
475,00	34,591579	57,940853	63,270181	59,017259	63,563770	53,055692	63,620681	49,267456	62,459397	60,253805	64,557076	32,643712	32,910120	31,606233	33,025441	30,824012	32,406414	25,871888	33,079299	32,670662	34,211078	100,040352	100,032556	66,687751	66,770613	66,670471	67,032129	99,932462	99,961525	34,378526	34,336308	34,350005
476,00	34,628919	57,944566	63,243806	59,021288	63,564879	53,102052	63,618445	49,333531	62,462187	60,274905	64,540648	32,683578	32,960343	31,665048	33,060673	30,879596	32,451466	25,936326	33,133361	32,726163	34,246269	100,030518	100,005949	66,636658	66,715479	66,598427	66,999763	99,939066	99,958259	34,411252	34,377244	34,388095
477,00	34,652504	57,968485	63,241118	59,047186	63,566089	53,159291	63,606822	49,392527	62,466544	60,275483	64,524740	32,731709	33,003354	31,728402	33,091336	30,940095	32,491672	26,003316	33,180436	32,769710	34,284738	99,994487	99,985933	66,580439	66,679007	66,541177	66,972315	99,956381	99,993467	34,446236	34,405261	34,408122
478,00	34,685758	58,015597	63,241899	59,082592	63,567096	53,246427	63,606662	49,478471	62,479490	60,311186	64,521813	32,787994	33,052132	31,781274	33,140194	30,992606	32,540515	26,069871	33,236772	32,818276	34,324658	100,004947	99,969214	66,570312	66,653585	66,513449	66,948754	99,937326	100,007451	34,478667	34,443501	34,423012
479,00	34,712589	58,074021	63,249362	59,123904	63,549024	53,308076	63,601428	49,554625	62,483335	60,325938	64,510649	32,848990	33,087292	31,826210	33,189785	31,049263	32,581410	26,134115	33,282989	32,868865	34,357587	99,991918	99,969208	66,528201	66,616338	66,494566	66,904479	99,926114	100,016975	34,503981	34,477141	34,448901
480,00	34,738433	58,132315	63,257647	59,166706	63,546348	53,375471	63,610965	49,645814	62,492484	60,352373	64,499116	32,908505	33,133778	31,875792	33,237228	31,098655	32,624218	26,199159	33,333483	32,917368	34,384769	100,016594	99,983948	66,522837	66,582018	66,462487	66,860145	99,926180	100,009584	34,520739	34,512696	34,478223
481,00	34,764042	58,148336	63,259363	59,190953	63,540769	53,426939	63,603777	49,697804	62,483764	60,356802	64,480430	32,969490	33,172062	31,943351	33,274615	31,162402	32,672322	26,268768	33,383998	32,981533	34,420896	100,011408	99,981099	66,470343	66,555208	66,399795	66,823143	99,933928	100,043881	34,552079	34,544343	34,518716
482,00	34,793290	58,167040	63,259578	59,218341	63,543463	53,492254	63,605040	49,755695	62,506223	60,365003	64,463770	33,024329	33,199662	32,003629	33,304131	31,216305	32,723022	26,337418	33,420184	33,029789	34,453115	100,001264	99,984342	66,428560	66,529006	66,343617	66,792685	99,941283	100,031281	34,574273	34,566686	34,547320
483,00	34,827667	58,189666	63,239628	59,236753	63,532811	53,553927	63,600188	49,818817	62,521893	60,375059	64,438784	33,085445	33,234638	32,056409	33,333930	31,276134	32,769614	26,404557	33,465603	33,082789	34,493846	99,996054	99,972433	66,387725	66,483635	66,309142	66,750795	99,951285	100,025606	34,609574	34,587842	34,573564
484,00	34,843469	58,233511	63,236755	59,287691	63,534617	53,624541	63,603061	49,899432	62,542021	60,397065	64,418143	33,134326	33,263189	32,114029	33,366817	31,334642	32,810140	26,475099	33,498794	33,132207	34,531829	100,011563	99,976021	66,376221	66,438669	66,293007	66,704172	99,976325	99,985832	34,634364	34,606841	34,597576
485,00	34,871921	58,268404	63,250691	59,338975	63,542646	53,686893	63,625753	49,983722	62,557161	60,411429	64,415109	33,189437	33,310333	32,176822	33,406389	31,393182	32,854214	26,538172	33,550584	33,186862	34,571427	100,010014	99,974978	66,366631	66,405982	66,261560	66,669625	100,006402	99,976462	34,675258	34,634078	34,629524
486,00	34,906051	58,296865	63,268900	59,387195	63,563538	53,752607	63,654482	50,062120	62,570238	60,421419	64,415205	33,245412	33,347175	32,233828	33,450985	31,447020	32,902518	26,601791	33,593133	33,231691	34,606510	99,995941	99,984354	66,323465	66,383576	66,227120	66,643137	100,004935	99,977869	34,701732	34,667233	34,667560
487,00	34,955689	58,333910	63,276142	59,416127	63,571614	53,794235	63,663346	50,131297	62,594104	60,439920	64,416021	33,304423	33,388627	32,283765	33,495837	31,501064	32,956669	26,661524	33,649090	33,277005	34,638292	99,967122	99,971658	66,268867	66,351491	66,197878	66,610110	100,015891	100,003719	34,732586	34,704971	34,696141
488,00	34,985462	58,382380	63,276380	59,450632	63,577396	53,852022	63,669676	50,204104	62,617469	60,463482	64,412391	33,362597	33,422148	32,340306	33,545285	31,563777	33,001053	26,728272	33,703145	33,321118	34,668583	99,970794	99,969566	66,209340	66,326743	66,166139	66,580725	99,994868	100,017560	34,754273	34,739047	34,727311
489,00	35,007054	58,417284	63,275051	59,488863	63,569659	53,924525	63,652635	50,264341	62,636548	60,496539	64,407408	33,411214	33,454686	32,404071	33,595204	31,617767	33,050796	26,794526	33,754459	33,365262	34,711376	99,968320	99,951029	66,191447	66,292048	66,129661	66,543466	99,993193	100,053251	34,779572	34,774357	34,749103
490,00	35,019684	58,455735	63,259691	59,544235	63,571870	54,004961	63,650191	50,335371	62,647903	60,520405	64,390111	33,476695	33,494011	32,471821	33,638263	31,677863	33,094051	26,858926	33,806941	33,418003	34,742719	99,973077	99,956787	66,168976	66,255778	66,099948	66,516089	99,991846	100,042057	34,805760	34,796399	34,788224
491,00	35,046458	58,483613	63,270521	59,583682	63,577288	54,077655	63,650113	50,394809	62,662679	60,553664	64,363265	33,538848	33,535695	32,525808	33,679876	31,725433	33,143416	26,915330	33,852649	33,461338	34,781811	99,973083	99,947721	66,154540	66,226250	66,080993	66,473114	100,020146	100,064397	34,833360	34,824824	34,815732
492,00	35,067219	58,524770	63,296789	59,645885	63,587636	54,134810	63,660580	50,471193	62,690753	60,569018	64,346945	33,602482	33,574450	32,578459	33,717465	31,788078	33,181968	26,979575	33,895287	33,521941	34,805363	99,974924	99,958861	66,116524	66,205221	66,060936	66,449028	100,068998	100,023043	34,858701	34,838781	34,854797
493,00	35,101736	58,557451	63,318926	59,668303	63,584989	54,202867	63,677812	50,536114	62,730992	60,593963	64,341545	33,648393	33,609852	32,629883	33,753476	31,846666	33,220920	27,034551	33,939469	33,559036	34,843826	99,960935	99,971771	66,091001	66,191077	66,031075	66,423422	100,078773	100,010049	34,886998	34,876859	34,881991
494,00	35,127154	58,606976	63,329637	59,719402	63,602209	54,281175	63,685244	50,612432	62,743670	60,632932	64,347023	33,711553	33,645824	32,700226	33,788601	31,919271	33,257496	27,104095	33,980575	33,622974	34,875882	99,950498	100,004506	66,069758	66,167486	66,008538	66,401201	100,093842	99,976289	34,932816	34,901583	34,917817
495,00	35,150632	58,651656	63,341922	59,749055	63,608938	54,349303	63,707507	50,670809	62,763441	60,677916	64,353514	33,774304	33,674756	32,760772	33,820176	31,979436	33,294994	27,164370	34,029117	33,669555	34,903461	99,937582	100,027347	66,038656	66,143519	65,978509	66,374457	100,093746	99,970794	34,967980	34,924912	34,953523
496,00	35,172424	58,695394	63,355482	59,797609	63,613725	54,430574	63,710463	50,744289	62,763578	60,717607	64,349848	33,841035	33,711579	32,811046	33,868808	32,036087	33,344921	27,224874	34,069833	33,729687	34,933919	99,936831	100,031137	66,013819	66,097373	65,946144	66,343176	100,094867	99,975342	34,991917	34,942019	34,982365
497,00	35,198474	58,732671	63,367659	59,849483	63,610578	54,522532	63,723260	50,827515	62,783062	60,758990	64,331877	33,893582	33,743978	32,861575	33,913040	32,091281	33,392644	27,287042	34,105051	33,775386	34,960306	99,950540	100,032139	66,000009	66,064543	65,912110	66,322547	100,079525	99,974895	35,009751	34,968662	35,013258
498,00	35,233456	58,802521	63,358438	59,908175	63,614392	54,625523	63,718808	50,938761	62,787831	60,810423	64,308691	33,941647	33,791196	32,918790	33,957657	32,146043	33,445632	27,358267	34,150273	33,824620	34,998703	99,951726	100,029624	65,978944	66,022909	65,909404	66,289115	100,059378	99,971128	35,030949	35,002869	35,031873
499,00	35,256428	58,869815	63,356966	59,984630	63,612396	54,716915	63,724279	51,053941	62,799168	60,857987	64,280295	33,996809	33,823881	32,985356	33,989415	32,217708	33,488616	27,436227	34,196618	33,875164	35,022023	99,952567	100,029659	65,946907	66,002661	65,890634	66,250253	100,078130	99,959344	35,071820	35,028523	35,057753
500,00	35,285005	58,952516	63,341451	60,057020	63,600630	54,804599	63,731974	51,162875	62,811130	60,912305	64,251870	34,050938	33,860534	33,041093	34,026775	32,277158	33,527240	27,512804	34,252918	33,916938	35,063022	99,959016	100,039935	65,896660	65,967590	65,870917	66,210115	100,086975	99,953496	35,102406	35,051483	35,076785
501,00	35,310742	59,005582	63,330811	60,134035	63,596749	54,924840	63,739276	51,274872	62,812364	60,967410	64,228821	34,109914	33,894971	33,093843	34,062627	32,345155	33,573514	27,594078	34,293696	33,967206	35,098878	99,984032	100,019801	65,877038	65,935671	65,843177	66,166282	100,086820	99,954957	35,136375	35,079792	35,102916
502,00	35,329273	59,065455	63,340765	60,204911	63,621891	55,039275	63,770700	51,386732	62,851912	61,026061	64,238286	34,177288	33,936414	33,149907	34,103298	32,398331	33,611736	27,680320	34,334409	34,027576	35,137424	100,003004	100,023615	65,851980	65,915078	65,831792	66,140097	100,058079	99,950010	35,158771	35,099491	35,139048
503,00	35,348433	59,125102	63,341844	60,264987	63,641143	55,148226	63,774049	51,506436	62,869340	61,079127	64,234847	34,242320	33,966830	33,208904	34,128368	32,457691	33,654583	27,765259	34,375259	34,099475	35,170093	100,007105	99,992979	65,835917	65,893275	65,813845	66,115904	100,046551	99,948400	35,184741	35,121375	35,171890
504,00	35,377792	59,193838	63,368958	60,314119	63,651949	55,241412	63,774657	51,626986	62,893903	61,124128	64,232695	34,307116	34,007525	33,261603	34,167716	32,521108	33,694202	27,847379	34,426844	34,162328	35,208821	100,003147	99,996704	65,790105	65,864736	65,777397	66,094726	100,047946	99,956942	35,208377	35,158843	35,192004
505,00	35,408404	59,242719	63,376266	60,363489	63,645762	55,339444	63,762873	51,763672	62,886977	61,174786	64,217651	34,352967	34,038752	33,309478	34,210256	32,573640	33,736283	27,929372	34,470803	34,203145	35,248730	100,003171	100,005114	65,748769	65,837479	65,740365	66,080749	100,031984	99,947149	35,227275	35,190451	35,203603
506,00	35,434642	59,295261	63,384092	60,413730	63,631117	55,447268	63,758039	51,900774	62,892699	61,213422	64,215642	34,407079	34,080324	33,359954	34,267247	32,632291	33,783150	28,016531	34,512120	34,231740	35,281041	99,987572	100,002873	65,701085	65,784132	65,707296	66,042107	100,003088	99,957794	35,243329	35,222009	35,216218
507,00	35,457456	59,340620	63,377118	60,472471	63,615191	55,554444	63,762158	52,033770	62,895763	61,255860	64,202154	34,460643	34,112659	33,422747	34,316760	32,695267	33,819950	28,105360	34,552306	34,282061	35,313737	99,973851	100,017941	65,652138	65,755498	65,665507	66,014540	99,992150	99,950528	35,264134	35,240245	35,245380
508,00	35,490346	59,429628	63,380390	60,552865	63,616312	55,687815	63,769764	52,184296	62,913328	61,307240	64,185005	34,520596	34,161988	33,481908	34,357831	32,769871	33,868271	28,205192	34,611717	34,346646	35,352328	99,988455	100,014281	65,626794	65,718329	65,642720	65,979248	99,996710	99,979120	35,286868	35,278073	35,277167
509,00	35,522884	59,499913	63,388383	60,610658	63,622302	55,799896	63,773131	52,329814	62,910920	61,358595	64,157367	34,578937	34,206706	33,540452	34,403065	32,838252	33,927292	28,296983	34,672138	34,406537	35,395446	99,991477	100,020015	65,594983	65,693116	65,609586	65,959096	100,018597	99,998719	35,320309	35,320634	35,307664
510,00	35,548103	59,590155	63,387299	60,680950	63,639557	55,921739	63,787031	52,493668	62,939954	61,429006	64,146262	34,639212	34,253895	33,600894	34,446061	32,900059	33,979651	28,399482	34,721088	34,457400	35,428607	100,025845	100,004578	65,579742	65,667045	65,594780	65,939873	100,012386	100,009465	35,355484	35,352376	35,336116
511,00	35,572094	59,646237	63,403255	60,734040	63,645369	56,024921	63,788134	52,640051	62,959349	61,467123	64,132237	34,709194	34,287259	33,666214	34,486470	32,965100	34,025386	28,506216	34,761813	34,516522	35,465652	100,042784	100,024843	65,544027	65,649557	65,564507	65,928823	100,011730	100,012779	35,390660	35,377425	35,361934
512,00	35,602131	59,718364	63,404602	60,797483	63,641560	56,134546	63,788772	52,803946	62,974405	61,504883	64,129424	34,763774	34,326687	33,733663	34,538299	33,027795	34,072247	28,618768	34,810519	34,583312	35,506332	100,052118	100,038230	65,506905	65,628457	65,523863	65,890563	99,994570	100,014246	35,420367	35,405976	35,394955
513,00	35,629699	59,769118	63,407642	60,839522	63,631094	56,230688	63,780242	52,950072	62,980896	61,531079	64,115584	34,819263	34,356153	33,788615	34,577712	33,092815	34,113133	28,727168	34,851578	34,642169	35,548487	100,026643	100,055563	65,473062	65,595555	65,489697	65,840864	99,981695	100,021887	35,444808	35,433048	35,417044
514,00	35,661161	59,832048	63,401949	60,886115	63,624281	56,338823	63,786101	53,127378	62,994558	61,564976	64,111251	34,862700	34,396896	33,841798	34,623763	33,154449	34,159911	28,827423	34,904552	34,694293	35,583892	100,014150	100,028050	65,442270	65,556365	65,459663	65,787178	99,976659	100,018728	35,461116	35,477254	35,438076
515,00	35,693035	59,901017	63,394421	60,950392	63,619429	56,460279	63,794434	53,293306	63,014358	61,617291	64,094126	34,928653	34,431079	33,902454	34,650126	33,219165	34,194338	28,936538	34,944355	34,753513	35,610807	100,049984	100,028515	65,407962	65,534788	65,446585	65,757769	99,974424	100,010252	35,479340	35,491809	35,454521
516,00	35,719639	59,972155	63,406640	61,019939	63,623643	56,583846	63,808560	53,473192	63,025331	61,646253	64,089692	34,991682	34,455585	33,961946	34,683001	33,283684	34,242782	29,039857	34,987727	34,808853	35,626161	100,067449	100,047505	65,377462	65,512979	65,417612	65,748906	99,979621	100,006998	35,504732	35,513484	35,482720
517,00	35,736394	60,034651	63,386297	61,058813	63,606828	56,683683	63,800550	53,618151	63,009882	61,664826	64,042443	35,048375	34,476799	34,031919	34,709579	33,340740	34,277797	29,141271	35,013121	34,859708	35,648060	100,060236	100,051427	65,346670	65,454185	65,353066	65,723366	99,982816	100,022554	35,532349	35,522571	35,506412
518,00	35,750836	60,097104	63,390410	61,085773	63,610488	56,775254	63,800633	53,778028	63,025850	61,672008	64,031190	35,092854	34,508103	34,088472	34,734988	33,401227	34,310234	29,242969	35,042745	34,905162	35,674676	100,045323	100,047481	65,316355	65,425771	65,301251	65,705663	99,970275	100,021279	35,562015	35,549816	35,540918
519,00	35,775891	60,161012	63,355613	61,112183	63,599962	56,863618	63,788515	53,942204	63,015342	61,687428	63,993734	35,140458	34,545845	34,148192	34,769517	33,456299	34,341297	29,353493	35,075483	34,957296	35,719383	100,060368	100,030339	65,285391	65,391290	65,252376	65,668333	99,966025	100,018680	35,594630	35,574612	35,572737
520,00	35,812622	60,229373	63,361591	61,150706	63,590634	56,956559	63,788056	54,107594	63,027942	61,723971	63,990289	35,185856	34,584704	34,188554	34,812069	33,513692	34,383810	29,460207	35,118264	34,993771	35,751399	100,066340	100,021768	65,245825	65,393609	65,213770	65,633583	99,944007	100,004947	35,625637	35,602897	35,599864
521,00	35,847375	60,284555	63,368618	61,206609	63,592660	57,063723	63,787204	54,275858	63,032454	61,740071	63,980114	35,241497	34,616727	34,247890	34,849522	33,579051	34,423092	29,572213	35,163558	35,049206	35,780835	100,068974	100,040770	65,230787	65,377253	65,173966	65,604562	99,938226	100,019288	35,648969	35,635135	35,624158
522,00	35,869145	60,318786	63,388062	61,255801	63,580322	57,164258	63,784641	54,434419	63,050842	61,775321	63,969743	35,285321	34,655657	34,296513	34,888172	33,628809	34,461674	29,663727	35,210773	35,093677	35,804042	100,055873	100,040865	65,201765	65,331024	65,139067	65,573448	99,915946	99,993348	35,661632	35,675275	35,631981
523,00	35,888469	60,374510	63,388586	61,313552	63,593566	57,279193	63,771653	54,597735	63,056248	61,799586	63,957042	35,337254	34,683368	34,365872	34,916410	33,683699	34,495372	29,762307	35,242471	35,145396	35,839888	100,050688	100,060940	65,190560	65,290892	65,126914	65,549248	99,918121	99,964023	35,689422	35,701352	35,656619
524,00	35,920209	60,422087	63,362336	61,356223	63,588697	57,357472	63,777894	54,750735	63,045621	61,841887	63,941854	35,382679	34,722820	34,403366	34,957978	33,725011	34,546474	29,852235	35,288975	35,170293	35,874355	100,038671	100,057220	65,148902	65,252841	65,107584	65,523630	99,914545	99,935752	35,703471	35,731888	35,673538
525,00	35,955071	60,481393	63,353682	61,399984	63,582873	57,456583	63,773513	54,905152	63,039368	61,870849	63,924307	35,431948	34,753972	34,457257	34,987506	33,784077	34,590566	29,951629	35,333362	35,210094	35,912809	100,027919	100,046909	65,131027	65,240854	65,090281	65,507638	99,927175	99,946678	35,733765	35,752594	35,706082
526,00	35,988998	60,506868	63,345838	61,436647	63,571197	57,537645	63,783091	55,049872	63,046408	61,866593	63,907301	35,495639	34,782779	34,497166	35,027233	33,842498	34,625992	30,048975	35,374433	35,257542	35,937068	100,021124	100,037205	65,095270	65,209043	65,059942	65,474057	99,929464	99,950540	35,751817	35,775441	35,734397
527,00	36,014298	60,549515	63,363761	61,479169	63,550645	57,636547	63,774240	55,194163	63,072598	61,869824	63,886261	35,552245	34,812683	34,555310	35,066116	33,912635	34,661144	30,145147	35,415730	35,313049	35,989568	100,012898	100,040662	65,069097	65,170461	65,019166	65,436685	99,953669	99,992096	35,798228	35,800511	35,766873
528,00	36,043444	60,591555	63,359678	61,514670	63,543457	57,724935	63,778764	55,333477	63,079429	61,866224	63,863146	35,611284	34,850761	34,612584	35,101333	33,978626	34,695190	30,236158	35,450676	35,354099	36,029139	100,011659	100,038671	65,030670	65,132761	64,966947	65,386635	99,939811	99,987757	35,818970	35,822511	35,793725
529,00	36,069977	60,643381	63,350171	61,541790	63,530821	57,817096	63,780046	55,471301	63,072377	61,892688	63,843250	35,648936	34,891474	34,662011	35,131484	34,028149	34,744328	30,320266	35,491347	35,397962	36,067176	99,995941	100,053418	64,996028	65,106547	64,932954	65,353179	99,937010	99,999183	35,847783	35,855946	35,808331
530,00	36,090556	60,673791	63,320631	61,567932	63,530195	57,902724	63,763505	55,588102	63,041472	61,892819	63,814688	35,692325	34,908381	34,715825	35,145137	34,067917	34,761384	30,397901	35,514516	35,439742	36,072117	99,952036	100,035357	64,951867	65,075523	64,905035	65,309089	99,907005	99,941581	35,868648	35,868558	35,835522
531,00	36,111164	60,707855	63,318253	61,597532	63,528764	57,983226	63,757861	55,688494	63,044357	61,886793	63,802427	35,744858	34,936801	34,771267	35,186315	34,118342	34,802783	30,488420	35,556096	35,484624	36,093307	99,916649	100,038385	64,903152	65,046012	64,889354	65,291017	99,944550	99,932647	35,907841	35,893986	35,866162
532,00	36,125511	60,754228	63,327968	61,647314	63,530779	58,046949	63,753861	55,800515	63,055116	61,884415	63,800937	35,795534	34,974992	34,828359	35,223806	34,176195	34,833062	30,567414	35,590333	35,522950	36,116138	99,900299	100,042856	64,874917	65,029114	64,864725	65,268308	99,961209	99,921334	35,936818	35,914546	35,903203
533,00	36,152419	60,793191	63,330305	61,672229	63,521761	58,122176	63,751119	55,895525	63,057727	61,907959	63,787067	35,848728	35,023439	34,873843	35,275829	34,226665	34,879503	30,641952	35,636503	35,561898	36,151826	99,898648	100,030124	64,860392	64,991295	64,833915	65,241784	99,980772	99,936068	35,953358	35,945225	35,919559
534,00	36,177957	60,825169	63,336039	61,696672	63,515460	58,173811	63,746870	55,998898	63,070971	61,933309	63,775492	35,896814	35,054433	34,913722	35,300213	34,270269	34,901321	30,702391	35,668963	35,603672	36,175692	99,898195	100,045323	64,854461	64,963663	64,807433	65,219682	99,955541	99,944085	35,972869	35,964221	35,943258
535,00	36,218250	60,839671	63,322461	61,726075	63,503903	58,252203	63,748074	56,099528	63,081205	61,958718	63,739079	35,940158	35,086226	34,958753	35,335106	34,314159	34,938094	30,760589	35,716924	35,644558	36,214527	99,912190	100,050819	64,835548	64,929038	64,789510	65,192461	99,922419	99,943763	35,995138	35,989735	35,962287
536,00	36,252034	60,873127	63,298464	61,771798	63,490742	58,325452	63,755322	56,199288	63,091111	61,984181	63,693649	35,997829	35,125706	35,010147	35,374531	34,370854	34,981743	30,829909	35,763896	35,686481	36,248606	99,962097	100,049651	64,835739	64,890981	64,786589	65,155202	99,948585	99,959815	36,028484	36,027065	35,997617
537,00	36,285296	60,907698	63,268244	61,819094	63,481826	58,415866	63,755298	56,280482	63,070512	62,005872	63,663191	36,043483	35,168606	35,059860	35,428989	34,410343	35,032696	30,889869	35,808375	35,730466	36,288100	100,015402	100,036383	64,817965	64,854807	64,775789	65,127188	99,960917	99,976128	36,052522	36,062759	36,028141
538,00	36,307690	60,928303	63,270307	61,836225	63,485849	58,482599	63,744485	56,341797	63,066983	62,010616	63,656771	36,095279	35,202235	35,104150	35,470504	34,459457	35,076389	30,962151	35,851657	35,768813	36,326581	100,038373	100,026667	64,776665	64,825165	64,737785	65,111381	100,006902	100,015569	36,080465	36,090115	36,066654
539,00	36,334419	60,935819	63,268161	61,863476	63,468945	58,544403	63,728845	56,412411	63,068640	62,015605	63,664103	36,134860	35,233566	35,149273	35,507542	34,495500	35,122940	31,015593	35,890621	35,811719	36,361873	100,034809	100,027263	64,739954	64,807111	64,704812	65,110850	100,012398	100,028706	36,109418	36,119473	36,099860
540,00	36,363012	60,945207	63,261408	61,880338	63,453561	58,585948	63,722050	56,473804	63,084894	62,003672	63,657731	36,176449	35,269576	35,181981	35,539326	34,540722	35,160503	31,066811	35,928327	35,838437	36,393300	100,031435	100,034761	64,696252	64,784342	64,666724	65,089625	100,036860	100,033832	36,131015	36,153707	36,132953
541,00	36,393505	60,960478	63,235724	61,912632	63,434881	58,637494	63,724113	56,524885	63,079691	62,028009	63,636476	36,228970	35,309115	35,229930	35,581973	34,583324	35,194901	31,105626	35,977244	35,875753	36,421368	100,044036	100,019419	64,680541	64,745599	64,649892	65,056020	100,048423	100,021386	36,147729	36,189571	36,155629
542,00	36,422297	60,973978	63,238275	61,930317	63,447690	58,671093	63,727963	56,562930	63,094378	62,017500	63,624310	36,273846	35,349327	35,261196	35,623580	34,625643	35,221803	31,146553	36,014315	35,904151	36,451355	100,035191	100,045466	64,644837	64,729208	64,612830	65,024298	100,054216	100,021756	36,165276	36,213449	36,178485
543,00	36,452633	60,980439	63,239622	61,945313	63,439822	58,710492	63,707495	56,612402	63,092345	62,040800	63,603228	36,319545	35,385117	35,309464	35,662115	34,673083	35,262299	31,187880	36,059749	35,948628	36,488545	100,026298	100,032616	64,626032	64,683479	64,583915	64,988661	100,046873	100,034571	36,188313	36,243170	36,201814
544,00	36,477757	60,990101	63,234973	61,956996	63,412565	58,736807	63,682634	56,648928	63,087630	62,035525	63,582903	36,354145	35,419428	35,347447	35,684708	34,719253	35,297069	31,225541	36,093250	35,987639	36,517116	100,026572	100,031328	64,598793	64,646876	64,552426	64,962167	100,047278	100,034595	36,223480	36,258671	36,230305
545,00	36,500534	61,014724	63,233745	61,982906	63,389832	58,787227	63,677657	56,694895	63,076967	62,043476	63,557613	36,403549	35,449755	35,398224	35,708007	34,774572	35,335147	31,257468	36,131343	36,035720	36,539432	100,059962	100,009155	64,564073	64,601189	64,538604	64,931482	100,049853	100,015378	36,250657	36,283672	36,264378
546,00	36,511058	61,015058	63,220590	62,009442	63,388127	58,816409	63,685578	56,709719	63,079572	62,024736	63,535780	36,456314	35,464352	35,445774	35,735774	34,826759	35,368592	31,288573	36,158711	36,073381	36,556882	100,070584	100,014079	64,522845	64,605296	64,512831	64,904732	100,068045	99,991816	36,284602	36,301059	36,297190
547,00	36,534137	61,018300	63,212878	62,012887	63,391113	58,850604	63,690990	56,733227	63,073623	62,004346	63,520479	36,500904	35,497203	35,480458	35,774979	34,862575	35,404536	31,314981	36,194706	36,115491	36,588833	100,062215	100,017679	64,480472	64,596909	64,481467	64,867043	100,056338	99,986792	36,309415	36,334974	36,327457
548,00	36,556846	61,006212	63,212496	62,003005	63,396567	58,869326	63,684922	56,744677	63,063312	61,984223	63,519329	36,537358	35,519364	35,523319	35,808909	34,901470	35,437047	31,341577	36,225319	36,147496	36,621892	100,048327	100,022316	64,453071	64,579880	64,441711	64,849544	100,050128	99,988413	36,332455	36,361545	36,355212
549,00	36,595961	61,015856	63,210237	61,987281	63,385028	58,892995	63,667613	56,751341	63,053477	61,980772	63,502091	36,574459	35,563794	35,559857	35,843921	34,931147	35,476017	31,362939	36,266220	36,176026	36,657500	100,049078	100,027502	64,432496	64,541268	64,414001	64,812714	100,031459	99,999326	36,354369	36,396480	36,382875
550,00	36,626095	61,006129	63,203752	61,978596	63,384551	58,898008	63,655168	56,737101	63,064057	61,964464	63,487750	36,615315	35,590690	35,606939	35,873288	34,973064	35,517651	31,389135	36,295104	36,198822	36,690280	100,034642	100,028491	64,401770	64,517432	64,376277	64,795929	100,046659	99,996787	36,377776	36,423749	36,407679
551,00	36,653072	60,997748	63,192475	61,975217	63,377351	58,887529	63,642192	56,723893	63,074553	61,947346	63,465726	36,658520	35,628662	35,648331	35,906166	34,999791	35,552636	31,398168	36,330876	36,237386	36,721766	100,010169	100,067294	64,365882	64,503646	64,317542	64,775431	100,062597	99,992269	36,414015	36,444455	36,430117
552,00	36,672169	60,987657	63,179570	61,972141	63,371676	58,878112	63,631392	56,703383	63,063031	61,926228	63,442171	36,691710	35,653365	35,688683	35,935333	35,039628	35,587895	31,399596	36,360765	36,277202	36,755171	99,992883	100,064027	64,315724	64,474332	64,262331	64,754450	100,080478	99,974120	36,443877	36,465058	36,448482
553,00	36,694545	61,003202	63,173068	61,999774	63,368613	58,891994	63,629305	56,708729	63,051969	61,933631	63,433152	36,739144	35,688302	35,726792	35,966396	35,071561	35,619786	31,406447	36,398914	36,318332	36,777690	100,019610	100,085449	64,284551	64,440101	64,235026	64,733118	100,075436	99,978113	36,468288	36,486751	36,485261
554,00	36,722472	61,012316	63,161540	61,994147	63,358396	58,910722	63,623762	56,700075	63,026094	61,924452	63,411939	36,774409	35,714447	35,757038	35,998797	35,116971	35,654053	31,417623	36,430511	36,352459	36,802030	100,065649	100,065529	64,268899	64,406008	64,219934	64,697212	100,055993	99,978584	36,490336	36,514187	36,511594
555,00	36,744332	61,023289	63,164687	61,999804	63,345897	58,924836	63,629305	56,700152	63,026470	61,929965	63,404447	36,816448	35,752010	35,787109	36,032414	35,152447	35,677731	31,427231	36,465192	36,387578	36,822206	100,097406	100,082064	64,254844	64,390236	64,207709	64,677185	100,035548	99,991602	36,516339	36,526248	36,538726
556,00	36,773053	60,993898	63,149673	61,992270	63,314831	58,915257	63,609862	56,672621	63,016123	61,910748	63,372970	36,857361	35,774586	35,831127	36,073735	35,190809	35,702860	31,422079	36,495808	36,429223	36,856377	100,085139	100,039828	64,233398	64,363188	64,169067	64,645654	100,037563	99,984533	36,552617	36,554188	36,560431
557,00	36,782223	60,979879	63,144559	62,000096	63,293654	58,886248	63,593060	56,622958	63,023043	61,912370	63,350159	36,891392	35,810620	35,871249	36,109588	35,223037	35,738128	31,420922	36,530620	36,464891	36,887360	100,047755	100,028765	64,191866	64,324236	64,141744	64,620364	100,034022	99,976355	36,583766	36,578366	36,583665
558,00	36,799064	60,955232	63,128734	61,997592	63,273013	58,851624	63,574934	56,561971	63,021255	61,887890	63,328779	36,928478	35,833248	35,903519	36,134368	35,254598	35,768205	31,410089	36,563778	36,503863	36,916932	100,012445	100,015187	64,152056	64,288354	64,110625	64,588839	100,037909	99,951601	36,604106	36,604694	36,610118
559,00	36,812255	60,946006	63,134933	61,989290	63,263941	58,836740	63,573766	56,507778	63,031018	61,875582	63,311452	36,972260	35,865924	35,950115	36,163402	35,292953	35,805318	31,407347	36,587539	36,536881	36,934525	99,998635	100,055897	64,124429	64,266688	64,093161	64,578050	100,038385	99,945521	36,633044	36,629122	36,629927
560,00	36,849090	60,902619	63,131398	61,961442	63,242400	58,805180	63,577294	56,448317	63,021272	61,842829	63,283569	37,007710	35,896194	35,977420	36,193055	35,319427	35,827950	31,391731	36,624148	36,567837	36,963794	99,974692	100,063014	64,079887	64,250189	64,056021	64,565122	100,027978	99,948519	36,646375	36,657345	36,650807
561,00	36,880293	60,876483	63,127923	61,956286	63,236403	58,784533	63,583297	56,384259	63,019919	61,829829	63,267058	37,038302	35,931695	36,019763	36,225188	35,355645	35,863110	31,383169	36,661637	36,596879	36,988643	99,982148	100,077415	64,050514	64,220697	64,016449	64,554495	100,038838	99,950784	36,683461	36,691540	36,673862
562,00	36,901248	60,850567	63,108182	61,938173	63,225478	58,737475	63,575232	56,303620	63,017088	61,798054	63,249868	37,061059	35,958073	36,036161	36,243510	35,391027	35,890049	31,365874	36,705291	36,628971	37,027085	99,951261	100,082731	64,003533	64,195168	63,964534	64,534211	100,034189	99,941313	36,704454	36,713099	36,701405
563,00	36,915439	60,836899	63,095129	61,933291	63,233870	58,711660	63,559276	56,219602	63,028312	61,794519	63,249922	37,102875	35,990894	36,070025	36,270303	35,430402	35,926631	31,341860	36,734331	36,662593	37,054303	99,946493	100,091815	63,971400	64,158988	63,924986	64,515901	100,051939	99,929750	36,734694	36,735997	36,733121
564,00	36,945245	60,808164	63,087779	61,915761	63,227886	58,677423	63,537955	56,146806	63,014269	61,781847	63,236767	37,138644	36,024433	36,104846	36,308271	35,457051	35,960591	31,315637	36,766830	36,690974	37,086049	99,926943	100,096643	63,929635	64,135605	63,888365	64,489961	100,036108	99,935508	36,751357	36,758786	36,759037
565,00	36,980659	60,780030	63,087690	61,897582	63,225788	58,625376	63,522464	56,059986	62,998152	61,777067	63,229227	37,174502	36,062977	36,138961	36,340699	35,479406	36,000454	31,279725	36,797306	36,718547	37,110433	99,930143	100,089848	63,882983	64,103872	63,851351	64,454782	100,011313	99,931800	36,767447	36,791489	36,776733
566,00	37,014985	60,746115	63,063419	61,890185	63,198477	58,588719	63,505644	55,982971	62,980837	61,757749	63,203025	37,201664	36,088634	36,182374	36,365360	35,501811	36,030075	31,256729	36,834100	36,739093	37,144822	99,940795	100,085413	63,859248	64,075339	63,826191	64,406061	100,003767	99,925971	36,804399	36,817321	36,801448
567,00	37,045544	60,706317	63,036001	61,862016	63,188821	58,550900	63,489652	55,882323	62,977415	61,732775	63,188535	37,241066	36,108539	36,213166	36,391488	35,531375	36,057225	31,231627	36,868823	36,775723	37,169114	99,941468	100,085056	63,838077	64,044166	63,790762	64,369440	99,994016	99,931985	36,847904	36,846787	36,835721
568,00	37,077627	60,688394	62,998903	61,850649	63,166273	58,520216	63,471663	55,773193	62,958562	61,726826	63,159025	37,265119	36,139283	36,242568	36,424363	35,555416	36,084458	31,205225	36,911410	36,796707	37,196577	99,937677	100,071168	63,821214	63,997912	63,769758	64,330190	99,999237	99,954718	36,886424	36,874488	36,872318
569,00	37,101382	60,652637	62,971926	61,816120	63,150924	58,468187	63,453519	55,659747	62,937301	61,702299	63,131237	37,298745	36,172661	36,270648	36,448932	35,580158	36,118308	31,166244	36,948311	36,828277	37,216952	99,926400	100,066626	63,786292	63,966256	63,749582	64,303350	99,992919	99,968511	36,906779	36,902821	36,897400
570,00	37,122819	60,629851	62,944579	61,796606	63,120961	58,427888	63,431561	55,553830	62,915206	61,690187	63,093835	37,331691	36,217093	36,296502	36,472768	35,585728	36,150521	31,122592	36,991593	36,840802	37,250555	99,918425	100,068665	63,752049	63,933635	63,733107	64,272517	99,976659	99,963278	36,916989	36,929911	36,906177
571,00	37,151921	60,583693	62,930971	61,759442	63,105571	58,382165	63,401747	55,438226	62,896502	61,658245	63,062418	37,364727	36,251938	36,319095	36,494893	35,597551	36,178645	31,078517	37,020686	36,864284	37,272152	99,918723	100,065303	63,726580	63,898623	63,715971	64,238858	99,956912	99,947113	36,934501	36,951745	36,922160
572,00	37,184742	60,548472	62,928641	61,739367	63,104534	58,341032	63,381517	55,317581	62,887210	61,640364	63,047636	37,395164	36,286250	36,334103	36,533603	35,611776	36,203906	31,043923	37,057999	36,887294	37,296677	99,918020	100,082088	63,696730	63,880056	63,693219	64,208597	99,946737	99,961090	36,965436	36,980015	36,945996
573,00	37,208501	60,514188	62,915540	61,721712	63,086885	58,301532	63,345313	55,201685	62,861693	61,625242	63,028502	37,425870	36,325261	36,364850	36,565021	35,641435	36,231109	31,011558	37,094802	36,912015	37,325305	99,921536	100,044131	63,677090	63,841677	63,667673	64,170694	99,947351	99,974304	36,999717	37,004557	36,981502
574,00	37,231708	60,465264	62,897295	61,706114	63,065058	58,262426	63,329273	55,088305	62,847227	61,610842	63,014162	37,459305	36,357194	36,388043	36,605132	35,659558	36,266777	30,975503	37,136149	36,932880	37,362674	99,933386	100,050282	63,643694	63,818085	63,644165	64,134437	99,958682	99,998319	37,037554	37,039524	37,008911
575,00	37,261686	60,422564	62,868547	61,688685	63,032049	58,214831	63,307703	54,966724	62,826878	61,590457	62,997770	37,491512	36,398584	36,420572	36,635330	35,683644	36,301738	30,931285	37,177113	36,954412	37,397632	99,928015	100,041437	63,611597	63,772219	63,604784	64,105803	99,965948	100,017536	37,060258	37,066278	37,029758
576,00	37,294894	60,370177	62,848175	61,668283	63,016242	58,150911	63,298148	54,836643	62,813520	61,559874	62,972295	37,521389	36,422977	36,445358	36,667842	35,708117	36,342785	30,893305	37,203038	36,985293	37,421262	99,928474	100,055647	63,570374	63,747591	63,579071	64,086318	99,990350	100,030160	37,095806	37,099034	37,055987
577,00	37,322360	60,323620	62,832171	61,643738	62,995070	58,091950	63,267452	54,708159	62,801069	61,535609	62,948316	37,546182	36,455587	36,466277	36,693993	35,731754	36,369202	30,848917	37,245464	37,009847	37,441835	99,928308	100,051272	63,546753	63,714838	63,547152	64,064646	99,973941	100,026917	37,110168	37,126091	37,077218
578,00	37,338474	60,284346	62,824500	61,628646	62,982118	58,033556	63,247794	54,594404	62,784410	61,530948	62,926096	37,571535	36,477524	36,488923	36,714512	35,753453	36,388820	30,806932	37,261164	37,034458	37,461838	99,958313	100,044334	63,529879	63,690990	63,536108	64,036262	99,969238	99,995643	37,133789	37,144256	37,104815
579,00	37,365189	60,260791	62,814558	61,607939	62,970877	57,986724	63,229764	54,481357	62,776875	61,526793	62,911969	37,590900	36,503994	36,502439	36,739454	35,768962	36,408082	30,758935	37,295651	37,060368	37,492543	99,985635	100,045156	63,528782	63,667262	63,524693	64,007324	99,946076	99,998564	37,147641	37,161523	37,125385
580,00	37,391454	60,234964	62,792850	61,593920	62,944013	57,943439	63,216722	54,383081	62,747163	61,524785	62,889600	37,622058	36,532146	36,524433	36,770383	35,788959	36,442521	30,726770	37,319636	37,091595	37,516177	100,012183	100,029624	63,520426	63,637155	63,512278	63,972002	99,950767	100,010645	37,179387	37,183425	37,146652
581,00	37,413287	60,199499	62,753600	61,570352	62,908596	57,918173	63,187420	54,272819	62,723714	61,507308	62,868941	37,647629	36,566630	36,539477	36,809906	35,804898	36,485484	30,687815	37,367648	37,117195	37,551284	100,036037	100,008023	63,498241	63,606626	63,496983	63,934100	99,937803	100,025797	37,203303	37,215033	37,167153
582,00	37,437579	60,141069	62,735742	61,539012	62,874818	57,875651	63,163251	54,163587	62,707716	61,486661	62,860972	37,675488	36,606777	36,561003	36,843556	35,830611	36,523262	30,653280	37,405166	37,134969	37,577519	100,031865	99,999237	63,459718	63,580722	63,463885	63,903260	99,939066	100,039756	37,226695	37,251091	37,187731
583,00	37,453294	60,098755	62,727123	61,499357	62,875843	57,834828	63,156140	54,050517	62,708753	61,463237	62,850434	37,701467	36,636719	36,592212	36,865175	35,855320	36,545056	30,612603	37,433475	37,160137	37,608901	100,031161	100,013363	63,421118	63,568288	63,445210	63,891643	99,944061	100,028706	37,247622	37,274915	37,216008
584,00	37,480479	60,061586	62,725979	61,467272	62,866300	57,773703	63,148636	53,945720	62,704223	61,435300	62,828982	37,725964	36,664990	36,610779	36,887813	35,873973	36,572847	30,573699	37,461105	37,178338	37,637210	100,009620	100,023198	63,386106	63,541687	63,409078	63,866365	99,939692	100,018311	37,277919	37,300488	37,241423
585,00	37,507117	60,024935	62,715769	61,443889	62,867486	57,721370	63,142711	53,841752	62,702137	61,417383	62,812835	37,752208	36,686230	36,637697	36,919633	35,886896	36,599812	30,535311	37,481922	37,202320	37,666881	100,010765	100,031400	63,354951	63,518929	63,379472	63,832355	99,939543	100,018215	37,292811	37,316319	37,266049
586,00	37,536854	59,981000	62,688941	61,425829	62,846053	57,684630	63,113469	53,750533	62,681288	61,386293	62,791705	37,774196	36,712077	36,650375	36,952901	35,901806	36,628497	30,505162	37,509048	37,224370	37,692249	100,024712	100,031054	63,343370	63,482785	63,354373	63,800311	99,952155	100,026584	37,320119	37,338123	37,293229
587,00	37,571979	59,946024	62,688470	61,398786	62,826824	57,639039	63,089818	53,651631	62,661344	61,362916	62,774348	37,801835	36,739087	36,676723	36,983448	35,920325	36,655709	30,471817	37,542394	37,243712	37,713292	100,047088	100,024223	63,326359	63,448322	63,336068	63,782054	99,956614	100,049984	37,343067	37,358439	37,312236
588,00	37,588525	59,913850	62,658334	61,370134	62,802923	57,583374	63,058615	53,547895	62,633669	61,331713	62,742352	37,830147	36,757985	36,695698	37,002391	35,944623	36,678836	30,437598	37,579915	37,271297	37,734294	100,046575	100,015926	63,310987	63,401532	63,301200	63,757205	99,965698	100,030005	37,380406	37,377253	37,332156
589,00	37,601957	59,891552	62,647629	61,350942	62,784642	57,516855	63,043886	53,442824	62,621796	61,307788	62,722075	37,859464	36,781242	36,712113	37,017354	35,959607	36,702153	30,395949	37,611309	37,297022	37,755644	100,038946	100,005865	63,290972	63,376141	63,266844	63,719112	99,955404	100,015974	37,399328	37,391961	37,355807
590,00	37,615955	59,844470	62,615126	61,309928	62,763560	57,465231	63,031423	53,358155	62,594789	61,279583	62,699431	37,892503	36,794659	36,726344	37,035400	35,974041	36,720482	30,365935	37,625828	37,337369	37,773129	100,024402	99,999046	63,264269	63,352251	63,229281	63,679701	99,969912	100,000513	37,415355	37,411463	37,386280
591,00	37,629384	59,806967	62,599015	61,293435	62,743944	57,442319	63,023835	53,290659	62,577337	61,241359	62,681657	37,926656	36,817813	36,747158	37,043011	35,983279	36,740115	30,335701	37,635845	37,359539	37,774485	100,051606	100,000417	63,249284	63,340276	63,211560	63,654023	99,974549	99,981111	37,439501	37,422517	37,414205
592,00	37,648636	59,756792	62,575042	61,254221	62,710339	57,404119	63,002455	53,217345	62,552279	61,214185	62,662280	37,951961	36,836642	36,784950	37,063077	36,008170	36,758432	30,299172	37,657332	37,379369	37,792560	100,065660	99,998403	63,212252	63,321531	63,171631	63,626212	100,000811	99,975467	37,465271	37,438232	37,434888
593,00	37,659234	59,739321	62,554759	61,241883	62,696207	57,369798	62,985778	53,144032	62,549406	61,193466	62,635797	37,969327	36,858720	36,813831	37,080559	36,030644	36,781695	30,271024	37,679318	37,395069	37,809154	100,090611	99,997109	63,204461	63,304305	63,148314	63,601720	100,004482	99,976015	37,492618	37,456477	37,460327
594,00	37,682468	59,705371	62,537885	61,200976	62,664777	57,308531	62,969911	53,056997	62,527376	61,172557	62,605852	37,988108	36,887395	36,840439	37,114909	36,048129	36,804035	30,244470	37,716815	37,419450	37,844113	100,075257	99,991548	63,173872	63,270044	63,114715	63,573664	100,009644	99,989492	37,510699	37,484324	37,487260
595,00	37,707001	59,659779	62,515157	61,180753	62,639958	57,257640	62,951398	52,983183	62,510115	61,133134	62,547868	38,009593	36,921442	36,847568	37,152165	36,059171	36,839435	30,224141	37,749684	37,445271	37,869960	100,063038	99,980527	63,154829	63,225240	63,088542	63,535231	99,985158	100,007629	37,526837	37,517902	37,502980
596,00	37,736455	59,601504	62,487096	61,141509	62,608844	57,203269	62,932462	52,892661	62,496227	61,096704	62,530637	38,037923	36,949021	36,872664	37,182903	36,079389	36,869496	30,205756	37,777188	37,481579	37,896377	100,029254	99,984777	63,119435	63,192350	63,039142	63,500857	99,986857	100,017297	37,554592	37,540004	37,523705
597,00	37,754276	59,567624	62,465912	61,108989	62,583739	57,154989	62,908071	52,820903	62,479508	61,069059	62,506396	38,058960	36,972129	36,893368	37,207440	36,105576	36,899638	30,185950	37,801391	37,511903	37,924358	100,024354	99,984705	63,085490	63,165098	63,001096	63,465106	99,984163	100,004756	37,573281	37,558976	37,545437
598,00	37,781718	59,536922	62,445790	61,071390	62,572730	57,115930	62,887120	52,754670	62,468600	61,052096	62,510186	38,093013	36,989635	36,921108	37,233338	36,125335	36,919048	30,167577	37,817645	37,538540	37,949795	100,015116	99,981016	63,044494	63,142550	62,975389	63,441640	100,007069	99,980253	37,602755	37,573779	37,578174
599,00	37,807506	59,506136	62,420273	61,030108	62,557155	57,064760	62,862319	52,702409	62,445474	61,023724	62,479359	38,124588	37,012020	36,949566	37,267649	36,147630	36,949977	30,146796	37,849960	37,561876	37,985623	100,031590	99,978584	63,003278	63,115537	62,950104	63,417143	100,012338	99,979573	37,622938	37,598214	37,607419
600,00	37,834179	59,438699	62,374163	60,989195	62,525439	57,009614	62,836152	52,630019	62,409395	60,982239	62,452090	38,145015	37,035596	36,974186	37,299755	36,160815	36,975190	30,123442	37,866017	37,579745	38,007319	100,006008	99,943137	62,965035	63,079238	62,925154	63,382262	100,019956	99,975854	37,649587	37,624514	37,626281
601,00	37,849849	59,393752	62,338102	60,959482	62,499315	56,959063	62,818575	52,549654	62,377536	60,949689	62,411052	38,170874	37,060383	37,009084	37,327641	36,189076	37,006229	30,105484	37,891698	37,604034	38,036916	100,004530	99,933326	62,935299	63,048172	62,890726	63,365793	100,015545	99,973136	37,679622	37,647319	37,643814
602,00	37,860036	59,353644	62,307209	60,939991	62,453526	56,909651	62,788635	52,459425	62,336117	60,928476	62,374026	38,192639	37,085637	37,027723	37,346119	36,204922	37,030211	30,076498	37,915573	37,622762	38,054362	99,984497	99,916834	62,918824	63,005322	62,864912	63,321406	100,008023	99,966729	37,703121	37,667000	37,661037
603,00	37,888414	59,326804	62,302351	60,916656	62,451285	56,855911	62,779611	52,378815	62,336367	60,917544	62,352997	38,230786	37,113997	37,058777	37,372687	36,226517	37,062824	30,065215	37,956855	37,657315	38,080272	99,984962	99,948889	62,894243	62,985402	62,834245	63,296556	100,018609	99,979281	37,733081	37,698010	37,701276
604,00	37,907180	59,283310	62,302154	60,890454	62,427950	56,803477	62,766451	52,290541	62,318307	60,896474	62,359041	38,252667	37,138316	37,074474	37,390396	36,243924	37,090966	30,049661	37,984371	37,684616	38,100818	99,973512	99,946558	62,869811	62,975103	62,809712	63,270712	100,022197	99,989843	37,751064	37,725326	37,737033
605,00	37,934339	59,255677	62,282389	60,870880	62,409091	56,754404	62,752193	52,221799	62,292582	60,866106	62,332606	38,269654	37,168801	37,099239	37,408206	36,256489	37,118667	30,033171	38,018599	37,701848	38,125026	99,974924	99,950892	62,830985	62,954444	62,796527	63,256711	100,025189	99,983102	37,775794	37,757754	37,758151
606,00	37,957433	59,228820	62,280256	60,831815	62,377763	56,695956	62,726593	52,141833	62,261367	60,822117	62,310988	38,280186	37,194470	37,104252	37,429032	36,267939	37,142545	30,007726	38,035938	37,716794	38,152227	99,947512	99,942994	62,793702	62,938005	62,775236	63,249284	100,006199	99,993920	37,790576	37,776324	37,764362
607,00	37,979600	59,202731	62,248474	60,783052	62,349641	56,632447	62,702322	52,052951	62,227130	60,787833	62,258637	38,295025	37,222713	37,119338	37,454525	36,281908	37,162068	29,990220	38,070333	37,735730	38,170692	99,927622	99,940854	62,758517	62,898850	62,742186	63,214326	99,993443	99,991935	37,810811	37,791133	37,780109
608,00	38,001239	59,144485	62,232834	60,739642	62,344939	56,580621	62,678313	51,962298	62,226140	60,774511	62,239563	38,325083	37,239292	37,136632	37,488139	36,312366	37,182587	29,987192	38,091686	37,760457	38,192734	99,934042	99,929041	62,742651	62,876517	62,717760	63,195401	100,006735	99,985880	37,835634	37,810552	37,810612
609,00	38,021484	59,086436	62,205333	60,717958	62,330157	56,537020	62,662572	51,869780	62,204844	60,753328	62,210804	38,346824	37,261590	37,163457	37,516499	36,335635	37,210408	29,978812	38,120839	37,782183	38,230258	99,937493	99,922830	62,725759	62,843156	62,689835	63,173705	100,014198	99,971557	37,857258	37,838069	37,836161
610,00	38,061813	59,042937	62,192321	60,705578	62,318099	56,496245	62,640238	51,798767	62,202513	60,733509	62,202346	38,371083	37,282348	37,193543	37,547782	36,361039	37,246487	29,970193	38,143277	37,805834	38,264456	99,948484	99,924713	62,709475	62,821025	62,681949	63,161910	100,018394	99,988741	37,886944	37,869781	37,855300
611,00	38,088909	59,000438	62,176043	60,680652	62,290633	56,445253	62,633348	51,710528	62,187916	60,690415	62,182492	38,383031	37,316117	37,219527	37,574804	36,377019	37,276950	29,959136	38,173163	37,831819	38,292873	99,931967	99,940735	62,694246	62,806612	62,658650	63,146740	100,004029	100,001657	37,911057	37,894058	37,871253
612,00	38,119069	58,967835	62,149477	60,657221	62,262082	56,406957	62,622774	51,637447	62,179393	60,660481	62,158626	38,410974	37,348694	37,250888	37,595004	36,409131	37,301746	29,957429	38,199633	37,862399	38,306087	99,966621	99,939483	62,686038	62,779087	62,656498	63,120222	100,026774	100,007260	37,945116	37,921369	37,903285
613,00	38,138381	58,922297	62,141925	60,603422	62,238216	56,354910	62,605196	51,550031	62,166154	60,617983	62,135178	38,436309	37,376776	37,279850	37,610078	36,425686	37,326571	29,956520	38,238251	37,884578	38,334188	99,966455	99,955541	62,655234	62,759894	62,626421	63,097769	100,047731	100,015020	37,967312	37,954953	37,931523
614,00	38,169876	58,892977	62,142831	60,578394	62,243986	56,315553	62,580949	51,475596	62,158984	60,587996	62,128186	38,464931	37,400821	37,302753	37,632218	36,447439	37,359279	29,960382	38,265488	37,908554	38,375089	99,979854	99,962407	62,624913	62,737119	62,616408	63,083720	100,052702	100,054300	37,985766	37,979084	37,961194
615,00	38,201305	58,864480	62,115711	60,549378	62,229735	56,286454	62,540895	51,410812	62,118852	60,576296	62,104297	38,484728	37,425476	37,320432	37,673110	36,462957	37,389186	29,959920	38,304088	37,915710	38,405624	99,981356	99,950141	62,604982	62,709624	62,604481	63,044316	100,011241	100,086153	38,002953	38,009533	37,980977
616,00	38,229406	58,841401	62,083095	60,555482	62,211776	56,258470	62,517852	51,349169	62,094283	60,552794	62,080306	38,497648	37,448832	37,343892	37,707305	36,479735	37,417606	29,969344	38,323870	37,928897	38,432071	99,999410	99,951178	62,583876	62,683535	62,596345	63,018405	99,980563	100,087595	38,025913	38,027775	38,007963
617,00	38,250774	58,829516	62,047881	60,550928	62,161344	56,238198	62,495792	51,315242	62,046552	60,538828	62,040025	38,517624	37,464526	37,366727	37,742352	36,505041	37,439576	29,984650	38,353023	37,943038	38,442189	100,029707	99,952352	62,562472	62,636954	62,575608	62,976182	100,002551	100,053525	38,052037	38,052967	38,032952
618,00	38,265815	58,808202	62,025732	60,532457	62,123466	56,204939	62,474275	51,255453	62,040585	60,502946	62,013537	38,542819	37,485999	37,391540	37,760630	36,529920	37,474486	30,009255	38,376817	37,974834	38,461635	100,030446	99,948937	62,529022	62,610012	62,552524	62,946421	100,028133	100,051415	38,071916	38,080445	38,057464
619,00	38,290831	58,778393	62,008166	60,482740	62,100679	56,175977	62,444872	51,214129	62,012011	60,463095	61,993390	38,574418	37,517425	37,412205	37,787905	36,564958	37,495440	30,037597	38,398975	38,015363	38,492462	100,041926	99,923623	62,511003	62,573731	62,508839	62,919325	100,056553	100,053990	38,100967	38,113835	38,084194
620,00	38,322636	58,727640	61,983508	60,427570	62,077510	56,139266	62,425947	51,156008	61,996174	60,410643	61,973250	38,603213	37,551063	37,437695	37,805104	36,597767	37,523472	30,063087	38,425729	38,042668	38,518101	100,013697	99,910164	62,470806	62,566572	62,472135	62,909442	100,038779	100,066614	38,119617	38,141906	38,108024
621,00	38,349116	58,693010	61,970365	60,391283	62,071466	56,120086	62,418187	51,141000	61,973947	60,365373	61,958802	38,631108	37,572053	37,458593	37,822711	36,637589	37,547168	30,091417	38,451177	38,058701	38,541403	100,019228	99,938697	62,439412	62,549180	62,440562	62,908977	100,039876	100,051129	38,149509	38,158891	38,125828
622,00	38,374299	58,680165	61,949205	60,383487	62,039351	56,110770	62,404948	51,130259	61,960876	60,338271	61,936748	38,651627	37,590000	37,481114	37,836406	36,667037	37,582815	30,126029	38,484189	38,067189	38,558841	100,036597	99,959618	62,410665	62,528139	62,432128	62,895823	100,037289	100,046480	38,172835	38,182187	38,140246
623,00	38,385260	58,683789	61,932343	60,368389	62,028533	56,106234	62,374711	51,126802	61,941665	60,310030	61,906415	38,675746	37,600985	37,506992	37,856361	36,694321	37,591565	30,168408	38,496020	38,097653	38,577393	100,038350	99,972433	62,390667	62,497526	62,400317	62,866950	100,037265	100,019860	38,204592	38,199028	38,158852
624,00	38,405445	58,685696	61,912012	60,358256	62,022603	56,098330	62,353104	51,128244	61,917341	60,292560	61,889941	38,706523	37,627056	37,529191	37,887210	36,719128	37,604341	30,231404	38,513336	38,134494	38,602170	100,058377	99,977702	62,366772	62,475878	62,367874	62,850457	100,035095	100,030863	38,243052	38,219833	38,179943
625,00	38,419098	58,686644	61,865449	60,338438	61,998540	56,095386	62,307161	51,134735	61,886913	60,272324	61,849082	38,736653	37,647435	37,550297	37,924516	36,759549	37,626371	30,282214	38,537079	38,165158	38,619441	100,052619	99,946696	62,343597	62,451619	62,336946	62,811482	100,008893	100,038958	38,263685	38,237971	38,205981
626,00	38,436559	58,681291	61,837149	60,324568	61,967194	56,099993	62,297374	51,162028	61,869353	60,251844	61,833400	38,762790	37,678927	37,577480	37,948680	36,795339	37,664810	30,335143	38,570064	38,187832	38,650745	100,085056	99,918205	62,321740	62,421525	62,325084	62,768930	100,006866	100,046992	38,276541	38,256019	38,229087
627,00	38,456807	58,672160	61,818969	60,297853	61,929572	56,098896	62,275499	51,188874	61,864746	60,219967	61,804384	38,790864	37,687033	37,620163	37,964422	36,832792	37,689206	30,389556	38,591540	38,210118	38,675034	100,072408	99,917662	62,290603	62,390429	62,276739	62,734747	100,009429	100,030208	38,285756	38,277072	38,258755
628,00	38,482389	58,651048	61,815226	60,263681	61,924940	56,103015	62,289977	51,221943	61,850619	60,187316	61,796641	38,824108	37,704831	37,656665	37,977910	36,872891	37,703273	30,460870	38,603175	38,247830	38,702881	100,060475	99,956900	62,255383	62,374425	62,233448	62,724173	100,054848	100,033915	38,315979	38,290864	38,295299
629,00	38,513595	58,641249	61,802167	60,246789	61,921477	56,106234	62,275481	51,260763	61,830890	60,157669	61,768377	38,853180	37,720916	37,682250	38,001880	36,905167	37,713856	30,541486	38,617650	38,269818	38,723186	100,034094	99,955469	62,215787	62,356168	62,182361	62,719893	100,048542	100,010133	38,349774	38,317731	38,326991
630,00	38,538086	58,657855	61,776686	60,256886	61,904955	56,137484	62,247843	51,324862	61,793292	60,143381	61,748374	38,869724	37,746716	37,713048	38,019276	36,935821	37,735894	30,611628	38,647634	38,293338	38,749146	100,056195	99,918264	62,194377	62,328672	62,180406	62,697220	100,043762	100,016057	38,367307	38,342571	38,350937
631,00	38,562244	58,689153	61,745989	60,270441	61,864668	56,163412	62,207907	51,405150	61,767626	60,133505	61,712545	38,899285	37,777051	37,750697	38,044479	36,969462	37,759128	30,698556	38,679951	38,307774	38,773915	100,084674	99,905115	62,180978	62,281871	62,175351	62,671298	100,022078	99,988097	38,378114	38,364467	38,367704
632,00	38,583484	58,706707	61,718458	60,276586	61,828917	56,206256	62,181443	51,488692	61,750323	60,111606	61,692637	38,928509	37,803304	37,788501	38,075653	37,005889	37,797627	30,787185	38,708985	38,333374	38,796571	100,085962	99,905580	62,176329	62,242979	62,152714	62,642229	100,017834	100,026572	38,395894	38,393983	38,384831
633,00	38,603771	58,706617	61,690700	60,259187	61,777788	56,240445	62,148327	51,571226	61,727756	60,094965	61,656320	38,968873	37,828046	37,825027	38,106140	37,056720	37,828720	30,886322	38,728017	38,358197	38,818279	100,070596	99,915320	62,156922	62,213933	62,121552	62,608063	100,005805	100,014889	38,426971	38,414502	38,412488
634,00	38,619465	58,693033	61,677861	60,252565	61,754602	56,267971	62,128586	51,660544	61,709464	60,065901	61,632001	38,990596	37,843007	37,857518	38,133171	37,091091	37,859303	30,969748	38,746396	38,376847	38,836721	100,015986	99,906456	62,117720	62,204188	62,082064	62,582278	99,971443	100,018740	38,448474	38,437572	38,421762
635,00	38,642398	58,717096	61,651796	60,259360	61,716747	56,307507	62,094229	51,780301	61,674905	60,055959	61,611652	39,027211	37,864441	37,898782	38,140613	37,139535	37,887630	31,066325	38,775134	38,416430	38,856643	100,010157	99,902308	62,091511	62,188995	62,061757	62,561280	99,980062	100,006878	38,486961	38,455021	38,450554
636,00	38,662595	58,734250	61,617720	60,289592	61,695689	56,350172	62,075222	51,898450	61,646074	60,035938	61,580455	39,046901	37,883258	37,933323	38,159558	37,178889	37,912339	31,168762	38,801640	38,449132	38,873291	99,997020	99,895018	62,067628	62,157828	62,035418	62,531674	99,989295	99,990851	38,506848	38,463214	38,466197
637,00	38,692546	58,772969	61,595386	60,312450	61,677295	56,420201	62,064767	52,036673	61,635101	60,048014	61,564469	39,084369	37,907559	37,963116	38,176852	37,222931	37,937379	31,282723	38,835660	38,485882	38,895595	100,027835	99,889272	62,056834	62,121218	62,017077	62,504327	100,015032	99,996519	38,536289	38,492173	38,492906
638,00	38,708308	58,771157	61,555612	60,313052	61,673665	56,460989	62,038839	52,150971	61,612356	60,045499	61,546010	39,116862	37,937474	38,010082	38,208926	37,268230	37,951842	31,389844	38,857403	38,509023	38,923207	100,006247	99,897313	62,009406	62,090242	61,976010	62,471777	100,006866	99,969518	38,541290	38,516521	38,515159
639,00	38,743168	58,796698	61,540133	60,303253	61,663389	56,520981	62,026197	52,283549	61,595398	60,052806	61,530256	39,163518	37,971738	38,046315	38,251629	37,311250	37,984633	31,498420	38,892803	38,534951	38,966125	99,992895	99,913305	61,974210	62,064773	61,949217	62,445635	100,001192	100,022388	38,562411	38,562897	38,547957
640,00	38,759995	58,811629	61,515051	60,296643	61,649859	56,573987	61,997557	52,411622	61,565685	60,040283	61,508572	39,212483	38,007772	38,099423	38,283131	37,356311	38,024843	31,609857	38,924122	38,571823	38,998672	99,967504	99,942899	61,943847	62,048095	61,921203	62,423694	100,026715	100,041354	38,590443	38,587803	38,582942
641,00	38,790050	58,841109	61,518091	60,306901	61,634547	56,619370	61,984122	52,542138	61,558056	60,045391	61,482149	39,246082	38,038644	38,134763	38,321713	37,391865	38,060719	31,717318	38,958922	38,596234	39,035520	99,967766	99,971962	61,926180	62,038916	61,897707	62,415010	100,030327	100,101054	38,618922	38,617492	38,605663
642,00	38,802364	58,854890	61,494398	60,322493	61,628526	56,654054	61,948150	52,660525	61,545700	60,019684	61,466140	39,270467	38,069820	38,181546	38,337052	37,421536	38,082781	31,811357	38,995045	38,627392	39,058614	99,970359	99,966162	61,909789	62,024140	61,870956	62,402910	100,017512	100,092494	38,640699	38,640049	38,617307
643,00	38,832179	58,871478	61,458963	60,344410	61,603904	56,690139	61,921614	52,768892	61,515641	60,003448	61,434060	39,287263	38,093698	38,224506	38,366163	37,451667	38,105613	31,899115	39,015332	38,647416	39,091387	99,963754	99,954218	61,900997	61,993724	61,842740	62,378919	99,980199	100,094116	38,648513	38,662612	38,624087
644,00	38,843858	58,892125	61,444211	60,339773	61,588383	56,738567	61,899710	52,874929	61,502057	59,997815	61,433423	39,319381	38,111827	38,252831	38,373470	37,491521	38,127315	31,997603	39,043412	38,672444	39,105365	99,958527	99,961221	61,889511	61,963284	61,842364	62,346995	99,980599	100,081968	38,668826	38,680375	38,640851
645,00	38,856578	58,900690	61,427307	60,345471	61,574930	56,774527	61,877763	52,968842	61,489236	59,994358	61,401188	39,364094	38,125119	38,286343	38,397217	37,537074	38,150457	32,096970	39,061439	38,695952	39,121494	99,945527	99,974704	61,860186	61,950815	61,805409	62,329638	99,993813	100,085449	38,700911	38,696599	38,666463
646,00	38,871348	58,915305	61,420393	60,349315	61,565095	56,803191	61,843210	53,048646	61,466432	59,989697	61,391616	39,411166	38,143662	38,324010	38,414046	37,577620	38,175175	32,191920	39,088428	38,718319	39,129624	99,948525	99,953574	61,827683	61,931074	61,784089	62,298876	99,994224	100,090730	38,741755	38,725582	38,700148
647,00	38,888589	58,922124	61,383921	60,362798	61,535573	56,842989	61,816365	53,112996	61,439115	59,956014	61,350507	39,453402	38,155660	38,368005	38,435271	37,617040	38,190389	32,282665	39,097846	38,746670	39,150879	99,963659	99,939764	61,813200	61,914629	61,757720	62,277758	100,006294	100,058806	38,779014	38,743263	38,736531
648,00	38,910717	58,937621	61,353117	60,355353	61,507612	56,866241	61,795431	53,165495	61,404818	59,928358	61,330271	39,479125	38,183665	38,402349	38,461429	37,643564	38,224182	32,368180	39,118114	38,772783	39,178622	99,975985	99,926323	61,805135	61,877352	61,752623	62,248170	100,014365	100,073099	38,806951	38,772476	38,763446
649,00	38,924283	58,930385	61,329538	60,337067	61,489260	56,867850	61,780345	53,202909	61,385703	59,911853	61,302781	39,501804	38,206288	38,427553	38,483596	37,679619	38,241154	32,448336	39,137477	38,811734	39,202374	99,985635	99,932992	61,786938	61,853009	61,740649	62,222749	100,026166	100,069189	38,824376	38,790160	38,794637
650,00	38,959476	58,911467	61,309659	60,327286	61,479902	56,836230	61,770099	53,212357	61,353534	59,890032	61,277783	39,522985	38,243687	38,452861	38,512012	37,703878	38,274965	32,506225	39,172345	38,837537	39,236194	99,963552	99,929750	61,749178	61,825377	61,723316	62,206143	100,011837	100,099051	38,839740	38,825673	38,815904
651,00	38,982347	58,878672	61,303812	60,303378	61,451203	56,798238	61,755568	53,198153	61,336058	59,874296	61,259860	39,560020	38,269538	38,478103	38,521144	37,733692	38,284206	32,564235	39,199191	38,856232	39,248762	99,933589	99,964684	61,708248	61,798078	61,701494	62,175983	100,003958	100,072813	38,855073	38,841525	38,842747
652,00	39,019054	58,849168	61,275494	60,284251	61,419427	56,748134	61,716944	53,150415	61,320728	59,820783	61,230236	39,594197	38,293087	38,510662	38,549617	37,765378	38,314644	32,613933	39,234418	38,870311	39,287582	99,933439	99,976534	61,675221	61,768281	61,667997	62,142986	100,025785	100,070834	38,880122	38,877079	38,863498
653,00	39,039630	58,842570	61,232620	60,253966	61,382699	56,716466	61,685687	53,110904	61,303359	59,797072	61,193943	39,623654	38,316119	38,541263	38,574749	37,796357	38,334045	32,662913	39,268667	38,898593	39,305568	99,971533	99,946046	61,676210	61,730218	61,666548	62,096226	100,036359	100,072765	38,913441	38,899601	38,885140
654,00	39,076000	58,812755	61,201781	60,229540	61,366934	56,674010	61,659014	53,014028	61,271864	59,760487	61,166704	39,640817	38,339570	38,573417	38,610324	37,836248	38,365325	32,704884	39,291051	38,928142	39,351356	100,014079	99,928719	61,668688	61,720902	61,654520	62,085038	100,059974	100,075579	38,940752	38,927722	38,906246
655,00	39,085293	58,771414	61,194998	60,180408	61,344588	56,636655	61,666292	52,907848	61,256027	59,731656	61,154127	39,661464	38,358837	38,583410	38,628057	37,847736	38,375148	32,731357	39,299214	38,944077	39,363346	100,014305	99,935752	61,645174	61,700958	61,644453	62,085378	100,060391	100,071490	38,959867	38,942754	38,927233
656,00	39,109814	58,698195	61,195159	60,140568	61,328048	56,562924	61,643171	52,747542	61,246896	59,691447	61,143321	39,678296	38,370585	38,605726	38,652879	37,863690	38,403508	32,746983	39,307100	38,948977	39,395359	100,020647	99,973971	61,624086	61,693615	61,608821	62,095022	100,063479	100,040996	38,965061	38,968769	38,943997
657,00	39,123300	58,626479	61,177027	60,073042	61,324579	56,472951	61,630666	52,577001	61,236209	59,644359	61,129731	39,692426	38,396060	38,615292	38,671815	37,866440	38,422179	32,744634	39,322481	38,946888	39,417318	100,017083	99,986875	61,609042	61,661154	61,583680	62,065440	100,035322	100,039029	38,987854	38,996136	38,960320
658,00	39,152783	58,542490	61,154479	59,994793	61,314273	56,336260	61,616880	52,369046	61,223876	59,565699	61,099559	39,691311	38,408738	38,623828	38,684434	37,878001	38,450015	32,728267	39,344391	38,952532	39,439601	100,016260	100,006413	61,585039	61,654478	61,561608	62,036419	100,015020	100,024557	39,004958	39,012703	38,970861
659,00	39,178431	58,447099	61,125135	59,896517	61,299759	56,209916	61,601043	52,124357	61,202985	59,492433	61,084592	39,691910	38,434082	38,629115	38,705403	37,888154	38,466308	32,699773	39,368072	38,950548	39,461446	100,015676	100,007260	61,547315	61,631906	61,532390	61,984086	99,990815	100,029993	39,032924	39,031705	38,994893
660,00	39,190876	58,338881	61,087865	59,808421	61,246014	56,056035	61,565393	51,863432	61,179382	59,408969	61,047667	39,706463	38,439438	38,637954	38,718876	37,889305	38,480046	32,669026	39,375758	38,956890	39,457905	100,021732	99,999154	61,510640	61,597723	61,507040	61,948645	100,019169	100,007963	39,047322	39,040658	39,017236
661,00	39,219701	58,240879	61,050558	59,737223	61,217809	55,896103	61,530656	51,564538	61,140323	59,339690	61,007959	39,708903	38,470170	38,647479	38,752991	37,894532	38,495618	32,620221	39,403224	38,939998	39,477703	100,038350	99,971956	61,501038	61,561686	61,475354	61,913371	99,985498	100,010729	39,071125	39,064977	39,033076
662,00	39,234880	58,125782	61,028475	59,642386	61,187953	55,710649	61,508453	51,245946	61,111480	59,228617	60,978067	39,717719	38,482630	38,649455	38,780904	37,896907	38,516438	32,553220	39,429134	38,934493	39,493686	100,044680	99,984884	61,470610	61,535114	61,452138	61,896992	100,007546	100,010717	39,091972	39,071727	39,052662
663,00	39,270657	58,015853	61,022687	59,539181	61,200774	55,524629	61,517841	50,905782	61,125171	59,105551	60,985154	39,717379	38,514355	38,653332	38,801044	37,903082	38,548100	32,475480	39,461777	38,924122	39,521539	100,043273	100,010014	61,434251	61,535722	61,415172	61,907393	99,994516	100,020039	39,119843	39,100718	39,078757
664,00	39,280412	57,870042	61,004770	59,422666	61,201131	55,330122	61,500746	50,556910	61,116385	59,004474	60,987139	39,729375	38,537475	38,667801	38,816869	37,898099	38,578305	32,399845	39,479810	38,934255	39,537865	100,053442	100,042152	61,384535	61,527324	61,380583	61,896056	100,025678	100,001562	39,149657	39,115742	39,122075
665,00	39,304459	57,724035	60,982507	59,307885	61,176580	55,127227	61,477739	50,207937	61,093920	58,884734	60,953826	39,734322	38,581693	38,666272	38,837898	37,886807	38,610199	32,317951	39,499515	38,939893	39,566013	100,041664	100,035214	61,344737	61,503828	61,333513	61,875170	100,042665	100,017786	39,168435	39,142925	39,149731
666,00	39,327472	57,596457	60,968387	59,216428	61,151326	54,945242	61,445111	49,878559	61,058348	58,795893	60,908461	39,724201	38,590169	38,666326	38,873771	37,886223	38,628942	32,234603	39,522457	38,934451	39,590344	100,035930	100,039554	61,328566	61,499304	61,296266	61,844069	100,046003	100,019479	39,186391	39,172563	39,177677
667,00	39,346790	57,476896	60,942733	59,118205	61,108541	54,787993	61,415052	49,579594	61,026978	58,698106	60,869205	39,719304	38,595441	38,668641	38,887432	37,872863	38,639203	32,145473	39,540508	38,929152	39,608324	99,999124	100,036073	61,312205	61,475551	61,255938	61,823291	100,062382	99,993902	39,202091	39,185393	39,192525
668,00	39,367673	57,373977	60,921204	59,054744	61,094379	54,648215	61,394775	49,303630	61,009949	58,634686	60,855681	39,716557	38,594013	38,681072	38,901034	37,879667	38,653606	32,072148	39,563647	38,915226	39,613113	99,994260	100,052059	61,297631	61,451906	61,230427	61,802900	100,047696	99,974477	39,235646	39,207610	39,206585
669,00	39,397037	57,262355	60,897279	58,962697	61,050916	54,509491	61,359668	49,044964	60,954899	58,562070	60,833728	39,720875	38,609517	38,683724	38,915348	37,869990	38,669422	31,997904	39,587200	38,911411	39,636204	100,003898	100,030971	61,260188	61,404246	61,203569	61,763448	100,044644	99,953550	39,252797	39,212361	39,219049
670,00	39,431369	57,173473	60,862410	58,877045	61,028403	54,372299	61,332709	48,799455	60,932845	58,475184	60,805249	39,717251	38,638392	38,671646	38,962367	37,875533	38,699159	31,941345	39,621764	38,905674	39,675811	100,001061	99,995172	61,225826	61,370069	61,191082	61,735052	100,032389	100,005651	39,271119	39,250877	39,233032
671,00	39,467877	57,087946	60,839140	58,783132	61,009932	54,246759	61,320370	48,576528	60,913897	58,384836	60,775584	39,718568	38,672405	38,671148	38,995373	37,870732	38,725698	31,897691	39,656082	38,907987	39,714345	99,974763	99,966013	61,193961	61,339206	61,162311	61,707515	100,022709	100,022578	39,277008	39,276546	39,260063
672,00	39,482793	57,017839	60,824168	58,722126	61,002839	54,148436	61,310935	48,391810	60,903239	58,331859	60,750669	39,721844	38,708195	38,677716	39,016414	37,881398	38,757923	31,854326	39,675564	38,920528	39,741185	99,993157	99,975210	61,187929	61,316812	61,146224	61,696362	100,024843	100,037694	39,308235	39,304516	39,283851
673,00	39,510617	56,956404	60,817927	58,690685	60,993314	54,059535	61,305928	48,244861	60,883176	58,297992	60,761631	39,749968	38,735852	38,707662	39,022171	37,912410	38,774762	31,831476	39,691421	38,947025	39,772770	100,021994	100,003195	61,163563	61,298239	61,131907	61,673021	100,050688	100,047565	39,339274	39,335692	39,319423
674,00	39,532664	56,921339	60,825396	58,680636	60,964382	54,005796	61,286086	48,133412	60,864997	58,286852	60,760242	39,757892	38,763914	38,720775	39,038348	37,926733	38,801235	31,806657	39,702526	38,963658	39,797336	100,054944	100,028348	61,157870	61,301523	61,122221	61,660451	100,067079	100,051725	39,371586	39,366713	39,332798
675,00	39,564246	56,873089	60,786223	58,646983	60,938430	53,931791	61,263400	48,030871	60,846758	58,237845	60,748869	39,783719	38,786471	38,742283	39,068669	37,951949	38,823438	31,807673	39,738354	38,989985	39,828449	100,009835	100,027442	61,116427	61,267376	61,078280	61,632478	100,077999	100,078249	39,387891	39,391297	39,361024
676,00	39,593089	56,837833	60,781598	58,612561	60,915709	53,881299	61,247355	47,945404	60,828412	58,205175	60,714996	39,786991	38,814998	38,748828	39,096516	37,962052	38,857543	31,802970	39,769804	39,001018	39,851075	99,991721	100,039172	61,088896	61,246079	61,056787	61,621022	100,052452	100,064158	39,391589	39,411259	39,377576
677,00	39,614582	56,795400	60,756701	58,578962	60,910600	53,835326	61,244249	47,879931	60,793090	58,171403	60,691541	39,802635	38,831052	38,764364	39,124519	37,977636	38,874444	31,805527	39,798054	39,014316	39,873058	99,962288	100,040126	61,056215	61,206168	61,022341	61,605340	100,033450	100,062811	39,400542	39,426678	39,392719
678,00	39,640439	56,777060	60,743564	58,556437	60,911334	53,829926	61,237842	47,857106	60,783803	58,159643	60,662371	39,821598	38,868791	38,792008	39,146531	37,993211	38,902774	31,823945	39,821610	39,038318	39,896518	99,967855	100,041962	61,037463	61,203051	61,024863	61,595541	100,044453	100,071692	39,434528	39,458287	39,401042
679,00	39,655486	56,769544	60,710222	58,547711	60,889179	53,843886	61,207318	47,852907	60,752153	58,150667	60,637510	39,851657	38,893643	38,821584	39,168820	38,011593	38,925868	31,848457	39,842853	39,065397	39,917314	99,940711	100,028467	61,018825	61,180055	61,002332	61,572003	100,059044	100,093782	39,461595	39,476421	39,415157
680,00	39,666718	56,776845	60,661703	58,548754	60,841507	53,878611	61,154360	47,902757	60,733992	58,144546	60,596895	39,893326	38,920915	38,858104	39,180192	38,047981	38,955554	31,908515	39,859086	39,115369	39,950207	99,953550	100,011516	60,980928	61,152577	61,002469	61,541015	100,056446	100,091434	39,484692	39,503652	39,439496
681,00	39,678317	56,812930	60,629648	58,593458	60,807359	53,939098	61,117035	48,010981	60,707170	58,196521	60,582119	39,920729	38,939267	38,880378	39,193562	38,081896	38,987991	31,977698	39,875737	39,147201	39,973521	99,984902	100,026298	60,960543	61,136186	60,992193	61,523974	100,002813	100,087094	39,494312	39,517903	39,455301
682,00	39,699769	56,849927	60,611057	58,634031	60,801530	54,021895	61,110318	48,175594	60,694885	58,240336	60,563415	39,952400	38,963363	38,911563	39,212951	38,133726	38,992393	32,089147	39,883098	39,182121	39,997539	100,028563	100,057900	60,938245	61,123079	60,972232	61,504078	99,974662	100,071073	39,513904	39,533529	39,478484
683,00	39,716777	56,910390	60,589480	58,680558	60,806042	54,126376	61,100328	48,389956	60,683775	58,309823	60,540456	40,002799	38,977477	38,954464	39,230275	38,189101	39,001086	32,224762	39,898285	39,231092	40,012524	100,017726	100,076008	60,922891	61,123395	60,943532	61,496830	99,979311	100,072050	39,542407	39,547685	39,515424
684,00	39,746091	56,992626	60,569620	58,706844	60,771716	54,252172	61,076903	48,641422	60,666990	58,360982	60,508859	40,055576	38,992700	39,011014	39,252722	38,257617	39,011058	32,387146	39,916793	39,295542	40,028840	99,989808	100,055242	60,898083	61,097157	60,913545	61,457366	99,986291	100,060010	39,559790	39,572170	39,546525
685,00	39,765805	57,105654	60,534608	58,795887	60,734195	54,434937	61,048388	48,967662	60,636014	58,452010	60,483205	40,128085	39,013276	39,083409	39,283878	38,324672	39,058959	32,576412	39,952901	39,368755	40,047717	99,976099	100,028539	60,887814	61,060303	60,892618	61,423433	100,003719	100,044930	39,592639	39,610019	39,585096
686,00	39,794081	57,253909	60,534328	58,892941	60,699248	54,656053	61,026484	49,350968	60,609555	58,555448	60,465991	40,183747	39,034602	39,152163	39,313042	38,397336	39,087239	32,791591	39,982402	39,443004	40,061149	99,993140	100,026488	60,893494	61,027467	60,897869	61,385435	100,004399	100,049233	39,616176	39,640233	39,608631
687,00	39,800975	57,379216	60,530835	59,022856	60,709167	54,913241	61,028183	49,785015	60,588413	58,669180	60,459125	40,262014	39,040563	39,226177	39,347157	38,473919	39,102527	33,039042	39,998591	39,517197	40,084207	100,022650	100,034130	60,892659	61,004883	60,896456	61,370504	100,028932	100,024176	39,648944	39,653224	39,649981
688,00	39,807415	57,542664	60,525477	59,116834	60,684735	55,165684	61,010891	50,253081	60,578340	58,751559	60,421479	40,326184	39,049244	39,285609	39,349502	38,549134	39,109036	33,298925	40,018505	39,584818	40,096301	100,025117	100,021851	60,884821	60,980535	60,888398	61,337525	100,003839	100,026822	39,657697	39,651993	39,659241
689,00	39,826432	57,694423	60,492057	59,223861	60,655344	55,410981	61,002517	50,773996	60,554302	58,856905	60,401112	40,388325	39,083511	39,358020	39,383334	38,646939	39,136207	33,575478	40,049201	39,645785	40,133590	100,036895	100,021827	60,864413	60,970801	60,845470	61,294436	99,990600	100,017512	39,676243	39,671871	39,677241
690,00	39,849347	57,865864	60,456401	59,315568	60,616148	55,662823	60,980803	51,309168	60,532302	58,930379	60,364670	40,448987	39,111269	39,416352	39,404809	38,733062	39,163238	33,870298	40,083677	39,715412	40,151539	100,005007	100,033176	60,840261	60,951102	60,798776	61,269093	99,984473	100,023603	39,695495	39,702848	39,691371
691,00	39,880082	58,026963	60,451931	59,427875	60,606003	55,941707	60,974056	51,861829	60,521817	59,044206	60,373884	40,522191	39,150608	39,500561	39,446086	38,829181	39,194638	34,193084	40,101129	39,786097	40,179443	99,995202	100,045383	60,833263	60,946888	60,784364	61,279577	100,031638	100,033367	39,740750	39,729884	39,717501
692,00	39,885232	58,176196	60,427570	59,517062	60,624665	56,219196	60,951251	52,382600	60,523248	59,128934	60,353255	40,582919	39,159733	39,551377	39,442760	38,898504	39,215243	34,505954	40,106151	39,843735	40,176517	99,988830	100,043285	60,798782	60,916108	60,773867	61,301482	100,027621	100,030375	39,758387	39,736313	39,740634
693,00	39,896843	58,322966	60,399950	59,635925	60,597384	56,480348	60,924089	52,911121	60,496229	59,198421	60,340899	40,641707	39,183271	39,618739	39,445636	38,970542	39,244083	34,801275	40,115383	39,880237	40,195796	99,995184	100,038385	60,784769	60,885876	60,761392	61,280668	99,973243	100,016046	39,763138	39,743817	39,754641
694,00	39,917529	58,437574	60,381758	59,717596	60,577565	56,709790	60,906267	53,421342	60,482019	59,254277	60,326099	40,681034	39,190811	39,665717	39,449054	39,029232	39,260656	35,079488	40,140855	39,922374	40,223992	99,999136	100,055790	60,760945	60,871679	60,724062	61,266255	99,893218	100,014472	39,768344	39,777318	39,769253
695,00	39,943755	58,594090	60,389042	59,821641	60,550475	56,939137	60,896194	53,917289	60,468352	59,312290	60,321414	40,743771	39,211789	39,736104	39,479733	39,101425	39,279160	35,376424	40,161818	39,978564	40,246537	100,003755	100,085139	60,767275	60,852766	60,700560	61,226237	99,890405	100,006533	39,807263	39,805007	39,807293
696,00	39,964467	58,728200	60,379529	59,893817	60,526448	57,165158	60,881650	54,411942	60,456711	59,392142	60,314119	40,794343	39,235944	39,792511	39,504689	39,160091	39,290515	35,660374	40,194172	40,045089	40,281639	100,034404	100,058568	60,767412	60,831755	60,686326	61,208081	99,902314	100,028956	39,843768	39,840034	39,830509
697,00	39,979726	58,847958	60,351121	59,940034	60,513681	57,341677	60,865605	54,862779	60,434222	59,434438	60,286498	40,868863	39,261276	39,852399	39,525810	39,242876	39,312404	35,944447	40,210384	40,103137	40,299952	100,017238	100,062954	60,727888	60,798532	60,657990	61,166620	99,959105	99,983650	39,882016	39,844722	39,863420
698,00	40,014675	58,918566	60,304356	59,974539	60,483050	57,480580	60,841662	55,266148	60,398179	59,447968	60,248828	40,917504	39,288890	39,897799	39,567006	39,305064	39,350682	36,198491	40,253451	40,144962	40,331051	100,010097	100,040007	60,675007	60,765767	60,620821	61,132032	99,988884	99,999881	39,898983	39,863628	39,874202
699,00	40,027785	58,994067	60,288221	60,009807	60,483599	57,616740	60,828477	55,618131	60,386670	59,452695	60,223252	40,969416	39,315411	39,945328	39,600155	39,376277	39,375478	36,429387	40,282986	40,178391	40,351346	99,984896	100,043941	60,631031	60,739350	60,593045	61,097026	100,004756	100,002694	39,915231	39,885116	39,902401
700,00	40,057901	59,051508	60,274744	60,071474	60,460490	57,776278	60,804874	55,937374	60,381633	59,485489	60,202318	41,004136	39,360887	40,002003	39,626095	39,447734	39,397672	36,640722	40,313488	40,223420	40,381455	100,003040	100,031972	60,634553	60,721892	60,585254	61,083734	100,003743	100,063133	39,933223	39,918345	39,932254
701,00	40,068600	59,091687	60,267901	60,105246	60,454249	57,914323	60,779542	56,251574	60,363370	59,504718	60,185093	41,057590	39,386046	40,048999	39,618999	39,499068	39,407551	36,826080	40,322658	40,261826	40,409470	100,002778	100,031769	60,636842	60,700411	60,556519	61,082155	99,991709	100,052035	39,954838	39,942309	39,955887
702,00	40,102708	59,151262	60,268557	60,136175	60,430205	58,015758	60,746115	56,520921	60,335606	59,520108	60,165113	41,111669	39,401150	40,096846	39,628434	39,560932	39,423305	37,027729	40,324700	40,302694	40,425897	100,009131	100,039983	60,612780	60,680562	60,525632	61,072642	100,035250	100,059605	40,005007	39,951718	39,989337
703,00	40,114161	59,197927	60,241961	60,152060	60,405898	58,127517	60,723877	56,760925	60,314161	59,494036	60,140574	41,145116	39,389667	40,118030	39,652470	39,579991	39,433590	37,196854	40,337831	40,329388	40,441570	100,003564	100,050294	60,572767	60,656732	60,480267	61,050093	100,021768	100,019145	40,028459	39,960802	40,015781
704,00	40,148431	59,269625	60,243106	60,167390	60,394347	58,209139	60,723799	56,966543	60,297358	59,487194	60,157853	41,170245	39,400035	40,155506	39,690864	39,616001	39,451998	37,354520	40,362057	40,354702	40,467635	100,001347	100,038338	60,542917	60,655516	60,474885	61,045384	99,990380	100,027597	40,055430	39,982569	40,015838
705,00	40,166172	59,286785	60,226870	60,166192	60,392958	58,276308	60,742414	57,135606	60,297376	59,467572	60,139006	41,189039	39,435482	40,182677	39,730042	39,640763	39,483249	37,474301	40,402240	40,372708	40,500993	99,984640	100,055325	60,514700	60,667628	60,452485	61,037672	99,960077	100,018728	40,052035	40,017837	40,023696
706,00	40,187696	59,337723	60,187936	60,183948	60,368925	58,316064	60,723311	57,304168	60,275221	59,483212	60,123169	41,223052	39,480808	40,240917	39,756811	39,694545	39,509076	37,608722	40,437299	40,408099	40,528166	99,988645	100,024211	60,501313	60,632145	60,447508	61,026001	99,992347	100,039089	40,083438	40,058902	40,033576
707,00	40,185958	59,352612	60,170913	60,187745	60,345763	58,374041	60,708690	57,453907	60,285068	59,477448	60,095632	41,245365	39,512005	40,268984	39,776301	39,734814	39,541256	37,725827	40,450016	40,438929	40,553594	99,955910	100,028419	60,467774	60,617208	60,414052	61,019391	100,005031	100,048649	40,096176	40,087336	40,065289
708,00	40,213951	59,407377	60,141772	60,225141	60,314870	58,455092	60,641402	57,628477	60,255992	59,499639	60,087478	41,258457	39,527997	40,303886	39,802155	39,758128	39,577213	37,839681	40,472409	40,453610	40,571177	99,990010	99,997413	60,486025	60,561192	60,412866	60,993570	99,969792	100,068581	40,120852	40,111622	40,078044
709,00	40,247685	59,443516	60,143942	60,248762	60,311401	58,524078	60,631931	57,778430	60,245472	59,515989	60,079420	41,282359	39,537892	40,311137	39,812127	39,785427	39,614809	37,954837	40,498593	40,464827	40,577671	100,028050	99,999410	60,472441	60,559529	60,395694	60,967124	99,935728	100,075185	40,140530	40,111873	40,080062
710,00	40,291965	59,442824	60,110348	60,252440	60,281199	58,578503	60,581392	57,898128	60,190564	59,515977	60,030234	41,312152	39,564526	40,334126	39,829510	39,816600	39,636424	38,059035	40,545213	40,469578	40,590134	100,051725	99,987417	60,466611	60,519135	60,386348	60,929000	99,920678	100,085628	40,149114	40,136337	40,091640
711,00	40,326908	59,436053	60,085917	60,229892	60,261458	58,599776	60,587144	57,980627	60,187328	59,487218	59,984499	41,348338	39,603177	40,357178	39,857045	39,862743	39,646682	38,173199	40,585268	40,493956	40,606204	99,991846	99,995780	60,394430	60,511702	60,341632	60,924631	99,951273	100,092494	40,162078	40,164918	40,130141
712,00	40,342262	59,437162	60,063434	60,235727	60,239565	58,637595	60,564768	58,087534	60,167450	59,485948	59,958112	41,365489	39,628372	40,380111	39,883640	39,892456	39,670771	38,265029	40,600228	40,511563	40,647858	99,971128	99,983358	60,370177	60,486400	60,328794	60,924554	99,945432	100,096965	40,174535	40,206856	40,163884
713,00	40,365276	59,489483	60,051340	60,241306	60,252607	58,688319	60,572100	58,211321	60,198015	59,509367	59,983122	41,385633	39,650044	40,401211	39,902848	39,927474	39,700565	38,367611	40,624955	40,545732	40,669969	99,966735	100,030005	60,338807	60,469007	60,316873	60,921633	99,949926	100,095463	40,211356	40,234950	40,195042
714,00	40,376729	59,511262	60,064000	60,267901	60,244524	58,743030	60,560304	58,325595	60,201824	59,505635	59,994704	41,408947	39,647555	40,429881	39,903209	39,954349	39,722365	38,455945	40,637237	40,585673	40,695971	100,000548	100,048649	60,343564	60,461581	60,329956	60,897547	99,945712	100,063074	40,249509	40,229931	40,215817
715,00	40,403146	59,537959	60,070252	60,270751	60,249686	58,790320	60,550290	58,408201	60,198873	59,488112	59,986621	41,450146	39,671779	40,458485	39,931241	39,990771	39,743274	38,555196	40,659457	40,608552	40,704170	99,976873	100,062776	60,326433	60,471094	60,320359	60,865963	99,960655	100,050914	40,268445	40,229642	40,240055
716,00	40,418789	59,539098	60,048598	60,269606	60,209471	58,817881	60,521483	58,501875	60,148823	59,480971	59,940785	41,489515	39,696252	40,504414	39,962345	40,028572	39,752766	38,651004	40,666413	40,640014	40,737045	99,988401	99,980736	60,317707	60,455871	60,319233	60,850567	100,014734	100,010133	40,286633	40,231556	40,271661
717,00	40,439588	59,563756	59,998363	60,288638	60,187972	58,859968	60,496116	58,586597	60,108316	59,530836	59,912598	41,535741	39,731854	40,526545	39,990428	40,070969	39,784503	38,749331	40,676257	40,658852	40,747726	99,994081	99,942392	60,329854	60,419846	60,328704	60,831881	100,057173	100,028563	40,302342	40,263098	40,276340
718,00	40,463093	59,598142	59,999537	60,295928	60,174155	58,896732	60,491610	58,710849	60,101676	59,556723	59,911406	41,555509	39,748272	40,548831	39,996472	40,096843	39,799121	38,820782	40,705609	40,672266	40,779755	100,019753	99,954522	60,347778	60,399556	60,347515	60,850328	100,048125	100,029182	40,330878	40,291578	40,292102
719,00	40,479153	59,631962	60,015219	60,334790	60,173208	58,948374	60,474569	58,800638	60,102612	59,580839	59,913361	41,587093	39,756691	40,573347	40,013003	40,148944	39,811170	38,928792	40,727535	40,687343	40,786251	100,023389	99,969459	60,361570	60,380155	60,373962	60,814166	100,066125	100,040889	40,354589	40,318301	40,318161
720,00	40,498117	59,668356	60,053205	60,346353	60,203373	58,995974	60,483217	58,886671	60,126710	59,591043	59,945631	41,607144	39,764714	40,598348	40,012676	40,181920	39,798009	39,003846	40,756884	40,686223	40,810746	100,024867	100,006306	60,355532	60,419881	60,356295	60,829681	100,033963	100,039911	40,357545	40,329841	40,328693
721,00	40,531352	59,679109	60,052323	60,364139	60,189849	59,037960	60,486376	58,955365	60,129458	59,591174	59,937650	41,642720	39,784035	40,636882	40,052676	40,221509	39,817894	39,081940	40,775323	40,704593	40,814212	100,039864	100,010347	60,344958	60,419619	60,357618	60,823721	100,064945	100,044775	40,370128	40,359768	40,359393
722,00	40,556198	59,703451	60,061687	60,399514	60,184664	59,086120	60,510409	59,022176	60,139745	59,598953	59,930074	41,667548	39,805362	40,658948	40,059748	40,230837	39,838687	39,132640	40,782809	40,719208	40,819606	100,048637	100,018227	60,359812	60,431623	60,360700	60,828573	100,038350	100,035667	40,386659	40,371516	40,350974
723,00	40,568915	59,696335	60,063285	60,401195	60,182506	59,106600	60,519290	59,092695	60,150754	59,597403	59,909505	41,684684	39,832208	40,698010	40,075424	40,238023	39,869809	39,205840	40,796199	40,736482	40,840712	100,041807	100,017798	60,346907	60,429591	60,371929	60,842407	100,044823	100,001013	40,410775	40,383640	40,383390
724,00	40,563282	59,695905	60,064685	60,418135	60,188222	59,110612	60,519320	59,135956	60,159171	59,600556	59,902668	41,704905	39,834821	40,711334	40,060014	40,246618	39,888582	39,258531	40,801173	40,782604	40,847820	100,004971	99,994504	60,344863	60,416758	60,358071	60,825318	100,035584	99,973387	40,426022	40,405983	40,383145
725,00	40,571168	59,699643	60,046846	60,414237	60,173029	59,126329	60,509664	59,189969	60,139149	59,589893	59,886336	41,739780	39,853016	40,738857	40,079334	40,269783	39,912835	39,323652	40,825132	40,825787	40,871716	99,965423	99,978846	60,335082	60,406214	60,336566	60,828978	100,023794	99,987161	40,442333	40,427288	40,399548
726,00	40,583107	59,733754	60,026622	60,425931	60,157847	59,150106	60,489786	59,245360	60,123807	59,581637	59,898132	41,760072	39,859065	40,753490	40,085471	40,305531	39,920926	39,395738	40,835500	40,876979	40,872905	99,974650	99,956340	60,328215	60,374999	60,353684	60,800529	100,043797	99,971318	40,471241	40,448365	40,430668
727,00	40,604335	59,761006	60,008544	60,434282	60,167450	59,182078	60,474539	59,329593	60,132611	59,606767	59,901750	41,775092	39,902627	40,783963	40,117204	40,340590	39,938501	39,484605	40,869278	40,894875	40,906903	100,000286	99,960488	60,321671	60,395694	60,354936	60,826814	100,066531	100,024617	40,497142	40,475360	40,467793
728,00	40,611157	59,785283	60,014749	60,453856	60,172343	59,209037	60,465753	59,372282	60,176295	59,619629	59,925199	41,781071	39,920130	40,793681	40,124691	40,363732	39,943126	39,528126	40,893292	40,899813	40,919688	100,013793	99,958467	60,326791	60,397410	60,367703	60,818726	100,088465	100,018561	40,519887	40,472794	40,501937
729,00	40,641186	59,805042	60,027421	60,441756	60,159189	59,221834	60,473841	59,414577	60,174870	59,623659	59,920788	41,796955	39,954740	40,803176	40,156496	40,392521	39,987049	39,561656	40,923879	40,910569	40,956646	100,004184	99,953824	60,320526	60,422283	60,348558	60,822004	100,083280	100,084829	40,528280	40,490210	40,501896
730,00	40,666583	59,828353	60,044801	60,457140	60,159636	59,249318	60,506022	59,451336	60,161090	59,598929	59,941071	41,816390	39,982587	40,808743	40,194139	40,412015	40,012714	39,566806	40,954772	40,914968	40,993565	99,985540	99,974090	60,318846	60,388398	60,350013	60,820997	100,067830	100,104332	40,523979	40,501606	40,507808
731,00	40,706989	59,836954	60,051942	60,467726	60,174745	59,266782	60,536879	59,518945	60,162234	59,611797	59,956926	41,833133	40,014470	40,821078	40,212771	40,414464	40,048352	39,605302	40,977433	40,920463	41,032773	100,024652	99,974489	60,332274	60,414243	60,329390	60,831684	100,051391	100,153983	40,515426	40,537411	40,501586
732,00	40,716663	59,803045	60,042429	60,478514	60,153234	59,277743	60,533243	59,553850	60,142088	59,590596	59,959334	41,867417	40,029213	40,857196	40,240276	40,430766	40,052456	39,641148	40,992406	40,944636	41,034114	99,993622	99,912101	60,327268	60,369670	60,293287	60,808146	100,024784	100,143719	40,536767	40,560529	40,514982
733,00	40,741101	59,792817	60,047168	60,458446	60,142291	59,290850	60,519058	59,585023	60,142565	59,558183	59,955889	41,872853	40,030029	40,869054	40,236565	40,440837	40,047771	39,688969	40,996847	40,954101	41,034576	99,986756	99,880582	60,321486	60,389048	60,267526	60,789853	99,975097	100,099146	40,552089	40,558505	40,536264
734,00	40,749156	59,802991	60,032165	60,453904	60,144269	59,304696	60,500348	59,600419	60,115039	59,532428	59,952986	41,880313	40,035641	40,894634	40,269399	40,466744	40,049991	39,716327	41,025484	40,982845	41,044453	99,913269	99,848551	60,294038	60,384381	60,247356	60,791147	99,943697	100,070310	40,555820	40,570766	40,553954
735,00	40,770158	59,840035	60,047442	60,482043	60,201478	59,322643	60,541731	59,642351	60,168946	59,544969	59,971040	41,886961	40,053937	40,899384	40,282741	40,472567	40,075776	39,745358	41,055936	41,000897	41,080287	99,914545	99,912924	60,325277	60,431021	60,267025	60,823351	99,937171	100,067198	40,556934	40,602082	40,570268
736,00	40,765697	59,836650	60,060793	60,480851	60,216200	59,287381	60,545105	59,638590	60,189730	59,559828	59,992951	41,917187	40,071499	40,932405	40,294853	40,492278	40,100515	39,783764	41,071847	41,020396	41,090190	99,882627	99,917966	60,324496	60,426867	60,257792	60,844779	99,983561	100,055110	40,569356	40,615627	40,600067
737,00	40,782952	59,834880	60,107863	60,492277	60,242176	59,268558	60,565305	59,675318	60,230732	59,557039	60,020953	41,936544	40,088937	40,941632	40,297928	40,503857	40,114558	39,804974	41,077256	41,031888	41,116914	99,906701	99,998838	60,328990	60,437757	60,242891	60,877407	99,980319	100,055540	40,608475	40,618911	40,622529
738,00	40,783510	59,844077	60,096163	60,519046	60,229141	59,289408	60,553759	59,718293	60,227484	59,584409	60,024458	41,959962	40,082425	40,962964	40,297535	40,515396	40,110457	39,843556	41,073331	41,040817	41,118607	99,895853	99,978048	60,334140	60,408813	60,275757	60,864305	99,996668	100,038099	40,630871	40,627792	40,639859
739,00	40,798992	59,888601	60,093111	60,578793	60,257494	59,376204	60,551572	59,776366	60,232526	59,641600	60,022604	41,988587	40,108272	40,966746	40,327519	40,521345	40,130970	39,860469	41,085911	41,073284	41,152501	99,935180	99,958372	60,390139	60,403687	60,333097	60,867459	100,004601	100,039852	40,649259	40,659806	40,642089
740,00	40,820950	59,898651	60,101640	60,583597	60,266358	59,414661	60,529327	59,806609	60,233903	59,679407	60,027021	42,015025	40,143764	41,005450	40,374535	40,545887	40,171975	39,900136	41,116840	41,091383	41,171214	99,924195	99,900085	60,411847	60,398287	60,370255	60,846448	100,041866	100,063527	40,669253	40,718257	40,672353
741,00	40,875095	59,939390	60,165137	60,604918	60,295534	59,429795	60,561192	59,831727	60,265183	59,702879	60,051078	42,026407	40,185869	41,017681	40,419507	40,565789	40,227157	39,904663	41,170487	41,112491	41,209096	99,962914	99,918067	60,427809	60,428065	60,345352	60,889053	100,065792	100,105751	40,680912	40,737075	40,684909
742,00	40,902972	59,952819	60,189283	60,584903	60,307342	59,430051	60,618055	59,891909	60,303789	59,710956	60,099274	42,037857	40,217331	41,061965	40,444446	40,599671	40,271497	39,959553	41,213235	41,129521	41,232786	99,943823	99,950904	60,427320	60,469651	60,359418	60,926241	100,061440	100,155830	40,700710	40,761891	40,719661
743,00	40,934804	60,009962	60,196716	60,603023	60,307056	59,441781	60,676509	59,923422	60,329652	59,718645	60,117048	42,100692	40,245020	41,091222	40,446457	40,658173	40,284088	40,014753	41,243947	41,155675	41,264388	99,961793	99,968970	60,460830	60,482359	60,401493	60,962725	100,084293	100,169671	40,731579	40,789738	40,744922
744,00	40,954944	60,025728	60,199535	60,601580	60,337645	59,460360	60,687524	59,940171	60,355794	59,742635	60,151547	42,140344	40,276286	41,125873	40,463036	40,692207	40,298739	40,071529	41,270080	41,160980	41,298100	99,942470	99,997705	60,470247	60,508806	60,406208	61,015713	100,097811	100,156069	40,767604	40,826964	40,769848
745,00	40,982503	60,052723	60,215467	60,639024	60,350943	59,482723	60,702425	59,954834	60,348773	59,787554	60,157228	42,175329	40,304485	41,127655	40,477788	40,697315	40,291926	40,086803	41,278133	41,172764	41,325048	99,983710	99,967957	60,492784	60,522938	60,396290	61,004496	100,063038	100,168192	40,770176	40,851489	40,767324
746,00	40,999267	60,041672	60,249770	60,662478	60,425717	59,502828	60,734516	59,985703	60,371035	59,816945	60,189176	42,186931	40,319574	41,151088	40,497068	40,695846	40,316096	40,102929	41,291085	41,212842	41,355008	99,978018	99,951452	60,507661	60,562235	60,395098	61,025745	100,045967	100,170052	40,782529	40,871105	40,794927
747,00	40,998966	60,060871	60,260695	60,713100	60,419822	59,552580	60,750407	60,024285	60,350585	59,841979	60,178030	42,203054	40,334317	41,168654	40,486047	40,699089	40,331525	40,117159	41,281813	41,259965	41,357839	100,017774	99,893981	60,542250	60,598874	60,449350	61,025912	100,008976	100,163877	40,799999	40,880069	40,805283
748,00	41,008994	60,105574	60,278046	60,762846	60,419828	59,603047	60,742754	60,049742	60,395783	59,890199	60,200179	42,214245	40,338516	41,217086	40,497935	40,732440	40,349090	40,147671	41,316602	41,287079	41,371319	100,018919	99,911475	60,595298	60,607880	60,510874	61,047000	100,011683	100,108516	40,840831	40,905440	40,839729
749,00	41,009647	60,167485	60,295141	60,808456	60,400558	59,658325	60,783124	60,093248	60,422438	59,948045	60,222948	42,200795	40,353200	41,235143	40,526471	40,737125	40,374103	40,163609	41,336825	41,289502	41,364011	100,072742	99,995595	60,633504	60,631639	60,566598	61,080170	99,985594	100,029850	40,873238	40,913504	40,855893
750,00	41,029844	60,209596	60,314322	60,825288	60,424131	59,686846	60,820723	60,142934	60,467196	59,990156	60,262090	42,230800	40,377274	41,257504	40,557286	40,773463	40,396687	40,183628	41,376632	41,312322	41,398361	100,073934	100,021935	60,691631	60,615945	60,626447	61,084580	99,970895	99,974555	40,901685	40,928736	40,895748
751,00	41,059375	60,210264	60,372710	60,847431	60,504103	59,699893	60,913759	60,159302	60,507250	59,999895	60,289592	42,274579	40,390277	41,271526	40,574291	40,804523	40,428001	40,211269	41,367000	41,346022	41,428706	100,086021	100,054121	60,702348	60,675067	60,621798	61,137301	99,967039	99,949610	40,934303	40,921795	40,905666
752,00	41,076675	60,215968	60,404074	60,873532	60,531980	59,731185	60,925180	60,174680	60,528898	60,035610	60,299146	42,305338	40,399703	41,290867	40,570700	40,839645	40,412647	40,256894	41,382176	41,359958	41,442826	100,071836	99,982643	60,732847	60,706419	60,647506	61,150104	99,999124	99,942052	40,961942	40,920222	40,919170
753,00	41,098407	60,239005	60,452282	60,904294	60,572451	59,768587	60,928434	60,207957	60,550791	60,065597	60,315824	42,310578	40,426961	41,304958	40,597206	40,847996	40,405011	40,281814	41,388381	41,347951	41,446170	100,072193	99,968165	60,757488	60,762328	60,663515	61,177641	99,955666	99,955362	40,968445	40,951329	40,925825
754,00	41,090009	60,284847	60,456693	60,946208	60,546589	59,789407	60,896146	60,239428	60,554200	60,096514	60,336322	42,331219	40,462095	41,305634	40,622410	40,862453	40,416569	40,322372	41,431728	41,352814	41,469392	100,032771	99,904877	60,793501	60,746074	60,712439	61,182827	99,967921	99,972802	41,001841	40,999088	40,939552
755,00	41,114879	60,332620	60,485715	60,983992	60,571951	59,816408	60,934907	60,266405	60,593688	60,096818	60,389096	42,356354	40,501240	41,344437	40,638947	40,884054	40,444991	40,342605	41,448012	41,385710	41,514504	100,036693	99,921089	60,841727	60,757047	60,747296	61,225009	99,951392	99,970663	40,998000	41,031742	40,969512
756,00	41,120052	60,382020	60,518616	61,018544	60,618091	59,848815	60,995787	60,304534	60,637385	60,160762	60,433275	42,406291	40,497077	41,385928	40,677190	40,905175	40,467703	40,389270	41,461629	41,410118	41,556656	100,064886	99,967080	60,864729	60,785806	60,800707	61,258817	99,960732	99,949318	41,035968	41,037410	41,001552
757,00	41,153133	60,434496	60,561490	61,014879	60,661542	59,922755	61,064649	60,341400	60,674417	60,173422	60,481119	42,409611	40,506184	41,406453	40,708995	40,911633	40,483642	40,393299	41,485035	41,415867	41,578460	100,071752	100,021732	60,893208	60,832739	60,819930	61,295742	99,924493	99,940634	41,022381	41,046497	41,022536
758,00	41,182515	60,481799	60,583311	61,039048	60,683215	59,965074	61,069578	60,406327	60,676652	60,235673	60,495627	42,413074	40,531373	41,375116	40,763587	40,924975	40,529513	40,394512	41,511750	41,414782	41,609997	100,060964	100,012243	60,893297	60,842299	60,825866	61,335087	99,867409	100,033212	41,049588	41,091329	41,022652
759,00	41,214806	60,466838	60,632348	61,015940	60,703051	59,977680	61,100870	60,412568	60,699981	60,199696	60,548776	42,422026	40,566051	41,399938	40,791976	40,964893	40,577111	40,432769	41,551709	41,437665	41,620186	99,994498	99,986291	60,893428	60,877573	60,820353	61,384815	99,889994	100,055909	41,064557	41,127181	41,059086
760,00	41,239810	60,482347	60,676283	61,069232	60,748839	59,980208	61,130983	60,460144	60,748291	60,239500	60,585356	42,444640	40,583828	41,430750	40,794656	41,003063	40,611190	40,439931	41,546097	41,468221	41,628033	100,012481	99,955869	60,897565	60,923070	60,880709	61,420590	99,903220	100,068700	41,108593	41,139480	41,096723
761,00	41,264957	60,497802	60,721481	61,098313	60,797465	59,997326	61,199903	60,471189	60,808271	60,262096	60,641652	42,494476	40,611708	41,493747	40,795052	41,044927	40,638828	40,479946	41,590244	41,513309	41,639188	100,026917	100,005555	60,908812	61,021978	60,913461	61,437869	99,938375	100,033343	41,124403	41,157219	41,141307
762,00	41,269666	60,546142	60,726744	61,151814	60,794145	60,027099	61,212617	60,499746	60,829639	60,306638	60,637486	42,524445	40,626556	41,521716	40,785763	41,086119	40,639669	40,493667	41,592297	41,538057	41,660351	100,057065	100,000834	60,940063	61,023587	60,942221	61,456025	99,952281	100,055850	41,187099	41,188726	41,137424
763,00	41,277191	60,575193	60,735965	61,203110	60,790831	60,076463	61,196029	60,540736	60,821146	60,337961	60,653728	42,572930	40,658933	41,560596	40,807420	41,124314	40,659320	40,534192	41,631892	41,549441	41,708764	100,097513	99,992502	60,995805	61,050391	60,959399	61,452985	99,949038	100,053000	41,229993	41,222492	41,137221
764,00	41,297016	60,587066	60,738391	61,226583	60,820568	60,103589	61,193925	60,558116	60,822922	60,333830	60,634780	42,581385	40,657085	41,610301	40,830827	41,129407	40,650678	40,572384	41,646612	41,558862	41,732776	100,084746	99,953246	61,029476	61,020690	61,013430	61,453390	99,970663	100,044239	41,284099	41,242787	41,151807
765,00	41,328618	60,617959	60,769689	61,276430	60,870069	60,150778	61,244386	60,572070	60,858393	60,358614	60,691774	42,602319	40,676135	41,618487	40,856162	41,125339	40,674731	40,587085	41,686589	41,583121	41,764098	100,092471	100,001192	61,050230	61,045337	61,041331	61,456358	99,957603	100,027621	41,248167	41,260096	41,187787
766,00	41,352963	60,633928	60,781544	61,281246	60,897386	60,168070	61,294252	60,574377	60,885096	60,382330	60,697132	42,609021	40,671140	41,630971	40,886050	41,124403	40,675277	40,626058	41,699514	41,605639	41,752070	100,066388	100,020599	61,033571	61,069667	61,046940	61,477816	99,918967	100,009608	41,245216	41,257504	41,219181
767,00	41,342053	60,652846	60,828447	61,302400	60,915655	60,201985	61,329019	60,623842	60,913622	60,436201	60,750824	42,620757	40,694016	41,614059	40,913254	41,131878	40,709820	40,645254	41,704220	41,621166	41,764820	100,028956	100,028408	61,040616	61,083734	61,037463	61,482465	99,903452	99,996400	41,240284	41,279393	41,229925
768,00	41,387188	60,685480	60,868192	61,320829	60,925525	60,223180	61,325121	60,674971	60,947806	60,473758	60,740072	42,626929	40,733498	41,627443	40,962803	41,147479	40,753162	40,647954	41,742200	41,634357	41,807139	100,006413	99,980348	61,069065	61,104399	61,071759	61,506593	99,923521	100,042248	41,276219	41,314945	41,249743
769,00	41,451204	60,698605	60,922939	61,323529	60,970533	60,235381	61,338848	60,696185	60,970962	60,500932	60,789591	42,626151	40,775228	41,661686	40,991279	41,173354	40,789214	40,646392	41,788235	41,649780	41,861013	99,966043	99,972117	61,095500	61,124080	61,073381	61,515951	99,971986	100,081766	41,272426	41,380188	41,289285
770,00	41,507477	60,731864	60,950315	61,343658	61,003035	60,264653	61,376357	60,714006	61,017686	60,472733	60,834390	42,651284	40,797168	41,688702	41,003570	41,216686	40,824264	40,654907	41,832981	41,678539	41,888183	99,947548	99,972814	61,124051	61,167842	61,066675	61,563826	100,003946	100,109911	41,302127	41,404277	41,333088
771,00	41,512287	60,745168	60,983735	61,355042	61,047953	60,290438	61,408550	60,737514	61,053312	60,484964	60,881704	42,645001	40,816337	41,711989	41,008136	41,247910	40,851426	40,693721	41,833836	41,705319	41,899887	99,906802	99,952310	61,130118	61,210835	61,081266	61,593717	99,978781	100,083530	41,323197	41,421708	41,342068
772,00	41,508433	60,796034	61,005783	61,386859	61,090618	60,308427	61,409348	60,755080	61,063427	60,495341	60,906279	42,670336	40,843755	41,715354	41,047835	41,268650	40,872028	40,744662	41,842103	41,740856	41,911456	99,911827	99,956369	61,163789	61,245435	61,110866	61,636472	99,970031	100,073791	41,361567	41,421112	41,343904
773,00	41,534787	60,827345	61,016208	61,383992	61,124134	60,322881	61,438107	60,766667	61,083585	60,566664	60,943604	42,717651	40,868619	41,752484	41,085491	41,281238	40,871951	40,780780	41,843867	41,763645	41,934201	99,943930	99,922889	61,173290	61,287171	61,154902	61,647016	99,988562	100,073612	41,387600	41,418824	41,359052
774,00	41,574728	60,846198	60,990387	61,429763	61,118799	60,358006	61,453414	60,799009	61,050433	60,591096	60,952002	42,805400	40,906712	41,786611	41,124785	41,329312	40,866673	40,822741	41,852027	41,803223	41,955236	99,978781	99,911463	61,233324	61,286581	61,182356	61,627847	100,063932	100,096035	41,435841	41,440067	41,411048
775,00	41,576853	60,833895	61,036557	61,443132	61,141801	60,363597	61,550701	60,827899	61,125630	60,650778	60,993087	42,853597	40,913239	41,827637	41,136777	41,370809	40,900150	40,825301	41,865876	41,827151	41,967407	99,896705	99,962252	61,230397	61,294049	61,226362	61,657196	100,087678	100,095093	41,459787	41,465831	41,460496
776,00	41,583344	60,861564	61,106187	61,464959	61,138463	60,382766	61,552948	60,861826	61,137623	60,671175	61,005002	42,887634	40,925527	41,831550	41,141114	41,407993	40,926772	40,835640	41,881916	41,863683	41,980183	99,867284	100,014448	61,254221	61,290675	61,258698	61,712682	100,032544	100,089252	41,482630	41,510990	41,495949
777,00	41,596326	60,860860	61,177218	61,474866	61,215228	60,415798	61,620671	60,871905	61,212718	60,687304	61,041772	42,889872	40,935338	41,849408	41,156986	41,411030	40,966007	40,838528	41,912284	41,894495	42,006072	99,791789	100,110149	61,225492	61,372960	61,241436	61,784029	100,025797	100,086248	41,483507	41,524836	41,515812
778,00	41,639149	60,917509	61,161971	61,528349	61,234927	60,481739	61,581576	60,906219	61,231798	60,693187	61,038852	42,913005	40,980434	41,888034	41,146886	41,449359	40,985447	40,872875	41,944394	41,955721	42,049929	99,849856	100,060284	61,279583	61,384380	61,254841	61,794370	100,077868	100,091696	41,544110	41,575950	41,532212
779,00	41,671726	60,925817	61,118054	61,589736	61,248094	60,546601	61,567396	60,923076	61,227262	60,733438	61,026734	42,932251	41,002819	41,904613	41,176715	41,458371	40,999770	40,900120	41,969100	41,972953	42,083690	99,847353	99,996775	61,316240	61,405826	61,276913	61,800569	100,100803	100,070691	41,551834	41,582453	41,543657
780,00	41,697419	61,016285	61,136258	61,639464	61,269748	60,558319	61,559290	60,978895	61,257517	60,799575	61,073565	42,974293	41,021651	41,935283	41,171616	41,475251	40,995342	40,940586	41,999978	41,988572	42,114657	99,917763	99,938011	61,368805	61,403078	61,317503	61,847872	100,101697	100,060177	41,585368	41,592512	41,582629
781,00	41,711825	61,030507	61,204737	61,639953	61,316293	60,584700	61,619020	61,004651	61,249393	60,817271	61,145037	42,995131	41,026914	41,926259	41,205329	41,469547	41,023982	40,962246	42,030317	41,989353	42,140499	99,895042	99,970496	61,365831	61,461443	61,347491	61,894864	100,086391	100,089884	41,581768	41,605625	41,577825
782,00	41,709951	61,062634	61,307639	61,672473	61,407626	60,547042	61,696154	61,008990	61,331540	60,837376	61,220229	43,022808	41,029510	41,979694	41,212100	41,516963	41,040707	41,000751	42,066112	42,010590	42,169353	99,897611	100,057197	61,372387	61,537588	61,377102	61,938792	100,141907	100,081968	41,620067	41,644704	41,607702
783,00	41,718829	61,071229	61,380827	61,708790	61,444551	60,592175	61,731452	61,076522	61,360282	60,861379	61,277121	42,988327	41,005895	41,964436	41,219699	41,523385	41,038570	41,002697	42,072037	42,024350	42,141712	99,900579	100,131893	61,425447	61,584502	61,435962	61,965132	100,093055	100,074923	41,637462	41,649768	41,570252
784,00	41,740307	61,118561	61,376250	61,760497	61,467630	60,608870	61,739367	61,084884	61,394060	60,894471	61,301684	43,015468	41,024345	41,998005	41,233346	41,532049	41,040194	41,020900	42,064875	42,065609	42,134818	99,942595	100,116861	61,464572	61,593759	61,447370	61,964864	100,115120	100,088203	41,673350	41,654265	41,612008
785,00	41,777676	61,178690	61,361098	61,802292	61,447847	60,688215	61,726642	61,169708	61,395925	60,929888	61,315173	43,022472	41,081104	42,008615	41,280696	41,530716	41,087955	41,045228	42,080617	42,096543	42,178205	99,959147	100,061929	61,525857	61,558533	61,463976	61,975282	100,048101	100,130773	41,673619	41,662201	41,625014
786,00	41,785932	61,186552	61,358285	61,801165	61,467534	60,691082	61,750960	61,127299	61,405867	60,967380	61,293226	43,079144	41,114804	42,059004	41,306958	41,584203	41,141263	41,068012	42,082021	42,101535	42,225221	99,927241	99,999321	61,530185	61,585367	61,473691	61,952251	100,039887	100,101519	41,694003	41,697860	41,676220
787,00	41,818267	61,197436	61,403811	61,823499	61,476278	60,736758	61,775982	61,187392	61,441129	61,020237	61,322480	43,086827	41,109097	42,066741	41,301742	41,609788	41,158858	41,095078	42,124167	42,084858	42,250541	99,933624	99,994242	61,585867	61,603391	61,530668	62,009311	99,991941	100,037146	41,686383	41,707417	41,689336
788,00	41,838214	61,213183	61,398894	61,861622	61,464208	60,787696	61,821383	61,236703	61,434668	61,034727	61,339796	43,130326	41,094303	42,080566	41,288912	41,640937	41,171801	41,087276	42,114940	42,082742	42,237428	99,978757	99,984276	61,593157	61,671370	61,603653	62,002003	100,017369	99,995643	41,723302	41,738480	41,698039
789,00	41,880244	61,285871	61,425018	61,931103	61,486268	60,842156	61,839199	61,278462	61,438215	61,038738	61,385995	43,168214	41,134110	42,112729	41,295660	41,645804	41,214696	41,123226	42,166126	42,114937	42,247450	100,042057	99,999166	61,630839	61,673260	61,634994	62,078381	100,044513	100,080502	41,743758	41,768542	41,706693
790,00	41,895121	61,338091	61,416745	61,974698	61,481398	60,845548	61,844677	61,298263	61,438954	61,040241	61,361676	43,211490	41,177997	42,156765	41,329780	41,704288	41,259429	41,133448	42,188877	42,140925	42,252687	100,108969	99,999517	61,643022	61,667669	61,655730	62,042063	100,053430	100,086737	41,775468	41,797271	41,747013
791,00	41,903386	61,371458	61,443770	62,001127	61,553472	60,846269	61,874300	61,298156	61,498851	61,099440	61,436009	43,196642	41,203618	42,161000	41,336110	41,697982	41,239846	41,154182	42,222789	42,177305	42,273831	100,099087	100,019526	61,706167	61,648798	61,703032	62,111497	99,997276	100,072002	41,774857	41,827434	41,752514
792,00	41,930822	61,395323	61,460161	62,016940	61,569035	60,833478	61,950284	61,326838	61,540323	61,115831	61,482495	43,182820	41,233101	42,160249	41,373754	41,710189	41,229054	41,163296	42,218441	42,217457	42,303097	100,115538	100,038290	61,745924	61,678457	61,769170	62,114561	99,980432	100,021088	41,792706	41,862071	41,790828
793,00	41,970193	61,401004	61,441779	62,034100	61,593115	60,854769	61,953282	61,346889	61,536133	61,148489	61,512280	43,192402	41,267791	42,197415	41,416240	41,692081	41,238087	41,193256	42,230770	42,273006	42,349315	100,079370	100,005424	61,773497	61,704612	61,800414	62,167913	99,968070	100,022364	41,826344	41,905412	41,814834
794,00	42,012000	61,396587	61,522287	62,044859	61,604673	60,862917	61,951250	61,321169	61,539972	61,101329	61,499494	43,236881	41,301969	42,256039	41,433394	41,715932	41,294932	41,228673	42,265928	42,301881	42,360932	100,036097	100,015628	61,742884	61,736512	61,742979	62,185496	100,030982	100,030911	41,859731	41,921204	41,845462
795,00	42,041987	61,406475	61,501145	62,052894	61,566859	60,896772	61,842680	61,328065	61,506289	61,137480	61,456984	43,279934	41,328168	42,305669	41,452667	41,732678	41,318148	41,250923	42,319870	42,306584	42,376918	100,025702	99,940282	61,743474	61,687136	61,740351	62,173641	100,015402	99,997437	41,855693	41,922382	41,853714
796,00	42,017499	61,426687	61,571687	62,062150	61,565012	60,904306	61,850721	61,320865	61,536801	61,127448	61,469847	43,294162	41,324073	42,297813	41,458678	41,765827	41,315305	41,290966	42,348757	42,310944	42,362851	99,996191	99,947959	61,732394	61,724520	61,717862	62,163281	100,022602	99,978518	41,853595	41,914737	41,859677
797,00	42,037675	61,491889	61,537063	62,112635	61,551464	60,934675	61,862534	61,370927	61,520028	61,211240	61,479098	43,303898	41,349414	42,293048	41,489747	41,790965	41,330242	41,316456	42,359105	42,302078	42,397258	100,120234	99,966347	61,796570	61,757380	61,758047	62,155896	99,948293	100,007784	41,872907	41,930583	41,876987
798,00	42,044437	61,507213	61,605382	62,125075	61,609787	60,953587	61,949652	61,367840	61,589783	61,182982	61,527598	43,315816	41,337690	42,299357	41,527280	41,829622	41,341382	41,336307	42,367417	42,325908	42,414430	100,137067	100,027955	61,820221	61,845213	61,759675	62,172848	99,951053	100,002551	41,932163	41,950229	41,904172
799,00	42,054912	61,493254	61,631387	62,141645	61,686248	60,984600	62,032866	61,386180	61,652899	61,193252	61,591673	43,377972	41,371658	42,336175	41,553098	41,887090	41,382301	41,350430	42,388654	42,348713	42,460147	100,168848	100,100589	61,835504	61,875743	61,780959	62,251425	99,970514	100,008512	41,976833	41,983196	41,956821
800,00	42,029506	61,445332	61,668319	62,118226	61,755514	60,986006	62,085664	61,367631	61,729079	61,152941	61,633366	43,430847	41,380620	42,367625	41,582173	41,949126	41,401371	41,369906	42,412305	42,391482	42,472675	100,111306	100,126672	61,812288	61,887056	61,779523	62,292886	100,046968	99,979329	42,008671	41,996887	42,019603
