Wavelength nm.	FUN_Leitura_T_Branco_2	FUN_Leitura_T_Branco_2_ext	FUN_Amostra_R_010_MAI2025	FUN_Amostra_R_010_MAI2025_ext	FUN_Amostra_R_011_MAI2025	FUN_Amostra_R_011_MAI2025_ext	FUN_Amostra_R_012_MAI2025	FUN_Amostra_R_012_MAI2025_ext	FUN_Amostra_R_013_MAI2025	FUN_Amostra_R_013_MAI2025_ext	FUN_Amostra_R_014_MAI2025	FUN_Amostra_R_014_MAI2025_ext	FUN_Amostra_T_010_MAI2025	FUN_Amostra_T_010_MAI2025_ext	FUN_Amostra_T_011_MAI2025	FUN_Amostra_T_011_MAI2025_ext	FUN_Amostra_T_012_MAI2025	FUN_Amostra_T_012_MAI2025_ext	FUN_Amostra_T_013_MAI2025	FUN_Amostra_T_013_MAI2025_ext	FUN_Amostra_T_014_MAI2025	FUN_Amostra_T_014_MAI2025_ext	FUN_Leitura_R_Ar_1	FUN_Leitura_R_Ar_1_ext	FUN_Leitura_R_Branco_1	FUN_Leitura_R_Branco_1_ext	FUN_Leitura_R_Branco_2	FUN_Leitura_R_Branco_2_ext	FUN_Leitura_T_Ar_1	FUN_Leitura_T_Ar_1_ext	FUN_Leitura_T_Branco_1	FUN_Leitura_T_Branco_1_ext
220,00	2,118617	2,215272	18,841510	25,314277	14,460625	22,867332	11,413176	20,365860	11,896981	18,835844	9,842700	13,867246	1,493060	1,339390	1,072885	1,395251	0,816038	1,238610	0,560389	1,010200	0,392099	0,817195	100,046003	99,770623	35,821396	35,544953	35,941547	35,741818	100,174189	99,711281	2,179057	2,245724
221,00	2,129535	2,219387	18,965906	25,433502	14,546688	22,944321	11,477292	20,470987	11,982944	18,863119	9,862070	13,886897	1,519278	1,350635	1,083249	1,402381	0,831752	1,249857	0,554977	1,000929	0,397949	0,818501	100,007200	99,891579	35,766497	35,566163	35,952076	35,730758	100,117648	99,735594	2,171687	2,260420
222,00	2,146415	2,222141	19,129431	25,610566	14,679109	23,100092	11,554835	20,585729	12,095027	18,938874	9,878371	13,902245	1,544761	1,365443	1,100062	1,409238	0,859493	1,261194	0,555381	1,002490	0,399197	0,821682	100,067139	99,993688	35,766089	35,500225	36,020306	35,757864	100,142801	99,736655	2,171175	2,266724
223,00	2,178013	2,256764	19,328249	25,680277	14,808591	23,167628	11,673724	20,632033	12,161105	18,938498	9,937085	13,918199	1,577258	1,366787	1,111745	1,405308	0,890505	1,273643	0,562233	1,018031	0,411203	0,809442	100,257409	99,941528	35,771739	35,496137	36,021686	35,737455	100,199223	99,963868	2,194263	2,293026
224,00	2,178774	2,266783	19,470781	25,798365	14,930801	23,313774	11,790561	20,714666	12,187756	18,993765	9,951535	13,927586	1,592146	1,380020	1,123354	1,431610	0,917582	1,293292	0,575655	1,031313	0,414528	0,816149	100,091648	99,969554	35,859784	35,471478	35,993758	35,776395	100,146663	99,970633	2,222816	2,300679
225,00	2,191196	2,290475	19,622208	25,914115	15,044460	23,376845	11,958469	20,820338	12,206533	18,977582	9,944087	13,950168	1,620786	1,397686	1,139744	1,459252	0,933724	1,327335	0,589815	1,025961	0,420347	0,820224	99,943930	100,032198	35,871491	35,645139	35,920089	35,804513	100,043964	100,070095	2,248681	2,324701
226,00	2,193184	2,307897	19,774492	25,958616	15,180209	23,495606	12,088519	20,915717	12,236255	19,022901	9,956281	13,973857	1,625287	1,413478	1,155441	1,476113	0,948699	1,356747	0,599027	1,016452	0,419035	0,843688	99,864012	99,993128	35,958838	35,727987	35,963672	35,919631	99,818611	100,077581	2,261708	2,364637
227,00	2,234558	2,349139	19,946513	26,091003	15,336612	23,620223	12,208518	21,052897	12,305944	19,103846	9,986936	13,998361	1,653053	1,442260	1,170123	1,486194	0,958032	1,380226	0,604899	1,022801	0,416918	0,850769	100,044322	99,946070	36,011946	35,856828	36,086178	36,006147	99,771535	100,223088	2,290986	2,398867
228,00	2,273820	2,360725	20,155945	26,228613	15,489623	23,818293	12,306138	21,193796	12,376142	19,246985	10,066512	14,026023	1,658581	1,475211	1,172709	1,514689	0,964086	1,405494	0,603971	1,042781	0,422619	0,853956	100,064456	99,866140	36,175227	35,960403	36,215541	36,123988	99,636960	100,182128	2,314699	2,438941
229,00	2,318697	2,399424	20,358424	26,437294	15,629113	23,998056	12,433747	21,320477	12,403335	19,359179	10,092827	14,049348	1,676969	1,505569	1,175041	1,556592	0,964843	1,437460	0,607369	1,077616	0,428367	0,866138	100,063419	99,842721	36,255482	36,070102	36,389184	36,185023	99,916655	100,016069	2,343552	2,469638
230,00	2,367696	2,424748	20,570658	26,661202	15,787405	24,216065	12,521300	21,537691	12,455920	19,457935	10,113933	14,113101	1,675401	1,536475	1,159729	1,600153	0,952132	1,467773	0,609389	1,108444	0,435540	0,889794	99,941069	100,029349	36,411008	36,250061	36,477116	36,356425	99,898458	99,982077	2,393229	2,506007
231,00	2,400382	2,480424	20,743881	26,818690	15,997684	24,418509	12,668487	21,708918	12,518601	19,527556	10,135246	14,176010	1,691213	1,562481	1,132802	1,635713	0,922244	1,506518	0,615592	1,131430	0,440141	0,920712	100,077212	100,074339	36,593482	36,430618	36,698949	36,492267	99,883753	100,107753	2,456659	2,538609
232,00	2,430918	2,531781	20,966981	27,006030	16,222987	24,626039	12,785263	21,858534	12,614365	19,607557	10,180004	14,259808	1,686276	1,598317	1,110782	1,669890	0,880159	1,533279	0,618215	1,155469	0,451803	0,940925	100,193238	99,995303	36,849549	36,594096	36,849129	36,683169	99,643779	100,113320	2,519095	2,591706
233,00	2,478941	2,578233	21,129456	27,101174	16,405356	24,750677	12,936036	21,980372	12,686938	19,659881	10,205701	14,261538	1,692765	1,632720	1,087662	1,706818	0,849363	1,574957	0,620789	1,167282	0,460451	0,963803	100,261497	99,772280	37,053514	36,769363	37,058529	36,841801	99,605346	99,941385	2,557021	2,640362
234,00	2,546380	2,640045	21,340209	27,330980	16,574326	24,898987	13,085636	22,140661	12,756614	19,711104	10,226141	14,307331	1,685639	1,682317	1,070203	1,751100	0,822506	1,618083	0,614342	1,207060	0,472649	0,988526	100,113857	99,875498	37,152523	36,878815	37,168989	37,009808	99,691993	99,815297	2,608931	2,704381
235,00	2,615405	2,693581	21,520685	27,549148	16,706461	25,076240	13,204415	22,324921	12,824205	19,826400	10,243585	14,352363	1,692730	1,729736	1,043797	1,791140	0,795185	1,661531	0,615688	1,233482	0,482052	1,011272	100,051606	100,027966	37,300283	37,078649	37,297410	37,214297	99,911779	99,813050	2,650463	2,763367
236,00	2,676040	2,752346	21,729437	27,788499	16,866373	25,260603	13,353623	22,438452	12,876928	19,931574	10,270324	14,450423	1,697273	1,765579	1,022684	1,838984	0,759178	1,714373	0,614926	1,264521	0,496736	1,030927	100,104558	100,122881	37,425980	37,248844	37,450039	37,384349	100,063694	99,999398	2,721318	2,846838
237,00	2,735965	2,810037	21,907522	27,968049	17,026927	25,452676	13,462493	22,592926	12,888835	20,036359	10,273253	14,522569	1,716742	1,803993	1,004242	1,868540	0,735184	1,759823	0,624901	1,280655	0,510573	1,046183	99,917543	100,147295	37,562945	37,505427	37,624374	37,607509	100,094092	100,033391	2,772668	2,912892
238,00	2,786792	2,882046	22,027232	28,130448	17,221381	25,589269	13,598445	22,674136	12,921581	20,115839	10,283791	14,580257	1,743562	1,833826	0,991692	1,928904	0,720111	1,812522	0,629865	1,304679	0,527471	1,066255	99,803263	100,130248	37,731767	37,676847	37,765610	37,760544	100,078845	100,017703	2,852605	2,985309
239,00	2,854094	2,958942	22,199890	28,300515	17,356437	25,750554	13,746743	22,822054	12,958775	20,181739	10,309315	14,614345	1,772668	1,893642	0,996120	1,982645	0,708334	1,849288	0,643067	1,345155	0,536526	1,089191	99,697667	100,182521	37,901902	37,809935	37,954068	37,916651	100,071704	100,030673	2,926314	3,046805
240,00	2,920977	3,021969	22,406095	28,464073	17,506500	25,894448	13,870384	22,978674	13,025895	20,278019	10,353534	14,632881	1,792454	1,940639	0,998205	2,044912	0,698065	1,893767	0,651604	1,376684	0,549884	1,124631	99,990082	100,151181	38,188416	37,969115	38,165462	38,057613	100,185907	100,010252	3,005055	3,119529
241,00	3,001815	3,104851	22,545664	28,668752	17,615473	26,076788	13,970806	23,139161	13,067527	20,349035	10,371919	14,683017	1,817460	2,003529	1,008229	2,097172	0,690475	1,943116	0,662474	1,414853	0,560010	1,152543	100,023615	100,184989	38,306138	38,179675	38,370988	38,278386	100,107479	100,069284	3,085535	3,193047
242,00	3,069867	3,187045	22,677095	28,824684	17,753153	26,245454	14,021093	23,261827	13,097253	20,436408	10,388298	14,753243	1,836202	2,050628	1,010927	2,145200	0,684780	1,993724	0,672592	1,443615	0,575894	1,188281	100,050688	100,120401	38,493884	38,379505	38,574108	38,443661	100,082314	99,973267	3,158836	3,269580
243,00	3,151423	3,284822	22,739914	28,960776	17,808995	26,397973	14,045309	23,339239	13,126576	20,510103	10,400543	14,775860	1,889871	2,114084	1,023160	2,204870	0,686605	2,043013	0,682351	1,487839	0,584125	1,215399	99,929589	100,043118	38,592491	38,507357	38,704997	38,573655	100,062799	99,918211	3,256414	3,350574
244,00	3,242926	3,367054	22,886139	29,066613	17,874750	26,491678	14,079361	23,484674	13,181874	20,592165	10,442398	14,827652	1,923022	2,176775	1,042400	2,260318	0,687384	2,098375	0,696434	1,526697	0,595308	1,255646	99,936891	99,974304	38,796067	38,656339	38,861999	38,745910	100,033391	99,980837	3,329944	3,435536
245,00	3,338393	3,455802	22,966146	29,245558	17,887835	26,643622	14,123273	23,620878	13,197619	20,662363	10,471616	14,858361	1,970538	2,237100	1,062192	2,326696	0,691056	2,160366	0,713698	1,568742	0,611032	1,275931	99,891502	100,022709	38,955936	38,827485	39,010480	38,955426	100,070155	99,983275	3,431337	3,527579
246,00	3,439237	3,550191	23,050898	29,439086	17,924686	26,810670	14,163525	23,799296	13,224852	20,771778	10,499196	14,955527	2,001218	2,298125	1,085844	2,396136	0,698936	2,229510	0,734436	1,605727	0,628426	1,306778	99,901575	100,018656	39,158204	39,026338	39,179063	39,203626	99,981725	99,938989	3,511086	3,623165
247,00	3,540796	3,655400	23,112680	29,673040	17,965031	27,055842	14,190875	23,955627	13,239746	20,901346	10,512508	15,044442	2,048539	2,364353	1,106897	2,464646	0,716969	2,302795	0,757344	1,645857	0,649187	1,343963	99,978608	100,059915	39,401439	39,216459	39,375123	39,390561	99,971735	99,881554	3,608806	3,720163
248,00	3,640199	3,774329	23,206124	29,834634	18,011354	27,245402	14,196381	24,145071	13,290536	21,028879	10,522281	15,105954	2,110770	2,442345	1,137257	2,550150	0,737050	2,385395	0,774872	1,703684	0,668682	1,382031	100,092280	100,034893	39,647925	39,462757	39,595103	39,598477	99,950844	99,924856	3,699655	3,833583
249,00	3,751433	3,901754	23,265620	30,067265	18,041265	27,426383	14,206257	24,253525	13,340178	21,145438	10,537893	15,179121	2,171423	2,527822	1,173782	2,629137	0,752062	2,457312	0,795416	1,763490	0,687064	1,427416	100,085485	100,056005	39,861402	39,707378	39,817965	39,794660	99,943292	100,071108	3,827615	3,952733
250,00	3,869299	4,020134	23,372039	30,299917	18,084103	27,581817	14,245552	24,405096	13,368019	21,220940	10,553380	15,216291	2,245385	2,616247	1,201445	2,710842	0,766877	2,527511	0,823571	1,824526	0,711332	1,468909	100,061536	100,027096	40,052181	39,951649	40,113342	40,021765	99,989229	100,061464	3,957653	4,081852
251,00	3,992518	4,138469	23,468442	30,512109	18,148476	27,780905	14,274286	24,520323	13,413213	21,339852	10,590215	15,313675	2,314018	2,708189	1,237504	2,783839	0,784765	2,606983	0,851888	1,877214	0,734491	1,525280	99,933374	100,041234	40,244052	40,237939	40,358561	40,319270	99,987608	99,987578	4,090703	4,210977
252,00	4,116548	4,271965	23,588537	30,744970	18,193136	27,991715	14,278530	24,715711	13,460633	21,460007	10,620284	15,398639	2,384480	2,798575	1,273800	2,875465	0,806145	2,699473	0,882071	1,939051	0,763449	1,578004	99,934024	100,091243	40,527278	40,510944	40,653974	40,659037	99,992979	99,892050	4,217284	4,338919
253,00	4,265175	4,410711	23,679763	30,963933	18,226029	28,229925	14,295113	24,923220	13,545482	21,637870	10,655954	15,485603	2,463520	2,897091	1,327675	2,982665	0,833126	2,799372	0,912900	2,019680	0,785904	1,628538	99,891502	100,143409	40,871611	40,822834	40,909818	40,993121	100,054693	99,849731	4,357837	4,477809
254,00	4,422398	4,562101	23,770271	31,255800	18,265997	28,456819	14,305776	25,138450	13,621961	21,778895	10,685883	15,554437	2,539806	3,003260	1,372710	3,095078	0,860291	2,894981	0,947268	2,104232	0,807642	1,687429	99,867159	100,117946	41,185543	41,112447	41,192272	41,273209	100,053740	99,836570	4,510139	4,631184
255,00	4,586319	4,727575	23,888031	31,547597	18,347678	28,693837	14,334647	25,339729	13,689151	21,973458	10,713210	15,643150	2,624747	3,124159	1,424704	3,220534	0,884829	3,002276	0,992933	2,191132	0,832488	1,759904	99,861389	100,077367	41,529667	41,444886	41,513318	41,549245	100,075579	99,916750	4,664159	4,817024
256,00	4,749619	4,912058	23,994425	31,811860	18,440698	28,933105	14,331771	25,498196	13,755752	22,129831	10,763890	15,758935	2,713718	3,263338	1,469346	3,344433	0,903709	3,113312	1,031323	2,274906	0,860423	1,842379	99,921972	100,008404	41,860539	41,803905	41,832799	41,883624	100,053906	99,998415	4,845129	5,015342
257,00	4,943449	5,102944	24,090935	32,105842	18,487433	29,195020	14,360993	25,725791	13,818288	22,341271	10,843971	15,884693	2,813478	3,401960	1,519622	3,483135	0,920121	3,244620	1,073926	2,367851	0,899183	1,921747	99,975669	99,971628	42,310861	42,169771	42,205209	42,240036	100,046182	100,041068	5,021194	5,204970
258,00	5,137568	5,301687	24,172308	32,352191	18,500319	29,465935	14,381897	25,996307	13,884166	22,500937	10,936382	15,987796	2,912092	3,533226	1,564633	3,618090	0,945192	3,367355	1,114250	2,462097	0,942371	1,990449	99,899966	99,950659	42,670116	42,525411	42,559186	42,637372	100,022888	99,992430	5,222867	5,404603
259,00	5,339760	5,502963	24,322455	32,695702	18,574324	29,768047	14,419159	26,293916	13,963810	22,720583	11,017751	16,129616	3,008110	3,675028	1,620420	3,782692	0,973670	3,521348	1,163366	2,572891	0,984066	2,066976	99,881226	99,976385	43,104431	42,978215	43,028569	43,057424	99,984306	99,949956	5,422139	5,627668
260,00	5,555162	5,717958	24,466592	33,059812	18,656254	30,089894	14,458306	26,536918	14,061138	22,924027	11,093155	16,262144	3,114181	3,825582	1,675889	3,948412	1,005006	3,657902	1,213002	2,679331	1,024456	2,141576	99,946833	100,009012	43,536374	43,428311	43,490589	43,494540	100,025463	99,950469	5,651714	5,856238
261,00	5,787136	5,940771	24,638137	33,422542	18,743715	30,399582	14,505942	26,757094	14,152320	23,142645	11,150860	16,400602	3,224806	3,990283	1,739435	4,124082	1,035982	3,816519	1,256835	2,799643	1,063013	2,232357	99,973059	99,996465	43,995205	43,888539	43,957490	43,932939	100,071979	99,985540	5,890772	6,098141
262,00	6,032544	6,193617	24,788979	33,787984	18,816254	30,713946	14,543042	27,010906	14,246246	23,360994	11,230067	16,535418	3,342555	4,169809	1,802992	4,291754	1,076371	3,966105	1,301221	2,916285	1,111468	2,316741	100,023127	99,917549	44,479647	44,290158	44,439653	44,394740	100,149226	99,970496	6,142521	6,326984
263,00	6,279311	6,455033	24,986771	34,143016	18,905291	31,019491	14,586399	27,326617	14,349960	23,617548	11,269492	16,675873	3,466779	4,370766	1,864797	4,465585	1,116906	4,143497	1,351947	3,032137	1,157627	2,418950	100,096464	99,861205	44,896317	44,710323	44,920745	44,871601	100,109303	99,952734	6,401401	6,574000
264,00	6,546652	6,720176	25,159621	34,536812	19,039869	31,384027	14,634041	27,655736	14,463630	23,892272	11,350898	16,845426	3,601676	4,563735	1,928293	4,651636	1,156360	4,321898	1,415365	3,161437	1,207581	2,514074	100,175083	99,909484	45,420820	45,192623	45,466202	45,376924	100,123143	99,927694	6,658018	6,834194
265,00	6,828290	7,006080	25,343072	34,917572	19,136928	31,760314	14,701357	27,970895	14,550142	24,138239	11,430932	17,018361	3,728708	4,758390	1,993060	4,862755	1,178857	4,502543	1,476126	3,291226	1,257281	2,621154	100,134730	99,969363	45,911968	45,725659	45,962602	45,907399	100,024509	99,963903	6,922805	7,122654
266,00	7,123222	7,319179	25,533393	35,341489	19,282682	32,133174	14,764920	28,281301	14,656566	24,373871	11,558731	17,198350	3,850849	4,967270	2,072729	5,073282	1,207469	4,687577	1,539940	3,442373	1,316006	2,733250	100,111210	99,994731	46,513560	46,250734	46,564588	46,413285	100,041938	100,014484	7,210651	7,443059
267,00	7,442074	7,639305	25,745177	35,768330	19,411451	32,487029	14,824596	28,591958	14,754528	24,619371	11,654679	17,404161	3,998691	5,206561	2,149006	5,300622	1,237958	4,891005	1,598981	3,601683	1,373487	2,859285	100,070930	99,858421	47,108123	46,851441	47,112262	46,984956	99,996161	100,024688	7,517700	7,765244
268,00	7,772444	7,954964	25,911117	36,198792	19,513875	32,842422	14,892310	28,967562	14,895645	24,888052	11,739942	17,562805	4,160455	5,448301	2,229350	5,530467	1,279474	5,112842	1,670649	3,766595	1,428567	2,995397	99,984461	99,824804	47,656429	47,384503	47,677886	47,484893	100,072765	100,033569	7,853615	8,113061
269,00	8,098819	8,284751	26,108924	36,635724	19,645195	33,248973	14,978127	29,279563	15,025975	25,180638	11,819356	17,764802	4,330216	5,680946	2,308389	5,777229	1,329081	5,333876	1,745954	3,934141	1,476020	3,128025	99,948066	99,856329	48,235169	48,003009	48,229966	48,116958	100,037050	100,068998	8,186572	8,450294
270,00	8,436227	8,638873	26,340720	37,093318	19,782297	33,667296	15,095589	29,670677	15,146121	25,468379	11,894938	17,933388	4,504951	5,941826	2,405208	6,024485	1,389255	5,567165	1,826230	4,099216	1,540977	3,266057	99,944067	99,978036	48,800173	48,581392	48,811725	48,685199	100,091851	100,045466	8,543967	8,807975
271,00	8,781175	9,015781	26,670060	37,607849	20,014468	34,121785	15,240307	30,027765	15,273097	25,780311	12,005772	18,151727	4,709565	6,206909	2,518458	6,289459	1,463203	5,795787	1,904469	4,270259	1,607660	3,405485	100,045049	100,000763	49,432814	49,209026	49,433795	49,314380	100,076520	100,070453	8,906277	9,182190
272,00	9,160595	9,400014	26,982120	38,103798	20,207591	34,559250	15,374061	30,421180	15,402073	26,080057	12,090185	18,340738	4,930890	6,507082	2,644133	6,564218	1,544671	6,055391	1,994437	4,459613	1,684821	3,553974	99,980092	100,014913	50,027078	49,834168	49,988115	49,942455	100,061381	100,012672	9,285559	9,593222
273,00	9,545564	9,797210	27,303201	38,613155	20,438953	34,977889	15,517332	30,780306	15,591705	26,435527	12,212817	18,553473	5,154923	6,776689	2,785649	6,866051	1,633037	6,300162	2,089670	4,644158	1,754010	3,707173	99,931860	100,004733	50,633574	50,434291	50,590849	50,559574	99,970484	100,052273	9,686632	10,012127
274,00	9,947208	10,196093	27,611840	39,125842	20,692852	35,396111	15,664512	31,165528	15,775874	26,755366	12,306691	18,775934	5,378905	7,071503	2,932666	7,152083	1,726868	6,585024	2,191794	4,836338	1,826378	3,861289	99,906468	100,015461	51,274550	51,084393	51,224923	51,224971	99,934328	99,988729	10,085773	10,416152
275,00	10,360259	10,612678	27,955705	39,644662	20,963252	35,819584	15,842503	31,570822	15,943258	27,105612	12,431060	19,002020	5,624159	7,355422	3,087338	7,452874	1,818282	6,840491	2,283174	5,028557	1,903816	4,008779	100,006640	99,987185	51,961446	51,732928	51,917934	51,809931	99,922049	100,012636	10,516868	10,813045
276,00	10,795856	11,041310	28,288135	40,152755	21,215589	36,301357	16,027553	31,962121	16,100481	27,416474	12,567799	19,211301	5,874696	7,678005	3,232323	7,748331	1,905910	7,125717	2,387598	5,252957	1,987854	4,166160	100,011635	100,019169	52,626306	52,417552	52,600801	52,523470	99,965453	100,001299	10,938583	11,247082
277,00	11,273102	11,487617	28,658593	40,595791	21,421875	36,732396	16,199467	32,298493	16,240492	27,716437	12,663129	19,386032	6,121799	8,006345	3,388329	8,091579	1,991129	7,404911	2,491232	5,477168	2,073607	4,334441	100,034142	99,949121	53,284532	53,053880	53,264147	53,104401	99,992853	100,052857	11,404896	11,707124
278,00	11,723386	11,940715	28,964204	41,091508	21,646704	37,222308	16,371866	32,700023	16,407236	28,023887	12,788768	19,609955	6,352158	8,350001	3,535669	8,427697	2,077033	7,719790	2,589078	5,698627	2,151025	4,527262	99,951684	100,045407	53,935182	53,746295	53,909105	53,858137	100,008631	100,080371	11,813624	12,182608
279,00	12,168826	12,391541	29,274863	41,565377	21,883865	37,687892	16,542259	33,107087	16,566080	28,370544	12,879270	19,840392	6,585411	8,681649	3,697603	8,760642	2,172942	8,010942	2,682934	5,902588	2,223751	4,710910	99,887413	100,017679	54,589581	54,407078	54,532701	54,532373	100,011802	100,127530	12,259864	12,669294
280,00	12,602459	12,833184	29,593766	42,147556	22,142944	38,188782	16,723204	33,533084	16,749468	28,722131	13,015445	20,088522	6,837330	9,008826	3,852821	9,083162	2,270478	8,304409	2,796333	6,106787	2,318745	4,893859	99,814516	100,139081	55,299318	55,103832	55,195498	55,283827	99,974996	100,087285	12,690395	13,136846
281,00	13,068318	13,318644	29,962251	42,615196	22,432479	38,602117	16,923565	33,878192	16,906703	29,073659	13,128595	20,286590	7,120737	9,355237	4,031561	9,419750	2,383713	8,604128	2,921288	6,335321	2,407665	5,066586	99,845093	100,030649	55,976355	55,738664	55,837291	55,888730	99,939263	100,050628	13,196155	13,639595
282,00	13,575605	13,790277	30,395845	43,135113	22,721906	39,044225	17,159088	34,243953	17,065240	29,339820	13,280350	20,512004	7,432993	9,718578	4,224863	9,777993	2,515282	8,929153	3,052818	6,575283	2,511434	5,245945	99,901801	99,928045	56,697667	56,362170	56,559896	56,501728	99,935770	100,075805	13,679379	14,118688
283,00	14,054416	14,292139	30,831069	43,621838	23,096718	39,439619	17,412902	34,613186	17,224763	29,678512	13,420577	20,722695	7,762689	10,090373	4,441814	10,125913	2,667409	9,227058	3,172810	6,823238	2,594724	5,429719	99,995309	99,829626	57,343602	56,953949	57,251376	57,104504	99,899542	100,081897	14,170635	14,625067
284,00	14,571437	14,773911	31,323192	44,176427	23,469116	39,902183	17,693016	35,082188	17,423883	30,025008	13,552417	20,961843	8,122050	10,465793	4,706741	10,473203	2,856337	9,540517	3,310308	7,075808	2,693924	5,625512	100,038695	99,919736	58,024478	57,595032	57,912737	57,814002	99,923134	100,092137	14,654121	15,090925
285,00	15,028988	15,277615	31,845465	44,707090	23,918360	40,359706	18,011625	35,515812	17,655398	30,410975	13,665010	21,196581	8,501236	10,819860	4,976581	10,803445	3,073864	9,826402	3,455267	7,320536	2,786257	5,810677	100,062084	100,058544	58,646685	58,290517	58,512282	58,530408	99,900484	99,978417	15,147033	15,595071
286,00	15,520583	15,743393	32,423118	45,145878	24,368902	40,830779	18,381311	35,923061	17,884958	30,723569	13,787681	21,455872	8,890420	11,158498	5,271697	11,173710	3,327458	10,165017	3,612641	7,572376	2,888962	6,021898	100,062037	100,158572	59,296417	58,978552	59,145284	59,217852	99,928892	100,015080	15,625052	16,067930
287,00	15,971726	16,219459	33,016804	45,625836	24,857254	41,284412	18,786561	36,255521	18,095522	31,037328	13,919370	21,680230	9,299985	11,496846	5,561791	11,525311	3,581695	10,473701	3,761002	7,814114	2,995715	6,212589	100,136745	100,162756	59,944826	59,607685	59,826076	59,790617	100,005352	99,980736	16,093025	16,565046
288,00	16,460189	16,673218	33,590221	46,093965	25,381532	41,675889	19,200321	36,579478	18,279578	31,339172	14,046025	21,893735	9,706273	11,857659	5,895116	11,880246	3,844354	10,812436	3,907453	8,067495	3,093247	6,409752	100,224531	100,080049	60,564494	60,163110	60,435140	60,341239	100,053716	100,047445	16,559644	17,028524
289,00	16,934027	17,134550	34,160864	46,565124	25,873521	42,086610	19,603708	36,934203	18,501869	31,696311	14,172968	22,113900	10,118587	12,241356	6,237881	12,186752	4,123074	11,115935	4,050975	8,317848	3,191806	6,587160	100,140500	100,026751	61,144376	60,728037	60,987550	60,892642	100,038159	100,006139	17,005201	17,516260
290,00	17,404142	17,569114	34,741822	47,012436	26,372123	42,478889	20,004708	37,280831	18,714891	31,991062	14,298987	22,316131	10,519994	12,607746	6,583273	12,497337	4,419155	11,414950	4,199358	8,561801	3,289021	6,772391	99,995422	99,992394	61,637509	61,279511	61,531222	61,437613	99,992454	99,979979	17,469625	18,013094
291,00	17,872892	18,049286	35,298675	47,456086	26,886785	42,840222	20,425837	37,619451	18,945836	32,297957	14,414190	22,528671	10,923791	12,986039	6,924067	12,841657	4,712494	11,731078	4,355333	8,816696	3,388585	6,989351	99,975747	100,110006	62,209988	61,827499	62,115163	61,956805	99,954683	100,006092	17,937617	18,508096
292,00	18,348148	18,543597	35,843197	47,915736	27,418745	43,197784	20,854586	37,953392	19,126852	32,567745	14,538354	22,702326	11,327869	13,346039	7,258612	13,196312	5,012278	12,027396	4,510731	9,065625	3,492907	7,175926	99,966300	100,054026	62,742019	62,331390	62,628454	62,431914	99,971884	100,017858	18,397966	18,955953
293,00	18,815336	19,003820	36,411473	48,356304	27,973428	43,564975	21,322137	38,254341	19,341072	32,874125	14,662747	22,942582	11,719602	13,683471	7,595625	13,541171	5,312831	12,354457	4,666826	9,306879	3,597407	7,367861	99,926150	100,004590	63,313723	62,874246	63,132191	62,965381	100,009942	99,978209	18,845358	19,392863
294,00	19,279513	19,431646	36,971414	48,730606	28,485098	43,979400	21,744192	38,609678	19,522859	33,182475	14,794907	23,148154	12,125024	14,013427	7,913073	13,860685	5,617118	12,596279	4,809192	9,531337	3,711037	7,536390	99,885803	99,967676	63,797772	63,364017	63,635683	63,481295	100,052512	99,893469	19,282056	19,840454
295,00	19,702059	19,855402	37,498760	49,122679	29,006201	44,369069	22,174169	38,915905	19,693796	33,512801	14,929521	23,369303	12,497699	14,343196	8,226586	14,188683	5,895235	12,880613	4,963186	9,762067	3,801192	7,728241	99,901497	100,001299	64,276469	63,868487	64,101619	63,981766	100,030220	99,875891	19,745202	20,308901
296,00	20,152383	20,278640	38,012326	49,564880	29,520416	44,756231	22,553553	39,274746	19,880766	33,799064	15,048376	23,592214	12,848243	14,686325	8,523770	14,532349	6,160944	13,145839	5,126452	9,999277	3,892902	7,914739	99,906576	100,040686	64,745271	64,336830	64,572912	64,502740	100,030088	99,936152	20,187928	20,754595
297,00	20,575975	20,708098	38,531315	49,967632	30,013457	45,059124	22,957939	39,589992	20,107067	34,072158	15,177418	23,780966	13,186641	15,012528	8,819342	14,864931	6,419913	13,464782	5,286111	10,252496	3,977288	8,110333	99,909490	99,894261	65,225494	64,801288	65,017164	64,957106	99,989676	100,043750	20,587119	21,188395
298,00	20,988718	21,114020	39,066386	50,350231	30,463135	45,389789	23,357458	39,947018	20,333391	34,299588	15,307128	23,994425	13,520034	15,331563	9,091833	15,144826	6,670154	13,752456	5,431614	10,481921	4,084129	8,304760	99,982119	99,903405	65,668023	65,287191	65,530616	65,435404	99,994230	100,036216	20,976804	21,592420
299,00	21,372041	21,488801	39,520904	50,657797	30,854544	45,690465	23,729406	40,265152	20,527184	34,576434	15,424092	24,163932	13,843212	15,653169	9,359432	15,428701	6,925057	14,019313	5,563229	10,722920	4,186273	8,488276	99,976617	99,920523	66,093612	65,670145	65,939635	65,810847	99,930334	100,079966	21,352080	21,998200
300,00	21,724756	21,873330	39,969686	51,021129	31,219131	46,042743	24,094705	40,547970	20,693767	34,887600	15,551694	24,362025	14,118853	15,973313	9,624896	15,701690	7,163622	14,293812	5,699632	10,934067	4,294285	8,659789	100,045776	100,059628	66,530496	66,123277	66,379023	66,198015	99,963737	99,979395	21,741247	22,376059
301,00	22,110382	22,233695	40,344071	51,411593	31,565657	46,375215	24,410386	40,850219	20,853454	35,194361	15,641163	24,562469	14,419110	16,273643	9,886684	16,001147	7,392859	14,552408	5,852709	11,174075	4,387747	8,817512	100,020611	100,113809	66,930330	66,512579	66,786796	66,628349	99,979502	100,026846	22,105676	22,780073
302,00	22,478205	22,648214	40,700722	51,759017	31,877053	46,680492	24,669266	41,090596	20,991153	35,487014	15,781699	24,790755	14,711903	16,574486	10,116214	16,291524	7,608926	14,839862	6,014139	11,396001	4,496232	8,995523	100,065851	100,093305	67,262262	66,914773	67,167032	66,965544	100,030029	100,090539	22,476311	23,147684
303,00	22,850542	22,967756	41,040799	52,102983	32,154477	47,008213	24,898379	41,385773	21,139076	35,740417	15,875618	25,018257	15,015669	16,850775	10,336260	16,554858	7,818313	15,102661	6,168001	11,627139	4,591038	9,162971	99,953765	100,037622	67,562783	67,255819	67,532027	67,381024	100,083196	100,119567	22,840841	23,486677
304,00	23,178299	23,283745	41,347012	52,366453	32,414341	47,337002	25,093880	41,623202	21,318789	35,980570	16,012689	25,189969	15,268837	17,126422	10,556068	16,817421	8,014495	15,346043	6,297246	11,826199	4,700632	9,353273	99,864876	99,961579	67,940056	67,570150	67,809814	67,667353	100,138402	100,080347	23,187399	23,808128
305,00	23,510070	23,576273	41,652316	52,641660	32,679886	47,663119	25,310072	41,937864	21,504164	36,209133	16,135579	25,355256	15,538365	17,393503	10,778564	17,074525	8,181750	15,583517	6,417278	12,021663	4,789163	9,532595	99,797362	99,937844	68,312782	67,883432	68,116808	68,026125	100,165927	100,040317	23,517059	24,138685
306,00	23,855293	23,887238	41,898632	52,957606	32,914582	47,980022	25,489885	42,227477	21,675278	36,465219	16,281033	25,587478	15,762399	17,628984	10,944550	17,328575	8,333022	15,787095	6,543511	12,208270	4,887468	9,691716	99,837679	100,004268	68,670678	68,148267	68,387437	68,316978	100,091243	100,061667	23,814356	24,471197
307,00	24,177587	24,185815	42,168260	53,261423	33,147663	48,232433	25,697148	42,486998	21,851042	36,730942	16,418312	25,825301	15,999995	17,859840	11,123703	17,577179	8,477595	15,994647	6,668658	12,404893	5,001070	9,841187	99,900818	99,992675	68,969202	68,446660	68,739772	68,587458	100,064433	100,039387	24,108496	24,781595
308,00	24,461189	24,489725	42,404446	53,525716	33,337170	48,417994	25,865877	42,721617	22,017710	36,998230	16,527571	26,045007	16,197006	18,135852	11,277173	17,830011	8,618198	16,193970	6,789257	12,622328	5,103186	9,987780	99,991667	99,986959	69,254893	68,675989	69,087058	68,862987	100,041509	100,077176	24,378932	25,081390
309,00	24,712527	24,765252	42,616820	53,701037	33,544910	48,612154	26,014587	42,905629	22,182053	37,177458	16,634567	26,169038	16,415635	18,394400	11,444687	18,067782	8,773346	16,378629	6,899963	12,816148	5,184633	10,146514	99,972039	99,897772	69,508189	68,988001	69,373465	69,118065	99,935973	99,982119	24,654089	25,365806
310,00	24,978387	25,061235	42,824170	53,951144	33,713901	48,849288	26,107880	43,138352	22,325678	37,401500	16,754484	26,363936	16,609915	18,674693	11,592986	18,298444	8,909667	16,613470	7,018566	13,026179	5,264103	10,301549	100,041378	99,975586	69,715822	69,227254	69,614446	69,394875	99,935669	100,074136	24,922025	25,621840
311,00	25,245863	25,282925	42,962039	54,178315	33,871251	49,135754	26,219550	43,347210	22,470064	37,572536	16,843444	26,528588	16,815069	18,864021	11,740845	18,518285	9,049338	16,823387	7,135414	13,183133	5,366622	10,459462	99,991602	99,982691	69,895142	69,437307	69,773000	69,604009	99,954432	100,011754	25,191993	25,887603
312,00	25,456288	25,548148	43,199924	54,391539	33,998150	49,379578	26,380739	43,590283	22,612192	37,796605	16,989569	26,741034	17,000836	19,112305	11,908219	18,711944	9,161332	17,054814	7,246853	13,354698	5,475980	10,617249	99,977183	100,057566	70,094085	69,599128	69,895118	69,818193	100,029600	100,089526	25,411978	26,115179
313,00	25,689629	25,752601	43,389842	54,633844	34,115261	49,666381	26,512244	43,816426	22,753677	37,998700	17,112078	26,884222	17,177595	19,287376	12,044907	18,900231	9,281883	17,248556	7,364693	13,519508	5,564259	10,767621	99,907416	100,031054	70,332390	69,772232	70,045936	69,973701	99,987406	99,951017	25,642738	26,382363
314,00	25,907743	26,004705	43,633297	54,824930	34,244460	49,891612	26,621512	44,029087	22,945984	38,253006	17,284422	27,071351	17,354979	19,507118	12,205727	19,102225	9,397606	17,462192	7,490107	13,701943	5,661701	10,921821	99,925810	99,957132	70,589519	69,984031	70,248657	70,160466	100,025213	99,880338	25,852454	26,630479
315,00	26,136443	26,198944	43,797383	55,123210	34,389159	50,178176	26,708993	44,269520	23,107329	38,460818	17,431097	27,247989	17,538050	19,650577	12,337937	19,335184	9,515782	17,664726	7,632305	13,870990	5,766228	11,071393	100,044405	99,948710	70,763397	70,223504	70,502925	70,327842	100,063252	99,806005	26,064664	26,810935
316,00	26,382184	26,405805	43,882069	55,345702	34,523287	50,408232	26,810175	44,520339	23,256363	38,683662	17,564039	27,461067	17,732015	19,883494	12,472466	19,537032	9,620047	17,838050	7,743906	14,019665	5,874697	11,232190	100,048244	99,983084	70,925742	70,410758	70,695138	70,542562	100,027835	99,930418	26,242346	26,995605
317,00	26,572180	26,565149	43,979022	55,587012	34,643009	50,600296	26,918128	44,753772	23,337901	38,855526	17,688200	27,654257	17,887901	20,048061	12,590367	19,733258	9,718461	17,975825	7,858139	14,184739	5,958582	11,367841	100,122499	100,024593	71,019590	70,580620	70,875710	70,631981	99,849486	99,976599	26,459014	27,145582
318,00	26,805568	26,765773	44,083345	55,769217	34,679386	50,792509	26,969129	44,953111	23,473318	39,093021	17,791788	27,859604	18,048720	20,258583	12,736385	19,911315	9,800844	18,161868	7,964678	14,363235	6,058170	11,510079	100,049770	100,118518	71,142876	70,769155	70,965326	70,748687	99,864954	100,050557	26,669419	27,403626
319,00	26,955482	26,970351	44,254169	55,926299	34,768555	50,897127	27,039430	45,138982	23,649831	39,301196	17,905664	28,061855	18,191507	20,408335	12,851481	20,081477	9,919112	18,359353	8,073807	14,544261	6,158978	11,656840	100,092459	100,072229	71,262991	70,919347	71,071196	70,886141	99,864817	99,983668	26,852494	27,615932
320,00	27,151296	27,203810	44,344878	56,142759	34,789619	51,140732	27,094394	45,351300	23,817480	39,570054	18,003142	28,298128	18,347099	20,582452	12,987269	20,249872	10,031623	18,554103	8,197852	14,697410	6,268689	11,813217	99,907023	100,187492	71,336710	71,064782	71,003258	71,112311	100,020206	100,044942	27,011156	27,791959
321,00	27,313453	27,378288	44,426480	56,285059	34,937379	51,288009	27,178448	45,487940	23,992655	39,763328	18,138751	28,471246	18,480943	20,753220	13,101818	20,424856	10,157006	18,703264	8,307933	14,852434	6,368454	11,961606	99,996465	100,027502	71,446967	70,982951	71,174681	71,188700	99,948484	100,040591	27,171752	27,957886
322,00	27,493295	27,523017	44,543657	56,412858	34,956759	51,493686	27,259889	45,654419	24,081764	39,940616	18,264663	28,626230	18,587931	20,916852	13,206425	20,631669	10,253837	18,859215	8,422624	14,997971	6,462760	12,100039	99,966532	99,965966	71,521068	71,072572	71,268392	71,218562	100,017738	100,102699	27,360418	28,147995
323,00	27,648193	27,659264	44,696957	56,540203	35,058624	51,664764	27,326578	45,845416	24,276306	40,067083	18,423960	28,715089	18,699217	21,126336	13,325199	20,795998	10,344066	19,042116	8,537114	15,144323	6,546735	12,236725	100,106144	99,768668	71,669340	71,092445	71,502417	71,267188	100,038946	100,063550	27,518988	28,332376
324,00	27,778384	27,791852	44,786450	56,721866	35,070205	51,926631	27,379039	46,024784	24,421073	40,248868	18,571103	28,857943	18,823203	21,275400	13,450424	20,988403	10,426997	19,218062	8,649292	15,278012	6,641217	12,381203	100,085843	99,785608	71,799684	71,222192	71,544164	71,393794	100,083888	100,046873	27,648601	28,472537
325,00	27,904543	27,916673	44,862843	56,968671	35,192326	52,224672	27,438131	46,212128	24,604464	40,434512	18,719536	29,033843	18,991989	21,435623	13,607875	21,116564	10,501003	19,393690	8,772626	15,425099	6,732801	12,502757	100,090373	99,889427	71,879822	71,292520	71,589905	71,531755	100,157130	99,960083	27,803859	28,569543
326,00	27,998719	28,053367	44,957668	57,160276	35,251766	52,418447	27,515128	46,323612	24,712683	40,587834	18,863195	29,248437	19,118522	21,557002	13,719440	21,281169	10,596146	19,544466	8,881154	15,560903	6,839249	12,647399	100,119472	100,002515	71,967268	71,403253	71,634001	71,610188	100,117433	99,996817	27,936965	28,678596
327,00	28,121781	28,165627	45,001483	57,329530	35,360920	52,541947	27,560133	46,521488	24,835543	40,745860	18,991257	29,428247	19,238220	21,717864	13,817149	21,414846	10,708012	19,697344	9,002835	15,731442	6,932284	12,786907	100,038755	100,042546	71,948892	71,473336	71,687645	71,678102	100,095057	99,968791	28,090116	28,796262
328,00	28,221130	28,327063	45,045337	57,450145	35,433322	52,637905	27,635589	46,691838	24,988252	40,917251	19,118109	29,585931	19,336440	21,882530	13,936092	21,597114	10,806131	19,842610	9,124599	15,860286	7,023964	12,922473	99,999791	100,030208	71,943521	71,508861	71,713865	71,775413	100,079691	100,042212	28,216317	28,948304
329,00	28,379092	28,413484	45,069921	57,559353	35,498974	52,787077	27,689719	46,884418	25,101379	41,130900	19,231756	29,752243	19,445367	22,016741	14,039844	21,717745	10,887371	19,972895	9,232590	15,979126	7,109012	13,038039	99,958533	99,997747	71,988839	71,564889	71,744227	71,815008	99,956411	99,978369	28,299326	29,074845
330,00	28,506792	28,539780	45,177287	57,683599	35,584441	52,926344	27,810639	47,006667	25,223291	41,285554	19,332811	29,952744	19,566885	22,154449	14,147981	21,834414	10,944507	20,096669	9,332141	16,094071	7,205173	13,150537	99,985689	99,951601	72,104698	71,626723	71,792251	71,821666	99,923712	100,031865	28,406209	29,184386
331,00	28,619146	28,628820	45,217529	57,765192	35,619855	53,067660	27,857959	47,113484	25,326431	41,424000	19,455522	30,133057	19,679733	22,281092	14,232314	21,947412	11,016712	20,206892	9,435973	16,222356	7,302883	13,272570	100,011969	99,899954	72,198677	71,671546	71,843255	71,820641	99,851263	100,004697	28,473100	29,277664
332,00	28,685090	28,755760	45,257619	57,889557	35,689175	53,207928	27,913964	47,263011	25,477278	41,582859	19,576468	30,312842	19,786380	22,398974	14,319997	22,081786	11,092550	20,332250	9,522261	16,383013	7,405260	13,396908	99,984735	99,981713	72,153717	71,702516	71,851128	71,869332	99,950510	100,093901	28,569755	29,420024
333,00	28,760183	28,865036	45,276597	57,943362	35,741383	53,322268	27,938354	47,437501	25,603059	41,736048	19,678810	30,464259	19,863836	22,495010	14,411134	22,210564	11,156212	20,449509	9,611611	16,486090	7,490377	13,520958	100,018549	100,004268	72,100329	71,746957	71,839654	71,908510	99,993980	100,094664	28,655854	29,561958
334,00	28,821641	28,988662	45,317566	58,038545	35,822156	53,443253	28,014442	47,560382	25,737590	41,902882	19,792852	30,616122	19,934534	22,577485	14,490528	22,315705	11,237288	20,576707	9,695057	16,604233	7,582182	13,622533	100,109804	100,013769	72,148460	71,807688	71,900606	71,938014	99,939322	100,138211	28,727475	29,656672
335,00	28,909546	29,044917	45,326215	58,102411	35,903063	53,555393	28,072298	47,652248	25,872347	42,023471	19,896615	30,725318	20,018467	22,637443	14,598176	22,421767	11,309361	20,692211	9,800358	16,681880	7,666662	13,716564	100,074613	99,941534	72,195643	71,796578	71,944529	71,909678	99,905121	100,074041	28,808442	29,704949
336,00	28,996217	29,133746	45,362169	58,195859	35,938466	53,664380	28,143701	47,757831	25,991911	42,153701	20,021828	30,857727	20,119756	22,732466	14,697428	22,526716	11,411918	20,813055	9,915420	16,808172	7,762471	13,813195	99,991632	99,906802	72,206789	71,804601	71,912187	71,912378	99,918956	100,118470	28,884000	29,782113
337,00	29,094565	29,172173	45,424041	58,253610	35,968626	53,779101	28,180441	47,880694	26,107019	42,290333	20,148139	31,033131	20,208389	22,829916	14,802243	22,622056	11,492902	20,908432	10,018206	16,931181	7,843103	13,944308	99,886453	99,872720	72,106254	71,694463	71,855521	71,885157	99,984008	100,048423	29,001191	29,844391
338,00	29,206559	29,257950	45,519245	58,322543	36,024705	53,904665	28,315419	48,000407	26,196301	42,439419	20,268762	31,194419	20,314413	22,957374	14,902885	22,705048	11,596021	21,019576	10,120256	17,054753	7,934633	14,059997	99,978638	99,935031	72,107232	71,705705	71,853906	71,898478	100,054121	100,092256	29,108596	29,914421
339,00	29,286546	29,304484	45,619670	58,457202	36,135453	54,023761	28,422976	48,116648	26,331902	42,589870	20,393455	31,361550	20,405088	23,045617	15,007061	22,806107	11,672531	21,127072	10,212575	17,138495	8,029331	14,170639	100,035775	99,954164	72,135264	71,682060	71,846062	71,888942	100,053275	100,071418	29,212409	29,978713
340,00	29,375839	29,370534	45,691004	58,568740	36,265141	54,173964	28,569123	48,264858	26,461524	42,702258	20,492044	31,480280	20,504849	23,152155	15,123257	22,896162	11,779040	21,258591	10,293936	17,225951	8,115687	14,269574	100,079441	100,070405	72,174644	71,799761	71,853876	71,943277	100,088859	100,109255	29,304323	30,038610
341,00	29,405144	29,447907	45,755923	58,623487	36,409852	54,277468	28,670365	48,407415	26,592606	42,802501	20,595378	31,620285	20,576538	23,248282	15,210125	22,994696	11,859486	21,359062	10,375745	17,326067	8,188500	14,375018	100,072932	100,053442	72,145027	71,797919	71,760368	71,963984	99,999720	100,074768	29,337394	30,123016
342,00	29,454017	29,497826	45,812866	58,683264	36,508387	54,391307	28,780776	48,575535	26,719096	42,939118	20,715651	31,733796	20,668276	23,347707	15,306930	23,068877	11,959453	21,477418	10,462850	17,440596	8,265402	14,460300	100,049829	100,150669	72,089529	71,812660	71,715128	72,007501	100,062847	100,072694	29,398835	30,182967
343,00	29,506034	29,583538	45,903432	58,706331	36,624321	54,418272	28,893983	48,678970	26,836595	43,045741	20,819101	31,855330	20,775732	23,400442	15,410665	23,179926	12,040645	21,561182	10,557191	17,551734	8,354798	14,558174	100,037014	100,121188	72,082549	71,728790	71,625894	71,962905	100,019252	100,071776	29,445672	30,270806
344,00	29,574329	29,630095	45,990422	58,838695	36,721194	54,532695	29,030934	48,791760	26,976287	43,203625	20,941500	31,983194	20,865692	23,486505	15,527554	23,260224	12,127937	21,648249	10,666061	17,647478	8,447362	14,656849	99,996239	100,118864	72,089988	71,742129	71,623689	71,947634	100,039613	100,045860	29,526415	30,317742
345,00	29,647574	29,705888	46,076190	58,868808	36,829239	54,652083	29,183173	48,876345	27,084666	43,317524	21,050791	32,139787	20,962515	23,559333	15,631075	23,339736	12,240835	21,733145	10,758980	17,741467	8,537381	14,766254	100,023770	100,077212	72,066426	71,695822	71,613729	71,916747	99,955934	99,976927	29,570624	30,360505
346,00	29,690236	29,742566	46,123889	58,973068	36,942676	54,751253	29,314420	48,984587	27,220649	43,506885	21,169654	32,263950	21,037392	23,686844	15,724994	23,431496	12,377770	21,838705	10,856969	17,822379	8,623638	14,859958	99,961972	100,043917	71,981192	71,679664	71,577597	71,896768	99,907523	99,994624	29,609278	30,409122
347,00	29,747599	29,792857	46,215454	58,991838	37,074584	54,805112	29,425913	49,082324	27,333063	43,618572	21,270318	32,394990	21,131879	23,767708	15,857095	23,526053	12,508588	21,951841	10,945828	17,923468	8,706008	14,959832	99,968445	100,011683	71,928334	71,608806	71,523416	71,855628	99,924767	99,974942	29,681107	30,467507
348,00	29,798347	29,849091	46,310058	59,043503	37,215737	54,868817	29,562631	49,194905	27,464801	43,752438	21,381231	32,509118	21,209258	23,881219	15,985051	23,637070	12,617421	22,043039	11,039785	18,023363	8,798001	15,065102	99,891818	100,006235	71,895164	71,560723	71,475691	71,821058	99,884880	100,049341	29,709503	30,531904
349,00	29,877669	29,905823	46,387288	59,091520	37,375209	54,968125	29,713303	49,315387	27,589026	43,861908	21,506162	32,663289	21,311907	23,936945	16,115278	23,714608	12,708916	22,118364	11,142735	18,130587	8,903054	15,164784	99,933809	100,062835	71,878779	71,547562	71,438253	71,833521	99,981058	100,047171	29,778597	30,587682
350,00	29,937363	29,943374	46,483153	59,147716	37,526923	55,032587	29,879588	49,431136	27,736545	43,976557	21,644516	32,810497	21,411537	24,002136	16,210195	23,804656	12,808849	22,186926	11,245946	18,239152	9,002510	15,252705	99,999183	100,075519	71,853524	71,517044	71,471894	71,752816	99,966162	100,011361	29,814643	30,634567
351,00	29,996812	29,970956	46,572709	59,235239	37,678924	55,117321	30,035597	49,520755	27,904758	44,097927	21,776573	32,959965	21,514471	24,067877	16,325015	23,877555	12,918481	22,273615	11,353923	18,336785	9,100532	15,339634	100,079250	100,076509	71,836799	71,514916	71,469939	71,710670	100,067234	99,978250	29,912689	30,682495
352,00	30,068436	30,009007	46,687958	59,271312	37,767681	55,160433	30,164558	49,616015	28,043839	44,198653	21,891119	33,095902	21,622720	24,140131	16,441821	23,953013	13,017121	22,370638	11,464068	18,449526	9,191322	15,445350	100,087976	100,006640	71,805555	71,470559	71,444428	71,602041	100,053740	99,894875	29,973853	30,734426
353,00	30,118293	30,064425	46,723765	59,357500	37,851855	55,285704	30,243981	49,773693	28,162736	44,340470	22,035426	33,249608	21,710977	24,251740	16,531937	24,030876	13,122666	22,470428	11,563034	18,543835	9,297442	15,554737	100,028944	100,087976	71,770018	71,458936	71,318185	71,644372	100,072956	99,910706	30,037940	30,804214
354,00	30,175871	30,139363	46,731403	59,410357	37,922528	55,370188	30,315620	49,939880	28,272483	44,497377	22,148240	33,404315	21,781793	24,327795	16,618618	24,119970	13,210307	22,591624	11,666032	18,651167	9,383961	15,683152	99,970824	100,102496	71,693987	71,426219	71,246713	71,653605	100,084591	99,936849	30,092442	30,867782
355,00	30,179885	30,193502	46,760082	59,452498	38,024274	55,448782	30,414373	50,062239	28,417802	44,643673	22,298044	33,553165	21,847931	24,429278	16,701432	24,199399	13,310669	22,676831	11,763249	18,760565	9,477663	15,783709	99,968725	100,115204	71,662039	71,352488	71,224725	71,612960	100,050449	100,020075	30,132926	30,910155
356,00	30,224982	30,268881	46,783710	59,500998	38,080594	55,496669	30,479991	50,123572	28,553176	44,785237	22,405976	33,706146	21,934855	24,491373	16,813409	24,294937	13,386272	22,784974	11,865517	18,881330	9,573941	15,887815	99,938232	100,043678	71,567106	71,274984	71,207976	71,542144	100,096583	100,036013	30,157977	30,955786
357,00	30,260423	30,322123	46,827912	59,540635	38,146549	55,587775	30,549818	50,226307	28,702483	44,903484	22,542007	33,865947	22,003855	24,591406	16,895193	24,389128	13,470328	22,876829	11,961506	18,992914	9,669467	15,996303	99,971658	99,985635	71,492529	71,236044	71,192199	71,472448	99,987608	100,039530	30,160239	30,995697
358,00	30,316353	30,378127	46,858349	59,636247	38,188595	55,699801	30,599716	50,332540	28,825608	45,048770	22,679724	34,015426	22,068883	24,660024	16,988550	24,489355	13,547069	22,986513	12,068333	19,078806	9,765801	16,096205	99,957395	99,989951	71,423739	71,242362	71,155417	71,457481	100,030720	99,992335	30,174455	31,027892
359,00	30,343768	30,409548	46,918163	59,677297	38,264507	55,768842	30,690369	50,424063	28,984159	45,187759	22,837672	34,161687	22,130723	24,733759	17,062004	24,572591	13,638882	23,065481	12,175456	19,188395	9,866851	16,218641	99,997497	99,968141	71,400672	71,203494	71,124792	71,408916	99,978727	100,053370	30,213419	31,072032
360,00	30,355430	30,462378	46,952483	59,738237	38,292393	55,804569	30,748037	50,507843	29,127306	45,327067	22,979142	34,306344	22,214884	24,804713	17,151590	24,641591	13,725471	23,148565	12,276623	19,289178	9,970103	16,327088	99,978328	99,961489	71,406013	71,116740	71,056956	71,316034	100,050175	100,052953	30,280745	31,127727
361,00	30,410451	30,491504	46,967897	59,792650	38,339248	55,874330	30,803046	50,653625	29,288843	45,478404	23,119096	34,512639	22,315088	24,887788	17,235063	24,715622	13,803028	23,247103	12,380707	19,395936	10,084359	16,454126	100,000334	99,993432	71,391606	71,059728	70,992339	71,221489	100,062048	100,053227	30,346093	31,186432
362,00	30,481222	30,533814	46,978381	59,857446	38,369751	55,961436	30,849090	50,796062	29,454681	45,601428	23,274714	34,697938	22,401804	24,981049	17,334132	24,789114	13,889636	23,360652	12,484832	19,512899	10,196471	16,575229	99,993074	99,990791	71,337885	71,023005	70,933044	71,183145	100,118804	100,041628	30,402997	31,241837
363,00	30,527049	30,569956	47,010219	59,912962	38,435042	56,071192	30,907178	50,932294	29,625732	45,764264	23,475517	34,899232	22,470094	25,060019	17,429924	24,879812	13,968737	23,451293	12,595733	19,645384	10,315812	16,693085	100,066686	99,986625	71,299255	71,019286	70,916677	71,198660	100,077999	100,017667	30,432495	31,276882
364,00	30,565414	30,592036	47,052136	59,956366	38,478467	56,191021	30,974030	51,037192	29,810017	45,902264	23,648569	35,076779	22,529696	25,149491	17,515187	24,973442	14,043280	23,559450	12,694831	19,756152	10,433794	16,814688	100,096738	99,957788	71,236819	70,974129	70,893687	71,184760	100,069404	100,001955	30,456847	31,312719
365,00	30,557296	30,630437	47,087979	60,024905	38,533771	56,307131	31,035310	51,181674	29,997528	46,111470	23,827894	35,306987	22,608009	25,214273	17,588913	25,081739	14,115965	23,663659	12,811671	19,868243	10,549316	16,922373	100,094950	99,965334	71,221906	70,937520	70,913917	71,117193	100,012326	99,985158	30,478883	31,355676
366,00	30,592689	30,649343	47,073162	60,078788	38,545945	56,403124	31,089848	51,305920	30,158263	46,289173	23,994751	35,493472	22,686493	25,284052	17,678083	25,160307	14,183798	23,779474	12,944178	19,981331	10,673131	17,033239	100,016117	99,972415	71,149415	70,871711	70,837820	71,003294	100,061274	99,985296	30,503732	31,398845
367,00	30,626041	30,713594	47,066012	60,147798	38,582185	56,450987	31,137878	51,451242	30,315247	46,461993	24,202865	35,702741	22,758873	25,354218	17,761007	25,239792	14,271523	23,860388	13,074918	20,117015	10,797452	17,161641	99,991149	99,910522	71,104312	70,795363	70,757532	70,935714	100,065470	100,015569	30,530736	31,439126
368,00	30,682579	30,765021	47,043458	60,239106	38,613766	56,572163	31,189638	51,609576	30,479249	46,643725	24,386591	35,906816	22,832793	25,448158	17,853363	25,321767	14,336982	23,976164	13,201092	20,245373	10,928161	17,298561	99,967551	99,950248	71,030664	70,767790	70,668572	70,913297	100,070834	100,031018	30,573085	31,463641
369,00	30,736864	30,805567	47,059998	60,330820	38,678524	56,681257	31,211373	51,789987	30,654147	46,822643	24,561058	36,139607	22,895926	25,540441	17,926939	25,429231	14,407775	24,071893	13,312978	20,366964	11,062645	17,451145	99,980468	100,013447	70,979792	70,718658	70,606500	70,919114	100,041056	100,031888	30,590856	31,521538
370,00	30,747080	30,842561	47,084683	60,459441	38,740376	56,835401	31,260595	51,999998	30,843842	47,067517	24,736193	36,398101	22,954574	25,648353	18,007131	25,535390	14,474452	24,197271	13,431287	20,485574	11,200413	17,586790	99,966973	100,117004	70,943117	70,745170	70,551634	70,921534	100,027919	100,053859	30,648580	31,569666
371,00	30,768424	30,855992	47,095263	60,510099	38,785186	56,930679	31,322989	52,129734	31,069726	47,234985	24,948984	36,622924	23,040268	25,714982	18,086880	25,605914	14,541659	24,277450	13,539125	20,595345	11,335690	17,727129	99,989963	100,032568	70,892799	70,685369	70,467108	70,894402	100,046194	100,038028	30,693436	31,598267
372,00	30,820715	30,904147	47,176650	60,581100	38,786915	57,065260	31,358352	52,266818	31,315908	47,422364	25,228906	36,880735	23,131186	25,794733	18,183999	25,696683	14,621697	24,389479	13,685097	20,746261	11,490463	17,897388	100,045443	99,963164	70,908332	70,639914	70,489192	70,812172	100,000024	100,050020	30,764577	31,610030
373,00	30,887961	30,966493	47,225606	60,613382	38,764909	57,202989	31,332198	52,422857	31,547043	47,608063	25,527620	37,138617	23,231913	25,867867	18,278135	25,798517	14,694852	24,526282	13,833004	20,920701	11,645543	18,076654	100,041831	99,932778	70,844734	70,533544	70,487702	70,724493	99,984711	100,087214	30,795333	31,657648
374,00	30,965781	31,017762	47,267231	60,696745	38,745406	57,379252	31,296709	52,654469	31,728426	47,863507	25,806665	37,431180	23,286985	25,987065	18,366171	25,928232	14,777619	24,675797	13,990985	21,096849	11,816914	18,256699	100,064671	100,043738	70,819145	70,475006	70,505583	70,689809	99,958414	100,076818	30,820414	31,730035
375,00	30,994454	31,050992	47,242633	60,777146	38,773328	57,535189	31,294662	52,853155	31,935930	48,096040	26,047722	37,718800	23,370270	26,084399	18,455389	26,023522	14,853279	24,801847	14,133245	21,228918	11,975718	18,391868	100,019932	100,103474	70,689094	70,469278	70,410806	70,677030	99,999475	100,024235	30,850914	31,767136
376,00	31,034386	31,068221	47,255689	60,885847	38,811150	57,697946	31,342310	53,022790	32,153329	48,323262	26,312795	37,986618	23,442797	26,185796	18,542291	26,121899	14,916237	24,892983	14,270665	21,351217	12,142728	18,536359	100,064123	100,107908	70,667320	70,461786	70,357096	70,675486	100,009739	99,949342	30,902451	31,782395
377,00	31,063691	31,078687	47,262815	60,983014	38,848248	57,811463	31,375712	53,172857	32,404032	48,543948	26,567516	38,250041	23,524787	26,269448	18,632846	26,207879	14,979477	24,974088	14,406639	21,472085	12,299263	18,687959	100,033855	100,041318	70,584238	70,451075	70,275825	70,617926	100,027740	99,924737	30,955854	31,784004
378,00	31,109381	31,133118	47,295812	61,082244	38,862926	57,929933	31,424311	53,336591	32,630605	48,773885	26,827666	38,516271	23,593840	26,354438	18,704787	26,313111	15,041263	25,081187	14,548531	21,612626	12,454894	18,845198	100,039697	100,003362	70,536226	70,356852	70,218849	70,561850	100,059879	99,971229	30,988601	31,836528
379,00	31,141379	31,179130	47,307697	61,141706	38,901395	58,039355	31,436330	53,493410	32,864940	49,010572	27,056295	38,798907	23,655869	26,434600	18,767981	26,416814	15,107292	25,217927	14,692433	21,770257	12,608553	19,011557	99,988341	100,032282	70,455009	70,287633	70,159841	70,484871	100,021732	99,997598	31,007335	31,887621
380,00	31,170323	31,249002	47,364715	61,218721	38,955510	58,158535	31,492272	53,688294	33,098003	49,223125	27,313384	39,083728	23,722681	26,518121	18,858060	26,515311	15,176001	25,354055	14,829423	21,919794	12,767266	19,170210	99,981934	100,083899	70,435655	70,244443	70,108449	70,416254	99,986899	100,020397	31,033036	31,935367
381,00	31,213737	31,272763	47,394764	61,259747	39,032462	58,254147	31,556150	53,851593	33,350274	49,442655	27,550989	39,357114	23,793024	26,602495	18,942064	26,594859	15,243055	25,470510	14,973450	22,079237	12,932198	19,339581	99,930519	100,039005	70,407414	70,224661	70,082754	70,340490	100,033212	99,986380	31,085223	31,955123
382,00	31,241325	31,305152	47,419071	61,374778	39,080459	58,385378	31,640303	54,029787	33,594266	49,653596	27,804467	39,603490	23,878813	26,696831	19,054163	26,678064	15,316254	25,576141	15,120351	22,220708	13,089547	19,498673	99,927187	100,012839	70,332426	70,175421	70,031774	70,318240	100,041473	99,974489	31,122634	31,998977
383,00	31,297407	31,340113	47,434849	61,441022	39,126495	58,512151	31,722426	54,154903	33,825740	49,859676	28,056347	39,860415	23,971640	26,785350	19,133385	26,772714	15,401821	25,687507	15,269150	22,366181	13,249074	19,664429	99,905676	100,005770	70,264763	70,115250	69,989508	70,285654	100,080180	99,972898	31,148770	32,041028
384,00	31,322959	31,393960	47,489193	61,549741	39,208984	58,650112	31,804171	54,344541	34,068397	50,100255	28,342825	40,154213	24,050577	26,877686	19,227415	26,890555	15,473400	25,806427	15,408048	22,503258	13,403976	19,826639	99,941325	100,057018	70,245761	70,091063	69,965142	70,281225	100,009859	99,980712	31,177297	32,085708
385,00	31,365228	31,439760	47,564831	61,593485	39,315349	58,719128	31,891403	54,486173	34,322393	50,284743	28,614110	40,439522	24,120408	26,960739	19,302793	26,987574	15,553342	25,917920	15,557224	22,641760	13,573410	19,993685	99,961752	100,006890	70,250297	70,039535	69,956321	70,199120	100,006342	99,991274	31,217811	32,125393
386,00	31,408361	31,476304	47,639436	61,682820	39,423314	58,825374	31,980714	54,678690	34,572661	50,520784	28,883660	40,722859	24,192911	27,038702	19,402359	27,083021	15,623787	26,022708	15,715055	22,770683	13,751492	20,141977	100,011206	99,980795	70,250154	69,979912	69,948804	70,140070	100,031555	99,964446	31,274015	32,172489
387,00	31,442159	31,511977	47,680256	61,763030	39,487162	58,924305	32,050365	54,816049	34,792891	50,720400	29,145700	40,980041	24,262701	27,135026	19,485581	27,165881	15,702027	26,138547	15,858482	22,904557	13,914867	20,301770	100,029063	99,955320	70,193267	69,905174	69,883627	70,088434	99,975073	99,968833	31,312054	32,203645
388,00	31,472251	31,548238	47,722533	61,801893	39,532825	59,060061	32,124650	54,992807	35,005274	50,945055	29,400551	41,240355	24,342637	27,219394	19,567399	27,257732	15,771127	26,248300	15,991774	23,047829	14,078505	20,451701	100,012875	99,958992	70,148444	69,868362	69,799060	70,060629	99,954885	99,974847	31,342325	32,241347
389,00	31,500152	31,593847	47,775054	61,867934	39,599729	59,146959	32,193929	55,143434	35,218471	51,136243	29,668170	41,504720	24,410248	27,316466	19,649661	27,347106	15,841548	26,364562	16,135924	23,198466	14,243126	20,609924	100,000727	99,925333	70,105737	69,844919	69,774050	70,029938	99,944478	99,963266	31,393096	32,274079
390,00	31,539506	31,636962	47,835174	61,949915	39,678806	59,285766	32,284641	55,324155	35,442623	51,359105	29,930791	41,757402	24,485756	27,400163	19,740529	27,453664	15,912323	26,481515	16,285861	23,335098	14,413971	20,768517	100,000834	99,961126	70,081055	69,843668	69,764978	70,004308	100,003445	99,991506	31,434041	32,333186
391,00	31,588006	31,670731	47,885168	62,054080	39,755341	59,378219	32,366899	55,477315	35,668194	51,573104	30,178657	42,024779	24,534111	27,483386	19,824296	27,545449	15,975650	26,593995	16,428271	23,456469	14,570987	20,917062	100,022364	99,956900	70,049614	69,823587	69,765145	69,983405	99,986082	99,984062	31,461746	32,377395
392,00	31,612071	31,699830	47,916594	62,118208	39,799365	59,510303	32,436207	55,628574	35,903522	51,790369	30,425406	42,291859	24,595876	27,561864	19,888803	27,646247	16,028246	26,709703	16,547209	23,585075	14,716600	21,074234	100,029421	99,983031	70,019346	69,778556	69,719231	69,976652	99,929166	100,021756	31,471604	32,425985
393,00	31,652009	31,720036	47,946045	62,165189	39,853078	59,594899	32,493246	55,768949	36,117649	51,966864	30,651480	42,564946	24,656370	27,628028	19,962807	27,738389	16,089147	26,808000	16,664886	23,711699	14,866957	21,213041	100,020504	99,948829	69,980985	69,743747	69,677389	69,917619	99,923807	100,050330	31,495589	32,450256
394,00	31,676573	31,749225	47,974515	62,217009	39,921650	59,707063	32,566890	55,914366	36,328614	52,168030	30,889052	42,804158	24,742891	27,697900	20,046179	27,820718	16,163725	26,892912	16,807610	23,830491	15,026698	21,353686	100,007176	99,964845	69,942617	69,694984	69,648826	69,869512	99,936366	100,031471	31,553239	32,479903
395,00	31,714982	31,784669	47,993958	62,265390	39,972842	59,769148	32,610372	56,046849	36,523059	52,337384	31,125504	42,999759	24,807587	27,770144	20,119627	27,904376	16,236944	26,988944	16,943392	23,948389	15,177947	21,494226	99,994111	99,935609	69,865072	69,623047	69,589645	69,803309	99,917907	100,046813	31,591547	32,500163
396,00	31,744355	31,822398	48,016682	62,298191	40,036023	59,854460	32,660848	56,160128	36,749271	52,538502	31,374383	43,214604	24,865533	27,851856	20,183939	27,968332	16,296810	27,085161	17,081062	24,054164	15,330708	21,620561	99,989563	99,950767	69,825387	69,555604	69,533569	69,787288	99,899054	99,990636	31,629488	32,548246
397,00	31,793234	31,865212	48,029438	62,345904	40,075058	59,934449	32,697216	56,282228	36,959964	52,701008	31,636384	43,440095	24,904196	27,922308	20,257135	28,066182	16,343670	27,183273	17,207068	24,174392	15,481937	21,750735	100,007260	99,968046	69,784909	69,517356	69,481695	69,761145	99,914980	99,995363	31,672126	32,580799
398,00	31,834832	31,902188	48,028105	62,371939	40,125903	60,043001	32,737991	56,399518	37,149563	52,865469	31,882516	43,698367	24,966657	28,000337	20,330213	28,144813	16,389936	27,272522	17,344770	24,284677	15,641624	21,873197	100,023305	99,980307	69,754875	69,509012	69,433141	69,708198	99,963552	99,979216	31,726694	32,628497
399,00	31,870165	31,928000	48,022139	62,409914	40,120938	60,114020	32,757428	56,526494	37,330496	53,001034	32,107437	43,904054	25,021058	28,059813	20,386374	28,225219	16,422294	27,354708	17,466566	24,395493	15,790230	22,006029	100,024784	99,967539	69,718301	69,466668	69,370389	69,646889	99,956298	99,970788	31,766000	32,642159
400,00	31,903329	31,962472	48,014453	62,453264	40,116870	60,192156	32,763088	56,647378	37,524232	53,140396	32,332611	44,111466	25,078544	28,125733	20,420884	28,285882	16,454028	27,435046	17,578354	24,503982	15,931910	22,140555	100,027490	99,952799	69,694543	69,414085	69,329065	69,602239	99,939811	99,928343	31,784052	32,671651
401,00	31,941229	31,998610	48,003480	62,515593	40,100372	60,257977	32,772428	56,771821	37,720853	53,321004	32,545352	44,305927	25,101301	28,191298	20,455603	28,358099	16,476338	27,516770	17,687963	24,624410	16,064306	22,289015	100,002110	99,969411	69,659019	69,365716	69,317454	69,580185	99,917257	99,935478	31,796995	32,704312
402,00	31,973153	32,035911	47,959363	62,565500	40,085658	60,345817	32,763860	56,878573	37,891614	53,461111	32,757381	44,523183	25,130847	28,256327	20,499916	28,434610	16,504878	27,605128	17,798068	24,738359	16,199623	22,427477	100,001371	99,991643	69,602209	69,321924	69,272482	69,541514	99,931884	99,931985	31,815413	32,750928
403,00	32,005942	32,061777	47,885647	62,606752	40,068147	60,404116	32,724896	56,974500	38,049054	53,615338	32,948071	44,727245	25,157136	28,320992	20,535608	28,502339	16,522120	27,703139	17,913164	24,845846	16,337980	22,558889	99,966550	99,978566	69,539976	69,266915	69,231957	69,497347	99,945319	99,963236	31,842372	32,787007
404,00	32,041168	32,095546	47,832122	62,635845	40,041232	60,472888	32,674226	57,056928	38,214901	53,711379	33,165669	44,913143	25,185317	28,378907	20,577157	28,574640	16,540450	27,781913	18,027349	24,942316	16,477576	22,670868	99,977267	99,974203	69,510376	69,238204	69,174719	69,445765	99,969900	99,931884	31,893057	32,810292
405,00	32,065356	32,118365	47,783399	62,668049	40,006912	60,518444	32,631734	57,161266	38,389465	53,840995	33,373013	45,097980	25,226629	28,434831	20,591788	28,643617	16,541384	27,857476	18,129157	25,047755	16,615467	22,783020	99,991262	99,948221	69,470948	69,197500	69,183791	69,403344	99,945289	99,935156	31,928101	32,836857
406,00	32,090217	32,159641	47,735178	62,682849	39,937165	60,583740	32,589793	57,249254	38,546291	53,976744	33,597514	45,284382	25,262564	28,499806	20,623121	28,726655	16,545755	27,942702	18,238741	25,158101	16,750486	22,903953	99,996179	99,937296	69,440603	69,168741	69,156319	69,353920	99,959040	99,950904	31,959036	32,874173
407,00	32,119414	32,184026	47,657502	62,715256	39,877486	60,633433	32,521239	57,364678	38,690320	54,115415	33,799073	45,492208	25,293154	28,553790	20,642176	28,790531	16,541559	28,022355	18,345742	25,261918	16,890463	23,027273	99,964660	99,899268	69,382304	69,129920	69,105470	69,311166	99,956077	99,941963	31,985655	32,906589
408,00	32,162023	32,212624	47,585315	62,790030	39,809796	60,735667	32,461286	57,458556	38,846961	54,262358	34,030670	45,707616	25,327986	28,622735	20,674151	28,857344	16,550349	28,095767	18,469965	25,371477	17,043425	23,157106	99,962699	99,942863	69,379473	69,119149	69,075960	69,284904	99,983513	99,945426	32,026404	32,936582
409,00	32,188350	32,237554	47,508448	62,840468	39,752689	60,798055	32,401589	57,564378	39,005277	54,389703	34,238175	45,905149	25,355598	28,687209	20,696379	28,924721	16,547966	28,178054	18,579847	25,478545	17,192206	23,275955	99,978417	99,970514	69,317991	69,086570	69,015086	69,244081	99,943906	99,973959	32,070094	32,952634
410,00	32,220075	32,269087	47,454700	62,888277	39,690101	60,872000	32,354909	57,662588	39,171338	54,545289	34,456781	46,113604	25,389975	28,752452	20,713979	29,010779	16,549370	28,271851	18,675429	25,578201	17,334256	23,397253	100,002539	100,013828	69,284570	69,050056	68,970811	69,228125	99,917787	100,007534	32,088459	32,994166
411,00	32,254806	32,315341	47,384816	62,896407	39,644742	60,922915	32,283336	57,757056	39,310968	54,682899	34,667102	46,295878	25,394478	28,811136	20,733179	29,086068	16,557311	28,357804	18,774307	25,682309	17,464820	23,509252	100,005949	100,034547	69,198591	69,008946	68,906021	69,197547	99,909025	100,017369	32,113528	33,015361
412,00	32,299283	32,344890	47,344884	62,916654	39,602306	60,977691	32,229537	57,852536	39,461899	54,828149	34,889156	46,488965	25,421011	28,857905	20,748238	29,152483	16,569872	28,429717	18,884455	25,771037	17,599486	23,624544	99,984735	100,028431	69,167399	68,980932	68,886256	69,161570	99,929482	99,966043	32,138142	33,044088
413,00	32,315978	32,362652	47,299632	62,936330	39,559093	61,058521	32,189426	57,936049	39,621055	54,950529	35,100323	46,668395	25,453413	28,921571	20,772925	29,201370	16,581076	28,504369	19,003154	25,882545	17,742088	23,736666	99,980998	100,041902	69,128156	68,951303	68,876165	69,127035	99,934274	99,940223	32,173216	33,053958
414,00	32,333019	32,405731	47,248432	62,948090	39,522222	61,096144	32,165742	58,028960	39,779595	55,083221	35,314345	46,858159	25,507033	28,988162	20,804989	29,278257	16,586024	28,587979	19,115210	25,979406	17,891550	23,863947	99,968171	99,990118	69,108832	68,920624	68,809950	69,071496	99,938995	99,965233	32,219541	33,091447
415,00	32,361576	32,454455	47,199878	62,984610	39,494431	61,178762	32,143819	58,108312	39,933270	55,224234	35,526025	47,074035	25,541639	29,056486	20,848627	29,352266	16,611762	28,671122	19,227028	26,094863	18,044144	23,989791	99,968302	99,978852	69,064033	68,891042	68,754977	69,057220	99,949312	99,992424	32,253978	33,142003
416,00	32,395154	32,503644	47,173718	63,004637	39,494815	61,226439	32,140279	58,204800	40,103427	55,359203	35,757518	47,263035	25,586617	29,113463	20,888384	29,434425	16,630693	28,760865	19,339128	26,198399	18,188776	24,109457	99,994445	99,972010	69,040102	68,867010	68,701720	68,990117	99,950963	99,999452	32,284260	33,169505
417,00	32,432675	32,524785	47,153872	63,041514	39,499298	61,313993	32,156742	58,302319	40,289411	55,494863	35,976639	47,474721	25,626531	29,176652	20,937574	29,496926	16,658339	28,856316	19,469072	26,309073	18,325567	24,223398	100,005412	99,993932	69,028282	68,827879	68,683928	68,969172	99,956053	99,971986	32,302171	33,191717
418,00	32,456988	32,533932	47,146648	63,074034	39,518753	61,365926	32,186016	58,401948	40,473512	55,631441	36,203456	47,678253	25,678256	29,230681	20,986453	29,561156	16,686285	28,935063	19,588298	26,407000	18,455000	24,334188	100,029492	100,031829	69,003123	68,799937	68,661797	68,935984	99,964023	99,950325	32,334995	33,204278
419,00	32,473791	32,569340	47,148579	63,137174	39,547718	61,439329	32,221913	58,510327	40,650541	55,804151	36,422634	47,895870	25,732782	29,301012	21,043596	29,618499	16,736582	29,013023	19,713007	26,507634	18,602137	24,458100	100,040889	100,050688	68,956107	68,764031	68,615538	68,930441	99,972069	99,986112	32,356402	33,236820
420,00	32,496694	32,596791	47,180432	63,164705	39,592677	61,460906	32,258180	58,599436	40,847683	55,955309	36,648479	48,080060	25,781029	29,350841	21,095248	29,679942	16,787970	29,094052	19,818483	26,615077	18,749884	24,582800	100,026584	100,027072	68,906558	68,698943	68,573248	68,883723	99,980772	99,994993	32,394513	33,274144
421,00	32,525307	32,628214	47,203365	63,204283	39,638469	61,513132	32,308882	58,703351	41,052738	56,090504	36,880574	48,265293	25,836030	29,418343	21,152174	29,745743	16,841771	29,185110	19,932193	26,714849	18,904269	24,710688	100,023198	100,008821	68,858165	68,635213	68,504745	68,849891	99,986929	100,000560	32,418168	33,302984
422,00	32,565349	32,636666	47,210675	63,208669	39,667329	61,552471	32,355702	58,791095	41,248760	56,204808	37,108874	48,469639	25,878614	29,462776	21,218604	29,813376	16,898599	29,252076	20,057565	26,803589	19,047306	24,824211	99,983102	99,996156	68,810785	68,577522	68,445033	68,808675	99,976891	99,976134	32,442293	33,319199
423,00	32,600689	32,666287	47,226346	63,237840	39,720881	61,618662	32,420027	58,888417	41,432786	56,347454	37,357366	48,683015	25,939760	29,531252	21,290539	29,868871	16,967148	29,315072	20,191826	26,886323	19,207704	24,937186	100,001681	100,043917	68,744057	68,548894	68,384081	68,769312	99,987340	99,971491	32,471347	33,333752
424,00	32,613349	32,690856	47,239217	63,269073	39,789355	61,686158	32,478717	58,979994	41,633528	56,490356	37,600958	48,888317	25,986567	29,589272	21,366064	29,929292	17,024642	29,390305	20,319153	26,983550	19,362968	25,060311	100,001895	100,057995	68,721890	68,523002	68,348962	68,714446	99,968648	99,983484	32,498798	33,347180
425,00	32,651824	32,717443	47,264028	63,303035	39,856732	61,744428	32,535893	59,065735	41,835222	56,623065	37,847501	49,083012	26,034215	29,647163	21,426292	29,991466	17,088196	29,470673	20,436171	27,088985	19,522361	25,180039	100,020719	100,025225	68,693346	68,467247	68,324989	68,666130	99,995232	99,986398	32,557568	33,381122
426,00	32,685807	32,734653	47,274199	63,345701	39,893994	61,816013	32,589036	59,167117	42,031652	56,752735	38,076296	49,288195	26,077914	29,707849	21,491167	30,065286	17,140219	29,552048	20,547347	27,203012	19,670334	25,311053	100,013101	100,001645	68,658668	68,414342	68,307686	68,621767	100,006032	99,986929	32,587966	33,417919
427,00	32,739437	32,768524	47,278431	63,363558	39,910483	61,861193	32,622683	59,271604	42,207104	56,874859	38,314301	49,495330	26,124543	29,774749	21,543162	30,121750	17,204216	29,619706	20,665902	27,307567	19,815634	25,428146	99,986506	99,959564	68,616128	68,356407	68,266183	68,572646	100,047255	99,971890	32,624304	33,459690
428,00	32,753673	32,798263	47,264647	63,390917	39,938107	61,906689	32,656011	59,346640	42,388687	57,006681	38,573056	49,697438	26,175398	29,826593	21,603042	30,194452	17,248136	29,693338	20,785105	27,407926	19,967051	25,560012	99,983460	99,966455	68,578804	68,323296	68,220830	68,530774	100,048149	99,961936	32,647982	33,486691
429,00	32,774106	32,817280	47,242779	63,415915	39,941144	61,931074	32,669544	59,440762	42,561612	57,143658	38,814774	49,891073	26,216292	29,880255	21,643509	30,255058	17,292824	29,772216	20,904264	27,499831	20,121896	25,684899	99,952108	99,955469	68,526876	68,287224	68,150979	68,493074	100,036740	99,970526	32,678425	33,516055
430,00	32,794324	32,849658	47,221634	63,458455	39,944890	61,999023	32,664856	59,538603	42,753965	57,289928	39,068604	50,087887	26,270658	29,940507	21,682349	30,331323	17,316718	29,856318	21,018922	27,598083	20,287055	25,817138	99,958718	99,979556	68,476534	68,245906	68,109095	68,458867	100,058079	99,988711	32,716724	33,545989
431,00	32,817623	32,887375	47,198293	63,489377	39,927867	62,061524	32,650891	59,658217	42,944768	57,425404	39,303803	50,287765	26,309568	30,013418	21,716696	30,399790	17,344782	29,935685	21,130759	27,695486	20,438547	25,945833	99,949402	99,962127	68,424147	68,198150	68,070704	68,393588	100,041831	99,997503	32,747719	33,582661
432,00	32,845792	32,934588	47,170532	63,518214	39,914742	62,140423	32,628703	59,732622	43,122837	57,550639	39,568797	50,487858	26,354370	30,077308	21,751811	30,463332	17,363016	30,004129	21,244231	27,798727	20,588996	26,076302	99,969262	99,926788	68,404335	68,168390	68,046206	68,329668	100,031650	99,988097	32,772815	33,611396
433,00	32,883629	32,950419	47,141343	63,528395	39,889592	62,187308	32,613930	59,815568	43,296155	57,685900	39,815494	50,692034	26,382253	30,115902	21,788564	30,517232	17,390937	30,071732	21,355270	27,898821	20,736420	26,197898	99,974096	99,921697	68,364310	68,148160	68,004447	68,281770	99,989343	99,945062	32,792118	33,635738
434,00	32,938057	32,976159	47,096649	63,550019	39,862433	62,263083	32,589063	59,893614	43,453720	57,816792	40,057153	50,888002	26,422033	30,178812	21,822540	30,582163	17,409064	30,155367	21,473654	28,011405	20,898309	26,320952	99,971223	99,962378	68,324775	68,121576	67,969680	68,247432	100,034642	99,942994	32,823718	33,662838
435,00	32,952747	33,001345	47,071773	63,581014	39,853323	62,316591	32,572362	59,991193	43,623200	57,944083	40,290570	51,097250	26,441926	30,246180	21,851881	30,664712	17,426187	30,246288	21,583182	28,116873	21,045759	26,438606	99,963737	99,995732	68,292165	68,103248	67,935771	68,229407	100,047481	99,955416	32,839844	33,694878
436,00	32,972890	33,026585	47,044361	63,610154	39,850456	62,369174	32,564342	60,078812	43,781024	58,059299	40,522724	51,284963	26,487204	30,310813	21,890979	30,740517	17,449079	30,324101	21,703142	28,218079	21,194567	26,564020	99,958336	99,987584	68,252993	68,064398	67,887610	68,182266	100,046527	99,998999	32,879025	33,731198
437,00	32,983932	33,054662	47,057080	63,653988	39,884853	62,421733	32,589966	60,173798	43,952969	58,197749	40,768978	51,487219	26,527277	30,362800	21,938097	30,803385	17,482449	30,385518	21,808222	28,313208	21,329527	26,680854	99,971461	99,985754	68,220800	68,034935	67,855775	68,146586	100,024056	99,991792	32,906440	33,764890
438,00	33,030549	33,095539	47,059223	63,666230	39,915714	62,478769	32,636869	60,251814	44,142878	58,315545	40,998414	51,638287	26,592314	30,415285	22,003882	30,868697	17,535307	30,455589	21,938819	28,411275	21,490255	26,799521	99,992961	99,970216	68,192297	67,975187	67,824197	68,097389	100,035298	100,010312	32,956296	33,797565
439,00	33,049697	33,138889	47,090596	63,708293	40,001458	62,542719	32,712880	60,328168	44,337475	58,433759	41,231573	51,820004	26,633948	30,486283	22,065102	30,935389	17,590128	30,538476	22,050506	28,513819	21,639328	26,906291	100,031900	100,004339	68,147802	67,947829	67,805994	68,081504	100,049961	100,003147	32,973823	33,820102
440,00	33,085468	33,176896	47,139034	63,703579	40,094236	62,571287	32,813048	60,385835	44,521961	58,522886	41,444111	51,964450	26,691753	30,554917	22,131868	30,994582	17,659827	30,627418	22,168787	28,607637	21,791445	27,028877	100,044584	99,979490	68,099630	67,901886	67,766595	68,033487	100,063419	100,030053	32,996535	33,853543
441,00	33,104572	33,190858	47,217441	63,732314	40,240762	62,613809	32,946232	60,449386	44,704834	58,615398	41,664678	52,131522	26,740050	30,612203	22,206049	31,043395	17,742564	30,694726	22,262129	28,692251	21,908891	27,136168	100,046003	99,991941	68,043840	67,866701	67,717570	68,000609	100,026190	100,012493	33,004117	33,875966
442,00	33,137569	33,219612	47,326797	63,727361	40,395078	62,634790	33,121505	60,500318	44,869414	58,712846	41,866687	52,264881	26,797667	30,665496	22,303087	31,109712	17,854656	30,760562	22,371832	28,772950	22,039245	27,236950	100,028896	99,969107	67,993236	67,819369	67,660975	67,934263	100,016165	100,018406	33,025682	33,913478
443,00	33,169433	33,240092	47,452223	63,762075	40,601003	62,663573	33,329850	60,553652	45,040467	58,799714	42,065337	52,405697	26,875526	30,712602	22,420537	31,157783	17,978308	30,819523	22,483484	28,853542	22,171165	27,327716	99,992806	99,975771	67,954600	67,755181	67,620033	67,898041	99,997956	100,025141	33,049253	33,934093
444,00	33,194396	33,264768	47,618330	63,789445	40,835682	62,701213	33,579686	60,612291	45,223591	58,902234	42,265168	52,563184	26,964939	30,757636	22,553381	31,209055	18,118018	30,879408	22,620738	28,934067	22,311591	27,420118	99,971372	99,978310	67,908823	67,716688	67,581689	67,861605	100,012147	100,005138	33,087599	33,966324
445,00	33,225930	33,281535	47,796386	63,804269	41,111985	62,751186	33,867005	60,655642	45,424473	58,965635	42,455098	52,691954	27,070186	30,806059	22,699501	31,259513	18,271732	30,936417	22,746797	29,021886	22,436051	27,515975	99,948233	99,993110	67,888987	67,659247	67,553198	67,834526	99,998236	99,996257	33,116657	33,990589
446,00	33,253810	33,305568	48,008335	63,794953	41,423580	62,798107	34,194046	60,700762	45,630756	59,037352	42,626166	52,832067	27,169961	30,851573	22,854887	31,322995	18,452691	30,991584	22,872812	29,107606	22,561570	27,598146	99,977821	100,001156	67,862421	67,633569	67,500192	67,802733	100,028050	99,977052	33,151746	34,023467
447,00	33,294964	33,341685	48,236266	63,765544	41,757813	62,809235	34,553313	60,734606	45,799792	59,091234	42,776763	52,939051	27,269515	30,905858	23,017393	31,388253	18,646826	31,062856	22,984427	29,174891	22,679634	27,678010	99,973792	100,007141	67,808741	67,573035	67,442250	67,760909	100,050437	99,982554	33,187392	34,047157
448,00	33,331740	33,369815	48,478901	63,773638	42,120141	62,812543	34,934917	60,769248	45,976484	59,175265	42,935163	53,069258	27,373224	30,954871	23,183078	31,434894	18,846858	31,116918	23,101389	29,241782	22,793749	27,765858	99,998605	100,006056	67,762393	67,535758	67,401838	67,724204	100,062442	99,992341	33,225214	34,077367
449,00	33,362240	33,399677	48,737660	63,786393	42,493379	62,847447	35,320622	60,801786	46,140960	59,249377	43,093053	53,165394	27,472109	31,019011	23,348643	31,481192	19,048856	31,190592	23,218246	29,297936	22,894607	27,859840	99,973059	100,001705	67,713284	67,503577	67,364097	67,689216	100,043249	99,999541	33,255765	34,110707
450,00	33,387670	33,422044	49,004018	63,812315	42,874768	62,873733	35,715520	60,847735	46,319336	59,327501	43,256077	53,265214	27,579114	31,062135	23,517717	31,517830	19,248004	31,238797	23,333824	29,374120	22,995539	27,946457	99,987388	100,015628	67,692655	67,468345	67,329276	67,660654	100,067496	99,997431	33,276382	34,144193
451,00	33,417460	33,460322	49,266070	63,825053	43,261456	62,908489	36,126018	60,877502	46,496215	59,388238	43,394756	53,354204	27,681005	31,112891	23,683397	31,566727	19,446130	31,295747	23,448309	29,439455	23,101836	28,025731	99,974310	100,007141	67,663389	67,442864	67,284656	67,629677	100,080788	99,978358	33,301771	34,171641
452,00	33,436888	33,488068	49,508968	63,847214	43,622816	62,901586	36,531177	60,918397	46,664235	59,443086	43,523702	53,452373	27,777898	31,148911	23,847489	31,620565	19,639987	31,343096	23,555338	29,507577	23,202011	28,100908	99,981391	100,006378	67,634100	67,415255	67,231971	67,608124	100,075197	99,971551	33,318913	34,198719
453,00	33,471355	33,520612	49,743840	63,846189	43,982178	62,908620	36,922792	60,921854	46,839446	59,476137	43,640521	53,540462	27,877444	31,198427	24,006811	31,669593	19,837143	31,400576	23,663427	29,559553	23,303406	28,181228	99,979025	99,980950	67,598403	67,377114	67,201608	67,557395	100,051236	99,968129	33,351684	34,223425
454,00	33,486184	33,554310	49,974811	63,848662	44,306704	62,923402	37,277558	60,963625	46,963185	59,513658	43,763041	53,652859	27,955484	31,262779	24,155408	31,724259	20,021540	31,462967	23,763773	29,616567	23,401225	28,265473	99,983823	100,007558	67,536277	67,347711	67,149687	67,540431	100,032496	100,017297	33,377057	34,254247
455,00	33,516011	33,587292	50,171477	63,828635	44,637027	62,924671	37,621629	60,986960	47,102931	59,537584	43,881732	53,740460	28,045130	31,321359	24,298055	31,771362	20,187750	31,508830	23,863134	29,674676	23,499121	28,339720	100,003326	100,006592	67,491233	67,294031	67,128104	67,508507	100,041425	100,035095	33,401942	34,277755
456,00	33,539799	33,610415	50,344336	63,812810	44,928282	62,930417	37,925833	61,012679	47,204819	59,561044	43,994382	53,815019	28,132242	31,377748	24,429281	31,832701	20,342046	31,554472	23,963457	29,745874	23,596537	28,407773	100,009120	99,989563	67,454386	67,254639	67,087728	67,481059	100,060880	100,058627	33,436459	34,299010
457,00	33,583954	33,631149	50,488079	63,795114	45,189670	62,909788	38,205701	61,033511	47,340497	59,581816	44,106659	53,843385	28,224003	31,412032	24,552988	31,873763	20,481519	31,592086	24,059403	29,800269	23,687913	28,471655	100,006521	99,961364	67,440695	67,184657	67,057985	67,417634	100,088096	100,020206	33,467206	34,329495
458,00	33,618653	33,663478	50,641924	63,792646	45,401043	62,900800	38,454655	61,044079	47,455901	59,622377	44,212046	53,905761	28,292665	31,455696	24,661657	31,916580	20,616598	31,650159	24,150762	29,866660	23,769918	28,546995	100,018191	99,971193	67,420125	67,163396	67,025322	67,355287	100,071597	100,016642	33,498290	34,356430
459,00	33,654359	33,696759	50,760865	63,788772	45,580852	62,893599	38,669628	61,085981	47,563380	59,657270	44,312394	53,970981	28,355470	31,498739	24,758169	31,951120	20,732662	31,702599	24,233179	29,911134	23,853552	28,622073	100,022089	100,007176	67,378062	67,144096	66,988301	67,319977	100,062537	100,026679	33,518189	34,394395
460,00	33,689418	33,718202	50,891119	63,779956	45,756924	62,892795	38,866016	61,096746	47,669923	59,687001	44,412768	54,045290	28,415215	31,548387	24,843515	31,982413	20,843145	31,749019	24,311045	29,962051	23,937485	28,687894	100,039816	99,993712	67,353845	67,120820	66,963691	67,298967	100,061214	100,019598	33,549646	34,410992
461,00	33,710721	33,744243	50,981933	63,777655	45,905003	62,897915	39,009678	61,117208	47,751912	59,717119	44,503385	54,096377	28,472802	31,591359	24,928236	32,027802	20,945010	31,791344	24,397700	30,010894	24,022911	28,747115	100,013149	99,996859	67,314410	67,073274	66,921288	67,274225	100,064397	100,014186	33,588654	34,439909
462,00	33,737499	33,767655	51,070231	63,770843	46,041188	62,920314	39,142054	61,133909	47,843456	59,755236	44,601077	54,162866	28,527236	31,629837	25,007418	32,060406	21,033300	31,828958	24,468318	30,069697	24,106367	28,797105	100,002468	100,011635	67,287469	67,052406	66,896331	67,246252	100,049496	99,974895	33,613780	34,453434
463,00	33,760089	33,805829	51,133454	63,757336	46,156207	62,920237	39,250928	61,151761	47,936222	59,771883	44,696811	54,220766	28,584185	31,665182	25,083083	32,106507	21,113142	31,875402	24,548294	30,132005	24,184923	28,860557	99,978662	100,036585	67,257833	67,038858	66,860807	67,200148	100,048244	100,000298	33,647111	34,472767
464,00	33,799550	33,839360	51,200497	63,743043	46,264040	62,911224	39,371517	61,172801	48,037320	59,788436	44,803867	54,269272	28,638840	31,709832	25,154802	32,147655	21,186821	31,923994	24,624148	30,189046	24,274904	28,921545	99,979037	100,029993	67,230368	67,008865	66,827005	67,160940	100,058055	100,001335	33,680698	34,500232
465,00	33,828786	33,876470	51,267087	63,728869	46,359026	62,900776	39,477992	61,178386	48,134944	59,817076	44,895244	54,334414	28,682688	31,769431	25,210914	32,205713	21,260419	31,975490	24,698892	30,247128	24,356370	28,993666	99,981207	100,023007	67,191374	66,962653	66,796571	67,127419	100,051796	100,030553	33,723691	34,540394
466,00	33,846274	33,894575	51,314068	63,736957	46,435073	62,909955	39,577472	61,192095	48,225141	59,852260	44,985095	54,391634	28,722656	31,807393	25,271928	32,251975	21,328482	32,021275	24,766420	30,306306	24,439499	29,054102	99,998021	100,009155	67,141563	66,935843	66,774505	67,096657	100,019526	100,001383	33,739322	34,582141
467,00	33,873862	33,926621	51,358044	63,735491	46,503040	62,948626	39,670518	61,218244	48,293826	59,883785	45,068288	54,459089	28,774890	31,845328	25,331777	32,290325	21,393545	32,062694	24,835795	30,365661	24,525191	29,110086	100,008869	100,002849	67,094541	66,903251	66,738266	67,075086	100,014997	99,999672	33,768383	34,617797
468,00	33,906019	33,942822	51,402545	63,729876	46,580231	62,968326	39,751738	61,228549	48,381084	59,895313	45,156953	54,501164	28,829062	31,861043	25,401595	32,316971	21,457881	32,093793	24,922137	30,424365	24,609680	29,168290	99,994850	99,978292	67,051882	66,874909	66,700220	67,030180	100,009191	99,976563	33,794966	34,644344
469,00	33,949810	33,981854	51,439166	63,710815	46,650970	62,976485	39,830205	61,251050	48,446196	59,919602	45,239380	54,565018	28,887132	31,902322	25,463149	32,362410	21,528570	32,140565	25,007704	30,474272	24,697535	29,231986	99,975401	100,000536	67,011881	66,847605	66,644537	67,005378	100,051153	99,975187	33,839402	34,671366
470,00	33,983800	34,005079	51,477033	63,703686	46,720931	62,978071	39,897862	61,257768	48,521161	59,941667	45,328549	54,622114	28,931403	31,941956	25,520742	32,406631	21,598829	32,190064	25,073907	30,530816	24,772812	29,297394	99,939275	100,025511	66,969109	66,824609	66,609466	66,973442	100,032663	99,991113	33,872691	34,697872
471,00	34,017110	34,040713	51,517230	63,711345	46,794009	62,981921	39,988682	61,282122	48,588252	59,976447	45,425045	54,674685	28,993127	31,987533	25,583604	32,453075	21,679680	32,243651	25,141343	30,593944	24,864978	29,365891	99,950737	100,056827	66,941565	66,793460	66,573799	66,947776	100,067329	100,015271	33,909228	34,730712
472,00	34,039930	34,073657	51,574588	63,710207	46,870026	63,003165	40,079373	61,288202	48,675540	60,000348	45,518860	54,718089	29,036281	32,028142	25,640479	32,497060	21,744494	32,300296	25,205353	30,666152	24,945612	29,423666	99,946022	100,058472	66,895652	66,732901	66,540456	66,901672	100,030553	100,039518	33,936322	34,763104
473,00	34,064075	34,100536	51,640582	63,704151	46,962085	63,019949	40,184608	61,306041	48,774540	60,043901	45,612276	54,789835	29,092240	32,062560	25,702861	32,538241	21,822768	32,346034	25,285664	30,717042	25,032416	29,479915	99,980628	100,074315	66,875923	66,702086	66,515845	66,869360	100,044835	100,040376	33,955047	34,786320
474,00	34,088528	34,139743	51,706511	63,699919	47,047588	63,026792	40,297458	61,311519	48,860896	60,077548	45,706517	54,845476	29,130051	32,104999	25,765142	32,586229	21,892153	32,402539	25,356674	30,758610	25,109762	29,544297	99,961740	100,065327	66,847634	66,660911	66,488642	66,828620	100,015128	100,037050	33,977357	34,810588
475,00	34,123042	34,173518	51,781058	63,683349	47,145650	63,023263	40,428916	61,327344	48,959687	60,130113	45,802093	54,911906	29,184902	32,147321	25,833642	32,630619	21,984243	32,454517	25,437447	30,818406	25,197762	29,613137	99,993539	100,059032	66,832101	66,638976	66,468942	66,806680	100,032318	100,051653	34,006032	34,846652
476,00	34,153858	34,211028	51,846737	63,660824	47,236699	63,018560	40,563777	61,338347	49,050486	60,163492	45,901382	54,962444	29,243657	32,191354	25,898811	32,680053	22,066171	32,509491	25,512365	30,875266	25,290185	29,689005	99,986184	100,050509	66,794074	66,602874	66,435099	66,771346	100,047934	100,045407	34,048560	34,878919
477,00	34,182322	34,233123	51,909548	63,640225	47,328490	63,014728	40,679961	61,350220	49,135372	60,204333	46,001416	55,023199	29,299241	32,227078	25,955591	32,723403	22,148103	32,551149	25,584510	30,932534	25,369859	29,745063	100,003719	100,041652	66,753000	66,573852	66,384697	66,745245	100,040364	100,028777	34,069797	34,910786
478,00	34,195793	34,247875	51,955950	63,645518	47,410721	63,024533	40,786344	61,346525	49,208909	60,242414	46,097147	55,081671	29,353964	32,264155	26,020280	32,759732	22,223914	32,593903	25,651944	30,967432	25,451240	29,815492	99,982053	100,054026	66,712362	66,550118	66,339296	66,704375	100,019252	99,998778	34,095794	34,935009
479,00	34,219196	34,256351	52,019531	63,647258	47,487304	63,013613	40,901795	61,331117	49,291137	60,279888	46,202746	55,134946	29,403588	32,300749	26,079562	32,801005	22,299272	32,630447	25,724158	31,028977	25,534210	29,875031	99,993652	100,021231	66,672063	66,495949	66,299081	66,666609	99,999976	100,003183	34,110519	34,962982
480,00	34,244785	34,282741	52,076328	63,660413	47,577983	63,021225	41,027296	61,348391	49,388835	60,312104	46,306336	55,195111	29,462603	32,348478	26,155216	32,845610	22,381018	32,677552	25,808173	31,094348	25,630853	29,940218	99,995810	100,031078	66,637671	66,462970	66,271758	66,650444	100,001955	100,011802	34,138352	34,986767
481,00	34,281582	34,311879	52,148592	63,650239	47,660217	63,015950	41,154355	61,357850	49,481720	60,333174	46,432921	55,253083	29,523382	32,379532	26,216325	32,889786	22,469407	32,721835	25,883269	31,161460	25,724256	29,995173	100,006366	99,995583	66,615319	66,409707	66,242212	66,607749	100,007021	100,012779	34,160861	35,013291
482,00	34,309444	34,344867	52,209032	63,645655	47,757068	63,018322	41,273153	61,383802	49,583507	60,352433	46,551678	55,335629	29,585707	32,416463	26,287019	32,930785	22,558273	32,772481	25,961199	31,207141	25,815964	30,061534	100,015211	99,991614	66,598755	66,381866	66,214842	66,580117	99,998891	100,001156	34,188938	35,040772
483,00	34,336376	34,372509	52,291423	63,627899	47,845823	63,023454	41,385609	61,395198	49,689412	60,389578	46,675822	55,412006	29,636452	32,456326	26,350304	32,971823	22,640772	32,827571	26,031351	31,263101	25,899473	30,138263	100,019348	99,983460	66,576880	66,347432	66,185546	66,534889	99,990809	99,993187	34,223056	35,069230
484,00	34,361467	34,408689	52,366334	63,611066	47,942075	63,030261	41,501755	61,433333	49,811086	60,419416	46,786350	55,483067	29,694793	32,513246	26,429036	33,013123	22,716391	32,883915	26,114863	31,309983	25,995821	30,210826	100,034750	99,974096	66,553980	66,298699	66,171515	66,510737	100,004423	100,017977	34,256366	35,104230
485,00	34,385240	34,439123	52,428156	63,616395	48,027751	63,059294	41,612354	61,464787	49,918348	60,474569	46,907672	55,561477	29,740855	32,563105	26,489854	33,052498	22,800730	32,936332	26,185721	31,370246	26,084718	30,280164	100,024319	99,992919	66,511136	66,277289	66,135764	66,483998	100,010872	100,001657	34,281632	35,138798
486,00	34,416962	34,461266	52,489150	63,608515	48,100221	63,077700	41,731817	61,485469	50,029159	60,504031	47,027835	55,647564	29,804382	32,603356	26,560479	33,086377	22,888717	32,978481	26,267555	31,420338	26,185492	30,347428	100,043774	99,960083	66,470528	66,240793	66,117775	66,451073	100,023031	100,015903	34,308028	35,172635
487,00	34,437779	34,483397	52,535963	63,610202	48,174468	63,091338	41,842002	61,497122	50,125772	60,556531	47,146228	55,737120	29,862809	32,642266	26,621911	33,131039	22,968504	33,018154	26,342356	31,479424	26,280543	30,417037	100,036132	99,970949	66,427672	66,222847	66,071439	66,423637	100,006831	100,008464	34,338516	35,204393
488,00	34,461933	34,508824	52,620059	63,600159	48,265284	63,088715	41,962940	61,515832	50,241137	60,589558	47,292113	55,807149	29,922211	32,680851	26,696777	33,170331	23,038366	33,056310	26,428929	31,529745	26,384628	30,493876	100,077581	99,965537	66,420746	66,177940	66,058278	66,397208	100,000668	100,031495	34,363201	35,232493
489,00	34,483838	34,537175	52,684385	63,610369	48,356080	63,087660	42,069435	61,538357	50,350261	60,638535	47,429463	55,887526	29,979575	32,727632	26,768059	33,216518	23,111536	33,107024	26,508901	31,583878	26,492417	30,581409	100,088036	99,986911	66,414613	66,150320	66,024941	66,379827	99,996543	100,038207	34,388268	35,267431
490,00	34,521100	34,556210	52,751696	63,617575	48,446864	63,109273	42,167464	61,568165	50,459248	60,681653	47,573090	55,974782	30,035096	32,774171	26,837912	33,252895	23,187029	33,154097	26,593864	31,643373	26,591930	30,673012	100,096798	99,995875	66,391265	66,128570	65,984017	66,349143	100,006258	100,050175	34,404197	35,290253
491,00	34,559023	34,594354	52,800828	63,604867	48,522961	63,125658	42,265412	61,585009	50,564122	60,720903	47,686675	56,051832	30,090964	32,829040	26,905802	33,307660	23,266311	33,213603	26,682913	31,713346	26,687169	30,759713	100,063574	99,979943	66,356832	66,094506	65,937144	66,302925	100,006557	100,033498	34,440762	35,323566
492,00	34,578025	34,621793	52,848661	63,588309	48,597077	63,144457	42,364898	61,598390	50,666201	60,768086	47,816768	56,130880	30,142632	32,871366	26,963478	33,354986	23,335131	33,261585	26,768515	31,776011	26,777816	30,826613	100,052679	99,967855	66,309518	66,059107	65,886325	66,249502	100,004613	100,018668	34,463215	35,346404
493,00	34,602016	34,652343	52,906799	63,579404	48,666260	63,160008	42,470601	61,627597	50,774580	60,800529	47,941661	56,208283	30,199611	32,908645	27,032065	33,395091	23,412812	33,306015	26,850262	31,839177	26,874626	30,889943	100,038278	99,965596	66,259676	66,010010	65,858620	66,216856	100,004888	100,000751	34,500134	35,376203
494,00	34,626094	34,661296	52,960926	63,578010	48,734009	63,159412	42,565614	61,651510	50,891000	60,840517	48,053065	56,287038	30,261424	32,943934	27,107644	33,422023	23,485444	33,338928	26,929128	31,886998	26,970690	30,953842	100,037944	99,966699	66,198748	65,987945	65,814674	66,176826	100,002658	100,004339	34,517714	35,396549
495,00	34,652850	34,691700	53,030306	63,565195	48,806706	63,148463	42,678180	61,663616	51,013488	60,867840	48,167115	56,360358	30,324039	32,985088	27,188301	33,470744	23,575792	33,390316	27,009305	31,944844	27,066255	31,030273	100,031674	99,956995	66,166526	65,951073	65,776992	66,149569	100,000465	100,000405	34,553531	35,414177
496,00	34,684563	34,723011	53,098333	63,565099	48,893809	63,136774	42,793411	61,677778	51,127565	60,920745	48,281804	56,453878	30,380219	33,031449	27,267396	33,515409	23,665640	33,438939	27,092528	32,006526	27,162904	31,108838	100,043070	99,945074	66,144258	65,917569	65,740210	66,135347	99,997866	100,013530	34,569275	35,431713
497,00	34,712088	34,759739	53,165025	63,551062	48,990369	63,141072	42,915112	61,691970	51,236999	60,957718	48,417279	56,539369	30,439651	33,068439	27,344483	33,567202	23,757614	33,496302	27,165458	32,074180	27,269638	31,184006	100,024760	99,911356	66,121727	65,881479	65,688974	66,095650	99,990934	100,016749	34,598231	35,456905
498,00	34,752637	34,789181	53,241694	63,556463	49,110687	63,169748	43,063748	61,733043	51,364076	61,015421	48,557508	56,634843	30,510905	33,108947	27,424109	33,602819	23,851161	33,539641	27,252528	32,141519	27,376655	31,254745	100,036907	99,911153	66,098642	65,852392	65,676135	66,073918	100,009394	100,022924	34,621644	35,495171
499,00	34,776446	34,814069	53,330076	63,555300	49,224308	63,172591	43,195811	61,751568	51,483166	61,039752	48,699448	56,706297	30,580813	33,147413	27,503499	33,636516	23,938517	33,586353	27,331868	32,191342	27,476263	31,323081	100,025451	99,903315	66,066325	65,825540	65,637916	66,021675	99,993932	100,014460	34,645462	35,530010
500,00	34,804729	34,835416	53,428805	63,579422	49,348995	63,182074	43,349472	61,777020	51,609570	61,091852	48,832285	56,795543	30,651206	33,187425	27,587306	33,674154	24,032560	33,618850	27,429321	32,244083	27,565768	31,392822	100,024998	99,936366	66,034478	65,811044	65,627676	66,015679	100,003111	100,009286	34,679273	35,558605
501,00	34,821880	34,856933	53,524172	63,551950	49,465698	63,152224	43,494624	61,775452	51,714772	61,114591	48,947743	56,865096	30,717787	33,231354	27,674559	33,713958	24,130622	33,658528	27,507547	32,294488	27,653730	31,454000	100,011802	99,923927	66,008639	65,773553	65,587622	65,970701	99,984610	100,016749	34,701249	35,588732
502,00	34,843144	34,872353	53,622144	63,535285	49,601337	63,159347	43,681476	61,802137	51,835632	61,165440	49,069381	56,938827	30,786613	33,275056	27,762100	33,757228	24,231058	33,704340	27,593753	32,354754	27,746192	31,524771	100,033045	99,941915	65,988642	65,751857	65,577769	65,950251	99,988139	100,006306	34,728715	35,611707
503,00	34,868073	34,896392	53,724921	63,506985	49,733776	63,165426	43,865722	61,820722	51,946455	61,196119	49,196258	57,001019	30,870417	33,322293	27,851212	33,795193	24,346407	33,753148	27,675027	32,411659	27,846736	31,593835	100,080228	99,912989	65,967155	65,705132	65,559036	65,910727	99,990296	100,008059	34,744641	35,643116
504,00	34,905747	34,917861	53,818524	63,509077	49,872085	63,178086	44,037029	61,858010	52,067322	61,242205	49,336457	57,083720	30,948892	33,355716	27,940321	33,834103	24,462283	33,788177	27,762321	32,467350	27,953246	31,670076	100,096071	99,931312	65,928018	65,679938	65,530890	65,876931	100,004590	100,003779	34,776062	35,660771
505,00	34,935272	34,954304	53,919339	63,498533	50,006288	63,171601	44,220805	61,873728	52,187651	61,281478	49,461675	57,168502	31,034988	33,393878	28,046912	33,888766	24,593714	33,827069	27,853090	32,522067	28,061432	31,738481	100,085270	99,918574	65,882957	65,645117	65,483832	65,831548	100,010478	100,014484	34,813988	35,691804
506,00	34,968951	34,990606	54,026622	63,501364	50,160754	63,178372	44,419175	61,890256	52,325958	61,335528	49,596864	57,267314	31,109971	33,441040	28,156734	33,940279	24,725105	33,873206	27,942258	32,586837	28,158128	31,806991	100,076365	99,948549	65,854675	65,631479	65,451396	65,817475	100,021541	100,023532	34,856388	35,713723
507,00	35,001385	35,023957	54,153788	63,501108	50,320929	63,194430	44,628841	61,897200	52,449477	61,358684	49,707639	57,341123	31,189123	33,492813	28,267422	33,987418	24,851036	33,933485	28,032562	32,647282	28,250727	31,874201	100,070667	99,956763	65,823478	65,593332	65,423167	65,801001	100,017917	100,037968	34,878051	35,747951
508,00	35,033688	35,044053	54,286337	63,501054	50,491607	63,207501	44,833568	61,914784	52,570933	61,381698	49,837902	57,408339	31,263009	33,526370	28,357595	34,022668	24,976715	33,976775	28,123021	32,701889	28,342330	31,941819	100,088072	99,957526	65,807551	65,566325	65,425909	65,782875	100,019634	100,024569	34,898064	35,766047
509,00	35,056767	35,062832	54,403919	63,493836	50,661302	63,213772	45,039859	61,953795	52,668029	61,414653	49,951780	57,487059	31,343621	33,558929	28,448522	34,056777	25,098222	34,018421	28,204325	32,757846	28,431457	32,005963	100,082850	99,979126	65,785003	65,547490	65,409750	65,760130	100,026500	100,022209	34,913373	35,796511
510,00	35,077220	35,079494	54,520160	63,496888	50,822252	63,216120	45,251933	61,990952	52,771997	61,468446	50,085741	57,570958	31,424078	33,591273	28,546357	34,092656	25,226393	34,055755	28,286102	32,807636	28,519547	32,070696	100,092924	99,991846	65,757781	65,539634	65,385246	65,746224	100,000799	100,011659	34,939426	35,816467
511,00	35,109851	35,104749	54,640377	63,479328	50,996572	63,218832	45,467061	61,987436	52,878451	61,491990	50,190550	57,639986	31,504744	33,635399	28,664151	34,125599	25,364593	34,103405	28,374812	32,865274	28,611711	32,138866	100,076473	99,993920	65,722811	65,505791	65,335947	65,716040	100,014400	100,046694	34,969318	35,848689
512,00	35,144004	35,137072	54,775369	63,458222	51,168686	63,197863	45,689091	61,970645	53,008944	61,499494	50,303996	57,686663	31,585991	33,677402	28,779668	34,176415	25,503707	34,151542	28,470147	32,916474	28,713113	32,222667	100,055444	99,961436	65,683252	65,456873	65,295321	65,657473	100,020170	100,051725	34,999558	35,874879
513,00	35,165486	35,165074	54,904407	63,452315	51,359594	63,194448	45,934844	61,970913	53,139848	61,541903	50,410539	57,749099	31,661627	33,713055	28,893393	34,220776	25,645649	34,194911	28,566942	32,977298	28,807211	32,301748	100,031614	99,951017	65,638620	65,426654	65,258467	65,616155	100,032377	100,051308	35,034001	35,898057
514,00	35,184339	35,193264	55,045813	63,468188	51,545179	63,192874	46,191326	61,989331	53,281736	61,602557	50,537556	57,810181	31,740105	33,749986	28,997147	34,274852	25,773060	34,237429	28,647611	33,026057	28,900045	32,377174	100,042462	99,978882	65,595567	65,412194	65,241641	65,598351	100,018406	100,012934	35,056034	35,918239
515,00	35,200885	35,210851	55,188894	63,474125	51,736963	63,209432	46,439594	62,011063	53,424931	61,651099	50,654674	57,875520	31,819186	33,774489	29,104662	34,312955	25,909433	34,285700	28,734908	33,077931	28,993249	32,442257	100,062513	100,025725	65,572965	65,372854	65,220618	65,582770	100,007546	99,998784	35,090628	35,941070
516,00	35,231128	35,238689	55,347502	63,464296	51,946640	63,223612	46,682468	62,024796	53,561115	61,676407	50,758940	57,943797	31,894082	33,816218	29,204628	34,353992	26,039326	34,328538	28,812888	33,123848	29,079759	32,505053	100,078332	100,038457	65,556067	65,336126	65,205383	65,548074	99,997622	99,976647	35,104552	35,967922
517,00	35,269603	35,262814	55,483913	63,457042	52,142948	63,227826	46,934780	62,045223	53,687400	61,702526	50,868499	58,004874	31,978387	33,850247	29,309487	34,392574	26,187724	34,378299	28,896293	33,171627	29,168054	32,566968	100,059080	100,041234	65,549260	65,298212	65,167725	65,511286	100,007987	99,983764	35,136560	35,995561
518,00	35,303393	35,291082	55,612028	63,437760	52,336335	63,223767	47,198564	62,056887	53,792262	61,734402	50,976759	58,067149	32,062423	33,891696	29,419282	34,428406	26,331696	34,414777	28,979987	33,218533	29,260954	32,623008	100,029874	100,020838	65,519857	65,257293	65,137118	65,474236	100,015461	99,980754	35,159943	36,014736
519,00	35,328019	35,326603	55,726027	63,419783	52,509153	63,227892	47,450298	62,072188	53,898120	61,756629	51,087743	58,131486	32,142925	33,923924	29,532731	34,468898	26,484489	34,460586	29,066756	33,268642	29,355797	32,688618	100,014949	100,036037	65,499854	65,211493	65,095133	65,447968	100,042379	100,002503	35,192645	36,041546
520,00	35,348484	35,363042	55,862731	63,399446	52,696168	63,249683	47,695348	62,070024	54,006284	61,795068	51,180875	58,198863	32,222363	33,970052	29,637405	34,504989	26,633027	34,499118	29,160205	33,325279	29,447123	32,755625	100,013828	100,038922	65,463388	65,183693	65,058136	65,431303	100,033998	100,004542	35,211000	36,064067
521,00	35,375550	35,386941	56,008297	63,391948	52,887768	63,249117	47,936335	62,070107	54,132074	61,821687	51,279128	58,269274	32,304895	34,009919	29,742002	34,539354	26,776651	34,547862	29,244268	33,378124	29,531038	32,826385	100,040960	100,057709	65,425038	65,169251	65,019256	65,406334	100,041461	99,995458	35,229641	36,086959
522,00	35,412294	35,403001	56,161517	63,387018	53,088582	63,234037	48,192823	62,066126	54,270506	61,864454	51,389021	58,307993	32,399693	34,054059	29,849014	34,569478	26,921576	34,587169	29,334009	33,422551	29,620126	32,882258	100,053585	100,049233	65,392494	65,162408	64,980239	65,375936	100,055385	99,964303	35,268277	36,099896
523,00	35,436237	35,421696	56,297946	63,377529	53,280407	63,207442	48,456603	62,089753	54,401720	61,887038	51,510626	58,364367	32,487524	34,080383	29,953405	34,607098	27,064905	34,624845	29,419801	33,466312	29,707548	32,942662	100,080299	100,052035	65,376151	65,122718	64,944679	65,330833	100,070953	99,947959	35,304165	36,121243
524,00	35,453391	35,446778	56,437683	63,376802	53,465629	63,214487	48,718548	62,105137	54,506010	61,917663	51,617795	58,413631	32,558927	34,120381	30,049768	34,643543	27,206498	34,669608	29,497752	33,504978	29,789034	33,001235	100,077558	100,072658	65,347689	65,100074	64,905882	65,306479	100,054562	99,947226	35,328588	36,147672
525,00	35,462734	35,475004	56,576985	63,362277	53,649336	63,216996	48,978549	62,134445	54,623795	61,925769	51,737934	58,471113	32,632238	34,162199	30,147496	34,692740	27,341530	34,720814	29,572231	33,561447	29,876947	33,067530	100,089741	100,087059	65,336043	65,062422	64,898008	65,257478	100,019336	99,974954	35,342008	36,196077
526,00	35,485291	35,506907	56,683284	63,347411	53,816098	63,214755	49,199849	62,139666	54,727274	61,930770	51,837021	58,529693	32,705799	34,207183	30,251220	34,744072	27,472344	34,777719	29,652262	33,613023	29,972231	33,134565	100,057185	100,083065	65,292925	65,043974	64,858305	65,215075	100,003660	100,001025	35,366476	36,240566
527,00	35,528487	35,530645	56,789607	63,351947	53,980869	63,216323	49,409404	62,172586	54,845977	61,958528	51,939929	58,593488	32,788336	34,242138	30,359113	34,792343	27,608705	34,808505	29,740638	33,673367	30,061522	33,193135	100,052547	100,063443	65,258569	65,015256	64,824241	65,167475	100,006330	100,002146	35,400826	36,263463
528,00	35,557964	35,544550	56,887513	63,368720	54,126394	63,227206	49,611896	62,194419	54,951632	61,984479	52,023715	58,668727	32,874110	34,268034	30,461112	34,817073	27,746809	34,842587	29,824722	33,717465	30,154282	33,251452	100,036120	100,072336	65,203315	65,004402	64,775306	65,153486	100,037479	99,980581	35,431087	36,266789
529,00	35,588375	35,566220	56,990314	63,377124	54,277968	63,237488	49,818286	62,221038	55,055767	62,020248	52,119660	58,733767	32,953626	34,305060	30,557665	34,848088	27,868676	34,879276	29,898819	33,770892	30,226362	33,301997	100,053775	100,077343	65,172708	64,988685	64,749312	65,153289	100,026524	99,982321	35,459912	36,284381
530,00	35,597408	35,605803	57,094097	63,362002	54,415804	63,233042	50,021434	62,209821	55,151868	62,038577	52,238083	58,789092	33,026958	34,352764	30,651534	34,874669	27,991068	34,932050	29,976618	33,819762	30,316177	33,362359	100,061381	100,068665	65,135539	64,966249	64,721102	65,140945	100,036168	100,001574	35,487625	36,315501
531,00	35,626185	35,649800	57,197404	63,338214	54,547048	63,227868	50,209337	62,206042	55,243284	62,067246	52,349955	58,839279	33,085024	34,398594	30,735722	34,911633	28,101441	34,974965	30,055922	33,879673	30,396372	33,430541	100,070274	100,050175	65,123820	64,925379	64,696014	65,112668	100,014973	100,031519	35,510531	36,355224
532,00	35,648617	35,669956	57,301486	63,316089	54,687703	63,238478	50,384390	62,204057	55,352610	62,092853	52,457070	58,905756	33,146587	34,436649	30,818018	34,940052	28,216791	35,017064	30,138656	33,932683	30,487168	33,486444	100,072908	100,052547	65,091676	64,880717	64,680463	65,057886	100,013006	100,013316	35,539106	36,382446
533,00	35,667369	35,678887	57,378340	63,297498	54,816204	63,238454	50,549269	62,204283	55,454713	62,109864	52,541947	58,952212	33,205500	34,459049	30,885181	34,969264	28,314367	35,044834	30,210185	33,975911	30,569595	33,547306	100,056124	100,026977	65,067649	64,836252	64,657140	65,023923	99,989563	99,992758	35,556507	36,408824
534,00	35,691872	35,693586	57,443261	63,275725	54,925805	63,243222	50,696009	62,204397	55,560070	62,114018	52,636653	58,995616	33,274996	34,482107	30,970347	35,009861	28,415191	35,089496	30,288345	34,015796	30,649173	33,604905	100,055361	100,013912	65,008891	64,809018	64,627767	64,985240	99,992859	99,972802	35,577062	36,436233
535,00	35,717258	35,722229	57,512254	63,259935	55,031192	63,222647	50,845891	62,184799	55,664778	62,111145	52,737027	59,026372	33,349696	34,508961	31,054699	35,048741	28,521529	35,123825	30,361915	34,066445	30,738398	33,675998	100,042093	99,989539	64,975595	64,778167	64,587730	64,960450	100,026822	99,954933	35,603869	36,452344
536,00	35,754231	35,759351	57,566595	63,253188	55,105597	63,219404	50,959456	62,202162	55,754918	62,131804	52,832890	59,089428	33,416498	34,554073	31,139335	35,097286	28,630880	35,166699	30,431885	34,124759	30,827293	33,744550	100,016272	100,016582	64,944619	64,764041	64,532983	64,941442	100,031853	99,960381	35,625085	36,481106
537,00	35,787368	35,786983	57,606816	63,247043	55,194539	63,201857	51,066387	62,185729	55,839556	62,145126	52,927464	59,135526	33,475956	34,607959	31,208694	35,136518	28,724495	35,196388	30,499667	34,178922	30,914256	33,812103	99,995154	99,995691	64,921600	64,724463	64,488035	64,925843	100,050974	99,963570	35,647428	36,517924
538,00	35,815495	35,820526	57,638705	63,241833	55,241698	63,205403	51,151979	62,190366	55,897570	62,174976	53,012204	59,182012	33,522689	34,655303	31,268817	35,178539	28,805700	35,228512	30,557680	34,224331	30,993083	33,883479	99,988836	99,977010	64,892006	64,701384	64,454007	64,907598	100,025225	99,986178	35,657942	36,563167
539,00	35,831463	35,843825	57,677460	63,224858	55,319995	63,198811	51,251620	62,176639	55,971617	62,189013	53,113234	59,217501	33,576640	34,690845	31,325269	35,213092	28,875190	35,257900	30,621743	34,259608	31,068918	33,939186	100,004172	99,952734	64,869010	64,664382	64,430642	64,883280	100,026166	99,992460	35,681579	36,589086
540,00	35,848171	35,875118	57,713449	63,218230	55,375135	63,184214	51,339525	62,174177	56,046772	62,210959	53,206664	59,254354	33,627620	34,725818	31,383744	35,252988	28,949648	35,296887	30,684531	34,310064	31,159261	33,998248	100,002360	99,936372	64,834380	64,631021	64,408803	64,848971	100,002897	99,993050	35,718000	36,614987
541,00	35,867885	35,895059	57,733917	63,208097	55,436325	63,169116	51,415652	62,185091	56,132871	62,236381	53,298831	59,303558	33,674449	34,752992	31,445414	35,289869	29,015365	35,335785	30,753350	34,356442	31,238532	34,051803	99,988550	99,932212	64,789367	64,603353	64,375013	64,823687	100,005436	99,986535	35,745877	36,641613
542,00	35,890308	35,913727	57,754797	63,190645	55,490297	63,149798	51,491433	62,184602	56,214345	62,240279	53,392649	59,343278	33,715028	34,795675	31,502494	35,332307	29,076228	35,377982	30,822122	34,417057	31,321779	34,115773	99,991906	99,920535	64,756477	64,571077	64,361060	64,778554	100,007915	99,992734	35,771492	36,677304
543,00	35,912514	35,935336	57,773829	63,192564	55,542904	63,159442	51,563275	62,199450	56,297207	62,267667	53,488231	59,407198	33,760700	34,826794	31,553683	35,368401	29,136989	35,421458	30,888039	34,463361	31,391931	34,174457	99,998987	99,937195	64,734930	64,557856	64,345008	64,769125	100,020611	99,995911	35,798874	36,705700
544,00	35,927165	35,962048	57,799685	63,169551	55,588168	63,166612	51,630354	62,197208	56,370646	62,278467	53,582686	59,450239	33,807632	34,872472	31,600729	35,397077	29,189917	35,461918	30,949977	34,504274	31,476614	34,225121	100,019860	99,933815	64,722496	64,513707	64,335006	64,736360	100,037539	99,987519	35,824907	36,729592
545,00	35,957092	35,991058	57,816726	63,162297	55,616468	63,184536	51,675069	62,215090	56,449491	62,304533	53,671229	59,508473	33,857936	34,899312	31,648499	35,427842	29,241094	35,497463	31,016171	34,543595	31,561998	34,275120	100,021923	99,944335	64,696878	64,488900	64,295471	64,731604	100,043881	99,960744	35,854581	36,753345
546,00	35,982242	36,016056	57,823873	63,125902	55,617273	63,183856	51,706070	62,201214	56,510204	62,316191	53,761214	59,542894	33,901337	34,937793	31,687099	35,463700	29,277566	35,531878	31,078893	34,581956	31,644702	34,327888	99,998140	99,945617	64,669472	64,448738	64,252204	64,699930	100,049388	99,953622	35,870320	36,776179
547,00	36,010495	36,044139	57,831025	63,107479	55,630255	63,174176	51,732999	62,198436	56,586778	62,329143	53,848672	59,576344	33,945838	34,969357	31,719643	35,510218	29,314482	35,568294	31,142879	34,630817	31,724632	34,393075	99,983674	99,954408	64,638191	64,427817	64,214140	64,676535	100,042236	99,955589	35,897243	36,801043
548,00	36,036187	36,072022	57,832837	63,079053	55,625457	63,144702	51,754791	62,186664	56,653231	62,335050	53,941035	59,601724	33,978558	35,011947	31,746435	35,549697	29,341888	35,607135	31,201065	34,677365	31,800628	34,454343	99,968374	99,945503	64,601302	64,388770	64,194632	64,617765	100,041163	99,967688	35,922849	36,825076
549,00	36,065295	36,101490	57,832694	63,061374	55,636442	63,129276	51,751786	62,197864	56,725752	62,356955	54,023969	59,631014	34,007770	35,051838	31,781337	35,590130	29,361489	35,645157	31,255418	34,733272	31,879479	34,505358	99,974173	99,959433	64,569390	64,349359	64,167976	64,580178	100,030363	99,964696	35,950208	36,846203
550,00	36,093491	36,119547	57,810605	63,053071	55,624342	63,119757	51,748204	62,213439	56,788605	62,376767	54,120189	59,682161	34,033191	35,083276	31,813884	35,627675	29,376394	35,682446	31,309852	34,777051	31,958777	34,549686	99,974465	99,965578	64,536834	64,310855	64,138925	64,556974	100,025785	99,969625	35,971531	36,871791
551,00	36,113280	36,141202	57,776368	63,043666	55,608344	63,108337	51,725692	62,207133	56,837267	62,398970	54,185283	59,717453	34,058228	35,117713	31,838197	35,669813	29,386252	35,730007	31,361458	34,825775	32,030925	34,601977	99,964070	99,958521	64,504683	64,280611	64,102083	64,549345	99,999487	99,969351	35,984719	36,897233
552,00	36,129090	36,162829	57,734317	63,043171	55,575579	63,095075	51,714599	62,208873	56,879818	62,417835	54,276627	59,766906	34,090856	35,149753	31,859654	35,708895	29,395676	35,767895	31,420529	34,865397	32,111382	34,661481	99,958068	99,939269	64,468527	64,256513	64,084250	64,529574	99,992979	99,969828	36,001611	36,920634
553,00	36,159626	36,192989	57,710510	63,022596	55,543274	63,067579	51,681924	62,192905	56,940693	62,413591	54,354370	59,799713	34,120542	35,195026	31,885073	35,746974	29,399800	35,820365	31,481192	34,917679	32,191533	34,724385	99,968773	99,920386	64,450103	64,221621	64,065862	64,481729	100,004268	99,990296	36,029282	36,951375
554,00	36,190659	36,217299	57,684040	63,011354	55,490112	63,073242	51,641458	62,213475	56,995815	62,436956	54,453951	59,858775	34,146389	35,219041	31,910756	35,777959	29,401702	35,850248	31,543875	34,954816	32,279071	34,772584	99,983859	99,951726	64,416397	64,209592	64,034575	64,453316	100,032187	99,988854	36,057019	36,977726
555,00	36,229888	36,245954	57,650012	62,988544	55,441874	63,063413	51,575726	62,212664	57,036668	62,446964	54,529685	59,887576	34,173405	35,245869	31,926540	35,801631	29,399815	35,886654	31,594613	34,991688	32,361281	34,814870	99,977958	99,958491	64,400232	64,179128	63,990998	64,404184	100,068080	99,977440	36,091548	37,004399
556,00	36,253339	36,258757	57,621241	62,980914	55,388713	63,063508	51,512086	62,228626	57,079744	62,490892	54,634261	59,948093	34,185842	35,269755	31,931153	35,836419	29,395846	35,911709	31,645331	35,019836	32,434329	34,857315	99,982762	99,999654	64,374298	64,162654	63,962913	64,389473	100,067997	99,961740	36,103213	37,022963
557,00	36,281180	36,284679	57,570750	62,967223	55,341214	63,055903	51,440942	62,225568	57,131720	62,499934	54,720592	59,969461	34,215319	35,306171	31,938264	35,862872	29,390728	35,951191	31,692740	35,055614	32,504472	34,907138	99,982607	100,003517	64,373517	64,114946	63,953000	64,356565	100,058413	99,952048	36,128113	37,036908
558,00	36,303279	36,296925	57,513845	62,952864	55,273664	63,058829	51,370943	62,234712	57,181650	62,515104	54,812980	60,012102	34,227750	35,333788	31,936330	35,902008	29,377085	35,989109	31,740412	35,094607	32,578397	34,962162	100,007236	100,016594	64,353544	64,081460	63,925791	64,339173	100,036705	99,953914	36,146846	37,052676
559,00	36,325619	36,323223	57,433885	62,947315	55,186057	63,052469	51,276720	62,216592	57,197756	62,516236	54,875094	60,024488	34,243745	35,365415	31,941649	35,929096	29,346275	36,029324	31,784260	35,140961	32,654113	35,013148	99,977469	99,994546	64,314932	64,053553	63,870424	64,307433	100,036275	99,938601	36,172774	37,076160
560,00	36,349705	36,339676	57,375479	62,935078	55,105287	63,027811	51,177388	62,199372	57,217622	62,532359	54,953009	60,057330	34,248593	35,397977	31,944525	35,973942	29,311073	36,069611	31,828099	35,186040	32,728580	35,071754	99,992990	99,983549	64,278597	64,025599	63,826239	64,267385	100,044918	99,950010	36,194813	37,105548
561,00	36,365819	36,367223	57,311201	62,924021	55,023056	62,997335	51,070392	62,186873	57,244092	62,532538	55,022585	60,083371	34,250537	35,439882	31,943074	36,007962	29,270381	36,104733	31,868178	35,229877	32,789290	35,127240	99,998724	99,993813	64,239836	64,008147	63,809592	64,235967	100,007844	99,959493	36,207494	37,136337
562,00	36,387011	36,393467	57,248461	62,914121	54,947162	62,987506	50,959897	62,210065	57,280439	62,539691	55,097586	60,115695	34,270751	35,480094	31,936851	36,049655	29,244110	36,140880	31,906492	35,285690	32,856202	35,182163	100,013924	100,010312	64,231020	63,974512	63,794857	64,212042	99,999118	99,983054	36,233100	37,162042
563,00	36,417067	36,417431	57,175994	62,904298	54,859906	62,989831	50,847691	62,230062	57,308441	62,545687	55,161113	60,157239	34,284645	35,504898	31,929642	36,073238	29,204932	36,174077	31,951049	35,325116	32,933101	35,231546	100,022137	100,005221	64,203334	63,962466	63,778925	64,204043	99,999046	99,969506	36,262441	37,193760
564,00	36,450198	36,440226	57,108474	62,881964	54,767567	62,987459	50,732988	62,242949	57,346088	62,557340	55,239445	60,202289	34,305614	35,543713	31,921944	36,109328	29,172537	36,213484	32,004216	35,383809	33,016247	35,284191	100,009012	99,981254	64,191049	63,926971	63,736987	64,190900	100,027537	99,983817	36,299893	37,229624
565,00	36,476862	36,459446	57,013780	62,863600	54,640627	62,983996	50,601119	62,236762	57,376057	62,561572	55,309504	60,237592	34,310353	35,574877	31,902581	36,136273	29,124093	36,255786	32,048476	35,413086	33,098415	35,329655	100,028217	99,979979	64,157563	63,927120	63,715518	64,177996	100,026631	99,967247	36,328983	37,249193
566,00	36,502683	36,491928	56,912965	62,859619	54,492497	62,990439	50,460947	62,236738	57,403439	62,581646	55,380416	60,279846	34,318066	35,620609	31,880525	36,174634	29,073903	36,294705	32,084379	35,473573	33,164689	35,381472	100,001955	100,005126	64,125878	63,902509	63,675547	64,154184	100,013101	99,983031	36,351073	37,273043
567,00	36,524913	36,516559	56,807172	62,849611	54,348665	62,976027	50,294495	62,210584	57,394946	62,581301	55,428237	60,304934	34,315944	35,643613	31,863031	36,202377	29,024109	36,334410	32,110900	35,518390	33,228147	35,433385	99,995351	100,016260	64,074755	63,883030	63,638866	64,106447	100,016868	99,978238	36,381090	37,288189
568,00	36,561313	36,545169	56,734943	62,822115	54,231650	62,964338	50,136966	62,186617	57,401639	62,587619	55,503148	60,333025	34,319103	35,666505	31,847534	36,228755	28,975379	36,357197	32,146224	35,562226	33,296168	35,490850	100,002503	100,004029	64,044547	63,841647	63,599682	64,049727	100,020802	99,977380	36,420867	37,306881
569,00	36,581257	36,574164	56,631470	62,799442	54,112715	62,948489	49,954641	62,176144	57,395524	62,578619	55,569524	60,347766	34,309894	35,690188	31,824347	36,262473	28,924882	36,398959	32,181081	35,601747	33,361349	35,547474	100,003016	100,018084	64,018923	63,821584	63,564187	64,005637	100,006163	99,977010	36,456233	37,334469
570,00	36,606511	36,607066	56,534380	62,782907	53,975493	62,954271	49,792969	62,171662	57,424408	62,567025	55,636340	60,364813	34,301040	35,720387	31,792098	36,297473	28,855371	36,428490	32,212076	35,648432	33,430982	35,596770	100,018024	100,027275	63,997632	63,805360	63,540518	63,972211	99,986631	99,964815	36,477429	37,362397
571,00	36,631358	36,639363	56,409442	62,776834	53,824764	62,945008	49,618942	62,162530	57,423705	62,559849	55,682206	60,388643	34,294525	35,751402	31,759143	36,323506	28,790152	36,466253	32,244202	35,703292	33,498722	35,644963	100,001681	100,042057	63,967270	63,774091	63,501209	63,943100	99,984068	99,966586	36,495936	37,392917
572,00	36,666110	36,666730	56,313646	62,755251	53,685689	62,934268	49,455306	62,143803	57,446122	62,550473	55,737031	60,407114	34,295222	35,775617	31,728366	36,345851	28,731379	36,500058	32,276770	35,742268	33,579203	35,687283	100,042999	100,035846	63,939714	63,743931	63,481432	63,911271	99,998933	99,969310	36,519912	37,414309
573,00	36,698243	36,700764	56,208438	62,749666	53,540099	62,931037	49,273831	62,148929	57,430345	62,569410	55,788326	60,448241	34,296122	35,807362	31,699845	36,372101	28,670657	36,542857	32,316244	35,779384	33,653805	35,737279	100,034976	100,043344	63,908112	63,721144	63,438803	63,894427	100,001645	99,983096	36,551362	37,448949
574,00	36,720884	36,728832	56,107259	62,733054	53,396648	62,915158	49,100757	62,142462	57,438016	62,575978	55,840147	60,471082	34,284043	35,835481	31,667060	36,408725	28,608841	36,582401	32,345980	35,818949	33,716884	35,774058	100,044286	100,044513	63,881475	63,700062	63,417727	63,864613	99,977231	99,995279	36,568195	37,480426
575,00	36,742198	36,759076	55,994618	62,733549	53,237718	62,908781	48,911312	62,139356	57,420391	62,594157	55,881745	60,498089	34,285054	35,861859	31,641001	36,435002	28,545922	36,614835	32,374343	35,859609	33,780286	35,819697	99,998194	100,056911	63,840348	63,676316	63,373506	63,844502	99,977517	99,998391	36,602268	37,511808
576,00	36,778474	36,783031	55,888331	62,717533	53,086650	62,909013	48,732480	62,119353	57,418138	62,587970	55,926418	60,515952	34,289810	35,885909	31,613660	36,459666	28,489059	36,638367	32,408169	35,893962	33,847111	35,858259	99,996495	100,073874	63,811553	63,644606	63,347346	63,810545	99,981272	100,001764	36,626682	37,537885
577,00	36,813325	36,800462	55,780512	62,705243	52,933973	62,912905	48,556182	62,108612	57,409590	62,582278	55,978715	60,528922	34,300172	35,907182	31,589723	36,480901	28,428450	36,670551	32,447436	35,928380	33,915558	35,900146	99,985939	100,103116	63,775861	63,613653	63,316178	63,789642	100,004518	99,985504	36,668992	37,567520
578,00	36,847705	36,824310	55,681586	62,676394	52,789247	62,908328	48,391858	62,096846	57,414144	62,573439	56,042004	60,548037	34,295353	35,945064	31,550843	36,516467	28,360581	36,702195	32,476273	35,968819	33,976686	35,940284	99,982882	100,098777	63,752186	63,580471	63,299066	63,765669	99,993813	99,984467	36,690831	37,597850
579,00	36,864141	36,845416	55,570877	62,661862	52,652097	62,888777	48,229110	62,095958	57,412905	62,572920	56,104112	60,557497	34,283870	35,968000	31,516373	36,542785	28,290686	36,738113	32,496572	36,006099	34,027156	35,978898	99,972653	100,097287	63,722306	63,552117	63,272977	63,742757	99,974513	99,977511	36,713412	37,616441
580,00	36,881438	36,885169	55,458432	62,651694	52,509385	62,876755	48,059535	62,093067	57,402372	62,571442	56,140429	60,570496	34,276485	36,007905	31,483856	36,579391	28,222352	36,771023	32,509091	36,041453	34,080425	36,027864	99,967003	100,087237	63,683319	63,517547	63,231766	63,712758	99,953765	100,001097	36,728516	37,644520
581,00	36,895558	36,903039	55,352002	62,629652	52,371430	62,850267	47,900668	62,065899	57,387173	62,547088	56,174886	60,553652	34,266558	36,029774	31,459752	36,603862	28,163370	36,795121	32,529962	36,071342	34,138158	36,058962	99,972010	100,066435	63,645029	63,478273	63,200742	63,663799	99,950248	99,998802	36,746776	37,671611
582,00	36,918330	36,928022	55,258524	62,589467	52,239561	62,829494	47,753826	62,021673	57,389051	62,521946	56,219846	60,541677	34,257039	36,062229	31,434432	36,636487	28,102219	36,835766	32,551470	36,100179	34,198058	36,095774	99,999720	100,031710	63,625622	63,434887	63,193262	63,625902	99,949801	100,016713	36,771747	37,702030
583,00	36,940983	36,943316	55,158186	62,569654	52,108568	62,801576	47,596851	61,998302	57,382435	62,520617	56,253070	60,547221	34,244126	36,083424	31,409210	36,660060	28,046128	36,856538	32,579663	36,135378	34,251773	36,130935	99,991435	100,005758	63,597757	63,399309	63,185781	63,597107	99,947703	100,014687	36,795181	37,731335
584,00	36,969158	36,970735	55,062503	62,555677	51,982427	62,799037	47,462618	61,987334	57,386816	62,523019	56,293273	60,574633	34,246400	36,109599	31,383994	36,689106	27,993524	36,885136	32,608250	36,174336	34,302673	36,168811	100,012481	100,012636	63,576609	63,382143	63,170886	63,585347	99,957526	100,011349	36,821705	37,747586
585,00	36,994579	36,997113	54,963470	62,552297	51,848340	62,784320	47,318378	61,987150	57,375437	62,525725	56,305468	60,585135	34,255397	36,131284	31,365952	36,720660	27,947327	36,904460	32,635289	36,209819	34,363642	36,209661	99,980921	100,033391	63,536721	63,352579	63,126636	63,571459	99,978578	100,003874	36,851299	37,772101
586,00	37,014624	37,021267	54,876482	62,522858	51,735789	62,758821	47,191012	61,959815	57,374376	62,496287	56,350034	60,570371	34,256187	36,154622	31,338280	36,750752	27,895576	36,936691	32,656667	36,229968	34,422588	36,246833	99,983728	100,037241	63,516796	63,329488	63,103682	63,539004	99,989015	100,003719	36,871433	37,790820
587,00	37,030220	37,044758	54,785573	62,495500	51,625991	62,723196	47,064820	61,934429	57,367939	62,472993	56,388068	60,552967	34,254378	36,183408	31,316376	36,783084	27,833191	36,970508	32,681614	36,250946	34,474498	36,284545	99,973547	100,019801	63,504720	63,282186	63,081908	63,503021	99,967629	100,026000	36,890712	37,818706
588,00	37,049794	37,072620	54,699004	62,480897	51,524466	62,696809	46,944323	61,918306	57,371962	62,473184	56,436306	60,567462	34,245372	36,212775	31,284997	36,814824	27,782553	36,996689	32,703593	36,275539	34,517688	36,323887	99,982703	100,015628	63,487208	63,265270	63,072550	63,475204	99,948609	100,024378	36,904570	37,850246
589,00	37,076369	37,099427	54,617673	62,453645	51,418668	62,677729	46,829760	61,899912	57,371014	62,468916	56,475359	60,584229	34,246811	36,238557	31,264955	36,849630	27,730855	37,026504	32,733425	36,313805	34,556302	36,369243	100,002801	100,022829	63,469595	63,224977	63,065380	63,457656	99,923003	100,017822	36,929005	37,878695
590,00	37,094799	37,122822	54,538524	62,429279	51,315349	62,660217	46,711528	61,888373	57,369298	62,466097	56,511647	60,589230	34,243119	36,264011	31,246004	36,887649	27,685645	37,056866	32,756543	36,343211	34,602278	36,413047	100,029457	100,020623	63,444155	63,198072	63,054270	63,426208	99,924386	100,009978	36,954728	37,905982
591,00	37,117040	37,143514	54,459119	62,392277	51,214296	62,630063	46,604833	61,859637	57,356566	62,435675	56,549853	60,564458	34,248218	36,294490	31,230474	36,919630	27,633032	37,086374	32,785523	36,376622	34,651485	36,450151	100,041318	100,002706	63,421112	63,156158	63,034481	63,371235	99,923241	100,015771	36,979234	37,932861
592,00	37,131345	37,165752	54,373550	62,367070	51,110768	62,608171	46,493113	61,829746	57,343578	62,417907	56,570554	60,560548	34,259030	36,326182	31,223103	36,947116	27,592513	37,119502	32,813290	36,409038	34,710717	36,485875	100,045562	99,988371	63,398683	63,127917	62,997055	63,330638	99,949652	100,027335	37,013453	37,960559
593,00	37,153056	37,186250	54,296720	62,345123	51,010954	62,576908	46,378767	61,801058	57,326120	62,395865	56,590545	60,558909	34,256321	36,353779	31,203049	36,965099	27,545387	37,149775	32,830691	36,440521	34,757861	36,526212	100,029051	99,985743	63,370860	63,093722	62,960863	63,304096	99,957639	100,022066	37,034366	37,982351
594,00	37,172925	37,198788	54,223776	62,322450	50,926596	62,549502	46,258473	61,778903	57,330441	62,391937	56,624633	60,565901	34,257463	36,370206	31,193048	36,989662	27,506676	37,175855	32,854763	36,466587	34,809467	36,558667	100,048959	99,964231	63,357711	63,065052	62,944007	63,295859	99,963319	100,008273	37,056240	37,997317
595,00	37,187314	37,219861	54,150653	62,308180	50,838941	62,531340	46,159375	61,783665	57,324642	62,396604	56,656599	60,570878	34,257305	36,396977	31,181091	37,016538	27,462071	37,195155	32,876399	36,497030	34,856451	36,602268	100,042546	99,967122	63,329577	63,054991	62,913543	63,283986	99,948496	100,006497	37,061557	38,022140
596,00	37,206966	37,242839	54,074138	62,287486	50,760317	62,509334	46,061054	61,789370	57,322717	62,399578	56,684726	60,588664	34,274372	36,423889	31,183022	37,048063	27,428439	37,225559	32,907528	36,529505	34,911859	36,640164	100,044429	99,967933	63,302350	63,044870	62,879199	63,261694	99,949896	100,014186	37,079501	38,052440
597,00	37,223575	37,266639	53,990662	62,266272	50,656819	62,512845	45,962062	61,796439	57,301801	62,393785	56,691843	60,591865	34,277266	36,458072	31,177846	37,077641	27,387065	37,261990	32,931203	36,557090	34,946623	36,688358	100,026083	100,003135	63,267553	63,028777	62,835199	63,245237	99,942535	100,027311	37,105715	38,075247
598,00	37,254125	37,293777	53,931069	62,236810	50,573003	62,493330	45,874995	61,786252	57,298625	62,385547	56,710774	60,588396	34,276736	36,494279	31,163946	37,112334	27,349079	37,302443	32,947674	36,585557	34,981561	36,714590	100,029814	100,009036	63,242769	63,003099	62,804949	63,217914	99,938440	100,047982	37,133616	38,097641
599,00	37,275371	37,320083	53,870940	62,208545	50,479382	62,467790	45,784238	61,749786	57,278186	62,361121	56,723982	60,559922	34,278506	36,518010	31,148160	37,147212	27,319831	37,327427	32,975361	36,622298	35,022059	36,749735	100,019991	99,990243	63,221383	62,958461	62,765735	63,184243	99,930543	100,039768	37,162113	38,113284
600,00	37,303600	37,354425	53,808451	62,200564	50,405306	62,436360	45,693147	61,730409	57,271981	62,345010	56,758195	60,548174	34,285018	36,542046	31,140420	37,173665	27,286240	37,347394	33,008254	36,660495	35,075927	36,775321	100,040638	99,969542	63,202292	62,937158	62,743205	63,156867	99,943846	100,036895	37,186122	38,135499
601,00	37,329555	37,372082	53,735286	62,191224	50,313330	62,433302	45,594007	61,718154	57,248855	62,322885	56,787181	60,538787	34,300461	36,551759	31,135720	37,193248	27,253294	37,369263	33,038941	36,686587	35,129929	36,798045	100,050139	99,952704	63,179934	62,915289	62,708312	63,141114	99,955481	100,001049	37,213567	38,146850
602,00	37,355930	37,394515	53,667665	62,171674	50,216997	62,411213	45,496234	61,704135	57,235670	62,310451	56,807917	60,543561	34,307376	36,575267	31,125310	37,210310	27,213556	37,389112	33,069301	36,711079	35,169142	36,829039	100,057352	99,947655	63,151270	62,899965	62,693024	63,133740	99,965823	99,991691	37,234458	38,168883
603,00	37,376937	37,408000	53,603983	62,136275	50,125122	62,387282	45,411244	61,680394	57,224619	62,296873	56,821579	60,552537	34,315136	36,594951	31,108001	37,227416	27,175766	37,419474	33,086759	36,735725	35,208648	36,853385	100,069618	99,938226	63,137823	62,867349	62,679732	63,106751	99,957037	99,960518	37,251231	38,187611
604,00	37,387142	37,432751	53,532416	62,109417	50,026661	62,364179	45,298007	61,658865	57,215685	62,281185	56,829447	60,560352	34,311783	36,625484	31,084916	37,254375	27,136949	37,438962	33,111247	36,767590	35,247841	36,895356	100,070465	99,932778	63,123810	62,848467	62,660372	63,080966	99,927062	99,965781	37,270275	38,207424
605,00	37,409851	37,448090	53,441602	62,092131	49,942768	62,356836	45,184967	61,639762	57,197523	62,278056	56,839567	60,562176	34,309426	36,653051	31,086883	37,279510	27,101654	37,466457	33,137196	36,795887	35,299426	36,921719	100,069547	99,942237	63,107759	62,825418	62,632823	63,057601	99,926305	99,961281	37,303025	38,226888
606,00	37,431592	37,456539	53,367269	62,068039	49,848217	62,347817	45,068267	61,633879	57,155889	62,265819	56,850946	60,558116	34,313950	36,687696	31,084341	37,303883	27,080336	37,486699	33,172762	36,818013	35,349959	36,944848	100,047255	99,973166	63,073438	62,812591	62,587374	63,042051	99,948692	99,964595	37,343189	38,242599
607,00	37,475315	37,474301	53,286010	62,051040	49,764085	62,329143	44,962707	61,617160	57,111615	62,263662	56,869692	60,539961	34,321517	36,707622	31,088603	37,327221	27,053457	37,512222	33,197749	36,842987	35,397846	36,967221	100,025368	99,987447	63,034576	62,778002	62,553763	63,014454	99,982542	99,979037	37,375310	38,261837
608,00	37,508649	37,501943	53,210741	62,018508	49,663556	62,318712	44,854686	61,613858	57,086819	62,255090	56,889111	60,515493	34,329426	36,736104	31,069902	37,358749	27,027833	37,543583	33,209082	36,867782	35,432348	36,993244	100,030327	99,995089	62,993306	62,749654	62,523603	62,978125	99,983466	99,995333	37,391499	38,286632
609,00	37,537536	37,540615	53,134340	62,000501	49,569783	62,301207	44,749707	61,589986	57,080251	62,248087	56,898177	60,505056	34,343806	36,760682	31,068623	37,391242	26,996112	37,580821	33,223972	36,901814	35,477188	37,030903	100,036609	99,977928	62,973207	62,723529	62,502003	62,947524	99,969351	100,028467	37,396640	38,311160
610,00	37,559977	37,563920	53,048950	61,966628	49,452540	62,289917	44,636494	61,573386	57,064652	62,235045	56,896436	60,490459	34,359798	36,791927	31,068444	37,421703	26,976648	37,611926	33,258864	36,935547	35,523242	37,060100	100,039387	99,962097	62,942880	62,688613	62,482053	62,915498	99,984413	100,028753	37,418225	38,327283
611,00	37,576330	37,580761	52,982211	61,968309	49,346921	62,278819	44,529760	61,575258	57,057053	62,236845	56,909543	60,506594	34,368572	36,819476	31,060487	37,434262	26,938120	37,632149	33,281997	36,966661	35,563976	37,090823	100,045323	99,966216	62,934387	62,678641	62,459970	62,907577	99,976534	100,030804	37,428769	38,342997
612,00	37,590313	37,601063	52,917618	61,960965	49,246752	62,263685	44,415149	61,559939	57,040727	62,224895	56,911427	60,494173	34,369460	36,849362	31,039044	37,450671	26,908436	37,651426	33,304387	36,993331	35,602561	37,119856	100,023317	99,977487	62,906665	62,648726	62,438250	62,883222	99,977112	100,039256	37,452298	38,376313
613,00	37,608287	37,622374	52,867830	61,940372	49,172169	62,219769	44,317901	61,542845	57,021129	62,212372	56,934386	60,490191	34,371337	36,878642	31,028590	37,471706	26,881468	37,677068	33,320114	37,016925	35,639447	37,154973	100,039208	99,971855	62,900174	62,621820	62,427700	62,860948	99,962026	100,040042	37,479937	38,399255
614,00	37,629145	37,649807	52,795798	61,902910	49,091691	62,191498	44,211674	61,501771	56,968385	62,179792	56,934285	60,466337	34,383804	36,901703	31,034446	37,503812	26,874858	37,698093	33,349654	37,046450	35,680425	37,180263	100,011635	99,970216	62,871015	62,591982	62,397218	62,826353	99,974799	100,042701	37,512073	38,416320
615,00	37,660328	37,674227	52,725679	61,873531	49,019742	62,168425	44,134122	61,482072	56,945318	62,171888	56,966609	60,456163	34,402347	36,930516	31,047374	37,541443	26,867992	37,725261	33,374116	37,076271	35,718015	37,214452	100,048888	99,974149	62,853122	62,571025	62,376267	62,813365	99,992311	100,044894	37,547836	38,428035
616,00	37,686673	37,706226	52,658081	61,873472	48,951000	62,165236	44,052947	61,467969	56,922841	62,160105	56,981802	60,444415	34,413403	36,962724	31,049690	37,566340	26,856101	37,749711	33,393544	37,104908	35,744664	37,254047	100,051045	100,004613	62,824351	62,567610	62,348938	62,802225	99,988031	100,055051	37,561551	38,462880
617,00	37,723055	37,735704	52,623141	61,865830	48,907578	62,149382	44,004273	61,462289	56,929660	62,150693	57,008243	60,432768	34,437776	36,994338	31,060863	37,597007	26,858300	37,777066	33,422002	37,131259	35,788879	37,291104	100,090015	100,017643	62,819624	62,546903	62,351000	62,789977	99,999148	100,058782	37,596557	38,496205
618,00	37,754440	37,758762	52,576196	61,857593	48,840046	62,127417	43,927720	61,461854	56,899792	62,132281	57,003462	60,419613	34,450054	37,016505	31,072327	37,618679	26,867303	37,789595	33,450443	37,163219	35,829273	37,328827	100,053930	100,024533	62,775141	62,532580	62,306070	62,766111	100,002849	100,053990	37,615681	38,519222
619,00	37,773713	37,776744	52,550018	61,832428	48,803768	62,106586	43,875152	61,448669	56,902510	62,115431	57,014525	60,411549	34,476474	37,045395	31,092444	37,650004	26,888129	37,815899	33,489463	37,192455	35,865662	37,354636	100,053740	100,027251	62,747884	62,503016	62,269878	62,737715	100,016665	100,069380	37,640035	38,544032
620,00	37,788928	37,786415	52,521825	61,816865	48,758411	62,080717	43,826130	61,434406	56,892192	62,105680	57,008129	60,411435	34,495080	37,074468	31,108588	37,669185	26,907319	37,839329	33,518660	37,219173	35,898820	37,385896	100,029075	100,051820	62,696773	62,473971	62,215745	62,710589	100,005066	100,074565	37,659055	38,567594
621,00	37,804875	37,799680	52,510929	61,786634	48,754293	62,060750	43,808198	61,411488	56,902790	62,077868	57,022953	60,395509	34,521985	37,096614	31,134856	37,692210	26,929665	37,871036	33,560389	37,233689	35,931599	37,408942	100,057125	100,037205	62,701356	62,429994	62,212950	62,678158	99,994242	100,071049	37,686482	38,584080
622,00	37,826499	37,823164	52,495652	61,771148	48,738179	62,026900	43,796948	61,387914	56,901366	62,061352	57,032305	60,385066	34,533435	37,109220	31,157145	37,700444	26,955277	37,890294	33,592609	37,244126	35,970867	37,432265	100,053132	100,043571	62,678057	62,398618	62,186956	62,654728	99,976808	100,029659	37,713265	38,598165
623,00	37,843028	37,852615	52,481592	61,740816	48,727754	61,999941	43,794572	61,365813	56,907177	62,032652	57,049257	60,358095	34,558910	37,126818	31,188881	37,731019	26,998270	37,923095	33,628154	37,257996	36,016300	37,470740	100,053859	100,021422	62,669295	62,374908	62,162405	62,622744	99,990773	100,032079	37,735826	38,614428
624,00	37,863526	37,873307	52,492529	61,735857	48,729777	61,970872	43,807659	61,347520	56,895280	62,035900	57,041973	60,355717	34,576836	37,159413	31,217414	37,756261	27,040416	37,949848	33,651295	37,291911	36,060849	37,506863	100,052655	100,048518	62,620759	62,362003	62,114316	62,608337	99,998146	100,043952	37,747478	38,650841
625,00	37,883964	37,884176	52,492040	61,723864	48,733598	61,945307	43,827564	61,313814	56,892276	62,019449	57,018811	60,338980	34,610412	37,193081	31,261045	37,787959	27,093187	37,976867	33,682698	37,335694	36,112621	37,545514	100,055134	100,047672	62,586200	62,328100	62,075269	62,574571	100,021946	100,067508	37,768832	38,679469
626,00	37,912890	37,897262	52,506673	61,712617	48,764893	61,919874	43,862578	61,275893	56,898725	62,011397	57,020670	60,334063	34,635192	37,223139	31,305602	37,804872	27,138019	37,997699	33,724898	37,369147	36,142230	37,569520	100,081861	100,056112	62,545121	62,292713	62,053514	62,560016	100,026917	100,062084	37,795064	38,707724
627,00	37,937242	37,918767	52,514559	61,692452	48,788837	61,903268	43,895259	61,250669	56,920153	61,986542	57,034814	60,318887	34,673664	37,246677	31,353354	37,829235	27,194956	38,023144	33,764434	37,400818	36,177975	37,593457	100,069928	100,056911	62,519544	62,267184	62,021238	62,530637	100,016606	100,057244	37,818843	38,729894
628,00	37,958935	37,938052	52,541012	61,664712	48,843029	61,887747	43,943286	61,237121	56,926203	61,955035	57,057261	60,311389	34,703463	37,265509	31,393099	37,854972	27,259904	38,043857	33,812869	37,419009	36,205888	37,611371	100,076258	100,054920	62,487161	62,251204	62,010586	62,502241	100,010157	100,044668	37,838033	38,762584
629,00	37,981004	37,956357	52,564740	61,640453	48,882481	61,861342	43,997318	61,222506	56,945539	61,934280	57,062024	60,287821	34,745640	37,287128	31,439751	37,882924	27,333412	38,064876	33,856583	37,441632	36,252514	37,640941	100,065351	100,044155	62,461054	62,222600	61,984313	62,470263	100,011683	100,042200	37,862945	38,780162
630,00	38,005856	37,975559	52,582753	61,604035	48,939893	61,830401	44,067585	61,192572	56,955796	61,907774	57,071733	60,267758	34,776011	37,308624	31,490737	37,906370	27,417356	38,083461	33,911633	37,457898	36,298639	37,666187	100,056922	100,033665	62,422121	62,176919	61,967611	62,430161	100,016499	100,034249	37,894014	38,800922
631,00	38,024601	37,986958	52,630609	61,577350	48,995173	61,815280	44,165570	61,178923	56,986612	61,902547	57,063061	60,246795	34,817889	37,331039	31,551614	37,922397	27,499652	38,100579	33,954051	37,469196	36,343259	37,691283	100,037920	100,025225	62,399280	62,150526	61,938375	62,412047	99,998111	100,010741	37,912095	38,811818
632,00	38,052326	37,996951	52,686483	61,551255	49,092728	61,798185	44,281110	61,169887	57,013106	61,873347	57,072479	60,236013	34,846807	37,349126	31,622696	37,937686	27,601278	38,111293	34,000760	37,488499	36,384061	37,702069	100,040412	100,035918	62,383288	62,129772	61,915201	62,385297	99,997276	100,007474	37,923130	38,826326
633,00	38,061655	38,010171	52,745748	61,531919	49,204436	61,775678	44,412231	61,152142	57,052982	61,843950	57,077605	60,226679	34,892187	37,365559	31,691977	37,960055	27,694380	38,122046	34,032962	37,511128	36,402997	37,733686	100,058711	100,033939	62,367707	62,103349	61,893481	62,355053	99,978232	99,989164	37,935185	38,844573
634,00	38,087013	38,041398	52,814013	61,511594	49,341816	61,762464	44,549596	61,133265	57,095087	61,811203	57,107037	60,224152	34,940374	37,396222	31,768617	37,995136	27,805999	38,145116	34,079498	37,552658	36,439028	37,759233	100,062525	100,053382	62,357497	62,092799	61,875123	62,333363	99,989355	100,006747	37,961808	38,871765
635,00	38,108608	38,074169	52,878493	61,479479	49,457684	61,749196	44,691601	61,104703	57,125407	61,788815	57,110399	60,210401	35,005215	37,429988	31,842339	38,033009	27,919683	38,175771	34,132975	37,596133	36,479342	37,793919	100,046587	100,044370	62,328553	62,063992	61,850935	62,299788	100,010383	100,015771	37,991452	38,903752
636,00	38,145626	38,101590	52,968174	61,470872	49,583507	61,741102	44,853961	61,091441	57,160556	61,775035	57,110506	60,204160	35,062954	37,467578	31,932297	38,061002	28,051195	38,217404	34,197560	37,630618	36,528018	37,816942	100,037968	100,053096	62,311780	62,053925	61,835122	62,283951	100,051379	100,027525	38,022411	38,926870
637,00	38,173443	38,120541	53,049779	61,443645	49,711728	61,716694	45,021012	61,063856	57,202274	61,750400	57,117766	60,184526	35,121804	37,492087	32,011622	38,088399	28,178039	38,247249	34,253064	37,653151	36,572039	37,848279	100,041223	100,042176	62,287933	62,019545	61,809504	62,244248	100,070524	100,025415	38,051143	38,947573
638,00	38,181275	38,135988	53,141999	61,413974	49,867290	61,690897	45,196003	61,027044	57,248670	61,726004	57,130742	60,170764	35,164616	37,503049	32,092434	38,104957	28,300506	38,281846	34,292287	37,665176	36,596096	37,869084	100,031757	100,035977	62,272823	62,006605	61,780667	62,220562	100,019598	99,998593	38,071001	38,960621
639,00	38,198277	38,151151	53,226614	61,372834	50,002348	61,661255	45,346615	61,000347	57,302362	61,706495	57,128924	60,146064	35,216579	37,506816	32,169712	38,129565	28,432748	38,307053	34,340638	37,696552	36,634237	37,891659	100,010467	100,013101	62,230849	61,985552	61,744612	62,188947	100,007808	100,002599	38,092288	38,978592
640,00	38,210663	38,173234	53,310835	61,339712	50,126880	61,649281	45,499477	60,989803	57,334399	61,699814	57,110810	60,136855	35,262021	37,527603	32,260814	38,163602	28,567362	38,340718	34,386379	37,733653	36,670822	37,914333	99,978942	100,009334	62,186354	61,970127	61,710298	62,176579	100,009906	100,026274	38,110125	39,004350
641,00	38,240391	38,199258	53,385925	61,334950	50,252867	61,646634	45,649853	60,982084	57,374877	61,692566	57,097304	60,128081	35,318467	37,565351	32,340541	38,201582	28,697616	38,371485	34,439710	37,776029	36,714280	37,952900	99,953532	100,018740	62,140501	61,949492	61,678743	62,154043	100,057828	100,065279	38,124919	39,038071
642,00	38,261226	38,234830	53,471982	61,301535	50,390667	61,618620	45,814982	60,944378	57,408601	61,666441	57,115084	60,107225	35,372791	37,599307	32,419887	38,227984	28,823283	38,399810	34,481159	37,796643	36,757019	37,976459	99,972802	100,011683	62,138629	61,922717	61,656141	62,109220	100,083041	100,082636	38,146207	39,060974
643,00	38,285771	38,259694	53,547144	61,285025	50,526601	61,578214	45,958516	60,913503	57,445264	61,630219	57,126558	60,099411	35,420790	37,624007	32,493117	38,238576	28,936484	38,412702	34,534702	37,813497	36,793637	38,005248	99,988228	100,010407	62,111002	61,892551	61,628771	62,069452	100,067544	100,073063	38,163835	39,064953
644,00	38,300228	38,279194	53,619719	61,255091	50,633258	61,538863	46,091908	60,884368	57,484770	61,606050	57,131827	60,072541	35,456967	37,639752	32,566929	38,260272	29,049560	38,436630	34,578052	37,835202	36,816803	38,032928	100,010538	100,005257	62,085301	61,867535	61,609995	62,053728	100,028968	100,057471	38,176697	39,091244
645,00	38,317907	38,286740	53,678483	61,242807	50,737107	61,530215	46,215117	60,881245	57,515734	61,589599	57,131267	60,076565	35,495135	37,660432	32,636616	38,286769	29,157105	38,458878	34,633291	37,862641	36,838672	38,074875	99,996465	100,024319	62,056184	61,850953	61,584550	62,055570	100,002408	100,049365	38,193071	39,108935
646,00	38,347736	38,307545	53,734976	61,209947	50,836229	61,508912	46,324295	60,854357	57,541656	61,565691	57,135028	60,031354	35,551816	37,682593	32,703364	38,327467	29,264587	38,509056	34,687251	37,906918	36,885482	38,125369	99,991876	100,021279	62,043685	61,823279	61,577642	62,046337	100,034618	100,070333	38,223571	39,142543
647,00	38,363728	38,331100	53,779572	61,171937	50,917703	61,478162	46,416041	60,829639	57,547331	61,537462	57,147574	60,011649	35,601917	37,703937	32,765853	38,358289	29,365355	38,535538	34,730679	37,931979	36,933821	38,158494	100,009775	100,030828	62,027758	61,802369	61,558545	62,015086	100,056720	100,073206	38,263339	39,160174
648,00	38,384950	38,358921	53,805280	61,133176	50,969899	61,440176	46,488255	60,795337	57,552260	61,500257	57,138836	59,967524	35,640788	37,725040	32,821462	38,396150	29,457673	38,556153	34,767365	37,954381	36,978272	38,188991	100,029218	100,005317	61,996347	61,757684	61,533982	61,972547	100,068438	100,069118	38,293004	39,195773
649,00	38,391072	38,375974	53,818738	61,110622	50,993180	61,413372	46,536496	60,782361	57,572240	61,477518	57,155246	59,943056	35,662234	37,740219	32,870701	38,418561	29,539064	38,565198	34,797597	37,966934	36,999264	38,203660	100,063896	100,002193	61,984724	61,731535	61,491895	61,939889	100,053644	100,039887	38,300827	39,209962
650,00	38,422176	38,395777	53,821582	61,106044	51,003724	61,385268	46,560687	60,771745	57,590312	61,461848	57,150155	59,926981	35,696262	37,762722	32,923627	38,434425	29,619274	38,576403	34,839451	37,988088	37,033287	38,233659	100,061440	99,985266	61,969805	61,691618	61,457121	61,911315	100,063741	100,034392	38,329208	39,232063
651,00	38,454521	38,418195	53,808463	61,093473	50,992888	61,363417	46,548191	60,762924	57,585937	61,455524	57,165605	59,926236	35,734037	37,794945	32,972920	38,453057	29,687211	38,602090	34,888867	38,013613	37,071955	38,254192	100,063384	99,995422	61,944413	61,697024	61,433524	61,893076	100,074005	100,060880	38,354060	39,246383
652,00	38,478139	38,448140	53,775221	61,074954	50,959623	61,332697	46,518752	60,734904	57,555461	61,450624	57,150102	59,931719	35,767120	37,815616	33,012831	38,480198	29,737866	38,631907	34,915635	38,034618	37,105176	38,287553	100,041234	99,979711	61,909968	61,678171	61,417735	61,878830	100,074399	100,076139	38,377178	39,272693
653,00	38,506091	38,467717	53,733337	61,046398	50,898314	61,312842	46,452907	60,709697	57,510614	61,437088	57,156551	59,913158	35,790920	37,826234	33,042648	38,506442	29,776523	38,663793	34,948444	38,061965	37,147948	38,305736	100,024235	99,975550	61,878049	61,658311	61,397511	61,860651	100,070131	100,085151	38,384685	39,289778
654,00	38,513955	38,483465	53,684598	61,002028	50,823516	61,279750	46,361786	60,682130	57,477403	61,407357	57,147175	59,898973	35,792038	37,839264	33,054078	38,517466	29,792503	38,673222	34,968749	38,066888	37,175915	38,327637	100,003600	99,968791	61,865157	61,602414	61,364740	61,840868	100,036633	100,029850	38,391805	39,298183
655,00	38,542205	38,497022	53,601408	60,976940	50,692797	61,260736	46,223986	60,670292	57,436377	61,388671	57,129788	59,877121	35,799545	37,860313	33,058789	38,535631	29,808274	38,685822	34,998080	38,094535	37,203842	38,345817	99,993461	99,961543	61,827564	61,562032	61,343497	61,806631	100,028098	100,014472	38,414109	39,317763
656,00	38,552326	38,531807	53,504598	60,945761	50,526899	61,225736	46,048722	60,648823	57,380188	61,370653	57,109326	59,872311	35,799009	37,887740	33,051890	38,554764	29,789186	38,694918	35,015500	38,113949	37,228465	38,363796	99,991518	99,948484	61,807179	61,519933	61,317325	61,783552	100,030720	99,993318	38,437697	39,332515
657,00	38,578233	38,557690	53,376895	60,942197	50,308847	61,212587	45,821625	60,632920	57,300198	61,366165	57,100344	59,849924	35,805827	37,896469	33,037198	38,581559	29,764000	38,723031	35,026169	38,142902	37,272349	38,375047	99,984795	99,945676	61,774105	61,507976	61,305416	61,779010	100,053072	99,999583	38,467529	39,357701
658,00	38,599288	38,576144	53,234470	60,906351	50,061876	61,178994	45,546642	60,612696	57,222152	61,337751	57,099193	59,835076	35,790455	37,907922	33,002990	38,597423	29,708886	38,738430	35,035533	38,161424	37,316251	38,402176	99,976599	99,941558	61,768472	61,487955	61,283112	61,759305	100,060344	99,992371	38,493037	39,373550
659,00	38,629135	38,588360	53,053766	60,891712	49,805591	61,178792	45,231646	60,606688	57,149291	61,325896	57,104737	59,827989	35,773000	37,909016	32,950366	38,608766	29,643184	38,760325	35,040540	38,179433	37,349093	38,418728	100,007546	99,950033	61,752957	61,478567	61,271727	61,743611	100,051188	99,971795	38,513729	39,385554
660,00	38,641357	38,610241	52,841723	60,865927	49,507222	61,156690	44,874355	60,587633	57,068908	61,301625	57,099807	59,819257	35,750183	37,927753	32,878056	38,633439	29,530814	38,779163	35,031998	38,215026	37,372598	38,450095	100,023901	99,948251	61,720401	61,452699	61,253917	61,717957	100,031245	99,983132	38,534987	39,416939
661,00	38,669005	38,631889	52,608252	60,844380	49,183583	61,130261	44,480574	60,548139	56,963122	61,296809	57,105398	59,803081	35,731572	37,952670	32,813609	38,643420	29,408148	38,802066	35,022059	38,234726	37,406936	38,456810	100,009191	99,952370	61,688536	61,419672	61,230910	61,685288	100,025451	99,988830	38,557875	39,447486
662,00	38,699201	38,656086	52,358323	60,821486	48,806214	61,114413	44,060898	60,515362	56,849408	61,253142	57,096785	59,784395	35,696155	37,987286	32,731724	38,676679	29,255387	38,819686	35,009807	38,272691	37,433845	38,488662	99,981588	99,939609	61,661404	61,393523	61,204821	61,667496	100,043058	100,016868	38,583106	39,477336
663,00	38,723281	38,670173	52,083415	60,817182	48,410064	61,107743	43,617645	60,503554	56,713110	61,258620	57,076919	59,786677	35,655391	38,000143	32,640350	38,680816	29,097942	38,843915	35,003474	38,295934	37,463051	38,505420	99,965429	99,973387	61,622894	61,382794	61,165357	61,660939	100,052428	100,002933	38,609332	39,489883
664,00	38,732111	38,703507	51,808715	60,818475	48,024419	61,101121	43,161389	60,502350	56,592524	61,242813	57,050794	59,792268	35,593837	38,021839	32,527602	38,715053	28,923965	38,865817	34,996691	38,328031	37,495235	38,535354	99,983668	99,979836	61,580431	61,377960	61,136746	61,663371	100,054538	99,993598	38,628507	39,517033
665,00	38,752010	38,733447	51,538926	60,801893	47,644302	61,061174	42,712203	60,477251	56,481284	61,239427	57,058072	59,776807	35,537490	38,043976	32,414046	38,738492	28,745076	38,900256	34,989995	38,356590	37,538388	38,572371	100,006950	99,982888	61,543107	61,353487	61,124617	61,634439	100,070369	99,986303	38,659611	39,552569
666,00	38,788387	38,762477	51,282245	60,771435	47,282746	61,026180	42,273328	60,439074	56,397647	61,186492	57,058138	59,757918	35,473529	38,071567	32,304385	38,781849	28,574899	38,925093	34,973484	38,391894	37,573138	38,606748	100,024676	99,953085	61,542422	61,331373	61,118573	61,586481	100,083470	100,009191	38,678223	39,584750
667,00	38,822949	38,782761	51,035386	60,763615	46,917546	61,011523	41,871387	60,404682	56,306970	61,158353	57,068509	59,750432	35,420808	38,093811	32,178479	38,817143	28,404135	38,957211	34,960642	38,428316	37,597317	38,640073	100,035977	99,960470	61,534601	61,305940	61,099494	61,565387	100,093973	100,031853	38,699228	39,606321
668,00	38,840294	38,811061	50,795168	60,742944	46,589556	61,004621	41,483891	60,398424	56,219357	61,141348	57,045352	59,755957	35,376397	38,121304	32,070073	38,845173	28,250360	38,975093	34,947297	38,461545	37,627059	38,666877	100,016260	99,991548	61,514020	61,293757	61,077666	61,552197	100,076699	100,057769	38,712129	39,625171
669,00	38,867709	38,837308	50,577909	60,712504	46,275043	60,974592	41,140029	60,389650	56,132859	61,149180	57,026958	59,727722	35,338801	38,151801	31,977624	38,873237	28,113997	39,011735	34,954891	38,484132	37,658694	38,711941	99,996221	99,993289	61,489820	61,255383	61,040163	61,539626	100,083768	100,060236	38,739070	39,653558
670,00	38,885212	38,857773	50,374639	60,671693	46,000996	60,950994	40,831196	60,375357	56,049210	61,154866	57,006139	59,691942	35,316032	38,166156	31,907517	38,880426	27,983749	39,024350	34,954348	38,502666	37,686002	38,742274	99,968058	99,999690	61,459684	61,235714	61,004329	61,518186	100,054538	100,041020	38,771361	39,674586
671,00	38,902974	38,864440	50,190854	60,668749	45,763353	60,953379	40,568939	60,364819	55,976945	61,142653	56,986040	59,672606	35,282934	38,178420	31,840762	38,905361	27,868950	39,058766	34,963349	38,527125	37,717220	38,774836	99,936831	100,003994	61,423254	61,228740	60,954243	61,498946	100,047231	100,037372	38,793293	39,703220
672,00	38,918594	38,889909	50,029796	60,661703	45,566693	60,941130	40,352646	60,345489	55,915719	61,128205	56,990069	59,678435	35,255727	38,212690	31,792814	38,934585	27,772751	39,080158	34,973317	38,554147	37,757576	38,804063	99,927789	100,020194	61,393666	61,220902	60,928041	61,494768	100,038242	100,040627	38,825795	39,723372
673,00	38,940856	38,915738	49,914387	60,641187	45,412898	60,924834	40,171298	60,331893	55,883259	61,099184	56,999362	59,663361	35,217121	38,242924	31,749141	38,981542	27,707818	39,113313	34,985501	38,583922	37,808368	38,846040	99,922854	100,037813	61,380076	61,203539	60,910934	61,470872	100,064611	100,049162	38,837034	39,754772
674,00	38,966039	38,940507	49,835834	60,603422	45,281202	60,879314	40,027386	60,307521	55,842793	61,090624	57,009631	59,630984	35,202941	38,256466	31,715554	39,005047	27,645990	39,133742	34,989280	38,604096	37,836209	38,866469	99,915648	100,025415	61,374879	61,178851	60,908490	61,446524	100,046289	100,032246	38,857442	39,773792
675,00	38,981053	38,954723	49,754426	60,591245	45,166904	60,878271	39,894757	60,288239	55,807513	61,066526	56,993580	59,590572	35,199234	38,263348	31,681240	39,033943	27,598199	39,142933	34,978169	38,637668	37,852970	38,903227	99,908376	100,039339	61,345518	61,170393	60,875660	61,403269	100,000262	100,021315	38,861272	39,802539
676,00	38,996887	38,971835	49,688512	60,566664	45,083514	60,859984	39,800674	60,273677	55,790907	61,046451	56,992859	59,558135	35,220063	38,277885	31,678858	39,040583	27,553302	39,163789	34,985873	38,662025	37,879673	38,923264	99,922872	100,016689	61,314160	61,148226	60,859120	61,371821	99,988657	100,007713	38,894853	39,820740
677,00	39,014050	38,990325	49,627131	60,545444	45,029902	60,853070	39,728788	60,262799	55,774015	61,029822	56,981313	59,538025	35,234639	38,313773	31,682009	39,053661	27,549392	39,184093	35,007703	38,679323	37,920225	38,953483	99,942726	100,032389	61,289608	61,138505	60,817689	61,353332	100,003588	99,995565	38,929531	39,839676
678,00	39,046183	39,001897	49,612001	60,520673	45,022687	60,839731	39,724457	60,246658	55,774599	61,014402	57,004607	59,526169	35,259685	38,335246	31,696498	39,056981	27,561149	39,210835	35,051334	38,693774	37,973163	38,960412	99,952644	100,028539	61,268502	61,124939	60,820889	61,344427	100,050139	99,977905	38,959467	39,845812
679,00	39,077175	39,022771	49,615413	60,508806	45,057729	60,840362	39,762634	60,216773	55,779326	60,998547	57,014185	59,514010	35,287327	38,367996	31,734085	39,079255	27,611363	39,234778	35,094577	38,725406	38,002884	38,976517	99,946505	100,051618	61,264575	61,106849	60,796857	61,329198	100,051570	99,967217	38,971841	39,865577
680,00	39,112040	39,056122	49,670270	60,494548	45,130187	60,813230	39,870480	60,178012	55,806625	60,972005	57,032210	59,480691	35,326415	38,393280	31,807670	39,119664	27,672920	39,257801	35,139647	38,755313	38,039058	38,993698	99,966711	100,063336	61,248171	61,074018	60,778624	61,289006	100,056124	99,973851	38,984349	39,894047
681,00	39,127773	39,081055	49,764588	60,456890	45,267212	60,772860	40,028140	60,140002	55,837798	60,957980	57,029176	59,440017	35,382634	38,407761	31,901479	39,146534	27,778846	39,271945	35,181016	38,773316	38,060397	39,010584	99,952936	100,031996	61,218512	61,025256	60,743546	61,234879	100,051618	99,934202	38,999853	39,918447
682,00	39,158422	39,093158	49,905673	60,428965	45,478484	60,725385	40,282497	60,126680	55,898184	60,942936	57,032943	59,426439	35,467571	38,416034	32,026124	39,171967	27,915442	39,299184	35,241854	38,786617	38,112971	39,030179	99,975514	100,023222	61,188155	61,003518	60,737562	61,213183	100,031924	99,945378	39,023429	39,932677
683,00	39,166042	39,095646	50,087112	60,403711	45,756090	60,702556	40,608138	60,105938	55,955404	60,933334	57,030714	59,434956	35,563472	38,435405	32,174164	39,187348	28,108343	39,322177	35,304463	38,806409	38,142014	39,051601	99,964470	100,007534	61,167955	60,976160	60,712659	61,193806	100,002599	99,940634	39,043385	39,941323
684,00	39,181617	39,134419	50,319594	60,375369	46,088344	60,686278	41,018495	60,086238	56,040770	60,909498	57,034129	59,422380	35,683882	38,468024	32,361042	39,226758	28,359106	39,367044	35,394475	38,830870	38,193047	39,077774	99,984008	100,020850	61,167556	60,951585	60,687971	61,183363	99,992090	99,973017	39,081585	39,963815
685,00	39,189833	39,153889	50,607866	60,344619	46,482208	60,667533	41,492820	60,066044	56,127703	60,900807	57,025391	59,418654	35,805836	38,503921	32,561138	39,245662	28,654313	39,385989	35,463837	38,843319	38,197994	39,105099	99,975914	100,006807	61,152178	60,926688	60,651010	61,146635	99,996394	99,973792	39,116800	39,979494
686,00	39,209750	39,171851	50,921988	60,312331	46,954846	60,642850	42,065141	60,040468	56,260121	60,865831	57,048190	59,370303	35,948983	38,532135	32,792744	39,278018	29,000473	39,408779	35,553348	38,870510	38,229156	39,132771	99,991143	99,984521	61,128694	60,894889	60,659617	61,139202	99,992925	99,968141	39,137435	39,994726
687,00	39,241093	39,176723	51,275867	60,312861	47,504321	60,629588	42,714953	60,031492	56,397116	60,846156	57,060242	59,373289	36,089176	38,560799	33,053383	39,289737	29,356429	39,414978	35,652751	38,893589	38,251254	39,147514	99,979103	100,001431	61,090761	60,878938	60,655516	61,132288	99,974722	99,957639	39,134839	40,003255
688,00	39,283627	39,202014	51,651633	60,293227	48,103958	60,589570	43,426391	59,989822	56,539553	60,811967	57,066953	59,349012	36,268613	38,591018	33,356053	39,317566	29,779273	39,431611	35,772350	38,916108	38,310969	39,165393	99,965757	100,011289	61,042756	60,846800	60,639727	61,111236	99,996001	99,949366	39,162993	40,019763
689,00	39,311558	39,240786	52,057743	60,274065	48,731160	60,582775	44,186005	59,964144	56,681758	60,783416	57,052350	59,339827	36,465627	38,631982	33,657160	39,340460	30,214095	39,474696	35,886627	38,930649	38,338861	39,192823	99,937600	100,035298	60,993254	60,822928	60,574377	61,057878	99,993408	99,942726	39,189547	40,046653
690,00	39,335483	39,270276	52,499270	60,228443	49,399963	60,552257	44,993481	59,937650	56,842911	60,751295	57,066464	59,323132	36,658496	38,658732	33,959201	39,358494	30,671239	39,494199	36,000270	38,935351	38,371402	39,217511	99,960226	100,015163	60,991454	60,782933	60,550034	61,014730	99,991953	99,936682	39,220494	40,063232
691,00	39,340076	39,293125	52,951771	60,200238	50,075215	60,559434	45,834094	59,924453	57,034838	60,725260	57,083756	59,306073	36,829036	38,689649	34,252530	39,381695	31,142274	39,525813	36,104366	38,958660	38,402301	39,249936	99,993843	99,990815	60,986757	60,760808	60,528982	60,977358	99,969274	99,915868	39,224043	40,089571
692,00	39,371368	39,320418	53,383046	60,166800	50,749892	60,510808	46,649891	59,890878	57,195109	60,708547	57,087922	59,276366	37,005818	38,713726	34,556931	39,403367	31,612101	39,544114	36,228931	39,002237	38,448441	39,266914	99,974573	99,934715	60,957968	60,714447	60,522687	60,937154	99,972314	99,932671	39,245805	40,118819
693,00	39,383519	39,351064	53,820968	60,138530	51,392317	60,466552	47,464123	59,859252	57,344103	60,687989	57,076859	59,231877	37,180364	38,763547	34,853527	39,448833	32,092980	39,590088	36,321896	39,052060	38,486436	39,310822	99,963069	99,920052	60,913569	60,674489	60,483509	60,901690	99,969327	99,975228	39,269635	40,161204
694,00	39,408550	39,388669	54,245353	60,129088	52,013910	60,438830	48,279586	59,851164	57,485890	60,671091	57,072055	59,234571	37,378511	38,790148	35,146683	39,501408	32,554874	39,628929	36,439914	39,092952	38,517323	39,330292	99,948794	99,924904	60,884452	60,645670	60,462314	60,881686	99,972290	100,017345	39,297146	40,202880
695,00	39,437729	39,392400	54,690856	60,126555	52,623594	60,429734	49,083883	59,851474	57,645005	60,659659	57,074130	59,266740	37,559423	38,802430	35,443181	39,510307	33,010837	39,644164	36,541548	39,090756	38,562363	39,360932	99,985331	99,965149	60,898548	60,643888	60,447127	60,885417	100,016606	100,015414	39,341643	40,217173
696,00	39,462909	39,388442	55,080140	60,102159	53,223819	60,423815	49,850464	59,831411	57,805723	60,653424	57,088953	59,277749	37,733859	38,821334	35,723913	39,512238	33,440876	39,660412	36,652851	39,115208	38,582200	39,380649	100,010395	99,981600	60,891676	60,634345	60,434127	60,877585	100,058079	99,969488	39,366487	40,230474
697,00	39,500171	39,404896	55,429262	60,066396	53,766084	60,401404	50,545543	59,796202	57,910037	60,633403	57,063466	59,248453	37,880963	38,857105	35,983068	39,522374	33,852208	39,678273	36,757413	39,132625	38,613969	39,409497	99,969995	100,000572	60,868764	60,601491	60,396183	60,867506	100,095582	99,939811	39,396054	40,234011
698,00	39,522335	39,443946	55,764681	60,059112	54,267973	60,387135	51,195192	59,773511	58,028853	60,601300	57,057965	59,227395	38,032740	38,909763	36,212569	39,562145	34,230435	39,707705	36,852241	39,166915	38,662022	39,439306	99,952024	99,997801	60,830396	60,578936	60,375357	60,851502	100,097752	99,942511	39,419994	40,255842
699,00	39,560145	39,484814	56,082642	60,078502	54,721564	60,380453	51,791656	59,771037	58,126986	60,598189	57,037312	59,233713	38,189808	38,927850	36,427099	39,605725	34,582114	39,729953	36,932972	39,183122	38,709298	39,468211	99,888128	100,024998	60,803926	60,589123	60,344434	60,861999	100,052929	99,955261	39,432180	40,290862
700,00	39,558306	39,502865	56,396747	60,088456	55,160666	60,370404	52,383894	59,760684	58,251309	60,598415	57,062769	59,218860	38,315415	38,965806	36,613736	39,632472	34,878352	39,759770	36,988312	39,219478	38,742274	39,513528	99,930543	100,028622	60,792810	60,592711	60,351419	60,839534	100,016558	99,990118	39,450333	40,322888
701,00	39,556181	39,508224	56,671345	60,046589	55,568904	60,340422	52,923036	59,744036	58,388752	60,601318	57,096231	59,191489	38,406208	38,970745	36,789060	39,651453	35,156125	39,780816	37,041470	39,253190	38,750657	39,544064	99,957526	100,014067	60,811192	60,557240	60,376769	60,817456	99,986577	100,003028	39,445615	40,351927
702,00	39,556843	39,519134	56,913692	60,028005	55,920321	60,335004	53,406698	59,731615	58,504748	60,593802	57,115304	59,167433	38,495421	38,985810	36,942104	39,670268	35,420895	39,802930	37,096816	39,282000	38,766113	39,573869	100,013041	99,981505	60,813546	60,524046	60,393542	60,787356	99,988532	100,006557	39,474505	40,363079
703,00	39,589116	39,539608	57,130247	60,002822	56,221652	60,326374	53,797036	59,733629	58,597136	60,572070	57,110035	59,153295	38,585827	38,991496	37,078702	39,677867	35,658601	39,818165	37,165067	39,309812	38,797343	39,587119	100,027990	99,964112	60,806364	60,506850	60,371256	60,799545	99,976629	99,993050	39,475423	40,383464
704,00	39,606521	39,557934	57,299042	59,998494	56,474513	60,326016	54,142183	59,717196	58,627164	60,556948	57,071507	59,151208	38,675869	39,018956	37,195352	39,716274	35,885319	39,830846	37,227809	39,331162	38,831112	39,598107	100,009704	99,977052	60,752988	60,514253	60,291898	60,787243	99,931711	99,976176	39,492935	40,397525
705,00	39,617473	39,570415	57,460600	59,974623	56,728852	60,296327	54,476035	59,703904	58,696932	60,538113	57,062989	59,144610	38,754109	39,052242	37,307301	39,714372	36,081496	39,847320	37,296772	39,355633	38,872144	39,607078	100,007713	99,996489	60,741323	60,504931	60,260206	60,756183	99,942017	99,965388	39,521572	40,404221
706,00	39,633319	39,589134	57,593691	59,963685	56,956464	60,286319	54,798251	59,687787	58,754086	60,526121	57,077241	59,137702	38,824254	39,077160	37,431705	39,734927	36,281800	39,862618	37,351528	39,366055	38,902158	39,613816	99,984366	99,999261	60,719943	60,481775	60,239184	60,726124	99,942285	99,950826	39,561522	40,416569
707,00	39,663351	39,609620	57,725096	59,965700	57,165587	60,294068	55,095249	59,685957	58,796042	60,501879	57,078767	59,140152	38,900921	39,104649	37,544417	39,725429	36,455554	39,889881	37,398082	39,391452	38,934436	39,645320	99,996573	100,002718	60,716319	60,471177	60,231507	60,716707	99,976051	99,966210	39,578065	40,448377
708,00	39,700207	39,632589	57,861507	59,949905	57,352489	60,304946	55,363888	59,657168	58,850682	60,472089	57,097226	59,115374	38,982365	39,125812	37,658677	39,770457	36,648220	39,908177	37,439954	39,422140	38,970351	39,683360	100,015330	99,993622	60,687137	60,460615	60,224652	60,716838	100,004911	99,984670	39,593959	40,494233
709,00	39,715976	39,653274	57,976854	59,957671	57,555366	60,297942	55,605012	59,630615	58,901685	60,468036	57,097811	59,112811	39,064437	39,157853	37,756619	39,813766	36,803028	39,920413	37,484586	39,447144	39,013708	39,712909	100,048685	99,998564	60,678327	60,474855	60,218793	60,688579	100,031316	99,984962	39,609060	40,529561
710,00	39,721829	39,663216	58,087027	59,947604	57,710367	60,296965	55,855155	59,615421	58,952981	60,480791	57,116282	59,088832	39,142123	39,171544	37,827465	39,848644	36,956325	39,920238	37,531212	39,459470	39,034024	39,742160	100,054288	100,029671	60,665709	60,461456	60,228533	60,685909	99,974114	99,983370	39,638630	40,544376
711,00	39,705142	39,687815	58,179605	59,969127	57,865155	60,273939	56,070995	59,637791	58,953828	60,496169	57,094711	59,086913	39,189851	39,197645	37,899220	39,858618	37,073138	39,940426	37,572223	39,477307	39,068463	39,758718	100,034046	100,058436	60,634428	60,476291	60,214782	60,697860	99,931550	99,990416	39,631027	40,554646
712,00	39,722529	39,711636	58,263248	59,937102	57,982486	60,270661	56,260729	59,612429	58,954835	60,470438	57,072985	59,050703	39,251453	39,216509	37,966192	39,871493	37,215972	39,970151	37,615195	39,512500	39,071098	39,776093	99,988526	100,047517	60,595959	60,439879	60,172623	60,701632	99,891734	100,009799	39,646921	40,564451
713,00	39,750698	39,733756	58,358639	59,942013	58,136785	60,251117	56,455404	59,611720	59,014601	60,479122	57,081968	59,046233	39,314926	39,234295	38,065857	39,897853	37,352696	40,018642	37,664396	39,538562	39,091060	39,778721	100,001323	100,031030	60,582566	60,470247	60,149550	60,697693	99,940181	100,012636	39,662740	40,597194
714,00	39,803806	39,747921	58,458036	59,903479	58,278227	60,255188	56,662434	59,579313	59,082735	60,454082	57,130629	59,028512	39,377680	39,234257	38,159692	39,904931	37,488690	40,029049	37,715137	39,550290	39,126709	39,784580	100,056660	99,980658	60,607439	60,431874	60,160005	60,644078	99,951100	99,977821	39,704219	40,598798
715,00	39,808217	39,753544	58,542967	59,895092	58,403128	60,221255	56,853473	59,567839	59,113681	60,442424	57,143992	59,025115	39,425778	39,234421	38,236132	39,911649	37,615630	40,040204	37,740159	39,548910	39,167202	39,806584	100,085139	99,965006	60,614163	60,431772	60,185796	60,615277	99,955046	99,971354	39,737034	40,619010
716,00	39,831588	39,777657	58,628613	59,858364	58,519995	60,194093	57,040238	59,551072	59,139585	60,401797	57,155240	58,996671	39,471909	39,261693	38,293788	39,925233	37,738773	40,059021	37,774301	39,566097	39,209020	39,840558	100,095797	99,924541	60,603029	60,395461	60,188603	60,579199	99,963766	99,967855	39,770836	40,631831
717,00	39,824626	39,802173	58,695227	59,866977	58,605552	60,175669	57,183242	59,567952	59,143281	60,396743	57,144636	58,996463	39,518929	39,293864	38,354954	39,953077	37,856090	40,090427	37,798911	39,582309	39,215901	39,866695	100,059688	99,947286	60,587847	60,398030	60,168326	60,605586	99,946046	99,987388	39,785144	40,666473
718,00	39,843342	39,815861	58,769864	59,844679	58,714169	60,182911	57,344389	59,574282	59,199023	60,404879	57,157040	58,991861	39,573178	39,311159	38,398427	39,966720	37,973449	40,109745	37,843013	39,593846	39,247799	39,874664	100,053382	99,964577	60,579288	60,381937	60,145873	60,615283	99,967277	99,998230	39,792699	40,682083
719,00	39,848739	39,823967	58,834457	59,822458	58,821225	60,177958	57,482398	59,547108	59,222442	60,399157	57,173991	58,984965	39,621982	39,318508	38,463315	39,988559	38,075587	40,112731	37,884888	39,615765	39,271560	39,893338	100,026619	99,965358	60,571933	60,337055	60,152453	60,616654	99,937510	99,984580	39,785838	40,681809
720,00	39,866212	39,847401	58,912271	59,830964	58,940268	60,182679	57,649124	59,524274	59,286195	60,380203	57,201922	58,993185	39,665592	39,359829	38,510489	40,010953	38,177174	40,159741	37,920406	39,631626	39,301741	39,906251	100,071514	99,940801	60,582626	60,319102	60,163957	60,613340	99,941474	100,026178	39,799082	40,715882
721,00	39,898571	39,876813	58,992743	59,853190	59,036303	60,152423	57,795626	59,539533	59,306216	60,361552	57,236665	58,997911	39,694950	39,416188	38,591155	40,052289	38,263217	40,211231	37,959275	39,681518	39,311534	39,949769	100,088167	99,938905	60,589701	60,290521	60,168207	60,611773	99,911964	100,027561	39,817369	40,748653
722,00	39,906880	39,894944	59,031481	59,874940	59,125233	60,144740	57,922000	59,562278	59,324080	60,358435	57,226062	59,012288	39,729047	39,434966	38,635600	40,051723	38,356328	40,234727	37,986904	39,703098	39,341274	39,948699	100,097632	99,974763	60,589892	60,302937	60,139346	60,603720	99,935174	100,015771	39,844769	40,779164
723,00	39,926708	39,909312	59,060544	59,840304	59,182966	60,120714	58,013427	59,555310	59,307188	60,368884	57,200313	59,013259	39,780819	39,464939	38,678554	40,074337	38,467133	40,238598	38,026860	39,743465	39,376175	39,988956	100,032163	99,991494	60,536581	60,272354	60,101420	60,568589	99,921960	100,025964	39,870366	40,793639
724,00	39,938289	39,925578	59,107983	59,822679	59,246099	60,135007	58,095592	59,547830	59,346187	60,361058	57,185304	59,022462	39,841571	39,466581	38,722202	40,089661	38,581347	40,233982	38,056371	39,757147	39,419165	40,008754	100,018430	99,984980	60,525465	60,280997	60,076976	60,574925	99,959910	100,024295	39,897290	40,804255
725,00	39,966893	39,965206	59,219861	59,799296	59,328878	60,129261	58,218449	59,566206	59,401399	60,350251	57,232714	59,031028	39,895526	39,511243	38,783908	40,127140	38,676387	40,269956	38,095143	39,786395	39,438832	40,054172	100,055897	99,941134	60,520673	60,258365	60,091949	60,571718	99,948424	100,086021	39,903781	40,840286
726,00	39,996278	39,967090	59,264463	59,808612	59,381193	60,138762	58,334351	59,591830	59,419328	60,349226	57,246804	59,041685	39,914951	39,507017	38,836670	40,161639	38,746288	40,314037	38,098416	39,805722	39,450648	40,082288	100,062108	99,942648	60,532045	60,266310	60,091084	60,577220	99,933082	100,075316	39,914662	40,854129
727,00	39,992657	39,966106	59,313965	59,840488	59,448665	60,150957	58,472323	59,613442	59,417796	60,369390	57,288057	59,065920	39,934918	39,504683	38,887066	40,169868	38,798213	40,344891	38,135311	39,813665	39,464253	40,099812	100,075877	99,972844	60,517699	60,261995	60,110992	60,575986	99,872309	100,063968	39,911029	40,876904
728,00	40,022400	39,973286	59,314746	59,868646	59,475017	60,148376	58,534259	59,588903	59,411925	60,356402	57,291228	59,088802	39,941096	39,525062	38,911328	40,199590	38,860714	40,375155	38,152653	39,831519	39,496598	40,132669	100,017762	99,957091	60,527235	60,256910	60,094160	60,568571	99,897093	100,027478	39,937663	40,878034
729,00	40,029022	39,991042	59,353930	59,880179	59,520513	60,122669	58,599734	59,580570	59,448147	60,331845	57,315439	59,081423	39,983779	39,528698	38,956898	40,215358	38,915551	40,367422	38,196823	39,830694	39,537403	40,120086	100,004208	99,961925	60,511988	60,257429	60,082966	60,570395	99,919945	99,986410	39,964420	40,870649
730,00	40,062696	40,023696	59,386718	59,864992	59,573847	60,112548	58,611238	59,552169	59,481281	60,296541	57,312435	59,077942	40,017042	39,562756	38,979807	40,230685	38,988459	40,381485	38,220745	39,865252	39,566272	40,142497	99,949706	99,900991	60,514712	60,255933	60,055423	60,551089	99,999732	100,000238	39,983821	40,875489
731,00	40,067276	40,030706	59,419858	59,861857	59,600586	60,125631	58,658838	59,570575	59,478712	60,325927	57,297975	59,051698	40,031245	39,571720	39,011768	40,245229	39,040896	40,367162	38,240016	39,861912	39,556256	40,136150	99,934149	99,953943	60,478711	60,271662	60,055375	60,557818	99,984860	100,001276	39,979848	40,890759
732,00	40,093431	40,050256	59,457719	59,856778	59,673983	60,136455	58,718860	59,582824	59,494799	60,329378	57,315904	59,066659	40,055707	39,605182	39,051563	40,239358	39,092627	40,372866	38,273180	39,891666	39,558071	40,160802	99,956411	99,954051	60,502338	60,253811	60,071301	60,568094	100,005031	100,030065	39,983776	40,913838
733,00	40,101811	40,046445	59,487790	59,895521	59,716791	60,152602	58,814776	59,637481	59,506601	60,361940	57,324427	59,097761	40,073299	39,608958	39,084989	40,245044	39,130291	40,353376	38,288265	39,899257	39,563906	40,144783	100,010550	100,000179	60,504651	60,269910	60,090369	60,569340	99,937075	100,005162	39,991596	40,910435
734,00	40,121782	40,048635	59,533918	59,921908	59,797060	60,159451	58,885539	59,636199	59,554243	60,371548	57,368374	59,123641	40,121940	39,622965	39,125904	40,245712	39,185700	40,380582	38,315964	39,933065	39,627853	40,164912	100,039363	99,994147	60,550183	60,286814	60,113543	60,568219	99,908018	100,002289	40,021256	40,917361
735,00	40,142703	40,057755	59,570724	59,932667	59,829557	60,196924	58,943868	59,645367	59,572434	60,391021	57,400179	59,125161	40,130630	39,624006	39,124069	40,264660	39,224926	40,386474	38,325274	39,942536	39,639267	40,182826	100,045085	99,997312	60,560042	60,338092	60,128927	60,573584	99,873132	99,971986	40,028813	40,924335
736,00	40,154302	40,068027	59,591299	59,934324	59,851301	60,203969	59,001285	59,625095	59,597689	60,412431	57,430208	59,108287	40,153736	39,642072	39,153022	40,298152	39,242706	40,437162	38,350219	39,961278	39,675304	40,218857	100,033855	100,008214	60,576677	60,348868	60,157228	60,599566	99,919242	100,005519	40,066350	40,955752
737,00	40,152845	40,089726	59,590393	59,942776	59,883922	60,233307	59,051669	59,658784	59,615892	60,417539	57,453007	59,141695	40,161783	39,651334	39,189696	40,314639	39,292783	40,451917	38,369644	39,969891	39,682874	40,232345	100,034487	100,036526	60,582328	60,362142	60,153013	60,605025	99,916101	100,005078	40,078023	40,969455
738,00	40,163884	40,104434	59,638441	59,984148	59,925669	60,251820	59,089547	59,688401	59,632909	60,430110	57,451570	59,163696	40,205503	39,682639	39,243639	40,335682	39,322194	40,492001	38,404247	40,003318	39,737698	40,271148	100,034261	100,039411	60,588914	60,379702	60,142577	60,634202	99,927950	100,047076	40,103704	41,010743
739,00	40,205252	40,146640	59,654486	59,993857	59,949189	60,289699	59,109133	59,734821	59,652430	60,429215	57,475036	59,188294	40,229753	39,718255	39,272979	40,350223	39,382076	40,503022	38,440105	40,019882	39,775676	40,285528	100,045919	100,066292	60,568476	60,414076	60,115427	60,627413	99,898231	100,033808	40,092158	41,014931
740,00	40,231198	40,150467	59,694582	60,031343	59,966022	60,307527	59,143269	59,767640	59,694654	60,437483	57,499146	59,182280	40,262151	39,747784	39,287448	40,382040	39,397904	40,509650	38,463593	40,047282	39,813337	40,300098	100,056505	100,056362	60,543609	60,425854	60,135317	60,659426	99,937171	100,047946	40,099686	41,031942
741,00	40,233228	40,166596	59,689730	60,032660	59,975415	60,348529	59,188646	59,776592	59,692526	60,454273	57,543832	59,218830	40,258086	39,772090	39,305347	40,415728	39,435539	40,551686	38,477838	40,066424	39,800835	40,314171	100,027382	100,048399	60,535902	60,435092	60,155034	60,629267	99,898046	100,040805	40,113616	41,065961
742,00	40,238103	40,165797	59,740543	60,041410	60,034198	60,360199	59,264159	59,770274	59,714955	60,476869	57,570142	59,221953	40,280986	39,794904	39,330471	40,435463	39,462864	40,553641	38,501602	40,065673	39,788890	40,346634	100,036287	100,021756	60,583597	60,447127	60,192537	60,675168	99,895346	100,001812	40,119734	41,069913
743,00	40,264526	40,193191	59,752035	60,071635	60,071713	60,392165	59,309030	59,778470	59,717160	60,504532	57,575989	59,259933	40,295231	39,826846	39,366901	40,453121	39,494741	40,605199	38,526061	40,078735	39,797500	40,384507	100,016546	100,056028	60,615796	60,479909	60,194844	60,702044	99,857432	99,988919	40,135810	41,103333
744,00	40,299946	40,208206	59,781396	60,105634	60,120499	60,391814	59,359097	59,818757	59,777707	60,523874	57,605362	59,270781	40,325576	39,845216	39,394858	40,492967	39,527938	40,611631	38,570455	40,098616	39,857835	40,413511	100,053370	100,082004	60,666990	60,507619	60,233933	60,746825	99,912202	99,998391	40,158167	41,091651
745,00	40,337008	40,233812	59,806454	60,131210	60,149282	60,413605	59,393477	59,859651	59,816241	60,544705	57,627153	59,305155	40,346867	39,873350	39,422712	40,517560	39,576411	40,643117	38,582698	40,126404	39,929226	40,429929	100,027895	100,060797	60,701621	60,522342	60,251355	60,744131	99,956822	100,033748	40,198010	41,128612
746,00	40,367416	40,262219	59,872282	60,140210	60,191172	60,415298	59,401029	59,888530	59,829324	60,579211	57,678801	59,345090	40,383136	39,892292	39,452016	40,538362	39,629450	40,643537	38,610283	40,155002	39,990032	40,446717	100,052786	100,026882	60,717988	60,541856	60,287321	60,768151	100,002325	100,068998	40,225583	41,143018
747,00	40,396413	40,294683	59,897107	60,160094	60,244185	60,442752	59,462106	59,902644	59,865659	60,626882	57,697147	59,391803	40,410510	39,918140	39,478013	40,543163	39,657384	40,671098	38,630947	40,187383	40,019694	40,476426	100,046360	100,012517	60,722500	60,552347	60,317183	60,805243	99,999976	100,088906	40,254089	41,178784
748,00	40,422463	40,318370	59,911215	60,175031	60,271555	60,462171	59,490496	59,902817	59,883207	60,657358	57,743180	59,436911	40,442684	39,933169	39,509994	40,590024	39,686704	40,710160	38,662109	40,232524	40,063626	40,522969	100,064135	100,063717	60,734743	60,597289	60,314649	60,832548	99,944949	100,112581	40,284526	41,198719
749,00	40,414706	40,346327	59,925520	60,154635	60,298878	60,515761	59,573686	59,926647	59,930784	60,662889	57,770640	59,450579	40,461090	39,962846	39,539424	40,624791	39,707187	40,736130	38,701367	40,260026	40,064707	40,561661	100,093710	100,054920	60,777050	60,615391	60,315728	60,824901	99,910975	100,108552	40,303120	41,240275
750,00	40,446010	40,381259	59,982532	60,151845	60,300595	60,538238	59,579653	59,952134	59,958303	60,670519	57,811296	59,447652	40,505585	40,021011	39,584094	40,661255	39,763728	40,766501	38,738972	40,279567	40,095195	40,586483	100,068569	100,036478	60,805833	60,618138	60,314685	60,824734	99,917638	100,147736	40,323597	41,267452
751,00	40,436161	40,403748	60,027182	60,163128	60,363817	60,531294	59,621412	59,953153	59,995830	60,686785	57,867956	59,424460	40,514389	40,036237	39,600790	40,679431	39,779627	40,772593	38,752607	40,294343	40,088931	40,621749	100,095427	99,961084	60,829008	60,595763	60,398418	60,827732	99,900842	100,153422	40,336144	41,309986
752,00	40,469432	40,433362	60,077775	60,214412	60,405964	60,529441	59,652263	59,954858	60,030353	60,677958	57,878935	59,454989	40,537053	40,059376	39,617938	40,711418	39,797977	40,783450	38,761243	40,315479	40,121517	40,656367	100,033212	99,957055	60,868722	60,614532	60,458559	60,838807	99,905342	100,147951	40,369526	41,315877
753,00	40,478519	40,447113	60,107023	60,256284	60,445356	60,531980	59,696889	59,958822	60,057187	60,682416	57,939047	59,482443	40,568668	40,032819	39,659745	40,700930	39,833024	40,769273	38,792360	40,305251	40,174824	40,650135	100,066316	99,975014	60,903668	60,642505	60,509801	60,868764	99,918455	100,093102	40,396661	41,333389
754,00	40,518248	40,477574	60,129952	60,292143	60,429537	60,567367	59,690690	60,012221	60,058928	60,719514	57,922572	59,532577	40,615681	40,071225	39,689350	40,712711	39,868963	40,808734	38,830531	40,336215	40,208516	40,681773	100,012791	99,984902	60,891509	60,659051	60,504401	60,894918	99,949670	100,094914	40,404645	41,360545
755,00	40,563267	40,465355	60,152209	60,291272	60,455662	60,577077	59,709352	60,037130	60,080516	60,787320	57,978892	59,543395	40,657103	40,089512	39,723909	40,721905	39,924377	40,844110	38,861802	40,348780	40,257818	40,690890	100,049663	99,940115	60,896313	60,668701	60,511744	60,951972	99,950808	100,090086	40,424398	41,388658
756,00	40,570775	40,476868	60,173899	60,283828	60,480332	60,589486	59,717602	60,042387	60,099745	60,839772	57,988065	59,555668	40,646058	40,131009	39,718467	40,777203	39,931226	40,886676	38,872910	40,402913	40,262899	40,745589	100,032222	99,888700	60,924745	60,684055	60,522056	60,957491	99,897981	100,067854	40,415588	41,407272
757,00	40,581879	40,478620	60,215753	60,276550	60,526377	60,603958	59,757388	60,058641	60,155946	60,835356	58,075076	59,592772	40,649465	40,153340	39,733583	40,800250	39,950970	40,900677	38,882551	40,424937	40,280277	40,735763	100,031865	99,867868	60,996991	60,712051	60,543203	60,984343	99,865454	100,041378	40,444672	41,405803
758,00	40,569061	40,520859	60,248643	60,312527	60,554993	60,655028	59,790975	60,126328	60,210693	60,880572	58,105224	59,640169	40,661404	40,174457	39,765102	40,817797	39,952207	40,917969	38,924545	40,445718	40,295011	40,751201	100,049591	99,917775	61,013663	60,765797	60,584146	60,995746	99,845433	100,021231	40,461037	41,403660
759,00	40,588829	40,523478	60,256517	60,356069	60,594851	60,710764	59,845716	60,171127	60,258424	60,890871	58,148837	59,673846	40,690833	40,162486	39,796567	40,799123	39,965478	40,923387	38,958436	40,459481	40,328348	40,741023	100,053072	99,940491	61,032063	60,786867	60,590363	61,043793	99,842995	100,002980	40,488338	41,424885
760,00	40,630686	40,540040	60,243177	60,416257	60,620087	60,768342	59,884840	60,211527	60,291457	60,938120	58,161783	59,725970	40,708026	40,150511	39,855823	40,794268	39,990720	40,941083	39,013043	40,472046	40,377048	40,751091	100,050175	99,963021	61,063266	60,799730	60,614222	61,087656	99,883580	99,985230	40,521488	41,441464
761,00	40,671229	40,536296	60,270697	60,450363	60,655272	60,783309	59,923464	60,212332	60,309368	60,967958	58,203644	59,755707	40,730548	40,159759	39,866960	40,787953	40,027928	40,954792	39,029220	40,499923	40,403652	40,763104	100,035334	99,952185	61,083692	60,811418	60,624135	61,145282	99,903846	99,953496	40,547726	41,468585
762,00	40,709129	40,574086	60,317218	60,453433	60,701692	60,761046	59,969038	60,243440	60,361677	60,988337	58,279115	59,776413	40,778992	40,187022	39,882261	40,812099	40,077239	40,965757	39,045507	40,514195	40,438396	40,783593	100,094938	99,942380	61,126292	60,839009	60,685849	61,155057	99,963188	99,974036	40,598634	41,484639
763,00	40,719318	40,587771	60,395873	60,495251	60,743833	60,760438	60,014391	60,248494	60,422921	61,012685	58,315814	59,760022	40,804872	40,228939	39,868554	40,852311	40,112182	40,998378	39,062154	40,545544	40,473026	40,808165	100,136530	99,913520	61,151797	60,888350	60,703444	61,190581	99,958259	100,033879	40,628040	41,523030
764,00	40,731308	40,614396	60,415190	60,513121	60,750002	60,787702	60,051519	60,248721	60,458016	61,025822	58,345395	59,765613	40,805936	40,268490	39,870465	40,917972	40,122655	41,033763	39,072612	40,593311	40,480328	40,850422	100,099397	99,877769	61,179811	60,904998	60,705149	61,177784	99,933290	100,100625	40,641087	41,553119
765,00	40,749156	40,636688	60,434407	60,593307	60,767353	60,856491	60,034907	60,294849	60,442877	61,058336	58,316171	59,828532	40,797374	40,309224	39,899686	40,957385	40,153217	41,073748	39,092374	40,634724	40,471569	40,899509	100,051737	99,886107	61,180395	60,944653	60,732263	61,226469	99,921793	100,141048	40,669787	41,589773
766,00	40,776673	40,692699	60,470486	60,624921	60,786170	60,907483	60,054034	60,339153	60,457981	61,092085	58,376145	59,893095	40,823150	40,357327	39,927205	40,985948	40,158308	41,103795	39,103749	40,661657	40,484974	40,955219	100,057125	99,920905	61,172760	60,995424	60,767835	61,265975	99,921960	100,147521	40,698558	41,635284
767,00	40,805492	40,725642	60,538405	60,658801	60,839248	60,917372	60,092032	60,411936	60,527658	61,114168	58,421642	59,929365	40,848994	40,366870	39,970398	41,010705	40,208158	41,130939	39,146769	40,674391	40,520844	40,962154	100,093782	99,966067	61,257052	61,019731	60,860312	61,317325	99,946475	100,136447	40,736148	41,659087
768,00	40,832400	40,742069	60,579967	60,679537	60,862231	60,935354	60,152948	60,410428	60,584784	61,168242	58,475870	59,935820	40,879551	40,384495	40,004638	41,035888	40,234104	41,165838	39,180389	40,707919	40,581104	40,999889	100,052798	99,969786	61,301440	61,036181	60,877806	61,357039	99,915797	100,119627	40,732926	41,690868
769,00	40,825588	40,737876	60,603833	60,716611	60,879666	60,978013	60,199934	60,480607	60,582364	61,247194	58,486581	59,960371	40,891182	40,388158	40,054372	41,051391	40,290585	41,186550	39,213157	40,729964	40,620312	41,013584	99,992490	100,009930	61,334914	61,066067	60,905612	61,397022	99,932563	100,109172	40,731236	41,690597
770,00	40,847993	40,782163	60,585958	60,781908	60,876423	61,051679	60,181612	60,508382	60,555017	61,309618	58,530080	60,025781	40,917927	40,406543	40,071109	41,070607	40,276298	41,206792	39,233109	40,762082	40,650058	41,057536	99,938166	100,031817	61,308181	61,127990	60,893989	61,454082	99,940521	100,149202	40,740499	41,733167
771,00	40,869027	40,785766	60,654783	60,781568	60,902423	61,098689	60,190004	60,601401	60,601604	61,361766	58,585560	60,114503	40,963471	40,429056	40,097755	41,080916	40,287417	41,228297	39,283776	40,781838	40,678814	41,055956	99,989420	100,066960	61,334699	61,205751	60,900480	61,492878	99,993002	100,122070	40,783986	41,745105
772,00	40,896970	40,802157	60,689664	60,782313	60,954237	61,122310	60,207295	60,617781	60,649753	61,339736	58,619642	60,153991	41,005570	40,446660	40,087873	41,094083	40,304363	41,225681	39,287457	40,793514	40,690461	41,072863	99,990112	100,025225	61,376435	61,217618	60,933125	61,528730	99,966979	100,097620	40,798935	41,777503
773,00	40,926778	40,818709	60,722011	60,807222	61,016583	61,149180	60,276246	60,627759	60,715216	61,344862	58,642930	60,165602	41,035730	40,481073	40,117797	41,118351	40,353322	41,254306	39,317691	40,820095	40,735418	41,115773	100,037467	100,000513	61,404890	61,252689	60,970002	61,519396	99,972266	100,058067	40,838501	41,801137
774,00	40,922502	40,848979	60,702664	60,882777	61,051971	61,187673	60,320640	60,614473	60,713559	61,355817	58,644056	60,153300	41,052246	40,518779	40,109071	41,126785	40,373766	41,254741	39,327389	40,822530	40,756252	41,146600	100,017560	99,963295	61,429745	61,250246	61,020267	61,538440	99,937904	100,029230	40,841675	41,802350
775,00	40,936252	40,869206	60,683429	60,928822	61,065733	61,236691	60,319418	60,628343	60,741329	61,392254	58,649713	60,206485	41,077667	40,543470	40,149295	41,138515	40,369213	41,289032	39,390615	40,855789	40,775317	41,165203	100,055337	99,995756	61,410898	61,314780	61,054492	61,553037	99,930018	100,016928	40,877393	41,817269
776,00	40,945375	40,865126	60,699338	60,931945	61,061704	61,264986	60,348004	60,648412	60,718352	61,380976	58,683836	60,194111	41,117024	40,543830	40,163752	41,126075	40,400073	41,301426	39,407948	40,844655	40,808871	41,172042	100,020146	99,957621	61,411726	61,295855	61,058599	61,567402	99,948889	100,033474	40,909922	41,802612
777,00	40,981475	40,892735	60,711819	60,963422	61,067182	61,287332	60,379881	60,653567	60,736632	61,412358	58,739793	60,241610	41,125104	40,570310	40,200192	41,167027	40,443853	41,336596	39,410138	40,892425	40,818825	41,210511	99,992454	99,995506	61,400515	61,322910	61,087835	61,586314	99,988073	100,055385	40,925443	41,832244
778,00	40,992174	40,923345	60,723114	60,979861	61,079389	61,293727	60,414106	60,709304	60,723233	61,417764	58,804739	60,250258	41,126141	40,580425	40,215802	41,207808	40,467647	41,356328	39,402163	40,929919	40,857768	41,227853	99,910128	99,990171	61,436445	61,327726	61,094117	61,589438	99,984384	100,088835	40,934429	41,856354
779,00	41,026378	40,943471	60,737222	61,016530	61,121643	61,300600	60,420483	60,759872	60,762417	61,449778	58,831310	60,294294	41,135868	40,616226	40,237641	41,243145	40,470979	41,388884	39,449626	40,984219	40,880030	41,220614	99,898225	100,015783	61,482602	61,377984	61,106282	61,623788	99,994934	100,047433	40,964192	41,885272
780,00	41,057774	40,970683	60,793924	61,008239	61,166257	61,355013	60,453111	60,776287	60,792369	61,432695	58,871627	60,312849	41,169202	40,629619	40,264863	41,268909	40,488628	41,395932	39,481562	40,991771	40,929753	41,215307	99,963468	100,019562	61,540329	61,367172	61,128581	61,631697	99,980444	100,041187	41,002452	41,917697
781,00	41,092029	41,004440	60,832334	61,036307	61,220551	61,392456	60,479331	60,792172	60,875940	61,455679	58,920747	60,327071	41,205785	40,662888	40,289399	41,279083	40,509832	41,421527	39,525813	40,994632	40,965652	41,262725	99,984050	100,027704	61,555237	61,378449	61,158460	61,652243	100,001562	100,023627	41,024676	41,937104
782,00	41,084468	41,041186	60,829967	61,052042	61,251700	61,423296	60,503656	60,801190	60,899454	61,437649	58,985031	60,333806	41,252673	40,698043	40,306577	41,312969	40,540844	41,427594	39,531922	41,000491	40,956265	41,316125	99,993104	100,054312	61,583483	61,358029	61,193663	61,670393	99,942726	100,035405	41,011578	41,976774
783,00	41,092494	41,050225	60,809684	61,089951	61,291921	61,394411	60,501659	60,832155	60,926241	61,443615	58,985519	60,335034	41,282779	40,687561	40,336660	41,315785	40,543804	41,450718	39,562866	41,009608	40,977678	41,342828	99,931663	99,987447	61,574465	61,379695	61,187226	61,680156	99,951380	99,999505	41,030690	41,958296
784,00	41,148341	41,038913	60,838306	61,129701	61,327559	61,398894	60,535645	60,843319	60,935956	61,455882	58,986002	60,389358	41,334701	40,669429	40,361434	41,331425	40,585163	41,463971	39,591235	41,028988	41,004914	41,337353	99,953490	99,937278	61,651897	61,402422	61,217409	61,686140	99,996638	99,941689	41,091889	41,944003
785,00	41,172597	41,040742	60,894102	61,136121	61,343396	61,397892	60,569769	60,853916	60,949934	61,507475	58,955443	60,439581	41,314638	40,681720	40,378910	41,337848	40,604824	41,450191	39,609945	41,056821	41,063488	41,344044	99,968314	99,887109	61,686212	61,429888	61,246526	61,693174	100,022113	99,888796	41,147500	41,931355
786,00	41,215083	41,066211	60,960269	61,152464	61,374819	61,436182	60,624212	60,937333	60,974973	61,601973	58,983111	60,496396	41,319016	40,726948	40,405586	41,361907	40,664950	41,461545	39,625537	41,114771	41,065961	41,362706	99,999541	99,973166	61,766821	61,511970	61,268890	61,740977	100,034809	99,911189	41,186631	41,976848
787,00	41,197705	41,115573	60,987628	61,119127	61,354727	61,446387	60,653627	60,984957	60,985833	61,614245	59,028471	60,476184	41,343811	40,777606	40,411222	41,383952	40,699413	41,499409	39,640683	41,139424	41,080341	41,409266	100,013268	99,952966	61,757201	61,483836	61,289275	61,763626	100,005162	99,916017	41,182965	42,023382
788,00	41,228428	41,130570	61,015064	61,146128	61,385608	61,461508	60,680586	61,053735	61,038482	61,664450	59,118849	60,523373	41,408378	40,781793	40,453595	41,397902	40,731511	41,571274	39,674121	41,139877	41,104999	41,431457	100,053060	99,970925	61,778277	61,508161	61,328536	61,783063	100,006437	99,944735	41,190267	42,072082
789,00	41,184899	41,162121	61,012012	61,176938	61,379445	61,473572	60,679811	61,052418	61,087614	61,625338	59,148675	60,523939	41,386890	40,821132	40,412959	41,459152	40,686420	41,647491	39,665833	41,169941	41,122800	41,484740	99,996012	99,939978	61,756855	61,516970	61,332011	61,786604	99,910033	100,011313	41,137555	42,106020
790,00	41,205773	41,156322	61,070418	61,250609	61,443239	61,488664	60,719007	61,053163	61,088419	61,663115	59,165591	60,565114	41,371998	40,852261	40,429091	41,495284	40,698224	41,660750	39,690676	41,225323	41,175053	41,480857	100,027394	99,975610	61,788982	61,584896	61,370134	61,805177	99,903381	100,063205	41,147450	42,156053
791,00	41,241261	41,180620	61,080575	61,238313	61,465335	61,530095	60,724407	61,020398	61,071521	61,658102	59,151173	60,543031	41,387677	40,887296	40,442470	41,530651	40,745205	41,674876	39,727810	41,278675	41,220841	41,497746	99,929357	99,943334	61,776888	61,621815	61,391485	61,840302	99,957061	100,055611	41,183040	42,139474
792,00	41,311315	41,181046	61,135542	61,233479	61,500019	61,555326	60,782099	61,037916	61,089873	61,683786	59,213328	60,588968	41,482541	40,907428	40,495640	41,521832	40,809518	41,680577	39,808387	41,282290	41,278338	41,503087	99,978203	99,951762	61,788774	61,624712	61,452883	61,850476	100,074613	100,069034	41,246369	42,142183
793,00	41,343993	41,227692	61,137676	61,234701	61,533332	61,596197	60,819012	61,055779	61,129266	61,712551	59,239000	60,623342	41,503209	40,929765	40,524119	41,555592	40,842161	41,699752	39,832264	41,297808	41,267854	41,555652	99,931490	99,987215	61,823714	61,618704	61,451864	61,871570	100,046229	100,069094	41,286042	42,148212
794,00	41,352206	41,266963	61,163408	61,283952	61,535227	61,576039	60,832018	61,084700	61,188632	61,746722	59,254545	60,652250	41,518366	40,986064	40,570623	41,562504	40,837052	41,743392	39,853925	41,322985	41,296780	41,600376	100,006747	99,944663	61,851358	61,607236	61,453903	61,868286	100,088382	100,119281	41,308990	42,212707
795,00	41,355088	41,327631	61,130655	61,280215	61,536670	61,600012	60,851705	61,083817	61,166781	61,771548	59,275788	60,643691	41,511485	41,013932	40,605208	41,608539	40,856263	41,776708	39,832973	41,384277	41,321880	41,609904	99,994653	99,916929	61,885118	61,606199	61,457044	61,875224	100,065279	100,073862	41,342530	42,255023
796,00	41,365215	41,344330	61,126238	61,313176	61,498994	61,599439	60,811681	61,099988	61,188495	61,783403	59,295195	60,654092	41,534725	41,032666	40,639699	41,595173	40,897995	41,813385	39,857787	41,385165	41,367158	41,630360	99,959600	99,920595	61,895245	61,664367	61,483043	61,883503	100,133812	100,027120	41,373384	42,277223
797,00	41,417903	41,368350	61,144871	61,367023	61,509699	61,689574	60,847783	61,197054	61,183155	61,833906	59,347874	60,685790	41,570926	41,043475	40,640995	41,638005	40,945870	41,849673	39,875615	41,378653	41,380572	41,624084	99,885559	100,067747	61,918932	61,719012	61,492205	61,936510	100,073147	100,002241	41,390041	42,306781
798,00	41,433987	41,385394	61,216295	61,440045	61,564314	61,714858	60,800368	61,247975	61,222655	61,885786	59,376019	60,734797	41,602737	41,089284	40,656674	41,697225	40,973148	41,878602	39,921266	41,390836	41,405624	41,682416	99,851990	100,117576	61,950940	61,789387	61,530393	61,984891	100,057065	100,057864	41,415408	42,368203
799,00	41,450518	41,394222	61,253381	61,448812	61,647505	61,775559	60,835302	61,302638	61,212391	61,900860	59,409130	60,734934	41,613835	41,134089	40,643680	41,742513	40,946198	41,903484	39,922240	41,417998	41,395247	41,676816	99,881339	100,105631	61,965317	61,788797	61,526060	62,021995	99,973547	100,082242	41,406533	42,357403
800,00	41,409656	41,392994	61,277938	61,439514	61,719328	61,786044	60,833758	61,296296	61,205065	61,879027	59,417933	60,744655	41,584352	41,145369	40,619540	41,747788	40,912509	41,892964	39,902699	41,452622	41,366771	41,689727	99,913812	100,054932	61,989379	61,802202	61,535054	62,034434	99,897349	100,072694	41,382876	42,328566
