Wavelength nm.	SSC_Leitura_R_Branco_2_ext	SSC_R_Amostra_015_JAN2025_ext	SSC_R_Amostra_014_JAN2025_ext	SSC_R_Amostra_013_JAN2025_ext	SSC_R_Amostra_012_JAN2025_ext	SSC_R_Amostra_011_JAN2025_ext	SSC_Leitura_R_Branco_1_ext	SSC_Leitura_R_Ar_1_ext	SSC_Leitura_T_Branco_2_ext	SSC_T_Amostra_014_JAN2025_ext	SSC_T_Amostra_015_JAN2025_ext	SSC_T_Amostra_013_JAN2025_ext	SSC_T_Amostra_012_JAN2025_ext	SSC_T_Amostra_011_JAN2025_ext	SSC_Leitura_T_Branco_1_ext	SSC_Leitura_T_Ar_1_ext	SSC_Leitura_R_Branco_3	SSC_Leitura_R_Branco_2	SSC_R_Amostra_015_JAN2025	SSC_R_Amostra_014_JAN2025	SSC_R_Amostra_013_JAN2025	SSC_R_Amostra_012_JAN2025	SSC_R_Amostra_011_JAN2025	SSC_Leitura_R_Branco_1	SSC_Leitura_R_Ar_1	SSC_Leitura_T_Branco_2	SSC_T_Amostra_015_JAN2025	SSC_T_Amostra_014_JAN2025	SSC_T_Amostra_013_JAN2025	SSC_T_Amostra_012_JAN2025	SSC_T_Amostra_011_JAN2025	SSC_Leitura_T_Branco_1	SSC_Leitura_T_Ar_1
220,00	34,584332	18,776299	18,463488	20,956831	22,154991	17,467201	34,613994	99,792445	2,235677	1,273018	1,408112	1,095019	1,462317	1,063083	2,238682	100,033605	34,619403	36,813033	15,290821	14,816783	18,553892	20,950438	14,738053	34,549958	99,893308	2,001922	1,691545	1,692831	1,878291	2,143778	1,728312	2,009772	100,103819
221,00	34,687504	18,931450	18,609144	21,170461	22,339228	17,613798	34,673446	99,870270	2,236029	1,296315	1,415768	1,108883	1,474752	1,061542	2,241145	100,072813	34,664547	36,819550	15,483616	15,011445	18,785737	21,187599	14,935997	34,592411	99,971843	2,012612	1,715310	1,721597	1,913115	2,181374	1,761011	2,006211	100,009167
222,00	34,751865	19,150200	18,766409	21,440001	22,603159	17,772779	34,743497	99,900699	2,249348	1,326042	1,431560	1,126232	1,486852	1,070482	2,249513	99,986380	34,705570	36,854857	15,764749	15,277134	19,146788	21,545748	15,241979	34,664893	100,129128	2,015955	1,769787	1,775246	1,964847	2,239704	1,810334	2,007075	99,950099
223,00	34,799573	19,358246	18,955001	21,665969	22,845246	17,955734	34,802398	99,934596	2,266742	1,346693	1,454593	1,155115	1,506146	1,091046	2,269766	99,937439	34,775960	36,943004	16,051389	15,520987	19,502653	21,950172	15,555690	34,752491	100,142431	2,020900	1,807923	1,822348	2,007612	2,295707	1,856368	2,020517	99,927741
224,00	34,818149	19,571176	19,146401	21,896616	23,078817	18,142305	34,862196	99,940360	2,294256	1,368714	1,475649	1,177308	1,539121	1,121295	2,297727	99,962676	34,830818	37,028587	16,316007	15,776509	19,846392	22,311831	15,814507	34,856716	100,055301	2,037743	1,863016	1,883861	2,050508	2,360636	1,890801	2,042366	100,042188
225,00	34,900439	19,752617	19,362849	22,110140	23,317632	18,376631	34,938014	100,050199	2,317135	1,389325	1,502361	1,212768	1,585104	1,148647	2,317780	100,006771	34,947202	37,111378	16,610003	16,054609	20,151415	22,674967	16,077732	34,936672	99,956900	2,075728	1,900960	1,924197	2,092884	2,400169	1,926813	2,066259	100,035846
226,00	34,993634	19,955418	19,510868	22,342254	23,579361	18,569018	35,044318	100,029969	2,360110	1,430517	1,521945	1,236634	1,623705	1,171519	2,348456	100,121713	35,061035	37,242046	16,907662	16,339342	20,437083	22,998382	16,329077	35,029939	99,879998	2,101767	1,934292	1,955621	2,134185	2,430963	1,957002	2,095230	99,999845
227,00	35,132843	20,138215	19,691567	22,567901	23,845297	18,713331	35,140216	99,976468	2,400994	1,460189	1,565399	1,272846	1,653172	1,197402	2,369406	100,022364	35,200134	37,355465	17,187761	16,635345	20,766477	23,369904	16,611895	35,159150	99,921936	2,128884	1,958539	1,976720	2,174026	2,459436	1,992135	2,131566	99,908167
228,00	35,289481	20,356512	19,886343	22,836304	24,112722	18,860464	35,281336	99,836272	2,438836	1,504277	1,605263	1,299376	1,686797	1,230689	2,418233	100,004232	35,327235	37,524998	17,449972	16,882223	21,071379	23,736107	16,866833	35,338482	99,964029	2,155398	1,978010	2,002875	2,208551	2,490283	2,012417	2,170432	99,938905
229,00	35,472444	20,541437	20,115308	23,121282	24,412900	19,018209	35,429803	99,893564	2,472110	1,542844	1,647766	1,342580	1,722340	1,273674	2,458227	99,886292	35,440937	37,684864	17,672175	17,155884	21,407378	24,094085	17,143302	35,508880	100,145459	2,197991	2,003189	2,018150	2,232523	2,519486	2,034909	2,218480	99,944711
230,00	35,637873	20,729461	20,345244	23,342352	24,713700	19,209856	35,643464	99,992514	2,522313	1,598079	1,673817	1,379449	1,776879	1,313430	2,523251	99,909371	35,613921	37,831801	17,944288	17,404990	21,696405	24,433471	17,364435	35,652050	100,148785	2,246165	2,019263	2,029110	2,246948	2,530515	2,052850	2,255878	99,928308
231,00	35,759526	20,908323	20,595102	23,567744	24,969660	19,406129	35,774872	99,952483	2,577031	1,646660	1,706373	1,428380	1,817595	1,344160	2,572573	99,941415	35,806477	37,971500	18,214248	17,682710	22,003067	24,769644	17,604071	35,799772	100,114858	2,301271	2,035859	2,040539	2,266085	2,545836	2,068010	2,294072	99,882483
232,00	35,862458	21,103102	20,797117	23,806250	25,209579	19,605935	35,956728	99,894899	2,627751	1,700765	1,749873	1,463669	1,867345	1,369869	2,626884	99,919915	35,967907	38,126835	18,527114	17,941114	22,302340	25,110787	17,827706	35,940075	100,040281	2,352769	2,041242	2,040463	2,279476	2,545812	2,081901	2,340456	99,950874
233,00	36,016330	21,321581	20,975670	24,068171	25,446215	19,788603	36,066332	99,758077	2,677118	1,748778	1,802916	1,514552	1,909707	1,406106	2,672614	99,897194	36,120793	38,293925	18,815756	18,157639	22,611108	25,437891	18,107381	36,078456	100,000215	2,397515	2,052766	2,044984	2,299861	2,549893	2,080439	2,385877	99,999183
234,00	36,227077	21,553312	21,162085	24,351393	25,747293	19,978319	36,266872	99,990547	2,736685	1,810803	1,852187	1,563386	1,971026	1,451416	2,725632	99,864805	36,271763	38,453808	19,087711	18,389572	22,930841	25,773156	18,355589	36,228648	99,968362	2,442853	2,049833	2,027044	2,301596	2,560563	2,082784	2,444974	100,046730
235,00	36,490363	21,748923	21,361502	24,603714	26,064500	20,171668	36,436924	100,117278	2,806594	1,867881	1,907083	1,612786	2,027823	1,501576	2,786548	99,993104	36,471957	38,632619	19,329239	18,644591	23,233101	26,091117	18,594803	36,433244	99,945211	2,498521	2,052424	2,034508	2,309017	2,565093	2,078287	2,488169	99,963534
236,00	36,666706	21,958296	21,553421	24,867193	26,341617	20,334968	36,654985	100,232935	2,869874	1,930041	1,962911	1,665768	2,083823	1,549050	2,860476	100,058210	36,642236	38,813171	19,567335	18,903993	23,492406	26,411918	18,805052	36,650997	99,974179	2,567966	2,067466	2,030734	2,322890	2,584028	2,090062	2,550047	99,994284
237,00	36,849651	22,136809	21,735677	25,092986	26,582372	20,507520	36,838910	100,120831	2,941685	1,984740	2,024663	1,714077	2,143206	1,598987	2,941347	100,186622	36,812350	38,969526	19,799218	19,113931	23,762810	26,696426	18,999888	36,836347	99,886805	2,621317	2,091632	2,047662	2,352375	2,596455	2,096512	2,599107	99,955344
238,00	36,969304	22,328338	21,909243	25,292394	26,753870	20,637749	36,981964	100,011230	3,003852	2,043737	2,077307	1,765197	2,200051	1,643563	3,003788	100,087559	36,952159	39,130658	20,017238	19,262476	24,009410	26,964021	19,192991	37,008235	99,989128	2,687558	2,121929	2,059004	2,388522	2,636605	2,121749	2,665705	99,987912
239,00	37,119728	22,490992	22,116598	25,495416	26,969349	20,795926	37,091553	100,031412	3,084031	2,110694	2,138398	1,811708	2,271216	1,691853	3,075169	100,055659	37,155604	39,325303	20,207922	19,434944	24,259698	27,210924	19,364028	37,207261	100,023866	2,741816	2,143189	2,082377	2,421921	2,654449	2,152549	2,726592	99,909121
240,00	37,277034	22,649200	22,331069	25,724220	27,173302	20,937915	37,277758	100,059390	3,151453	2,180275	2,200120	1,867157	2,337277	1,738597	3,139121	99,972415	37,356594	39,546290	20,391627	19,596298	24,468742	27,430695	19,540331	37,345904	100,122797	2,815222	2,171456	2,102954	2,454536	2,688313	2,187008	2,794087	99,924719
241,00	37,436292	22,815093	22,540636	25,978968	27,425537	21,112400	37,470356	100,037992	3,230403	2,245950	2,265990	1,931885	2,408136	1,787435	3,228439	99,983025	37,580234	39,717406	20,556328	19,754532	24,657173	27,654627	19,657061	37,484160	100,002968	2,881400	2,202893	2,120261	2,491508	2,719313	2,209919	2,863130	99,921930
242,00	37,627709	23,007493	22,728445	26,200747	27,650553	21,293274	37,699914	99,962163	3,307865	2,310096	2,323503	1,996381	2,474964	1,841811	3,303631	99,990869	37,745345	39,903751	20,695925	19,863035	24,791357	27,801591	19,767024	37,637669	99,967647	2,956361	2,235716	2,149866	2,535607	2,766974	2,233817	2,934482	100,014889
243,00	37,819722	23,213379	22,893091	26,402938	27,888718	21,447402	37,884945	99,995631	3,410977	2,380988	2,386267	2,059221	2,540424	1,894789	3,398750	100,063479	37,929049	40,056410	20,782691	19,974135	24,911916	27,952078	19,840531	37,861606	99,984336	3,031768	2,275549	2,181230	2,585378	2,817737	2,269840	3,014707	100,077355
244,00	38,025144	23,394346	23,053907	26,595941	28,104287	21,609606	38,057369	100,018251	3,514907	2,456164	2,451363	2,117191	2,608342	1,959391	3,488633	100,060272	38,083771	40,258130	20,843259	20,047781	25,015444	28,046745	19,928703	38,067505	99,983305	3,110774	2,324012	2,225440	2,641688	2,869590	2,324257	3,086553	100,085449
245,00	38,210881	23,546891	23,228440	26,824617	28,354812	21,786840	38,235736	100,065064	3,615769	2,538506	2,520915	2,185297	2,682967	2,022346	3,590629	100,035560	38,282394	40,444607	20,883377	20,105593	25,106788	28,148463	19,991331	38,213962	99,938619	3,193415	2,376323	2,269335	2,695657	2,927665	2,374241	3,169908	100,030255
246,00	38,399366	23,732889	23,413612	27,048561	28,577429	21,964762	38,407284	100,033760	3,712094	2,615172	2,592039	2,255988	2,767326	2,094582	3,685913	99,969935	38,469815	40,690762	20,959345	20,141876	25,173864	28,261223	20,056713	38,429290	99,948913	3,291819	2,425952	2,320389	2,748816	2,985611	2,429681	3,261766	99,950647
247,00	38,599393	23,906805	23,623812	27,248472	28,800070	22,119004	38,588297	100,021887	3,815997	2,699689	2,675097	2,334327	2,859863	2,157593	3,790490	99,978888	38,700631	40,928105	21,035270	20,190813	25,253880	28,389218	20,107016	38,644764	99,962926	3,391759	2,473907	2,373920	2,808928	3,049210	2,475210	3,364807	99,978274
248,00	38,814178	24,107763	23,805779	27,458444	29,003164	22,278863	38,793170	99,991852	3,931722	2,787744	2,760012	2,409563	2,953049	2,222795	3,908399	99,971288	38,928035	41,174930	21,135591	20,255098	25,342095	28,524300	20,150280	38,907638	100,021362	3,498445	2,531982	2,420257	2,871308	3,119455	2,535658	3,466802	99,964684
249,00	39,037952	24,289469	23,985876	27,686954	29,230002	22,469954	39,019161	99,995482	4,048599	2,876567	2,858004	2,498736	3,056543	2,298316	4,033137	99,948120	39,160752	41,402110	21,221264	20,338587	25,443113	28,619763	20,207918	39,150569	99,946779	3,600046	2,597418	2,471377	2,949153	3,194660	2,593894	3,580799	100,002968
250,00	39,289927	24,511172	24,185187	27,946082	29,494715	22,671820	39,285403	99,997711	4,172626	2,969274	2,956377	2,586076	3,157511	2,383013	4,159826	100,005949	39,412308	41,647679	21,317618	20,429926	25,550470	28,734818	20,286024	39,410955	99,965429	3,714242	2,660354	2,527752	3,022118	3,273014	2,654543	3,699957	99,942607
251,00	39,536434	24,723108	24,415350	28,191108	29,767048	22,885376	39,544749	100,025129	4,304901	3,060397	3,061839	2,679609	3,258942	2,470909	4,281582	99,999946	39,686406	41,922924	21,374491	20,495094	25,670618	28,852996	20,373558	39,687556	99,974793	3,842691	2,732920	2,588821	3,108237	3,353563	2,720821	3,837053	99,988210
252,00	39,849323	24,939939	24,689123	28,471884	30,081686	23,115964	39,841527	100,011373	4,452349	3,175548	3,173216	2,778403	3,371975	2,559648	4,434299	99,998689	40,003678	42,223042	21,439864	20,566770	25,793275	28,983736	20,458624	39,961997	100,009882	3,978646	2,806564	2,664907	3,191022	3,441079	2,789107	3,970076	100,032926
253,00	40,153310	25,177935	24,949770	28,765830	30,371377	23,358168	40,133405	100,031686	4,604883	3,291697	3,286806	2,879576	3,496786	2,661024	4,589386	99,909312	40,319672	42,530414	21,530043	20,651886	25,920647	29,119378	20,549448	40,246895	100,005746	4,119717	2,890833	2,743648	3,281281	3,541064	2,870018	4,112039	100,079143
254,00	40,491498	25,422561	25,195521	29,073340	30,659255	23,609968	40,467912	99,998695	4,767689	3,418844	3,413605	2,991178	3,632351	2,762939	4,763974	99,886316	40,630767	42,842090	21,641485	20,753057	26,064894	29,250005	20,647594	40,542918	99,954039	4,267913	2,972888	2,832061	3,378904	3,644707	2,951410	4,255131	100,047123
255,00	40,821666	25,705042	25,446853	29,377660	30,975088	23,868547	40,783033	99,985158	4,936216	3,543803	3,547715	3,101357	3,771621	2,873335	4,930628	99,909371	40,948474	43,156299	21,782358	20,851821	26,222894	29,408112	20,758779	40,880620	99,935061	4,437988	3,068344	2,920725	3,486714	3,763373	3,042633	4,422383	100,003386
256,00	41,177243	26,001456	25,732875	29,708040	31,320643	24,134012	41,188636	99,990934	5,122612	3,680846	3,686170	3,230358	3,925088	2,985129	5,119547	99,941915	41,309032	43,514249	21,916163	20,955551	26,371109	29,601228	20,888968	41,265586	99,941587	4,616660	3,165875	3,009979	3,606147	3,880002	3,136587	4,600785	100,013745
257,00	41,570973	26,326880	26,037309	30,053464	31,704590	24,420983	41,564617	100,026894	5,311830	3,821279	3,829941	3,370464	4,077099	3,115432	5,302316	99,972445	41,704091	43,922961	22,076955	21,119751	26,540637	29,813787	21,028511	41,660076	99,964774	4,798714	3,269151	3,112226	3,730525	4,019690	3,244072	4,793387	100,030673
258,00	41,946450	26,627198	26,342973	30,403289	32,074422	24,713126	41,956195	100,012231	5,518770	3,969118	3,990365	3,518124	4,246261	3,250830	5,504131	99,964732	42,099857	44,370341	22,230890	21,275668	26,737517	30,030915	21,167965	42,055359	100,010657	4,991881	3,375533	3,222090	3,857109	4,151955	3,355065	4,987368	99,981743
259,00	42,343464	26,933804	26,635683	30,750468	32,437351	25,013831	42,320052	99,960929	5,735000	4,121190	4,162433	3,672363	4,413193	3,390412	5,714460	99,931419	42,516431	44,813430	22,411612	21,429254	26,976737	30,242056	21,308710	42,459911	100,070190	5,198663	3,492557	3,336183	3,993436	4,298701	3,481246	5,190781	100,019503
260,00	42,757875	27,263901	26,962203	31,144500	32,801673	25,318423	42,761323	99,941123	5,970047	4,286676	4,352999	3,832230	4,598966	3,537424	5,952058	99,935508	42,938828	45,231700	22,587237	21,552429	27,210200	30,480519	21,456908	42,899159	100,071156	5,422117	3,615215	3,454449	4,132431	4,441530	3,606429	5,408984	100,029933
261,00	43,187472	27,619392	27,296513	31,527710	33,184376	25,626218	43,204364	99,952883	6,211029	4,466599	4,537573	4,007977	4,793864	3,690379	6,200586	99,988729	43,399984	45,657650	22,774826	21,739304	27,451232	30,749804	21,631004	43,361968	100,053668	5,654089	3,748594	3,573637	4,286008	4,608253	3,739362	5,632168	100,081182
262,00	43,665773	27,968383	27,643630	31,938875	33,600643	25,959647	43,650350	99,977326	6,465368	4,661572	4,733972	4,194840	5,006407	3,853247	6,456933	100,052893	43,865985	46,110442	22,992091	21,945123	27,703288	31,040391	21,831174	43,836474	100,000727	5,901124	3,892746	3,711044	4,438225	4,786894	3,877489	5,877440	100,014746
263,00	44,107616	28,300548	27,989656	32,332620	34,022731	26,294848	44,116947	99,970877	6,727143	4,852281	4,933598	4,379283	5,232150	4,022335	6,711981	100,068927	44,363567	46,572495	23,229966	22,173202	27,980605	31,353468	22,054160	44,305730	99,993104	6,152160	4,042997	3,851916	4,606893	4,971552	4,025104	6,124980	99,998647
264,00	44,590136	28,667605	28,366023	32,747868	34,452805	26,644444	44,608203	99,962610	6,994820	5,050350	5,150824	4,570092	5,456465	4,201366	6,973469	100,095153	44,846690	47,092015	23,492126	22,407272	28,260779	31,649598	22,269678	44,760972	99,950004	6,408446	4,204066	3,997348	4,784734	5,158149	4,182112	6,396159	100,004983
265,00	45,062846	29,035231	28,738496	33,139381	34,901828	27,007744	45,111933	99,918395	7,276059	5,247466	5,374821	4,766357	5,688904	4,394369	7,248041	100,067449	45,341277	47,600159	23,748833	22,647876	28,558922	31,968126	22,487181	45,245665	99,931252	6,683380	4,363412	4,150273	4,979254	5,359266	4,346312	6,673905	100,012636
266,00	45,582515	29,439133	29,146230	33,570537	35,373393	27,381682	45,633519	99,907404	7,571356	5,458639	5,609630	4,983037	5,940160	4,589847	7,549873	100,049746	45,859158	48,154420	24,051286	22,909707	28,905463	32,317418	22,743455	45,754474	99,935997	6,975441	4,541771	4,319046	5,186875	5,572888	4,522158	6,956659	100,063145
267,00	46,115372	29,840064	29,560319	34,048066	35,865629	27,767640	46,192303	99,885523	7,906007	5,679462	5,865860	5,216502	6,210436	4,800262	7,876532	100,004971	46,421009	48,718426	24,339853	23,195566	29,277179	32,727161	23,034400	46,340576	100,011599	7,290445	4,719898	4,499839	5,406225	5,817856	4,714084	7,252204	100,098383
268,00	46,676236	30,286124	30,024928	34,579867	36,384919	28,189099	46,772853	99,940956	8,241898	5,922600	6,144266	5,462116	6,502554	5,018047	8,215558	100,040746	47,005159	49,285111	24,649572	23,528619	29,667312	33,167541	23,336899	46,933866	100,097656	7,607105	4,926584	4,687536	5,632478	6,060319	4,914564	7,570959	100,160587
269,00	47,273314	30,733988	30,458555	35,113829	36,940318	28,602958	47,345144	99,986327	8,593729	6,177209	6,426405	5,714840	6,799838	5,254256	8,567329	100,102007	47,589701	49,857864	24,956116	23,857017	30,040771	33,582228	23,629625	47,499013	100,095630	7,928364	5,129253	4,877945	5,869298	6,322905	5,123070	7,903387	100,105405
270,00	47,850445	31,191024	30,899152	35,618609	37,449208	29,020715	47,898549	99,999785	8,933694	6,436289	6,713400	5,968111	7,104000	5,496439	8,913232	100,115740	48,150361	50,403303	25,280374	24,135819	30,420318	33,971587	23,926559	48,022479	100,039434	8,256591	5,348127	5,087018	6,106088	6,573603	5,333198	8,235329	100,020146
271,00	48,443955	31,645271	31,363976	36,147514	37,991378	29,443121	48,499757	99,973166	9,283727	6,702179	7,001463	6,233653	7,411885	5,743426	9,264918	100,035608	48,734975	50,992066	25,610635	24,436544	30,811730	34,385219	24,256556	48,597810	99,937934	8,609917	5,571276	5,294706	6,364162	6,854237	5,552407	8,578120	99,942899
272,00	49,011657	32,113475	31,866038	36,675313	38,493881	29,885557	49,082044	99,935395	9,658720	6,979291	7,319821	6,518624	7,731810	6,006344	9,627075	100,014496	49,340627	51,608163	25,986770	24,776712	31,243265	34,875289	24,612193	49,235111	99,960196	8,986103	5,811220	5,517470	6,628767	7,148762	5,785028	8,938697	99,930364
273,00	49,614581	32,606244	32,338950	37,233531	39,080387	30,361316	49,686503	99,945474	10,046922	7,265490	7,634482	6,804734	8,062717	6,271809	10,017511	99,951112	49,965668	52,228850	26,376763	25,191051	31,701925	35,409892	24,976568	49,857375	99,933845	9,344489	6,053793	5,746615	6,909219	7,460286	6,041522	9,314313	99,960166
274,00	50,226122	33,119202	32,825878	37,799558	39,652070	30,828279	50,314373	99,971902	10,472714	7,563866	7,974786	7,112030	8,415791	6,552264	10,422432	100,015128	50,578809	52,867472	26,805940	25,598466	32,174587	35,943538	25,337517	50,463098	99,954897	9,729797	6,308318	5,996010	7,209267	7,780502	6,302176	9,696904	99,944824
275,00	50,834936	33,640930	33,330902	38,364425	40,237540	31,296915	50,944638	99,973273	10,887290	7,867489	8,314700	7,418068	8,783261	6,832420	10,831592	99,980539	51,191592	53,479344	27,226114	26,004341	32,670212	36,475334	25,720471	51,050109	99,937201	10,122579	6,578766	6,257297	7,516050	8,120124	6,575197	10,094146	100,030053
276,00	51,495355	34,167224	33,883563	38,974199	40,839118	31,789687	51,623935	100,009036	11,314556	8,173091	8,682717	7,749291	9,161479	7,131579	11,254933	100,009775	51,838565	54,111844	27,688664	26,413354	33,198300	37,058377	26,165956	51,699477	100,017428	10,550795	6,869861	6,532119	7,842641	8,476312	6,850014	10,506838	100,051045
277,00	52,125394	34,686244	34,417680	39,550075	41,437125	32,267129	52,267843	100,004375	11,726518	8,482248	9,061960	8,073384	9,548835	7,437290	11,694360	99,991763	52,472609	54,760957	28,149253	26,863387	33,736438	37,668607	26,637757	52,341574	100,057995	10,964740	7,165921	6,808206	8,173367	8,839937	7,144935	10,913146	100,121164
278,00	52,798706	35,223925	34,961849	40,153036	42,059907	32,791546	52,935183	100,012541	12,163238	8,793486	9,446898	8,412610	9,947041	7,761744	12,127278	99,966151	53,100753	55,408186	28,624502	27,308181	34,284428	38,269755	27,105319	52,989119	100,034237	11,389236	7,475220	7,088924	8,516690	9,216888	7,455229	11,327928	100,040245
279,00	53,426898	35,756546	35,484654	40,720218	42,674291	33,281597	53,557307	100,017023	12,618284	9,134528	9,838951	8,765378	10,350119	8,094230	12,556678	99,956322	53,704983	56,019133	29,093680	27,770403	34,814221	38,846439	27,539399	53,608006	99,968141	11,824219	7,784809	7,376205	8,868518	9,601489	7,778370	11,759633	100,054777
280,00	54,064208	36,287957	36,020133	41,293883	43,257222	33,806551	54,131663	100,013399	13,093075	9,467079	10,217701	9,128857	10,761599	8,426110	13,005912	99,945182	54,345053	56,652927	29,591909	28,253877	35,402715	39,443722	28,008354	54,241961	99,937803	12,273011	8,101531	7,679840	9,221128	9,993644	8,095267	12,202641	99,996614
281,00	54,694843	36,848554	36,547512	41,866034	43,886182	34,311590	54,744262	100,076842	13,559201	9,816017	10,620383	9,498647	11,173493	8,758888	13,478878	99,982184	55,023134	57,314253	30,133960	28,768972	35,992202	40,083301	28,488791	54,904109	100,029087	12,713614	8,420127	7,987127	9,596150	10,408568	8,417083	12,647538	99,982095
282,00	55,296415	37,409210	37,066123	42,441136	44,451252	34,827304	55,357206	100,034809	14,039792	10,158414	11,025249	9,867995	11,608921	9,100923	13,941979	100,024128	55,701214	58,001417	30,686128	29,301947	36,612201	40,736568	28,992704	55,587709	100,062382	13,174252	8,751325	8,303621	9,978114	10,831735	8,766972	13,095780	99,951929
283,00	55,933046	37,966511	37,585720	43,055454	45,083538	35,339868	56,025165	100,049961	14,508617	10,510578	11,440651	10,249325	12,030128	9,458973	14,412239	100,041890	56,341070	58,643574	31,239289	29,809615	37,219092	41,387233	29,502192	56,215078	100,061500	13,636222	9,099434	8,628567	10,362890	11,271936	9,123967	13,555191	99,983728
284,00	56,525272	38,468274	38,085896	43,663898	45,663014	35,843641	56,657535	99,971497	14,992765	10,859734	11,857776	10,640389	12,450714	9,811625	14,887342	100,025356	56,928098	59,242475	31,787091	30,331314	37,850338	42,050853	30,043533	56,803304	99,981141	14,121358	9,462673	8,964427	10,765059	11,711194	9,498968	14,035696	100,007200
285,00	57,148242	38,991517	38,627684	44,270924	46,288571	36,349669	57,288080	99,991769	15,450910	11,198415	12,284481	11,026937	12,860718	10,160217	15,363881	99,971038	57,540727	59,874940	32,368729	30,885208	38,539660	42,781889	30,637529	57,373780	99,961925	14,586364	9,828551	9,303269	11,164296	12,168462	9,857032	14,503133	99,983072
286,00	57,719177	39,503920	39,152405	44,852600	46,870953	36,852324	57,863611	99,980706	15,920722	11,549488	12,710665	11,410966	13,290301	10,517535	15,824233	99,954551	58,142275	60,500598	33,006695	31,483781	39,228553	43,520755	31,232834	57,970929	99,961329	15,061425	10,218783	9,667771	11,598671	12,623660	10,238817	14,970830	99,994200
287,00	58,287156	40,034598	39,669675	45,407796	47,456256	37,347519	58,425695	99,939293	16,402256	11,896907	13,137420	11,796702	13,745449	10,880973	16,302055	99,987924	58,767933	61,116475	33,660343	32,108241	39,928162	44,306234	31,871116	58,562893	99,954063	15,529872	10,613446	10,056826	12,020740	13,099556	10,629861	15,442680	100,016034
288,00	58,852291	40,524167	40,176824	45,963344	48,014224	37,853488	59,001905	99,901056	16,874261	12,244388	13,537043	12,163043	14,186764	11,238097	16,776215	100,008261	59,326893	61,674911	34,309947	32,749394	40,589696	45,042437	32,482818	59,126425	99,956584	16,015279	11,010944	10,449359	12,458729	13,567363	11,041880	15,919018	100,061810
289,00	59,435809	41,055936	40,692207	46,509030	48,582509	38,357261	59,613061	99,914002	17,363909	12,598431	13,949518	12,538435	14,623123	11,585019	17,251356	100,020444	59,916729	62,244737	34,954235	33,394772	41,291749	45,811677	33,138421	59,712768	99,974489	16,486855	11,402531	10,842067	12,891418	14,047319	11,454374	16,402754	100,074017
290,00	59,987712	41,546580	41,196179	47,034180	49,098536	38,851893	60,160756	99,939668	17,819422	12,960505	14,368016	12,906428	15,034145	11,941226	17,709772	99,982637	60,467929	62,843657	35,598648	34,035838	41,976291	46,561298	33,776420	60,280049	100,016665	16,969198	11,793470	11,230937	13,328530	14,512752	11,854999	16,853212	100,071263
291,00	60,478407	42,052907	41,683975	47,538227	49,673826	39,314532	60,677296	99,942893	18,288828	13,314301	14,792788	13,292761	15,456483	12,301415	18,161744	100,027156	61,028612	63,433450	36,282367	34,683239	42,659450	47,357038	34,447080	60,864300	100,024366	17,434397	12,217505	11,625515	13,758378	14,968982	12,257195	17,305402	100,053978
292,00	60,968614	42,513084	42,168683	48,037028	50,189042	39,773029	61,148494	99,880618	18,733262	13,658561	15,194176	13,669868	15,868865	12,660153	18,622392	100,040197	61,549014	63,993055	36,954442	35,346511	43,359983	48,118824	35,098508	61,402178	100,025547	17,890373	12,613194	12,017563	14,196000	15,440476	12,660828	17,743841	99,989402
293,00	61,504763	43,025592	42,669368	48,574391	50,769347	40,276879	61,713403	99,932933	19,175476	13,999711	15,589504	14,031664	16,277505	13,002872	19,061503	100,086606	62,086588	64,552271	37,667313	36,067715	44,126660	48,900998	35,778391	61,969531	100,060987	18,337379	13,041051	12,437129	14,642942	15,912448	13,096291	18,198019	100,022459
294,00	62,046778	43,530232	43,141192	49,113324	51,301348	40,744075	62,263155	99,921203	19,621664	14,350902	15,980487	14,397952	16,676643	13,349819	19,528082	100,048411	62,617534	65,084678	38,353840	36,738768	44,892198	49,637985	36,451435	62,454891	100,066078	18,769720	13,438557	12,869076	15,086973	16,405182	13,514210	18,645521	100,036192
295,00	62,560743	44,024935	43,594348	49,636441	51,829410	41,221508	62,787503	99,967521	20,047551	14,689179	16,376990	14,750190	17,065561	13,677612	19,940975	99,990851	63,134909	65,601313	39,043963	37,391147	45,606336	50,384104	37,133357	62,925535	100,067532	19,196276	13,863355	13,282679	15,514576	16,867819	13,934746	19,077793	100,032675
296,00	63,019168	44,473118	44,056642	50,116593	52,332920	41,668290	63,208693	99,971712	20,472963	15,019302	16,741996	15,108067	17,453910	14,008750	20,369963	99,929845	63,640285	66,083586	39,705276	38,027227	46,231598	51,095247	37,791809	63,375902	100,014222	19,618110	14,242879	13,678886	15,929562	17,298239	14,319035	19,484118	99,966490
297,00	63,463086	44,917709	44,514436	50,584430	52,806151	42,144173	63,627183	99,989480	20,874678	15,338130	17,101416	15,450025	17,841166	14,325881	20,753679	99,905694	64,091349	66,561896	40,345991	38,684794	46,843463	51,744783	38,407978	63,839591	100,003016	20,031321	14,632051	14,069779	16,341907	17,696884	14,701711	19,881508	99,928975
298,00	63,888347	45,366994	44,964337	51,025176	53,285432	42,590749	64,056343	100,015259	21,297048	15,666027	17,468852	15,798011	18,231161	14,656624	21,169199	100,002110	64,479768	66,996813	40,928403	39,277557	47,392505	52,324963	38,973507	64,254272	99,972314	20,453398	15,003651	14,489387	16,724676	18,071298	15,091881	20,288931	99,956340
299,00	64,311165	45,838520	45,394090	51,504833	53,748292	43,039611	64,477599	100,012493	21,692079	15,981461	17,844927	16,126353	18,601424	14,980233	21,552823	100,001764	64,831483	67,396080	41,453969	39,820221	47,935018	52,849352	39,494267	64,644712	99,937928	20,852792	15,389623	14,899956	17,089272	18,449043	15,466754	20,712273	99,988347
300,00	64,715981	46,293721	45,832592	51,969951	54,196948	43,466625	64,899272	100,030339	22,092825	16,296852	18,218531	16,476405	18,957880	15,290962	21,955863	100,053966	65,249932	67,825419	41,993046	40,348393	48,476544	53,404653	40,029445	65,069652	99,937409	21,237756	15,750031	15,306714	17,440355	18,802284	15,827876	21,095841	99,998927
301,00	65,136468	46,726543	46,257296	52,424139	54,628754	43,881008	65,293908	100,013649	22,448705	16,615096	18,568902	16,799332	19,298498	15,608698	22,316149	100,012326	65,655208	68,263209	42,501378	40,904510	48,955044	53,912085	40,540749	65,497917	99,969083	21,606253	16,107158	15,701571	17,797591	19,144921	16,159506	21,473330	100,010884
302,00	65,499187	47,137141	46,662953	52,836531	55,034101	44,273332	65,676856	99,992102	22,803824	16,923277	18,908255	17,133400	19,637136	15,918171	22,680525	100,037229	66,063255	68,695718	43,012646	41,424271	49,426791	54,382002	41,035053	65,917969	100,036681	21,963033	16,428220	16,084608	18,130343	19,459468	16,491203	21,820688	99,967623
303,00	65,853250	47,525150	47,061726	53,208548	55,436343	44,669810	66,025901	99,982268	23,146261	17,227525	19,242014	17,424215	19,964884	16,222659	23,025368	100,016713	66,407686	69,077063	43,453023	41,908696	49,824551	54,766399	41,467589	66,259134	100,040126	22,340912	16,760536	16,456774	18,440504	19,761972	16,796453	22,188716	99,995351
304,00	66,174477	47,917667	47,416520	53,596812	55,820221	45,062733	66,392076	100,004292	23,489031	17,528100	19,569868	17,737459	20,284368	16,510369	23,373194	100,009072	66,802573	69,464183	43,900144	42,376864	50,260425	55,110627	41,903225	66,619170	100,050497	22,694115	17,070295	16,816957	18,725649	20,051080	17,083074	22,554941	100,061011
305,00	66,474932	48,290455	47,780019	53,957808	56,203341	45,420125	66,727239	100,006735	23,849383	17,825289	19,886604	18,029717	20,600966	16,796663	23,686866	100,051725	67,171597	69,814056	44,299084	42,821789	50,603151	55,412841	42,293912	66,945124	100,045574	23,046829	17,381892	17,177194	19,010307	20,307121	17,353460	22,889006	100,105560
306,00	66,755432	48,643148	48,107585	54,318333	56,540936	45,729381	67,008513	99,996406	24,176346	18,129541	20,183013	18,325144	20,899345	17,060822	24,000214	100,081563	67,525256	70,152497	44,666749	43,237507	50,910234	55,725062	42,666626	67,304921	100,039005	23,361021	17,658739	17,503570	19,268578	20,549986	17,627962	23,215561	100,034308
307,00	67,027885	48,997590	48,472229	54,636568	56,904095	46,071458	67,280889	99,951392	24,503939	18,394965	20,462960	18,588187	21,193743	17,324136	24,297737	100,052655	67,773497	70,396662	44,967183	43,572712	51,199347	55,988282	42,988431	67,616063	100,008941	23,664261	17,935514	17,810044	19,518873	20,765997	17,876595	23,498060	99,943870
308,00	67,345256	49,306089	48,818266	54,993665	57,224977	46,402958	67,600793	100,024903	24,790969	18,664205	20,747301	18,851034	21,458612	17,567594	24,610628	100,038421	68,042755	70,664728	45,270488	43,890065	51,478159	56,243128	43,303835	67,888612	99,976039	23,948954	18,192993	18,116625	19,732986	20,980479	18,124525	23,821580	99,856377
309,00	67,621827	49,626088	49,115497	55,287999	57,527423	46,756896	67,905760	100,027430	25,070766	18,930058	21,017824	19,098534	21,733925	17,829679	24,908699	100,034559	68,241781	70,897186	45,613116	44,179952	51,718122	56,448394	43,561676	68,112493	99,979192	24,226476	18,427214	18,421717	19,954473	21,204558	18,368571	24,107428	99,909300
310,00	67,869848	49,920124	49,425873	55,613756	57,798284	47,103053	68,178564	100,078595	25,333300	19,188842	21,264555	19,325560	21,983145	18,071955	25,186080	100,069022	68,523836	71,214414	45,908946	44,481793	51,941884	56,683278	43,819264	68,335348	100,017238	24,511927	18,639632	18,699107	20,181559	21,425620	18,607561	24,408449	99,931937
311,00	68,056375	50,227565	49,677327	55,848616	58,049577	47,386241	68,357748	99,968970	25,605378	19,435912	21,496236	19,547018	22,233567	18,298790	25,433421	100,038171	68,757200	71,479279	46,200025	44,773120	52,146757	56,883669	44,073516	68,574119	100,039124	24,792901	18,835449	18,946749	20,404032	21,635038	18,806063	24,683112	100,055087
312,00	68,260550	50,524402	49,982342	56,128794	58,331960	47,694743	68,554080	99,977052	25,849319	19,648743	21,722473	19,776459	22,457802	18,512931	25,657004	100,004005	69,009680	71,776861	46,404684	45,039883	52,387559	57,073033	44,330555	68,813181	100,035429	25,071460	19,056277	19,177383	20,622724	21,805006	18,999109	24,943060	100,067723
313,00	68,472368	50,831801	50,239950	56,424582	58,611345	47,947094	68,782067	99,991935	26,099357	19,898883	21,981378	20,021361	22,689001	18,718356	25,917637	100,026119	69,184703	71,981168	46,652058	45,282641	52,582514	57,238907	44,551986	69,033867	100,017953	25,331733	19,270889	19,414406	20,813330	21,988876	19,199397	25,205919	100,100577
314,00	68,714243	51,135051	50,533527	56,741899	58,867341	48,245880	69,026071	100,065649	26,331186	20,155479	22,221547	20,255837	22,917023	18,951486	26,171702	100,042534	69,356340	72,249788	46,841994	45,494860	52,778858	57,392102	44,755006	69,243562	100,012982	25,564072	19,474730	19,619465	20,988265	22,164991	19,396001	25,433999	100,033629
315,00	68,921113	51,411855	50,802350	57,029998	59,093469	48,544174	69,188958	100,058436	26,579520	20,397715	22,443976	20,455976	23,149240	19,163474	26,404819	99,986720	69,612783	72,454733	47,082829	45,710266	52,974719	57,531232	44,968519	69,485497	100,032938	25,801793	19,672978	19,826159	21,165277	22,344641	19,570284	25,695711	100,039697
316,00	69,143224	51,668608	51,082629	57,261473	59,284598	48,822936	69,349146	100,024772	26,823333	20,623903	22,641823	20,665537	23,373865	19,371969	26,620391	99,977624	69,804114	72,686255	47,286946	45,887074	53,149778	57,638043	45,166576	69,651300	99,998045	26,029202	19,843413	20,010728	21,313475	22,507316	19,741140	25,910765	100,002658
317,00	69,295496	51,900125	51,317823	57,500464	59,486133	49,103561	69,510597	100,061560	27,031288	20,847648	22,850443	20,900719	23,574214	19,565755	26,845953	99,966222	70,026422	72,863203	47,497010	46,106902	53,320521	57,790589	45,335388	69,829595	100,018346	26,277587	20,015185	20,196868	21,489416	22,666551	19,898498	26,166642	100,024867
318,00	69,445914	52,117175	51,555276	57,735825	59,723145	49,325916	69,724756	100,081205	27,243760	21,075322	23,048103	21,098091	23,764376	19,758743	27,071077	100,007153	70,164216	73,031312	47,628877	46,264327	53,466725	57,918394	45,497376	69,934237	100,002527	26,486930	20,157412	20,353997	21,657705	22,843659	20,079389	26,380622	100,021207
319,00	69,517463	52,330744	51,737940	57,944739	59,911209	49,543110	69,821340	100,013888	27,442378	21,290983	23,256545	21,286978	23,957270	19,954048	27,284333	99,896932	70,389313	73,188889	47,783691	46,439910	53,650016	58,081770	45,639759	70,125806	100,023174	26,694909	20,303428	20,501095	21,833284	23,023467	20,245217	26,598856	99,994487
320,00	69,598943	52,519733	51,926619	58,130151	60,097390	49,745753	69,933039	99,939638	27,637985	21,484488	23,430604	21,442291	24,169296	20,133701	27,464202	99,898827	70,507622	73,312497	47,943303	46,532580	53,858370	58,179599	45,781934	70,237678	100,014782	26,897651	20,464318	20,629618	22,009218	23,207854	20,415880	26,803315	100,033319
321,00	69,711977	52,742887	52,119488	58,335048	60,243851	49,947163	70,045114	99,941528	27,830645	21,708930	23,619132	21,650091	24,346079	20,323209	27,668002	99,898839	70,645833	73,478580	48,091176	46,660918	54,003847	58,337325	45,924515	70,393050	100,013375	27,124387	20,609459	20,779869	22,160059	23,391214	20,549040	27,009034	100,044584
322,00	69,816136	52,942181	52,346987	58,550417	60,444051	50,161940	70,185584	99,989176	28,024691	21,916662	23,803991	21,835464	24,537247	20,501858	27,872342	100,039160	70,743173	73,653841	48,272172	46,815291	54,180437	58,491457	46,062455	70,547450	99,998862	27,336359	20,776151	20,923676	22,329134	23,559614	20,695761	27,223870	100,118387
323,00	69,983584	53,198439	52,579409	58,775961	60,676980	50,410521	70,370269	100,017071	28,226709	22,117950	23,976095	22,034834	24,704285	20,696756	28,089508	100,058937	70,869011	73,795861	48,389843	46,963334	54,266161	58,627969	46,187741	70,696902	99,912292	27,517959	20,936114	21,067178	22,494537	23,763677	20,856066	27,455074	100,080836
324,00	70,096403	53,420323	52,780348	58,979219	60,844541	50,679666	70,477867	100,030458	28,413415	22,318059	24,167764	22,238638	24,882819	20,888874	28,271157	100,061679	70,980078	73,903269	48,544994	47,138196	54,461902	58,787912	46,337661	70,846343	99,920654	27,676353	21,103579	21,186236	22,669184	23,972128	21,046981	27,686182	100,052631
325,00	70,230103	53,659087	52,952635	59,187186	61,005139	50,887859	70,595622	100,025022	28,569075	22,538987	24,327324	22,449057	25,013953	21,081495	28,431907	100,009763	71,101648	73,973274	48,636737	47,235784	54,589844	58,957446	46,472138	70,953315	99,926126	27,837798	21,241985	21,298704	22,826162	24,189545	21,207164	27,902222	99,998808
326,00	70,319539	53,845167	53,136307	59,363657	61,108547	51,085550	70,641714	99,988121	28,735346	22,733040	24,492964	22,612451	25,169471	21,228035	28,577608	100,001729	71,181375	74,066961	48,762852	47,354463	54,795939	59,141392	46,611461	71,058428	99,957389	28,011009	21,351944	21,409078	22,975533	24,394983	21,375526	28,077933	100,029278
327,00	70,391822	53,997588	53,310853	59,523302	61,263406	51,226258	70,745295	99,922216	28,873408	22,913612	24,635893	22,759058	25,318787	21,374907	28,721237	99,998659	71,325964	74,177778	48,900512	47,437495	54,971844	59,311873	46,732441	71,179128	100,005352	28,179806	21,462031	21,527761	23,106781	24,570242	21,530037	28,251243	100,021243
328,00	70,483530	54,143155	53,488654	59,689975	61,420578	51,403010	70,834333	99,964881	29,012838	23,068263	24,763495	22,903809	25,474456	21,511091	28,879905	100,009274	71,427023	74,298686	49,057606	47,548005	55,135465	59,461886	46,872070	71,239662	100,016356	28,353041	21,595156	21,658018	23,252617	24,763259	21,672434	28,428775	100,089478
329,00	70,554787	54,267550	53,627211	59,842592	61,529016	51,548570	70,867127	99,985623	29,148781	23,251154	24,899825	23,047112	25,589952	21,664110	29,029045	99,982750	71,560568	74,424905	49,195370	47,636265	55,266958	59,618390	47,018063	71,360725	100,056231	28,493714	21,717080	21,778940	23,392542	24,921890	21,809870	28,565654	100,090218
330,00	70,606959	54,440796	53,779525	60,006011	61,649030	51,738077	70,893210	100,068355	29,288566	23,399657	25,021985	23,192434	25,725210	21,812546	29,183030	100,016546	71,612000	74,529475	49,327227	47,725219	55,386740	59,720033	47,139713	71,426260	100,081944	28,642538	21,848458	21,897355	23,530103	25,117660	21,925721	28,707811	100,125039
331,00	70,619619	54,587018	53,907907	60,108095	61,714292	51,925188	70,896071	100,043917	29,421037	23,530959	25,141078	23,319376	25,854546	21,947724	29,284501	99,987185	71,641600	74,629438	49,418870	47,791836	55,517823	59,810543	47,247258	71,545309	100,100684	28,763667	21,945769	22,000778	23,664793	25,292626	22,067846	28,841323	100,095391
332,00	70,649803	54,749089	54,047900	60,224581	61,826491	52,082425	70,930636	99,994665	29,533738	23,682348	25,253496	23,474169	25,988740	22,091690	29,403684	100,058436	71,662718	74,672812	49,506229	47,851837	55,630201	59,919226	47,331664	71,585715	100,059795	28,893417	22,055776	22,082467	23,768358	25,473264	22,183821	28,971541	100,048256
333,00	70,706904	54,903513	54,182255	60,335082	61,930174	52,246565	70,984864	99,964356	29,645646	23,826163	25,365165	23,623076	26,112166	22,216341	29,503357	100,034583	71,697879	74,713129	49,554989	47,884747	55,706859	59,997356	47,414914	71,589142	99,959594	29,011130	22,158056	22,163399	23,900564	25,614777	22,312041	29,096806	100,016093
334,00	70,775688	55,050212	54,310584	60,467452	62,074876	52,387869	71,080041	100,013113	29,747999	23,972900	25,487855	23,759589	26,229385	22,340401	29,618275	100,037479	71,772194	74,725062	49,658915	47,951251	55,804861	60,097837	47,529101	71,595985	99,912018	29,125026	22,265372	22,256729	24,016388	25,733194	22,428533	29,196906	99,996948
335,00	70,756537	55,172324	54,427016	60,588592	62,179339	52,521473	71,112311	100,057673	29,858100	24,099296	25,609648	23,889349	26,350075	22,453974	29,718259	100,028837	71,817571	74,762779	49,738485	48,013932	55,935425	60,195082	47,663513	71,638662	99,958467	29,226309	22,355157	22,357279	24,127662	25,858489	22,539710	29,297581	99,937111
336,00	70,756996	55,294615	54,528016	60,697418	62,276870	52,613372	71,098280	100,038302	29,940096	24,217600	25,703889	23,995629	26,443031	22,564362	29,815003	99,998778	71,809626	74,777198	49,824235	48,065564	56,026316	60,255551	47,749209	71,670443	99,964607	29,313385	22,449927	22,460724	24,234191	25,990602	22,648855	29,384759	99,907929
337,00	70,702201	55,370426	54,607284	60,765713	62,303376	52,715129	71,039391	99,967873	30,036229	24,343237	25,807527	24,122256	26,554251	22,698690	29,913169	100,020540	71,826208	74,802530	49,901932	48,131359	56,127119	60,306442	47,827122	71,716827	100,002861	29,389384	22,541402	22,531761	24,326795	26,137832	22,752960	29,493821	99,875665
338,00	70,708549	55,478799	54,688793	60,835546	62,389189	52,822000	71,030253	99,916869	30,105630	24,457769	25,904331	24,222891	26,661462	22,809500	29,983672	99,984521	71,818048	74,831700	50,008333	48,212680	56,170386	60,361546	47,888821	71,697450	99,997061	29,506543	22,650675	22,643930	24,451333	26,282746	22,885439	29,608974	99,954814
339,00	70,728463	55,584913	54,772902	60,923445	62,461621	52,964580	71,073884	99,952245	30,209929	24,597855	26,021987	24,338835	26,798272	22,933967	30,067796	100,012434	71,834207	74,843568	50,123852	48,316985	56,281179	60,453558	48,011658	71,706802	100,044310	29,606012	22,756544	22,722478	24,564451	26,430222	22,996043	29,706597	99,939293
340,00	70,728278	55,706066	54,902464	61,030596	62,580127	53,088593	71,092778	99,985778	30,292723	24,713038	26,118660	24,431688	26,891017	23,049697	30,142599	100,019932	71,784151	74,875742	50,210255	48,425952	56,365204	60,553992	48,145267	71,693748	100,054348	29,703149	22,864279	22,839347	24,691656	26,579082	23,133501	29,769078	99,938565
341,00	70,739174	55,824709	55,016661	61,150175	62,669110	53,215253	71,114039	100,028217	30,370814	24,826205	26,212123	24,540274	26,990184	23,164779	30,231050	100,026357	71,791291	74,872732	50,334978	48,515698	56,495744	60,641098	48,291549	71,696174	100,072348	29,773444	22,976065	22,926460	24,809442	26,735467	23,258249	29,845229	99,958122
342,00	70,714897	55,921292	55,127203	61,231637	62,758923	53,329295	71,079564	99,989676	30,419150	24,927528	26,300791	24,653113	27,067161	23,273794	30,300796	100,051212	71,795088	74,873507	50,468153	48,615310	56,583685	60,751647	48,438185	71,686012	100,021136	29,843116	23,089379	23,036508	24,929276	26,895568	23,414101	29,921508	100,021160
343,00	70,684928	56,038678	55,194914	61,304551	62,831831	53,426164	71,029198	99,954200	30,491912	25,055254	26,385787	24,764749	27,179757	23,372228	30,369937	100,032198	71,804476	74,861139	50,606477	48,693317	56,716561	60,865372	48,579866	71,649379	99,983740	29,928863	23,214018	23,151153	25,041509	27,050820	23,541878	30,014259	100,026476
344,00	70,657182	56,101465	55,275816	61,343700	62,866288	53,529406	70,969206	99,933493	30,568227	25,172332	26,478419	24,878556	27,276561	23,471862	30,442727	100,043261	71,781135	74,847037	50,723600	48,793653	56,821781	60,978955	48,722798	71,653259	99,961334	30,002618	23,339753	23,274055	25,159395	27,204466	23,685950	30,096677	99,998534
345,00	70,627314	56,197715	55,354375	61,403626	62,911582	53,606093	70,922637	99,918616	30,660895	25,265825	26,576287	24,987051	27,378225	23,574595	30,510625	100,035059	71,762270	74,885362	50,825900	48,947033	56,992888	61,099958	48,866490	71,642095	99,987119	30,061159	23,433378	23,392522	25,259829	27,349350	23,800886	30,156854	99,975240
346,00	70,641989	56,288004	55,457205	61,502337	62,992293	53,733277	70,892465	99,933600	30,713102	25,352803	26,662055	25,076193	27,450362	23,670477	30,577874	100,034940	71,743995	74,890715	50,968575	49,100330	57,110274	61,204255	49,032947	71,653831	100,034392	30,118316	23,543814	23,500305	25,373599	27,503464	23,945791	30,227265	100,006652
347,00	70,627874	56,418413	55,539966	61,587220	63,097441	53,844881	70,907998	99,975073	30,771384	25,436735	26,750627	25,167724	27,536163	23,766823	30,639496	100,031257	71,700615	74,862027	51,082301	49,233460	57,203966	61,263061	49,191558	71,596986	99,968630	30,156288	23,646584	23,619947	25,480056	27,654809	24,075128	30,270898	99,976408
348,00	70,585114	56,496382	55,616355	61,696523	63,184261	53,962785	70,895165	100,023687	30,819795	25,552508	26,818886	25,241968	27,618480	23,856859	30,692819	100,027180	71,667504	74,799508	51,236475	49,321401	57,276601	61,338168	49,345875	71,573985	99,955201	30,249426	23,780960	23,741758	25,605294	27,804926	24,221559	30,350694	100,009286
349,00	70,524019	56,577152	55,683702	61,741453	63,232255	54,051542	70,883119	100,027382	30,879456	25,649932	26,910955	25,346082	27,714765	23,956017	30,754226	100,056934	71,654397	74,750465	51,351959	49,435121	57,355082	61,423016	49,478382	71,532404	99,940515	30,316690	23,889612	23,850584	25,731161	27,961373	24,353090	30,404305	100,025594
350,00	70,486349	56,674176	55,770558	61,835194	63,298917	54,160613	70,859987	100,003076	30,926910	25,736788	26,976091	25,440207	27,803960	24,069053	30,809844	100,066304	71,680391	74,771667	51,501364	49,561238	57,505327	61,538440	49,637485	71,546257	100,026071	30,394343	24,005494	23,948021	25,846505	28,091544	24,484205	30,470109	100,072467
351,00	70,440650	56,747711	55,830181	61,879009	63,357788	54,260898	70,837837	99,975526	30,982792	25,817302	27,057272	25,545824	27,882299	24,179876	30,875358	100,043988	71,624357	74,744147	51,598495	49,656010	57,595569	61,607069	49,757525	71,502596	100,035489	30,445790	24,091509	24,038057	25,950599	28,232291	24,614863	30,533165	100,075543
352,00	70,411485	56,839526	55,903643	61,946929	63,396865	54,366720	70,801812	99,962372	31,022790	25,902545	27,130720	25,633937	27,963099	24,270241	30,922109	100,012887	71,612120	74,699485	51,694614	49,721509	57,692629	61,637217	49,875751	71,447337	100,024223	30,502158	24,179392	24,132361	26,041311	28,337204	24,724653	30,583814	100,037992
353,00	70,375490	56,874615	55,950958	61,967802	63,428098	54,448992	70,752251	99,931884	31,072673	25,995019	27,189320	25,710425	28,035569	24,340022	30,960271	99,967468	71,578407	74,684441	51,757163	49,798948	57,742733	61,678225	49,981701	71,393609	100,009644	30,551034	24,260825	24,214602	26,142430	28,446209	24,827042	30,653951	100,010383
354,00	70,378667	56,956530	56,031078	61,996400	63,456637	54,516661	70,701289	99,932933	31,125328	26,079512	27,267104	25,787437	28,125697	24,419416	31,000817	99,985939	71,585238	74,650645	51,827168	49,847606	57,810080	61,703569	50,067133	71,361387	100,027406	30,595654	24,354178	24,290125	26,233834	28,528076	24,924605	30,700114	99,975228
355,00	70,347601	56,999540	56,085300	62,028593	63,514829	54,575062	70,660836	99,924123	31,199542	26,169318	27,355260	25,882888	28,208062	24,505590	31,053680	100,023961	71,537322	74,645782	51,901585	49,902293	57,856232	61,738217	50,126618	71,334958	100,029445	30,647451	24,441077	24,368736	26,312774	28,612816	25,015059	30,748400	99,985993
356,00	70,317101	57,078612	56,141710	62,100250	63,560772	54,644948	70,628518	99,970007	31,244382	26,249161	27,431431	25,965714	28,276229	24,607767	31,106940	100,022316	71,473640	74,603862	51,959354	49,936953	57,911348	61,737859	50,162584	71,299738	100,019193	30,700505	24,501787	24,440363	26,378682	28,710195	25,100732	30,785212	100,004089
357,00	70,274436	57,153493	56,197917	62,176192	63,599455	54,738599	70,600861	99,991423	31,280053	26,332533	27,503911	26,052409	28,331304	24,683753	31,160012	99,985319	71,418220	74,573708	52,004534	49,973267	57,942522	61,738873	50,225568	71,273947	100,007927	30,748510	24,557322	24,513198	26,430163	28,793389	25,163686	30,833063	100,006092
358,00	70,240539	57,243478	56,282866	62,260807	63,640088	54,851085	70,614874	100,064063	31,321073	26,400068	27,545810	26,121938	28,386939	24,758115	31,194356	99,920726	71,358949	74,520242	52,027178	49,978343	57,942480	61,720449	50,268322	71,225005	99,969459	30,778235	24,616410	24,568801	26,493928	28,876126	25,242707	30,894309	100,001788
359,00	70,190406	57,316542	56,359935	62,307066	63,711637	54,931468	70,574278	100,087547	31,380889	26,483819	27,624175	26,203108	28,450716	24,823648	31,259787	99,946195	71,342140	74,497992	52,078325	49,972278	57,928461	61,732924	50,296509	71,188712	99,992365	30,838794	24,687615	24,631727	26,551771	28,933069	25,316966	30,956811	100,009465
360,00	70,114082	57,362521	56,408072	62,328207	63,738972	54,988217	70,528120	100,065529	31,429443	26,553404	27,684215	26,280329	28,521886	24,913177	31,309298	99,965334	71,304911	74,487615	52,102047	49,970326	57,925719	61,727518	50,311375	71,144235	99,982238	30,898845	24,737190	24,689764	26,618719	28,985971	25,391352	31,016424	100,028217
361,00	70,094156	57,446092	56,438398	62,371063	63,793886	55,059582	70,473593	100,031888	31,466416	26,625267	27,755114	26,340586	28,587982	24,999429	31,359658	99,969870	71,302557	74,497342	52,122700	49,968424	57,952440	61,739683	50,346243	71,136421	100,027394	30,961150	24,783099	24,746500	26,673034	29,045859	25,463450	31,070679	100,048220
362,00	70,042473	57,505614	56,479341	62,395632	63,801348	55,141073	70,410299	99,998558	31,507951	26,702270	27,817893	26,427108	28,667694	25,089562	31,393525	99,967283	71,219999	74,435806	52,082139	49,956745	57,935464	61,697298	50,347918	71,087527	100,005949	30,996287	24,831937	24,792081	26,722243	29,098916	25,513074	31,110421	100,060976
363,00	70,041054	57,559955	56,539416	62,451220	63,872910	55,206591	70,379674	100,008595	31,551114	26,775101	27,876502	26,490548	28,724280	25,150549	31,428102	99,956942	71,193051	74,426675	52,086562	49,938899	57,930070	61,666828	50,349140	71,080852	100,021791	31,034240	24,895462	24,835749	26,770097	29,164296	25,570762	31,156686	100,083661
364,00	69,943666	57,573569	56,565499	62,455034	63,875592	55,214447	70,303017	99,952555	31,607577	26,853263	27,944463	26,584607	28,801170	25,233206	31,491622	100,018704	71,125484	74,389422	52,066541	49,931645	57,902479	61,617428	50,343597	71,041131	100,044775	31,092599	24,938728	24,861984	26,826605	29,215211	25,618193	31,206965	100,077486
365,00	69,898117	57,621169	56,595355	62,495905	63,882661	55,267912	70,256585	99,952370	31,654871	26,923561	28,032750	26,669273	28,870371	25,314483	31,538948	100,025332	71,106559	74,361008	52,073437	49,920118	57,876414	61,570072	50,352085	71,019101	100,061548	31,142324	24,986160	24,899825	26,868179	29,256284	25,659835	31,247246	100,075960
366,00	69,826669	57,687032	56,626344	62,513113	63,881761	55,333531	70,196253	99,951988	31,713048	27,010283	28,110582	26,749033	28,933403	25,400946	31,588170	100,062513	71,047431	74,293798	52,053404	49,899632	57,841825	61,505693	50,366908	70,972008	100,023651	31,167197	25,020868	24,935064	26,912093	29,293472	25,700223	31,282368	100,060952
367,00	69,804990	57,759756	56,694579	62,559754	63,922274	55,436069	70,172340	100,017023	31,739882	27,075675	28,168729	26,816100	28,984824	25,480628	31,618702	100,042117	71,016312	74,246186	52,020901	49,860564	57,820475	61,430776	50,371075	70,924127	99,992400	31,182685	25,045738	24,967931	26,938844	29,315019	25,735155	31,318149	100,051761
368,00	69,794518	57,841128	56,764895	62,595320	63,953120	55,507237	70,172179	100,026178	31,784728	27,152994	28,213805	26,873675	29,042321	25,539312	31,660914	100,016141	71,003896	74,246520	52,019429	49,825558	57,820922	61,389941	50,374174	70,889670	100,012815	31,214702	25,080371	25,007463	26,989517	29,367995	25,781402	31,381446	100,042439
369,00	69,773620	57,897478	56,825644	62,639093	63,972521	55,556661	70,135057	100,019920	31,823584	27,211121	28,258622	26,940009	29,120332	25,624353	31,713495	100,028145	70,981562	74,246866	51,992464	49,802169	57,796335	61,330593	50,351793	70,850950	100,053644	31,257024	25,108016	25,033343	27,019769	29,403847	25,836328	31,434479	100,021267
370,00	69,763190	57,955897	56,874043	62,659198	63,972139	55,605567	70,114928	100,004995	31,871957	27,292624	28,321290	27,020505	29,186133	25,697896	31,766137	100,018156	70,939517	74,217683	51,955235	49,765882	57,770616	61,288148	50,316697	70,828801	100,094366	31,298509	25,165164	25,066477	27,051947	29,459563	25,888330	31,479394	100,031435
371,00	69,693899	57,981306	56,923312	62,676591	63,987416	55,654830	70,059502	100,010991	31,909147	27,363777	28,389254	27,088007	29,249680	25,798929	31,816092	100,038290	70,858192	74,139214	51,895064	49,701497	57,731307	61,189818	50,265914	70,757753	100,028503	31,327578	25,184286	25,089827	27,065974	29,486436	25,925368	31,515273	99,999690
372,00	69,609261	58,010060	56,963480	62,698215	63,959885	55,736226	70,012057	99,978203	31,965256	27,448538	28,475931	27,172461	29,326865	25,885612	31,854093	100,029802	70,796847	74,066210	51,806533	49,661359	57,637835	61,103225	50,218159	70,712793	100,013542	31,408590	25,230044	25,121707	27,113426	29,534438	25,959024	31,556967	100,029111
373,00	69,515771	58,076221	57,032609	62,752330	63,985026	55,831164	69,943726	99,967355	32,007915	27,524760	28,554392	27,234411	29,401511	25,967011	31,877071	99,996543	70,778626	74,006099	51,764071	49,614289	57,549363	61,021656	50,188088	70,655274	99,967569	31,472319	25,251281	25,147012	27,153185	29,565984	25,995529	31,598461	100,009739
374,00	69,492072	58,167434	57,099688	62,806553	64,015162	55,937427	69,905740	99,964029	32,055828	27,591088	28,613776	27,308652	29,453757	26,045150	31,890941	99,996096	70,765626	73,972178	51,695675	49,587086	57,451952	60,955352	50,183398	70,640832	99,978417	31,540525	25,283080	25,169739	27,193731	29,591918	26,054215	31,641710	100,014532
375,00	69,458628	58,263564	57,161623	62,849629	64,062262	56,030303	69,876498	99,982142	32,081518	27,657443	28,672555	27,375442	29,501611	26,122537	31,924173	99,970037	70,761389	73,945445	51,690608	49,547809	57,449156	60,921115	50,200558	70,612943	100,003731	31,569144	25,309530	25,195983	27,229559	29,621369	26,091301	31,688201	99,984396
376,00	69,421959	58,318448	57,216388	62,869257	64,077675	56,088430	69,839835	99,942571	32,118374	27,722129	28,733027	27,441102	29,555839	26,206741	31,958318	100,010371	70,711327	73,937249	51,660156	49,522182	57,412165	60,845715	50,187761	70,590669	100,012434	31,619143	25,337613	25,224724	27,258623	29,666853	26,131204	31,741232	100,026548
377,00	69,354606	58,365905	57,262307	62,891680	64,087379	56,136107	69,789171	99,902076	32,160857	27,800170	28,804377	27,512309	29,622510	26,290071	32,007036	100,025868	70,662355	73,891050	51,628619	49,495757	57,395619	60,767227	50,172621	70,545137	100,036013	31,663102	25,372794	25,258344	27,302468	29,715449	26,168269	31,788126	100,038183
378,00	69,324350	58,433717	57,327157	62,931150	64,122140	56,216878	69,740301	99,930632	32,201087	27,865776	28,867820	27,578506	29,680610	26,364115	32,035872	100,027943	70,583993	73,857850	51,595598	49,441421	57,350004	60,672253	50,137287	70,475733	100,001156	31,701213	25,393561	25,289696	27,322590	29,751167	26,207042	31,827363	100,073493
379,00	69,295347	58,515948	57,370710	62,974054	64,143968	56,303084	69,701904	99,962014	32,251415	27,946761	28,941178	27,656960	29,741308	26,437449	32,075068	100,025904	70,533836	73,809808	51,559508	49,390751	57,310772	60,612792	50,129473	70,405233	100,023377	31,726560	25,411895	25,324303	27,357018	29,773438	26,242903	31,865966	100,045896
380,00	69,252479	58,572614	57,428104	63,007295	64,172393	56,395113	69,654822	99,965584	32,288161	28,019157	29,002342	27,720422	29,799047	26,513681	32,110268	100,013423	70,487905	73,762077	51,541781	49,344742	57,275176	60,556883	50,103498	70,358485	100,002038	31,752053	25,435922	25,343025	27,371085	29,795334	26,258978	31,898311	100,040805
381,00	69,226038	58,655930	57,496530	63,035101	64,194298	56,485647	69,626367	99,951988	32,343534	28,089392	29,064941	27,790090	29,865676	26,604828	32,168996	100,033140	70,461816	73,714197	51,517946	49,331465	57,241058	60,501105	50,098115	70,316321	100,033903	31,798437	25,479087	25,378716	27,409551	29,842937	26,306763	31,950539	100,027883
382,00	69,167411	58,697683	57,550222	63,040048	64,205420	56,546342	69,568640	99,936438	32,401016	28,154868	29,129615	27,867553	29,931739	26,700288	32,232773	100,051451	70,426834	73,666084	51,514721	49,327412	57,223010	60,448629	50,082964	70,289493	100,022244	31,839526	25,519666	25,414458	27,458888	29,889548	26,349396	31,991261	100,004911
383,00	69,138139	58,780873	57,618588	63,072282	64,233243	56,627947	69,524592	99,957377	32,456592	28,227317	29,201201	27,943274	29,993212	26,781213	32,277524	100,049293	70,400780	73,649669	51,533353	49,342799	57,223552	60,410923	50,094885	70,254058	100,056386	31,894049	25,560266	25,451434	27,523163	29,945958	26,412368	32,038119	99,975425
384,00	69,100153	58,810037	57,670999	63,090932	64,246023	56,695127	69,480455	99,963647	32,498527	28,311256	29,263771	28,023854	30,057114	26,852432	32,307667	100,043666	70,367211	73,598528	51,539290	49,343261	57,228214	60,374337	50,080341	70,216638	100,059390	31,929338	25,598592	25,483406	27,564603	29,977167	26,447085	32,066783	99,953252
385,00	69,098336	58,870375	57,745296	63,147348	64,267313	56,787962	69,461596	99,985236	32,530415	28,382036	29,318860	28,086793	30,109477	26,915419	32,323548	100,001037	70,326406	73,545432	51,542687	49,342117	57,228178	60,326385	50,074309	70,168906	100,042629	31,978917	25,657243	25,531885	27,603170	30,022553	26,487723	32,116485	99,962860
386,00	69,066399	58,914685	57,808435	63,192350	64,270473	56,858045	69,416380	99,977273	32,576409	28,452438	29,386675	28,164348	30,174592	27,004960	32,375994	99,999672	70,287287	73,499894	51,539320	49,324757	57,230508	60,278767	50,064969	70,127290	100,008690	32,013974	25,701079	25,580770	27,647486	30,073565	26,524460	32,167518	100,002444
387,00	69,021875	58,990431	57,874644	63,234961	64,282721	56,913239	69,381142	99,999928	32,610980	28,514022	29,459009	28,227496	30,229661	27,084744	32,423261	100,010550	70,246714	73,468298	51,562428	49,325505	57,248139	60,234880	50,073498	70,100993	99,979919	32,054177	25,742760	25,633627	27,698070	30,125734	26,566258	32,213822	99,994588
388,00	68,977529	59,045148	57,935107	63,252950	64,293915	56,990355	69,337350	100,013554	32,645145	28,585276	29,530427	28,304198	30,299938	27,165818	32,475612	100,043786	70,219421	73,446345	51,593488	49,337506	57,270694	60,198289	50,100064	70,088708	99,979103	32,095346	25,787282	25,677508	27,748331	30,180442	26,614320	32,247630	99,983734
389,00	68,953234	59,137326	57,993191	63,270670	64,312124	57,073134	69,335032	100,047672	32,686344	28,651458	29,595381	28,361562	30,357277	27,231941	32,510930	100,061190	70,219123	73,433310	51,631910	49,376035	57,299423	60,179442	50,132203	70,071495	100,000608	32,144687	25,837049	25,732410	27,798158	30,226660	26,669279	32,283732	99,962515
390,00	68,917197	59,199053	58,058852	63,287741	64,331418	57,160878	69,300711	100,028622	32,731551	28,718013	29,655325	28,425643	30,411112	27,303073	32,550898	100,056303	70,204234	73,431921	51,660770	49,413174	57,307017	60,171556	50,165415	70,041412	100,013161	32,202473	25,884733	25,773808	27,857432	30,281144	26,719749	32,333922	99,965423
391,00	68,881631	59,266603	58,129567	63,317138	64,346838	57,227314	69,274163	100,022554	32,788026	28,786492	29,710332	28,480902	30,469781	27,375641	32,594869	100,070798	70,185578	73,437470	51,696461	49,449950	57,311338	60,146362	50,179410	70,003694	100,031590	32,245818	25,934312	25,814697	27,911752	30,325583	26,766959	32,379231	99,978387
392,00	68,819147	59,325171	58,189988	63,352376	64,348185	57,285398	69,219279	100,024009	32,828090	28,855512	29,768872	28,539276	30,533186	27,440551	32,633033	100,064051	70,136994	73,412412	51,706105	49,447110	57,297659	60,101306	50,172347	69,980401	100,020552	32,288182	25,992206	25,855377	27,960348	30,373755	26,819718	32,433307	99,991763
393,00	68,777555	59,383315	58,239734	63,381678	64,370763	57,333171	69,195688	100,028598	32,867360	28,915605	29,826209	28,593197	30,588660	27,512729	32,656956	100,033092	70,092493	73,367643	51,724559	49,445844	57,281601	60,058534	50,163573	69,947755	100,013185	32,319382	26,051879	25,908297	28,003505	30,420402	26,871452	32,478297	99,999672
394,00	68,749976	59,456712	58,303511	63,407367	64,406806	57,400399	69,179618	100,028408	32,906410	28,977233	29,890499	28,660223	30,641031	27,574027	32,693160	99,998361	70,047206	73,329675	51,728761	49,444926	57,294476	60,037977	50,161844	69,921869	100,019193	32,360563	26,102641	25,955978	28,051901	30,464244	26,915970	32,522404	100,004971
395,00	68,728149	59,495991	58,355135	63,417453	64,425039	57,442361	69,153750	99,993044	32,942745	29,040614	29,943803	28,732315	30,692565	27,646285	32,731473	99,976379	70,008230	73,312521	51,756269	49,461582	57,294267	60,003728	50,180268	69,888008	100,018716	32,390821	26,149634	26,002675	28,100407	30,513430	26,948416	32,557324	100,010526
396,00	68,705332	59,542662	58,403111	63,429874	64,427865	57,500535	69,107741	99,976021	32,988101	29,115161	29,996744	28,797898	30,748788	27,714691	32,786220	99,984223	69,982219	73,309898	51,760572	49,456355	57,309419	59,972608	50,186527	69,853914	100,025904	32,433131	26,196358	26,045236	28,145364	30,563948	26,988494	32,601321	100,016010
397,00	68,653625	59,573364	58,421266	63,436168	64,422250	57,533216	69,054818	99,951315	33,017352	29,168549	30,045837	28,848216	30,791298	27,788705	32,823858	99,966192	69,936311	73,273778	51,766330	49,451813	57,295376	59,930587	50,177532	69,808358	100,010884	32,471055	26,238146	26,088685	28,180280	30,614945	27,030763	32,645515	100,039196
398,00	68,623519	59,604633	58,459580	63,439333	64,439237	57,587385	69,016212	99,953490	33,053836	29,221374	30,094844	28,899351	30,836803	27,849635	32,862461	99,948061	69,888216	73,232114	51,754040	49,439290	57,283366	59,912872	50,155836	69,762230	100,017726	32,517186	26,275578	26,124862	28,209946	30,642343	27,063355	32,683191	100,023174
399,00	68,587744	59,636241	58,499742	63,459975	64,460593	57,641369	68,982542	99,978328	33,079594	29,276118	30,159295	28,952608	30,891657	27,912655	32,889739	99,936271	69,835520	73,192698	51,730609	49,430034	57,248032	59,871143	50,129926	69,721228	100,017643	32,549903	26,311204	26,154760	28,249457	30,662614	27,089247	32,713097	100,022864
400,00	68,558991	59,659666	58,542293	63,475585	64,471948	57,699025	68,950844	99,993837	33,115751	29,338557	30,215952	29,019725	30,942518	27,977464	32,921627	99,947441	69,799113	73,151231	51,707548	49,397126	57,204264	59,823155	50,097293	69,656563	100,007832	32,592866	26,342940	26,182711	28,281149	30,683684	27,122268	32,755521	100,008512
401,00	68,517298	59,691083	58,583432	63,505995	64,483947	57,756406	68,925512	100,012493	33,140269	29,398167	30,267066	29,075545	30,992371	28,046024	32,953838	99,972755	69,760585	73,116082	51,679397	49,360508	57,170355	59,751314	50,060040	69,592685	100,004518	32,627049	26,370466	26,198471	28,313035	30,720672	27,157399	32,785535	100,034106
402,00	68,485940	59,748417	58,625370	63,540936	64,489520	57,820886	68,894690	100,003350	33,176365	29,453689	30,306497	29,127523	31,029090	28,111959	32,985753	99,965978	69,726676	73,066378	51,644492	49,302766	57,118762	59,678710	50,014073	69,534165	99,994659	32,670715	26,384696	26,214644	28,327829	30,750412	27,182212	32,821682	100,049353
403,00	68,452978	59,802383	58,656448	63,553315	64,498281	57,875669	68,854409	100,005054	33,220413	29,522395	30,366433	29,177260	31,078187	28,185841	33,034846	99,982023	69,694728	73,035711	51,598400	49,259198	57,089305	59,614056	49,976176	69,513160	100,001121	32,700810	26,405147	26,229355	28,351232	30,772430	27,191663	32,849559	100,040400
404,00	68,410909	59,851778	58,683300	63,552207	64,498228	57,919538	68,808055	99,996179	33,269769	29,575381	30,425805	29,233435	31,126997	28,248149	33,075878	99,992883	69,672096	72,997129	51,545691	49,194443	57,044291	59,545553	49,920261	69,493032	99,987024	32,734507	26,425287	26,239452	28,370705	30,789736	27,206099	32,882679	100,037479
405,00	68,366885	59,876448	58,706546	63,529348	64,502448	57,963318	68,775713	99,990076	33,313301	29,636168	30,489975	29,290435	31,184587	28,307649	33,125862	100,012541	69,650811	72,977531	51,491660	49,128026	57,012969	59,480119	49,859577	69,477773	99,982208	32,758436	26,443946	26,234630	28,393090	30,801445	27,219149	32,914215	100,010538
406,00	68,312079	59,907037	58,757752	63,529497	64,508539	58,005410	68,738711	99,999428	33,340293	29,685500	30,533898	29,329774	31,235373	28,363404	33,137631	100,008631	69,614989	72,936910	51,432896	49,039936	56,952620	59,397238	49,785846	69,429374	99,974120	32,775795	26,456323	26,229179	28,403878	30,815652	27,228796	32,945901	99,997020
407,00	68,265033	59,929401	58,787948	63,532788	64,499283	58,050352	68,706107	100,002062	33,372378	29,743272	30,586186	29,379609	31,284699	28,427958	33,160102	99,999946	69,580913	72,907233	51,360625	48,965564	56,897140	59,321469	49,710143	69,394422	99,977607	32,796460	26,460195	26,230156	28,418350	30,829668	27,227005	32,981440	99,981409
408,00	68,199241	59,962332	58,831167	63,545519	64,489418	58,089727	68,657458	100,012660	33,406383	29,799911	30,640253	29,436353	31,343013	28,485402	33,184260	100,005484	69,529504	72,868836	51,302457	48,910061	56,841922	59,234190	49,626485	69,356805	99,979150	32,825702	26,470912	26,233155	28,429574	30,838785	27,231094	33,015043	99,975222
409,00	68,161917	59,998441	58,856416	63,557261	64,490610	58,147013	68,637490	100,015450	33,445394	29,845554	30,684206	29,491088	31,392524	28,535387	33,220738	99,960256	69,491875	72,843790	51,238513	48,847675	56,779069	59,165221	49,535534	69,332421	99,980581	32,861477	26,478386	26,237741	28,448167	30,859831	27,241445	33,046877	99,982852
410,00	68,130708	60,052580	58,903104	63,566852	64,496726	58,187807	68,590325	100,028968	33,481106	29,903620	30,732986	29,537374	31,441233	28,592521	33,261263	99,948174	69,451261	72,797930	51,181829	48,779804	56,698209	59,092909	49,463272	69,291359	99,982125	32,906505	26,494280	26,241523	28,471786	30,870855	27,257577	33,087599	99,989587
411,00	68,114114	60,097128	58,941251	63,577467	64,488763	58,216566	68,550277	100,023413	33,521166	29,956955	30,767941	29,585814	31,482172	28,663439	33,302554	99,952799	69,427454	72,759926	51,131803	48,711091	56,622130	59,020156	49,394938	69,252741	99,997765	32,937542	26,507989	26,249686	28,496572	30,890813	27,272096	33,125588	100,001740
412,00	68,077224	60,139865	58,982378	63,584584	64,477807	58,255351	68,496788	100,024295	33,557710	30,024940	30,827284	29,642302	31,536332	28,738126	33,338276	100,004947	69,387656	72,717345	51,084304	48,654070	56,560993	58,942354	49,340740	69,213301	100,000393	32,975170	26,528627	26,265603	28,520510	30,898124	27,281252	33,160546	100,006258
413,00	68,035609	60,176027	59,017956	63,587600	64,472997	58,309942	68,456811	100,022364	33,591053	30,080166	30,873144	29,692626	31,587240	28,803781	33,362597	100,014889	69,357020	72,694856	51,040739	48,623961	56,508350	58,870900	49,274489	69,177377	100,032759	32,999974	26,537424	26,284045	28,535578	30,912301	27,297914	33,188260	99,992096
414,00	67,981356	60,206300	59,045339	63,583517	64,474267	58,367896	68,427801	100,027311	33,604649	30,136865	30,924758	29,734048	31,618851	28,861043	33,386657	100,007021	69,319016	72,665155	50,989026	48,579711	56,466830	58,808917	49,225727	69,145048	100,026882	33,042580	26,557371	26,302567	28,559694	30,933753	27,318305	33,223400	99,986184
415,00	67,951882	60,242939	59,074134	63,596821	64,467412	58,415008	68,382049	100,022948	33,645359	30,198106	30,987197	29,793388	31,661990	28,925353	33,425954	100,032771	69,293493	72,639012	50,949156	48,543656	56,422621	58,748960	49,182460	69,126529	100,050902	33,075333	26,567689	26,310357	28,583425	30,953565	27,341059	33,259335	99,972326
416,00	67,908210	60,274851	59,103954	63,594884	64,459383	58,462733	68,330324	100,007021	33,684447	30,260506	31,055093	29,855371	31,699979	28,996190	33,468026	100,073516	69,244200	72,592580	50,920469	48,496401	56,379187	58,682692	49,142459	69,083369	100,006926	33,110145	26,601762	26,325598	28,616568	30,972618	27,362812	33,289891	99,983191
417,00	67,866796	60,314775	59,145814	63,612807	64,462090	58,508855	68,269402	99,986535	33,740041	30,321586	31,120658	29,922011	31,760076	29,065454	33,505300	100,114870	69,206542	72,551268	50,905287	48,480541	56,329286	58,623290	49,115306	69,038981	100,011170	33,135337	26,626077	26,356584	28,647697	30,987442	27,391636	33,320209	99,993813
418,00	67,812103	60,355860	59,182936	63,603425	64,461678	58,548850	68,218577	99,974734	33,762372	30,369043	31,162858	29,961669	31,799805	29,125634	33,538002	100,087559	69,154441	72,502571	50,884336	48,457500	56,283146	58,559656	49,084473	68,962169	99,975318	33,170772	26,673377	26,403001	28,687543	31,016737	27,433264	33,352917	100,023019
419,00	67,767733	60,396254	59,227186	63,610029	64,466578	58,605802	68,184286	99,991965	33,792007	30,417487	31,208414	30,001870	31,849700	29,184577	33,567262	100,080621	69,111776	72,469020	50,878447	48,458022	56,269145	58,503771	49,077347	68,930167	99,993569	33,202362	26,701117	26,443985	28,709632	31,055242	27,463704	33,384472	100,026584
420,00	67,740464	60,435003	59,256768	63,596040	64,459085	58,648282	68,140960	99,992472	33,818012	30,471376	31,259874	30,052468	31,892160	29,248902	33,603069	100,072813	69,062477	72,436202	50,864857	48,446193	56,247526	58,452594	49,072307	68,894857	99,974710	33,236697	26,736856	26,473868	28,735435	31,086183	27,499938	33,410156	100,022852
421,00	67,716193	60,472554	59,302104	63,616574	64,465553	58,714235	68,120354	100,012517	33,852464	30,527398	31,311679	30,106723	31,938732	29,302669	33,635396	100,067317	69,026911	72,411752	50,866026	48,440814	56,237894	58,409703	49,072629	68,877989	99,991781	33,255273	26,758990	26,502579	28,755075	31,113631	27,524462	33,437970	100,006509
422,00	67,673457	60,499036	59,348083	63,618010	64,463723	58,758026	68,071198	99,974436	33,890286	30,590618	31,357393	30,161491	31,980020	29,361713	33,671489	100,037754	68,994117	72,388846	50,849104	48,426238	56,203151	58,366591	49,044719	68,844217	99,990243	33,282554	26,792100	26,535302	28,782052	31,138274	27,564970	33,476317	99,990195
423,00	67,610061	60,531276	59,403986	63,631421	64,467490	58,831835	68,032283	99,978662	33,925092	30,642915	31,400162	30,202645	32,021773	29,416969	33,695060	99,991030	68,965364	72,343367	50,839174	48,421994	56,174833	58,322459	49,016324	68,799323	99,985850	33,311328	26,824278	26,578036	28,813678	31,175959	27,598548	33,514127	100,001884
424,00	67,536527	60,548764	59,437877	63,608593	64,465797	58,867544	67,960376	99,950951	33,961624	30,701348	31,445515	30,242789	32,065532	29,484499	33,729047	99,976462	68,934602	72,316307	50,812918	48,418000	56,145716	58,264154	48,995513	68,764669	99,981910	33,346218	26,849294	26,601389	28,846797	31,199956	27,628192	33,552048	99,994814
425,00	67,495364	60,602641	59,476882	63,613242	64,468086	58,919930	67,915291	99,963844	33,985659	30,753580	31,498218	30,285659	32,116291	29,553497	33,753550	99,973029	68,892366	72,274131	50,783491	48,399335	56,098837	58,204073	48,980272	68,720269	99,980932	33,374524	26,868042	26,627854	28,878686	31,221461	27,648535	33,578092	100,006747
426,00	67,465544	60,648775	59,517169	63,615811	64,456296	58,968729	67,871755	99,963778	34,018132	30,810830	31,547841	30,328774	32,156479	29,611665	33,786678	99,993306	68,855721	72,252840	50,742251	48,363087	56,063956	58,125991	48,945022	68,688041	99,979919	33,403051	26,894036	26,645067	28,892523	31,239581	27,656889	33,599553	100,005138
427,00	67,438233	60,701692	59,566855	63,640475	64,446169	59,032547	67,827302	99,961913	34,047684	30,864406	31,597236	30,376282	32,198456	29,673851	33,808929	99,993408	68,821967	72,209144	50,703549	48,327953	56,009215	58,058965	48,901263	68,658996	99,974096	33,433819	26,920676	26,666427	28,908804	31,258890	27,676189	33,616638	100,027096
428,00	67,397988	60,745043	59,609789	63,646740	64,445424	59,079206	67,776400	99,964333	34,079397	30,917710	31,641412	30,420327	32,232982	29,725793	33,839867	99,993646	68,792731	72,173303	50,664800	48,296216	55,966967	57,988465	48,858714	68,619245	99,969828	33,470184	26,949668	26,677263	28,934047	31,282201	27,696517	33,652878	100,044608
429,00	67,361695	60,774362	59,647524	63,649499	64,454252	59,129900	67,729640	99,947762	34,105474	30,968943	31,696522	30,473843	32,277524	29,790553	33,860210	100,006878	68,762809	72,137910	50,615764	48,265320	55,915564	57,919389	48,811936	68,584353	99,970728	33,502537	26,964685	26,689926	28,961965	31,302318	27,723581	33,687758	100,036228
430,00	67,329711	60,818082	59,695435	63,644177	64,464259	59,192240	67,703557	99,947387	34,130046	31,022042	31,753457	30,520812	32,312667	29,852441	33,882755	100,012267	68,720460	72,116160	50,563902	48,230535	55,864155	57,850736	48,751369	68,530631	99,975061	33,541438	26,973808	26,694575	28,988302	31,327236	27,739516	33,732167	100,029171
431,00	67,289507	60,849595	59,728563	63,644421	64,469630	59,251952	67,674482	99,945760	34,153956	31,082594	31,812105	30,569243	32,343608	29,922169	33,902013	100,013280	68,696386	72,086030	50,509673	48,185498	55,816579	57,792765	48,690730	68,489867	99,989831	33,570981	26,986715	26,705652	29,007438	31,345922	27,754235	33,761230	100,019383
432,00	67,251718	60,896027	59,761465	63,649231	64,475244	59,302855	67,634314	99,952704	34,184611	31,149435	31,866997	30,609766	32,386708	29,988253	33,935490	99,989814	68,650520	72,053063	50,466967	48,131755	55,747610	57,731360	48,633331	68,432230	100,005686	33,595258	27,002549	26,709661	29,025033	31,357753	27,766061	33,791417	100,019860
433,00	67,194724	60,939085	59,797102	63,653094	64,478785	59,346598	67,593646	99,953490	34,212497	31,213036	31,918496	30,659646	32,428768	30,061927	33,969629	99,987692	68,612534	72,013146	50,416952	48,077160	55,698800	57,652098	48,589906	68,394208	100,008976	33,614567	27,017939	26,723182	29,040369	31,362051	27,781573	33,811969	99,995780
434,00	67,138815	60,981977	59,841412	63,659608	64,482188	59,405071	67,560053	99,935883	34,246159	31,274375	31,974295	30,711040	32,490537	30,124047	34,009746	99,992919	68,566948	71,988779	50,368899	48,036572	55,646247	57,585615	48,550960	68,361664	100,023353	33,643231	27,037728	26,738226	29,053408	31,377006	27,800706	33,833894	99,990535
435,00	67,092299	61,038148	59,888220	63,671905	64,495879	59,470767	67,533332	99,929571	34,274855	31,330621	32,017288	30,765584	32,535216	30,185324	34,037849	99,991274	68,540597	71,964484	50,343204	48,015827	55,620980	57,541078	48,526943	68,336886	100,026309	33,674794	27,060205	26,769218	29,085520	31,402540	27,829957	33,872798	99,999148
436,00	67,049783	61,085576	59,927428	63,683188	64,498132	59,525239	67,497981	99,929941	34,311885	31,390417	32,063180	30,817941	32,588676	30,239609	34,066850	100,000453	68,513346	71,935171	50,317645	48,008105	55,587798	57,503939	48,511815	68,300629	100,012839	33,713567	27,097616	26,807329	29,115632	31,438476	27,866852	33,913901	100,018394
437,00	67,012858	61,136496	59,956360	63,692468	64,500910	59,585547	67,450613	99,937826	34,345123	31,455052	32,113385	30,869889	32,635331	30,307913	34,091428	99,997139	68,474054	71,891630	50,317687	48,013020	55,576169	57,467145	48,519459	68,276489	100,017798	33,743054	27,132264	26,838052	29,152057	31,454545	27,903768	33,951136	100,003171
438,00	66,964179	61,179882	60,001493	63,687426	64,494127	59,637147	67,401606	99,956721	34,370849	31,508490	32,171839	30,920610	32,683820	30,373511	34,125149	100,014961	68,408066	71,830893	50,316030	48,022097	55,567670	57,437164	48,534793	68,246055	100,011861	33,767855	27,169785	26,874962	29,181570	31,477782	27,947119	33,975601	99,974513
439,00	66,939050	61,225015	60,052550	63,696706	64,490348	59,710729	67,364603	99,972749	34,392643	31,567121	32,218105	30,963311	32,723954	30,439687	34,158313	99,987161	68,367171	71,780175	50,370991	48,071292	55,581373	57,435519	48,585069	68,213308	100,043619	33,790243	27,212656	26,921549	29,224497	31,506386	28,001419	33,995491	99,976134
440,00	66,923505	61,267763	60,117644	63,708097	64,478880	59,759241	67,345309	99,995971	34,429318	31,617957	32,260740	31,006694	32,766137	30,501196	34,194461	99,990654	68,319511	71,737498	50,431162	48,127702	55,598420	57,437289	48,641127	68,158811	100,019431	33,819538	27,272299	26,997039	29,281718	31,560495	28,068975	34,029460	99,976343
441,00	66,902494	61,296254	60,166675	63,708639	64,476782	59,806323	67,322904	99,995279	34,469569	31,680068	32,312924	31,049204	32,811847	30,568299	34,229901	99,985266	68,305486	71,713948	50,508726	48,223600	55,628359	57,458556	48,732677	68,107295	100,025380	33,855343	27,337325	27,071834	29,339531	31,615204	28,133205	34,067690	99,985868
442,00	66,867447	61,336875	60,224885	63,719308	64,479947	59,852725	67,292106	99,998260	34,509015	31,733337	32,370380	31,096762	32,858333	30,637658	34,269127	100,016820	68,242544	71,682584	50,586671	48,323822	55,663067	57,491064	48,824403	68,059534	99,991423	33,887178	27,410424	27,156627	29,399827	31,678620	28,198794	34,110382	99,991179
443,00	66,817749	61,368561	60,275471	63,728374	64,489037	59,909534	67,250031	99,997437	34,533840	31,786358	32,427707	31,134531	32,897100	30,704129	34,298992	100,022304	68,210429	71,646523	50,691622	48,464900	55,723047	57,534963	48,955658	68,020022	99,999756	33,914012	27,478263	27,242413	29,455939	31,738687	28,267965	34,137055	100,006342
444,00	66,772962	61,405218	60,321790	63,735676	64,482248	59,954429	67,203027	99,995565	34,561822	31,841126	32,482380	31,180406	32,935116	30,766416	34,329727	100,019693	68,159765	71,595907	50,817674	48,612714	55,786896	57,583034	49,080306	67,983443	99,977821	33,940142	27,558166	27,344072	29,521307	31,803659	28,347543	34,163043	100,013125
445,00	66,724366	61,428893	60,338593	63,723570	64,465952	59,973484	67,155397	99,982935	34,600911	31,898496	32,535952	31,231189	32,978290	30,830392	34,360138	100,032592	68,146056	71,562737	50,950032	48,771527	55,868071	57,633138	49,220258	67,949617	99,983186	33,970654	27,640980	27,454665	29,587576	31,864458	28,434157	34,192571	100,002527
446,00	66,662806	61,455023	60,358095	63,712817	64,453977	60,010105	67,108297	99,957758	34,639540	31,956708	32,589993	31,287956	33,025590	30,884767	34,394744	100,038946	68,124491	71,550477	51,094478	48,939544	55,942684	57,701677	49,361843	67,922479	99,991202	34,004822	27,726668	27,562988	29,656291	31,921524	28,522530	34,222645	99,988043
447,00	66,614723	61,487031	60,400009	63,719678	64,454061	60,056955	67,065424	99,968141	34,678853	32,018346	32,634929	31,334126	33,068913	30,948669	34,431779	100,060606	68,083578	71,538371	51,216155	49,107617	56,011945	57,760417	49,507019	67,880774	99,990654	34,040245	27,807051	27,671859	29,723582	31,982428	28,614223	34,251606	99,984652
448,00	66,565943	61,517900	60,453755	63,731343	64,447272	60,105091	67,018992	99,972832	34,706774	32,075551	32,683635	31,381473	33,113754	31,001261	34,460935	100,055516	68,052185	71,514380	51,344389	49,275044	56,080067	57,823962	49,640971	67,847288	99,988627	34,071636	27,889016	27,768472	29,784667	32,045805	28,707170	34,275764	99,978250
449,00	66,546637	61,543822	60,497987	63,738072	64,442497	60,145301	66,985816	99,996114	34,734538	32,126874	32,720783	31,420687	33,153543	31,057954	34,485912	100,056577	68,002981	71,483719	51,460272	49,423215	56,133181	57,885998	49,769256	67,807305	99,956787	34,104937	27,973697	27,875131	29,851684	32,116824	28,797466	34,305370	99,981910
450,00	66,517156	61,562794	60,515749	63,741243	64,428157	60,182768	66,952485	99,991739	34,764102	32,181880	32,770050	31,466720	33,197638	31,110579	34,510958	100,055933	67,992270	71,454263	51,598269	49,573916	56,205308	57,942688	49,895671	67,788786	99,966246	34,135783	28,065979	27,965257	29,906824	32,179683	28,878203	34,333667	99,979705
451,00	66,502267	61,581987	60,547912	63,737869	64,421928	60,236353	66,924214	99,995971	34,787112	32,232267	32,813603	31,499663	33,232486	31,157455	34,532109	100,028050	67,971456	71,430624	51,716810	49,715027	56,264365	57,992482	50,010681	67,782670	99,984366	34,172440	28,150386	28,066596	29,972595	32,240245	28,955176	34,364977	99,990785
452,00	66,465068	61,612761	60,584533	63,736361	64,413184	60,268724	66,889524	99,983519	34,814587	32,289317	32,863933	31,540519	33,272848	31,210160	34,562051	100,013065	67,934847	71,402144	51,813841	49,832702	56,316847	58,008909	50,102127	67,764062	100,010943	34,202969	28,226787	28,149253	30,025741	32,292569	29,027206	34,400731	99,998719
453,00	66,440260	61,652601	60,622758	63,747525	64,418572	60,309941	66,866058	99,980772	34,845242	32,344475	32,911366	31,586912	33,321735	31,269145	34,588242	100,011075	67,890304	71,379209	51,885641	49,928075	56,347060	58,034778	50,182891	67,734766	100,026178	34,230664	28,290442	28,233108	30,086270	32,344013	29,105645	34,437031	100,015438
454,00	66,409856	61,687863	60,644114	63,752455	64,429468	60,337418	66,849786	99,969369	34,879252	32,405579	32,963240	31,631219	33,369419	31,335944	34,620845	100,024867	67,862147	71,363348	51,956385	50,015348	56,381303	58,058941	50,261056	67,692560	100,047517	34,251267	28,346932	28,299072	30,139062	32,391083	29,175490	34,470689	100,014591
455,00	66,396159	61,716950	60,671717	63,761401	64,433950	60,386992	66,832596	99,983895	34,910458	32,455680	33,010006	31,675407	33,413380	31,395161	34,649497	100,007749	67,847008	71,346033	52,012700	50,084257	56,413847	58,078355	50,325292	67,647284	100,047004	34,272748	28,403333	28,363654	30,188280	32,438934	29,234639	34,500992	100,003731
456,00	66,364688	61,734492	60,703975	63,755780	64,416450	60,417676	66,805959	99,988002	34,931600	32,495019	33,057004	31,711775	33,438343	31,440184	34,676102	99,975067	67,813653	71,313959	52,054304	50,144166	56,435537	58,082020	50,371832	67,594534	100,048828	34,304401	28,458115	28,419873	30,240753	32,492343	29,288426	34,537038	100,006413
457,00	66,333497	61,753035	60,737979	63,750672	64,390600	60,454446	66,771841	99,984151	34,965420	32,542211	33,102572	31,757447	33,467183	31,495798	34,705365	99,981874	67,759651	71,261179	52,066845	50,176412	56,422961	58,063549	50,405914	67,533243	100,025797	34,338748	28,513816	28,469774	30,291098	32,541806	29,338515	34,571454	100,017881
458,00	66,283625	61,771578	60,766649	63,737357	64,376867	60,472381	66,730124	99,968016	35,004300	32,597199	33,154541	31,805730	33,495390	31,551448	34,737518	100,001240	67,715508	71,206015	52,095532	50,209337	56,418616	58,053285	50,429690	67,483038	100,016177	34,375110	28,562638	28,519461	30,343515	32,590726	29,399589	34,607753	100,032794
459,00	66,243875	61,797011	60,794234	63,731474	64,383215	60,496610	66,694617	99,961710	35,036051	32,646993	33,188093	31,840524	33,527592	31,609473	34,767556	100,019193	67,678612	71,174890	52,115047	50,235647	56,421298	58,037549	50,456101	67,454100	99,991822	34,403065	28,609514	28,571275	30,388173	32,629430	29,452696	34,641019	100,024652
460,00	66,194010	61,818266	60,820985	63,731873	64,373106	60,516596	66,642326	99,953878	35,068688	32,698590	33,227918	31,878319	33,570698	31,661463	34,808531	100,014710	67,654246	71,155202	52,141786	50,262320	56,439662	58,043444	50,490016	67,434806	99,987358	34,429753	28,654137	28,625888	30,437165	32,665020	29,508001	34,672061	100,018334
461,00	66,149312	61,834180	60,850722	63,723296	64,332604	60,533535	66,597444	99,947184	35,093501	32,744122	33,267087	31,910777	33,608004	31,711441	34,841907	100,022709	67,622870	71,125245	52,157366	50,288504	56,452543	58,047527	50,520712	67,414057	99,990702	34,461322	28,699258	28,674009	30,486718	32,706726	29,560074	34,707278	100,027764
462,00	66,101402	61,845952	60,874379	63,715971	64,296824	60,553759	66,549569	99,930757	35,132909	32,798454	33,313304	31,955710	33,652106	31,765962	34,880036	100,030375	67,601019	71,098822	52,190226	50,323999	56,470591	58,061588	50,565833	67,390311	100,011539	34,492564	28,743351	28,720912	30,537349	32,744512	29,607886	34,735048	100,038373
463,00	66,066170	61,872143	60,905683	63,701063	64,286202	60,583973	66,522682	99,946630	35,159147	32,843626	33,357126	31,993735	33,686596	31,811410	34,900820	100,030482	67,560464	71,062326	52,221650	50,349832	56,486094	58,062655	50,607502	67,356956	100,023651	34,521359	28,785613	28,767377	30,582246	32,792994	29,651552	34,767467	100,048625
464,00	66,051286	61,895657	60,937625	63,712752	64,305389	60,617512	66,504455	99,967122	35,190612	32,895038	33,389774	32,030851	33,728909	31,863502	34,928373	100,023401	67,527628	71,032661	52,256411	50,392509	56,510758	58,079261	50,658518	67,325342	100,022852	34,556606	28,834149	28,822106	30,634293	32,842746	29,701290	34,798598	100,045872
465,00	66,021842	61,918414	60,961902	63,705432	64,306694	60,652387	66,476876	99,976897	35,219026	32,950711	33,431721	32,063594	33,771741	31,913435	34,955320	100,025046	67,504793	71,002203	52,310622	50,443155	56,543767	58,106869	50,719202	67,296255	100,023794	34,590325	28,886190	28,879640	30,689365	32,895720	29,763898	34,824291	100,038123
466,00	65,996826	61,938059	60,987639	63,712877	64,302391	60,673261	66,446817	99,986732	35,243088	33,000687	33,470067	32,097599	33,814105	31,969884	34,987834	100,026250	67,486322	70,975775	52,371049	50,519174	56,591815	58,142179	50,783843	67,272913	100,026572	34,623352	28,943977	28,944692	30,746084	32,952052	29,828185	34,857082	100,037897
467,00	65,957648	61,950427	60,999513	63,688010	64,274210	60,681111	66,395450	99,970239	35,272244	33,040822	33,513546	32,133976	33,848724	32,013446	35,015026	100,023043	67,459124	70,945960	52,436239	50,588959	56,630707	58,183283	50,861096	67,247915	100,039434	34,645903	29,001033	29,010522	30,796584	33,003750	29,892004	34,882963	100,020504
468,00	65,926719	61,954618	61,024249	63,675249	64,250487	60,683995	66,361725	99,958152	35,300592	33,090886	33,557597	32,167682	33,879161	32,067025	35,044134	100,022495	67,404455	70,906675	52,487504	50,659651	56,667155	58,213067	50,931644	67,196596	100,030184	34,670031	29,050499	29,082406	30,837813	33,059371	29,950714	34,911439	100,001132
469,00	65,892702	61,958170	61,037058	63,667685	64,228469	60,696471	66,333580	99,935800	35,335183	33,136976	33,598161	32,202679	33,907893	32,110408	35,063249	100,014913	67,363364	70,885557	52,551538	50,749201	56,714290	58,260751	51,025796	67,155671	100,024939	34,703231	29,107416	29,159617	30,882218	33,110526	30,014861	34,931949	99,959594
470,00	65,839994	61,969209	61,048722	63,657701	64,208961	60,719699	66,307646	99,900454	35,362962	33,198789	33,646479	32,230508	33,943614	32,162678	35,089707	100,005352	67,332548	70,875013	52,625376	50,848156	56,771070	58,301288	51,123190	67,119867	100,016391	34,740534	29,168814	29,241341	30,932528	33,165592	30,081519	34,963933	99,949718
471,00	65,810847	61,994916	61,068952	63,658828	64,204288	60,750020	66,274834	99,910736	35,392424	33,243525	33,681798	32,268316	33,975941	32,202607	35,113299	99,989390	67,317575	70,856440	52,709097	50,956416	56,835556	58,352810	51,236129	67,097878	100,015628	34,771183	29,244676	29,324141	30,993485	33,225146	30,151665	34,996659	99,948859
472,00	65,763801	62,002200	61,084151	63,637102	64,196289	60,771763	66,231781	99,916077	35,433453	33,294177	33,724988	32,305989	34,008625	32,251891	35,150254	99,987525	67,289025	70,806938	52,788085	51,057094	56,888622	58,393681	51,332617	67,058051	99,992430	34,797412	29,316768	29,399741	31,049630	33,285436	30,225182	35,029301	99,962747
473,00	65,740395	62,010682	61,117309	63,641775	64,207339	60,808563	66,197693	99,956322	35,476947	33,341950	33,761007	32,353130	34,038648	32,299328	35,184917	99,988365	67,246664	70,752496	52,867955	51,157022	56,939864	58,433264	51,429892	67,011994	99,976045	34,826535	29,387921	29,479659	31,109214	33,345562	30,300954	35,053387	99,972695
474,00	65,687770	62,014604	61,139560	63,631105	64,206386	60,833818	66,173083	99,964899	35,514677	33,386418	33,802846	32,387730	34,070653	32,339793	35,212308	99,973506	67,207611	70,718634	52,952677	51,276439	56,988126	58,468354	51,526755	66,982442	99,974722	34,861389	29,452676	29,563004	31,165853	33,402187	30,381969	35,077488	99,969023
475,00	65,646982	62,023348	61,154681	63,620329	64,199400	60,853833	66,143155	99,981135	35,544223	33,431607	33,832586	32,425267	34,109247	32,377499	35,239679	99,955320	67,172384	70,702273	53,049093	51,401961	57,039446	58,515531	51,635951	66,956919	99,987519	34,897658	29,522684	29,661858	31,222028	33,459717	30,456817	35,103825	99,965829
476,00	65,603185	62,034374	61,164242	63,602418	64,184761	60,869485	66,118318	99,995750	35,573152	33,474538	33,869961	32,460496	34,149534	32,420415	35,269946	99,946052	67,130589	70,673776	53,135985	51,520264	57,086897	58,558130	51,737928	66,925269	99,987119	34,929398	29,596809	29,753220	31,269130	33,515844	30,530494	35,131726	99,972022
477,00	65,549034	62,020141	61,160707	63,581848	64,167792	60,871601	66,071051	99,997598	35,614100	33,527705	33,907071	32,498097	34,187871	32,473791	35,309011	99,951148	67,077726	70,630682	53,209990	51,615900	57,128984	58,604544	51,840377	66,872263	99,976164	34,963277	29,674315	29,840282	31,317815	33,573380	30,598882	35,163903	99,992621
478,00	65,517962	62,024289	61,179233	63,576490	64,159256	60,890013	66,035157	100,001371	35,656849	33,580363	33,952686	32,537496	34,226209	32,526004	35,345089	99,974817	67,027915	70,592070	53,285998	51,714033	57,165730	58,641207	51,938617	66,823554	99,970704	34,989956	29,746640	29,918995	31,375092	33,624285	30,671075	35,195339	99,998087
479,00	65,488362	62,032777	61,192608	63,575339	64,157367	60,892755	66,003197	99,997872	35,697225	33,625072	33,990753	32,574913	34,262326	32,575276	35,381123	99,978328	66,991097	70,566040	53,362072	51,819551	57,200265	58,684039	52,032107	66,779172	99,948996	35,010895	29,809934	29,992059	31,430140	33,668682	30,738169	35,219017	99,985868
480,00	65,465581	62,054402	61,221677	63,569063	64,149123	60,911041	65,970856	100,019002	35,726959	33,662242	34,028417	32,618791	34,300560	32,629123	35,407600	99,983054	66,974759	70,545602	53,448248	51,933634	57,241118	58,725905	52,120912	66,754389	99,959862	35,035893	29,874840	30,070260	31,488457	33,725113	30,809262	35,247979	99,988383
481,00	65,424132	62,059557	61,243308	63,552195	64,141297	60,919189	65,942502	100,016558	35,754398	33,703113	34,071034	32,657966	34,335598	32,684815	35,433426	99,989235	66,950929	70,508611	53,522235	52,021348	57,286990	58,758318	52,204984	66,724813	99,951535	35,067764	29,940596	30,149728	31,542644	33,791006	30,879855	35,273978	100,007057
482,00	65,393668	62,056553	61,255163	63,530469	64,118475	60,936511	65,901858	100,020993	35,781968	33,748454	34,113109	32,698482	34,381345	32,745472	35,453710	100,015724	66,924363	70,485270	53,601635	52,112710	57,330352	58,782792	52,299410	66,697472	99,987763	35,103992	30,009145	30,232504	31,596982	33,852917	30,943072	35,311022	100,023317
483,00	65,368402	62,065673	61,265498	63,536972	64,097685	60,950589	65,869623	100,012898	35,808909	33,795726	34,155026	32,733172	34,421825	32,797471	35,484603	100,033545	66,895103	70,460784	53,679121	52,181971	57,370543	58,812422	52,384704	66,666108	100,001574	35,133854	30,072123	30,298766	31,647271	33,901855	31,001624	35,344315	100,035250
484,00	65,358132	62,083322	61,271620	63,543212	64,087451	60,965085	65,832621	100,022221	35,827976	33,839542	34,195134	32,770541	34,463516	32,840160	35,513347	100,028300	66,870248	70,448184	53,747916	52,253890	57,410055	58,839494	52,463621	66,638356	100,017667	35,158932	30,127794	30,360472	31,697139	33,947057	31,062436	35,374919	100,047183
485,00	65,333831	62,102824	61,281353	63,543624	64,082587	60,984838	65,808034	100,022864	35,853231	33,879882	34,225926	32,805011	34,497094	32,877132	35,539684	100,009620	66,871756	70,438790	53,820354	52,322429	57,462221	58,879411	52,543700	66,623527	100,044048	35,181290	30,181718	30,414298	31,748343	33,998284	31,127569	35,397610	100,044298
486,00	65,325654	62,113708	61,300373	63,525277	64,080667	61,007643	65,783519	100,028932	35,879609	33,926606	34,268802	32,848799	34,530991	32,918498	35,560161	100,020146	66,850436	70,424861	53,879380	52,388245	57,500213	58,901930	52,617383	66,605508	100,051963	35,204312	30,235991	30,476817	31,797370	34,049934	31,191203	35,428974	100,042474
487,00	65,306783	62,124330	61,321318	63,516998	64,076835	61,044443	65,766668	100,041783	35,910746	33,974752	34,302068	32,884884	34,558162	32,963452	35,584500	100,021362	66,823930	70,410043	53,947568	52,449173	57,536703	58,935547	52,690709	66,581964	100,067532	35,230991	30,291259	30,534834	31,844550	34,099239	31,250808	35,454518	100,015986
488,00	65,274757	62,135518	61,344212	63,519347	64,074242	61,066359	65,746909	100,053132	35,933346	34,025252	34,347776	32,916179	34,586075	33,002362	35,612091	100,032294	66,777283	70,373744	54,002273	52,507186	57,574254	58,951247	52,756155	66,564858	100,057209	35,266659	30,349693	30,593374	31,894171	34,151822	31,313142	35,488224	100,027716
489,00	65,230489	62,149167	61,360902	63,529861	64,064026	61,089295	65,727401	100,057590	35,962826	34,066695	34,376159	32,942432	34,616458	33,037186	35,641593	100,007999	66,734278	70,333153	54,057324	52,551389	57,606447	58,964628	52,815598	66,533989	100,050449	35,291994	30,406106	30,644462	31,950113	34,197462	31,374082	35,510227	100,032961
490,00	65,189207	62,169552	61,381710	63,529950	64,046991	61,109877	65,705538	100,053751	35,996461	34,110305	34,416950	32,976136	34,658948	33,082455	35,670319	100,017118	66,705477	70,297170	54,113710	52,601367	57,645249	58,974791	52,883917	66,507262	100,044775	35,324788	30,469972	30,702826	32,003999	34,249616	31,436974	35,540000	100,054407
491,00	65,155172	62,171006	61,397576	63,520968	64,025176	61,120355	65,675497	100,038266	36,032712	34,158081	34,459031	33,017743	34,695736	33,135590	35,698086	100,027883	66,675806	70,260412	54,173815	52,644008	57,675993	58,999276	52,946836	66,480708	100,038421	35,351893	30,527297	30,759034	32,063472	34,300673	31,497863	35,567302	100,053370
492,00	65,116388	62,168771	61,404234	63,500631	64,001107	61,125940	65,637326	100,025082	36,064914	34,210563	34,508151	33,060405	34,734353	33,189282	35,730657	100,045204	66,645056	70,232886	54,241258	52,697790	57,722723	59,036839	53,022885	66,448122	100,025976	35,391399	30,585897	30,819523	32,121280	34,360749	31,566140	35,603610	100,040257
493,00	65,071046	62,154037	61,406964	63,491946	63,984621	61,118942	65,595853	100,000525	36,093387	34,259045	34,548661	33,098450	34,766987	33,236730	35,761112	100,031865	66,607237	70,204717	54,299945	52,755141	57,763284	59,078032	53,088468	66,416693	100,019193	35,420409	30,639985	30,869803	32,183072	34,413174	31,629226	35,637745	100,023091
494,00	65,032190	62,149519	61,417216	63,484406	63,961607	61,116695	65,547925	99,996740	36,122787	34,303990	34,586552	33,130160	34,799248	33,284891	35,796529	100,009191	66,568428	70,184916	54,358870	52,814424	57,816786	59,127951	53,166515	66,373605	100,008190	35,447860	30,703795	30,925849	32,242733	34,464854	31,699470	35,665935	99,999082
495,00	65,011841	62,161058	61,432081	63,488054	63,962466	61,134171	65,520918	100,002813	36,151204	34,346497	34,619355	33,160383	34,837064	33,330333	35,824576	99,996394	66,545570	70,154572	54,413038	52,883482	57,867467	59,169942	53,238511	66,338468	99,998772	35,481811	30,768228	30,991545	32,304263	34,521213	31,762686	35,691470	99,991417
496,00	64,993781	62,169158	61,449748	63,475096	63,943332	61,146349	65,488082	100,012851	36,187136	34,388533	34,660229	33,191860	34,874645	33,382976	35,852650	100,017345	66,518301	70,129126	54,481077	52,964890	57,928056	59,222239	53,327268	66,300476	99,984187	35,504922	30,832732	31,055760	32,363591	34,579101	31,833428	35,714427	99,986410
497,00	64,984727	62,180686	61,470211	63,455522	63,936847	61,175144	65,475249	100,031459	36,214963	34,424976	34,696788	33,227441	34,910202	33,426198	35,875848	100,015140	66,501075	70,100504	54,562777	53,043902	57,980329	59,268939	53,419536	66,257024	99,977088	35,532641	30,900124	31,122369	32,425010	34,645858	31,903419	35,748664	100,004232
498,00	64,962882	62,165296	61,482054	63,427049	63,909060	61,178082	65,444130	100,028968	36,238346	34,452298	34,739339	33,263776	34,934634	33,470917	35,894731	99,999350	66,475642	70,075876	54,654336	53,130275	58,047712	59,340900	53,522050	66,227990	99,967504	35,560605	30,974296	31,193304	32,492465	34,716839	31,984550	35,779476	100,030494
499,00	64,927328	62,152350	61,475748	63,406324	63,884157	61,174244	65,411657	100,026274	36,255589	34,488377	34,776920	33,300757	34,967971	33,505213	35,919070	99,977142	66,452521	70,046973	54,748178	53,215402	58,115661	59,404463	53,632569	66,189611	99,972069	35,593554	31,057960	31,269938	32,563731	34,785947	32,064533	35,815826	100,040853
500,00	64,889824	62,141496	61,473376	63,381571	63,858283	61,165261	65,369600	100,017488	36,282861	34,535587	34,822461	33,342555	35,006809	33,544552	35,946140	99,997276	66,414183	70,025778	54,846591	53,328419	58,194643	59,472698	53,750914	66,153616	99,957091	35,616723	31,128541	31,342027	32,625926	34,845170	32,139739	35,833314	100,027037
501,00	64,852190	62,140787	61,477417	63,360184	63,827258	61,163676	65,323812	100,007880	36,316180	34,588900	34,857911	33,381513	35,055041	33,587903	35,980761	100,026512	66,377604	69,996452	54,954737	53,443712	58,263689	59,538913	53,877962	66,110384	99,962622	35,633779	31,202376	31,421065	32,688847	34,904137	32,216948	35,858387	99,993032
502,00	64,819163	62,137437	61,495614	63,342929	63,804018	61,175048	65,280479	100,008917	36,344075	34,630239	34,892517	33,420476	35,089755	33,628896	36,007142	100,026059	66,353875	69,982535	55,070531	53,572875	58,339447	59,613740	54,012942	66,093135	99,976844	35,658810	31,277716	31,502450	32,759669	34,973752	32,294568	35,875362	99,989808
503,00	64,782065	62,135381	61,506057	63,328356	63,776869	61,180001	65,239286	99,997187	36,376515	34,670180	34,927541	33,461246	35,128734	33,669850	36,035296	100,026429	66,347510	69,967234	55,192643	53,698725	58,416867	59,680331	54,152882	66,081506	100,011539	35,689956	31,359223	31,592697	32,837063	35,052723	32,382524	35,909760	100,008488
504,00	64,740813	62,134933	61,514032	63,301378	63,757777	61,185336	65,216821	100,005841	36,402375	34,707764	34,961689	33,499119	35,159242	33,705866	36,058667	100,038850	66,327876	69,959480	55,305147	53,829217	58,496380	59,751981	54,294038	66,065705	100,025213	35,722148	31,436485	31,676131	32,909641	35,128158	32,469848	35,937345	100,029910
505,00	64,698583	62,131244	61,522931	63,278884	63,740462	61,185181	65,199465	100,006044	36,428252	34,747666	34,993517	33,529633	35,192364	33,745435	36,080030	100,040245	66,293657	69,916588	55,421448	53,950840	58,566916	59,826761	54,437000	66,030455	100,024831	35,745770	31,513479	31,765205	32,975963	35,202453	32,564712	35,974187	100,036871
506,00	64,660674	62,137395	61,523104	63,267291	63,727838	61,190611	65,177965	100,004733	36,441422	34,787098	35,018080	33,555660	35,216343	33,786008	36,104736	100,030458	66,263980	69,885153	55,546641	54,087996	58,640736	59,909213	54,583436	66,005456	100,035906	35,769975	31,594938	31,857094	33,050355	35,275799	32,657397	36,004838	100,037515
507,00	64,626867	62,141371	61,533278	63,259685	63,705915	61,188567	65,138984	100,002718	36,458966	34,831494	35,047624	33,583844	35,250744	33,834606	36,131704	100,008082	66,244650	69,857353	55,672050	54,226941	58,712935	59,986526	54,722190	65,980768	100,056815	35,794276	31,675598	31,945372	33,123198	35,345277	32,750311	36,035034	100,028765
508,00	64,597893	62,143373	61,535299	63,252431	63,683963	61,182451	65,095574	99,995017	36,488399	34,874848	35,083851	33,624327	35,288146	33,881679	36,164981	100,007260	66,233605	69,854951	55,799365	54,373991	58,794767	60,057431	54,860455	65,964717	100,081205	35,817328	31,752524	32,037327	33,194721	35,410327	32,841548	36,062136	100,041354
509,00	64,561743	62,144673	61,555612	63,243872	63,660806	61,181766	65,056777	100,001776	36,514986	34,909001	35,118663	33,658841	35,321534	33,927581	36,195576	99,997228	66,207862	69,830561	55,913651	54,505092	58,860630	60,133833	54,995418	65,943122	100,077415	35,845563	31,838045	32,128826	33,271024	35,475367	32,936817	36,090100	100,054848
510,00	64,520055	62,133342	61,560446	63,228589	63,640600	61,179483	65,022463	99,984217	36,544755	34,950274	35,162091	33,695689	35,350040	33,967480	36,229065	100,000191	66,186935	69,804227	56,030405	54,643965	58,924502	60,213548	55,143279	65,917391	100,067258	35,871059	31,918752	32,222730	33,341920	35,543510	33,029002	36,117038	100,066960
511,00	64,491552	62,138873	61,569631	63,216978	63,622355	61,195487	64,992005	99,982828	36,566052	34,996173	35,204870	33,721450	35,372490	34,007016	36,254948	99,998254	66,150856	69,766963	56,145018	54,769778	58,971316	60,285538	55,284899	65,892661	100,041378	35,900524	31,996047	32,312942	33,411747	35,612437	33,116338	36,143026	100,065041
512,00	64,464384	62,128294	61,565441	63,197619	63,590318	61,194897	64,964056	99,976081	36,599612	35,049710	35,248250	33,747143	35,404736	34,043384	36,279407	100,004637	66,122520	69,728774	56,245989	54,900187	59,031558	60,359222	55,417889	65,853536	100,034249	35,920334	32,071713	32,404050	33,479306	35,685098	33,202207	36,172652	100,061059
513,00	64,454406	62,135935	61,575133	63,197279	63,579029	61,202586	64,945352	99,983674	36,633256	35,088390	35,281453	33,773547	35,432807	34,080827	36,303204	99,988097	66,091520	69,687873	56,350255	55,014193	59,096742	60,425305	55,546182	65,830225	100,031102	35,946345	32,151982	32,499781	33,545771	35,757267	33,288974	36,199418	100,066626
514,00	64,419889	62,134492	61,576527	63,172758	63,549531	61,189330	64,916211	99,967313	36,668217	35,126165	35,308492	33,802152	35,463536	34,119636	36,328810	99,982566	66,068780	69,653779	56,443417	55,147529	59,163177	60,495073	55,652738	65,795249	100,031316	35,976216	32,231095	32,586384	33,610591	35,824031	33,377808	36,221951	100,066769
515,00	64,396769	62,142795	61,581975	63,161957	63,541532	61,197674	64,897788	99,967855	36,699647	35,155591	35,339543	33,832929	35,490772	34,152210	36,356109	99,952525	66,039217	69,631541	56,548619	55,264205	59,213716	60,548544	55,770874	65,771371	100,021696	36,007172	32,300565	32,672936	33,668032	35,888812	33,459625	36,239472	100,045478
516,00	64,360189	62,133944	61,580312	63,152498	63,529390	61,196625	64,867282	99,967223	36,729652	35,193574	35,376158	33,867541	35,533032	34,188029	36,380231	99,952418	65,998757	69,608307	56,638318	55,382967	59,259075	60,593063	55,872858	65,729058	100,012910	36,029464	32,369164	32,751074	33,728561	35,951510	33,536854	36,267549	100,026393
517,00	64,339525	62,130129	61,593348	63,151610	63,521457	61,216486	64,836031	99,985200	36,758855	35,231566	35,417134	33,912894	35,568035	34,228382	36,407897	99,947393	65,962225	69,578773	56,724256	55,473191	59,306717	60,642546	55,975950	65,692222	100,006437	36,061051	32,444885	32,830432	33,791730	36,019760	33,614254	36,298904	100,016141
518,00	64,321637	62,114310	61,596787	63,144028	63,509965	61,222810	64,798093	99,979210	36,788151	35,280499	35,453388	33,951947	35,608524	34,282809	36,433974	99,975747	65,923363	69,537133	56,790590	55,558491	59,348118	60,686886	56,057417	65,638542	99,981111	36,083195	32,510686	32,903776	33,842647	36,075443	33,679563	36,335477	100,016272
519,00	64,298034	62,106341	61,608875	63,117051	63,485521	61,224306	64,763987	99,979866	36,817229	35,321343	35,493970	33,983889	35,639939	34,331170	36,464715	99,998659	65,898490	69,501358	56,854206	55,636394	59,390223	60,732573	56,139648	65,596980	99,958169	36,118230	32,581604	32,972839	33,901420	36,130425	33,751729	36,359817	100,013721
520,00	64,274818	62,096661	61,601043	63,104200	63,477021	61,223871	64,742452	99,969882	36,843508	35,360339	35,526124	34,012830	35,677198	34,378442	36,500591	100,028527	65,859842	69,474113	56,922990	55,709338	59,428042	60,758412	56,226367	65,562898	99,943078	36,144063	32,644191	33,049271	33,963132	36,187336	33,812791	36,391491	100,002623
521,00	64,234567	62,085164	61,605346	63,083571	63,457704	61,228430	64,707178	99,984032	36,868152	35,390306	35,558289	34,049934	35,702503	34,419858	36,526462	100,020349	65,827149	69,466943	57,001537	55,790335	59,475553	60,791284	56,308961	65,538758	99,947691	36,179683	32,710186	33,115020	34,024203	36,239898	33,885539	36,417693	99,986786
522,00	64,198226	62,082976	61,600804	63,072479	63,438153	61,250001	64,687157	99,977601	36,892235	35,427445	35,590786	34,088147	35,728863	34,456357	36,555955	100,018740	65,792000	69,455689	57,075876	55,860734	59,523755	60,823268	56,387103	65,516961	99,958563	36,203641	32,774627	33,184478	34,075412	36,297935	33,946559	36,449879	99,988341
523,00	64,164412	62,076747	61,608869	63,045734	63,404197	61,264712	64,657432	99,989718	36,920211	35,468549	35,622239	34,127602	35,762742	34,494090	36,583495	100,023985	65,749949	69,425589	57,127947	55,926996	59,559262	60,852385	56,450808	65,484583	99,949408	36,225876	32,830414	33,235526	34,124663	36,349010	34,015423	36,475697	99,982780
524,00	64,139819	62,079686	61,629516	63,026667	63,390791	61,280257	64,646232	100,003552	36,947155	35,509631	35,660034	34,166127	35,804555	34,534016	36,620757	100,052881	65,723336	69,406348	57,185900	55,982697	59,584522	60,877073	56,522924	65,461707	99,961692	36,259419	32,894832	33,297196	34,179181	36,410123	34,077361	36,505949	99,997866
525,00	64,121866	62,083632	61,653912	63,019168	63,383472	61,283892	64,627177	100,023794	36,968109	35,553840	35,692292	34,202027	35,845625	34,574041	36,646050	100,049531	65,702939	69,377005	57,235956	56,031984	59,603089	60,901487	56,595671	65,432441	99,969381	36,286393	32,941535	33,347943	34,228989	36,452657	34,134385	36,528775	99,981898
526,00	64,091498	62,086749	61,664248	63,013256	63,366729	61,282992	64,612007	100,022984	36,995441	35,598111	35,729763	34,223831	35,880047	34,606946	36,666021	100,040793	65,699965	69,389290	57,305598	56,093872	59,631407	60,937577	56,676495	65,422201	100,006533	36,318821	32,990837	33,401731	34,272847	36,496875	34,182128	36,556789	99,978018
527,00	64,063054	62,085146	61,662924	63,012880	63,343829	61,278486	64,590526	100,018513	37,033132	35,646856	35,772619	34,255123	35,914171	34,643188	36,694032	100,024402	65,665430	69,367051	57,352906	56,140524	59,666181	60,971540	56,737441	65,399688	100,015259	36,337703	33,034256	33,446354	34,317675	36,531430	34,235233	36,577865	99,962461
528,00	64,013952	62,070811	61,646247	62,979960	63,316953	61,273611	64,555120	100,014400	37,071377	35,690317	35,808560	34,285939	35,946646	34,679866	36,719939	100,044215	65,616494	69,355536	57,394731	56,180805	59,685451	60,980952	56,779063	65,367663	100,014234	36,355633	33,079571	33,491817	34,361848	36,580396	34,284303	36,599988	99,963260
529,00	63,971019	62,047547	61,635053	62,949330	63,294017	61,269635	64,512628	100,015473	37,099689	35,731435	35,852203	34,326005	35,979065	34,720275	36,751720	100,036681	65,575349	69,321442	57,426476	56,203318	59,711170	61,004376	56,816548	65,333259	100,014269	36,371526	33,127919	33,536553	34,410110	36,626977	34,337798	36,619800	99,956876
530,00	63,919842	62,032712	61,623389	62,910539	63,267899	61,258417	64,462250	99,995172	37,121129	35,769302	35,884055	34,354594	36,007634	34,755355	36,774611	100,051486	65,554100	69,299978	57,446522	56,226957	59,729999	61,015248	56,858522	65,310580	100,017023	36,393476	33,178005	33,582860	34,453166	36,683112	34,388545	36,649799	99,971461
531,00	63,892365	62,026644	61,628115	62,882471	63,241047	61,251420	64,421815	99,972808	37,150365	35,801536	35,917664	34,382328	36,028960	34,793577	36,796325	100,011718	65,547979	69,289184	57,481068	56,268233	59,771383	61,050707	56,905508	65,303367	100,045133	36,426297	33,225387	33,627900	34,503558	36,733794	34,448886	36,685058	99,988288
532,00	63,871318	62,026823	61,636710	62,852335	63,225478	61,242509	64,389002	99,968028	37,181348	35,833913	35,946614	34,414738	36,054379	34,830025	36,819112	100,006771	65,523374	69,263864	57,512438	56,307781	59,795958	61,058933	56,941319	65,285730	100,064182	36,460263	33,276439	33,674514	34,547365	36,780673	34,507930	36,722234	100,006473
533,00	63,855177	62,027335	61,644930	62,825471	63,212585	61,225861	64,369714	99,976420	37,213910	35,866532	35,985562	34,445176	36,082321	34,871137	36,851117	99,999368	65,500730	69,234800	57,548594	56,345338	59,815401	61,071432	56,968057	65,252328	100,074971	36,493993	33,319578	33,717227	34,594044	36,817566	34,563023	36,752841	100,003421
534,00	63,824290	62,016302	61,636060	62,803966	63,191682	61,216855	64,347160	99,991518	37,241498	35,904339	36,019206	34,479177	36,110187	34,910393	36,885422	99,998474	65,469712	69,202262	57,567644	56,373847	59,823966	61,072469	56,998277	65,218222	100,078535	36,520737	33,370143	33,760503	34,638932	36,858901	34,618655	36,782160	100,000477
535,00	63,795102	62,007445	61,622775	62,788755	63,173503	61,211497	64,316720	99,992698	37,272888	35,943437	36,048421	34,499770	36,135322	34,957686	36,920643	100,012636	65,460759	69,182909	57,588202	56,401724	59,833193	61,095285	57,033956	65,206504	100,087893	36,540356	33,417171	33,801097	34,677875	36,900210	34,662408	36,804363	99,977946
536,00	63,758725	61,992049	61,607820	62,780416	63,153338	61,223716	64,282328	100,001764	37,286729	35,975683	36,064610	34,524333	36,156982	34,992969	36,940047	100,015676	65,413457	69,128424	57,579917	56,406504	59,817755	61,081624	57,046777	65,168738	100,054753	36,558896	33,461213	33,838817	34,718782	36,945102	34,711936	36,819679	99,982971
537,00	63,741571	61,993241	61,596423	62,777621	63,142800	61,227572	64,253509	100,014365	37,295368	36,005282	36,082080	34,545803	36,180943	35,020325	36,956623	100,031984	65,375704	69,078863	57,576954	56,410432	59,797543	61,063790	57,059538	65,125585	100,014353	36,583182	33,503559	33,874115	34,751141	36,981601	34,746999	36,833569	99,989951
538,00	63,720953	61,995196	61,585772	62,772501	63,129008	61,219025	64,229798	100,026667	37,305883	36,038685	36,113253	34,573388	36,207530	35,044888	36,974317	100,020993	65,330195	69,015783	57,561785	56,409061	59,782279	61,027932	57,061768	65,069979	99,957603	36,615083	33,539855	33,908352	34,790862	37,019277	34,791607	36,853909	100,014043
539,00	63,705158	61,992627	61,575288	62,766963	63,106287	61,199009	64,193106	100,029075	37,329823	36,078915	36,150581	34,604710	36,241063	35,079327	36,997759	100,024557	65,322608	68,995577	57,583922	56,437498	59,790969	61,035186	57,087207	65,050608	99,975401	36,642987	33,582601	33,946228	34,827518	37,056941	34,830922	36,876190	100,015628
540,00	63,680917	61,982083	61,577290	62,763441	63,080102	61,192179	64,163172	100,032854	37,358198	36,117372	36,191905	34,640095	36,280444	35,122213	37,027648	100,016570	65,304565	68,966073	57,612699	56,456053	59,796703	61,045045	57,112640	65,029192	99,987864	36,669528	33,622715	33,988822	34,872085	37,092152	34,875774	36,901981	100,019324
541,00	63,660055	61,964619	61,584920	62,741572	63,058519	61,192626	64,144188	100,051212	37,385106	36,144623	36,223292	34,672123	36,311981	35,155255	37,048680	100,009632	65,281868	68,954444	57,642823	56,468368	59,806931	61,041063	57,142442	64,999574	100,001681	36,693418	33,672547	34,036013	34,912738	37,126538	34,920827	36,926845	100,023615
542,00	63,628978	61,953622	61,594278	62,721801	63,036150	61,188984	64,125794	100,052679	37,417728	36,175510	36,257672	34,705311	36,346555	35,192326	37,071124	99,988860	65,251595	68,927175	57,663685	56,475711	59,809613	61,038041	57,173938	64,964956	100,003850	36,722988	33,718228	34,083286	34,951538	37,163785	34,966874	36,963627	100,026429
543,00	63,594127	61,938310	61,595643	62,698334	63,022327	61,173987	64,096129	100,041974	37,448683	36,212158	36,289212	34,726918	36,373243	35,224712	37,093326	99,974692	65,229028	68,903768	57,680625	56,492549	59,815276	61,040097	57,203370	64,927530	100,013995	36,748463	33,758780	34,131324	34,985888	37,202251	35,013789	36,993229	100,017905
544,00	63,538069	61,920363	61,579573	62,676620	62,999803	61,145490	64,049178	100,024843	37,476963	36,253566	36,319241	34,755743	36,396655	35,262614	37,113908	99,966729	65,207541	68,868423	57,703692	56,525892	59,816509	61,053234	57,239610	64,898360	100,019145	36,777458	33,793697	34,180492	35,020226	37,246028	35,056895	37,026000	100,009310
545,00	63,497633	61,903363	61,561036	62,651396	62,981045	61,133444	64,015222	100,010860	37,502599	36,293629	36,343768	34,777939	36,420545	35,291401	37,134036	99,963677	65,181369	68,850738	57,725209	56,562489	59,817839	61,053801	57,275134	64,861292	100,022697	36,797547	33,830503	34,232798	35,057753	37,284815	35,098118	37,046218	99,995089
546,00	63,465810	61,887914	61,549276	62,621844	62,950987	61,128187	63,985366	100,002599	37,528637	36,330548	36,375546	34,808734	36,451474	35,330498	37,155917	99,975151	65,147626	68,825263	57,744020	56,596893	59,832335	61,053240	57,307148	64,836997	100,011170	36,830491	33,877382	34,286198	35,102734	37,330058	35,147771	37,075374	99,999994
547,00	63,438976	61,876303	61,558151	62,606633	62,920153	61,130190	63,968855	99,979675	37,557068	36,369637	36,408511	34,839207	36,495104	35,369664	37,186635	99,990630	65,111852	68,808419	57,762104	56,620759	59,844971	61,051470	57,334363	64,801097	100,012362	36,849499	33,922908	34,336376	35,145879	37,371755	35,192135	37,099487	100,003111
548,00	63,404834	61,860687	61,558408	62,583727	62,882364	61,125171	63,940859	99,954462	37,577236	36,400738	36,442727	34,867641	36,521575	35,397220	37,216732	99,996912	65,082604	68,786901	57,789212	56,648540	59,869510	61,067319	57,365566	64,777595	100,013638	36,875027	33,971027	34,392169	35,189420	37,417400	35,242596	37,130657	100,006783
549,00	63,365579	61,842322	61,546266	62,553632	62,853152	61,105955	63,901395	99,926329	37,598091	36,433652	36,474541	34,897727	36,550754	35,425687	37,247699	100,003910	65,054727	68,765199	57,818347	56,679130	59,877455	61,077988	57,392508	64,746499	100,009215	36,892971	34,017634	34,448132	35,228345	37,460241	35,287735	37,161145	99,996984
550,00	63,335216	61,831021	61,533284	62,527752	62,839502	61,100161	63,857651	99,913108	37,627101	36,470914	36,509079	34,920636	36,583149	35,459870	37,281525	100,021327	65,035892	68,745321	57,850200	56,730288	59,885526	61,092854	57,433665	64,727318	100,017917	36,920777	34,064931	34,503281	35,273990	37,502369	35,341504	37,190378	100,002193
551,00	63,304949	61,812186	61,524248	62,498593	62,815136	61,097860	63,821769	99,900889	37,658039	36,504415	36,538425	34,946400	36,624894	35,503447	37,312579	100,031424	65,011251	68,725592	57,870847	56,777376	59,893984	61,096650	57,479292	64,696836	100,002348	36,944717	34,115231	34,551236	35,315120	37,538287	35,387516	37,216473	99,984139
552,00	63,269866	61,799610	61,515522	62,481672	62,791842	61,097515	63,795453	99,898946	37,691236	36,537325	36,570576	34,978911	36,658564	35,542655	37,348765	100,049889	64,984739	68,712974	57,894915	56,831700	59,911436	61,112165	57,526797	64,672965	99,997610	36,959550	34,156764	34,602031	35,358903	37,577030	35,440552	37,239087	99,974191
553,00	63,239211	61,783481	61,502957	62,462509	62,766570	61,098075	63,771015	99,906951	37,713504	36,566865	36,600164	35,018727	36,680853	35,571817	37,378573	100,043643	64,946038	68,681467	57,913852	56,863970	59,917879	61,119020	57,555813	64,630961	99,980223	36,981419	34,207013	34,659576	35,402083	37,616360	35,498840	37,268254	99,962401
554,00	63,216704	61,781430	61,481160	62,445873	62,755466	61,090392	63,740206	99,920136	37,740722	36,604512	36,629954	35,052043	36,705250	35,605916	37,406483	100,045037	64,938265	68,662715	57,960999	56,924474	59,935999	61,136556	57,594603	64,615852	99,980652	37,005588	34,255821	34,722224	35,448277	37,656391	35,559490	37,301701	99,971217
555,00	63,196057	61,776996	61,470735	62,415451	62,741971	61,088067	63,719296	99,948853	37,774158	36,644366	36,662242	35,081074	36,729360	35,638219	37,433812	100,039923	64,911497	68,625832	57,995439	56,969440	59,949493	61,134744	57,638592	64,587587	99,985015	37,039167	34,317806	34,792316	35,499683	37,702855	35,617083	37,335080	99,997401
556,00	63,166738	61,763018	61,460012	62,391680	62,711078	61,085433	63,691509	99,941856	37,806278	36,676472	36,691368	35,111451	36,755648	35,681093	37,458682	100,045621	64,893186	68,609536	58,036804	57,037294	59,974599	61,140549	57,685131	64,572668	99,982536	37,071827	34,374318	34,854344	35,551953	37,746784	35,671300	37,366199	100,015652
557,00	63,149035	61,755633	61,465305	62,371218	62,687486	61,092818	63,675094	99,970162	37,833279	36,708409	36,726773	35,144857	36,783341	35,720244	37,481785	100,042224	64,853072	68,573207	58,050150	57,091570	59,983552	61,146122	57,727313	64,537162	99,978811	37,106013	34,428442	34,917861	35,605392	37,797919	35,727388	37,393096	100,038779
558,00	63,129336	61,750323	61,461031	62,364072	62,662947	61,094302	63,653398	99,976432	37,858951	36,739361	36,760837	35,171723	36,814758	35,762301	37,501147	100,041759	64,832604	68,556970	58,093977	57,160228	60,001618	61,153507	57,778776	64,508766	99,978667	37,139201	34,487027	34,974697	35,654438	37,837586	35,785022	37,418759	100,029945
559,00	63,106161	61,751682	61,454874	62,339324	62,646890	61,088449	63,633925	100,008118	37,887517	36,772710	36,792773	35,201627	36,847290	35,796738	37,519634	100,025761	64,821732	68,537146	58,133596	57,226175	60,023195	61,162913	57,839054	64,499962	99,994791	37,164158	34,537843	35,033008	35,695952	37,880066	35,838956	37,443465	100,022733
560,00	63,073212	61,738557	61,447018	62,313235	62,624758	61,069047	63,603222	100,021172	37,915266	36,803243	36,824515	35,235655	36,874986	35,831860	37,538981	100,017130	64,798242	68,520951	58,189416	57,282335	60,047972	61,167520	57,884288	64,484125	100,020468	37,195337	34,589168	35,093677	35,734844	37,918690	35,890049	37,469518	100,024879
561,00	63,047469	61,718565	61,444151	62,293035	62,596804	61,057132	63,568461	100,013554	37,935901	36,836517	36,851910	35,271397	36,899677	35,865176	37,562120	100,004673	64,772463	68,498403	58,213693	57,331735	60,053957	61,172628	57,920688	64,463419	100,033689	37,220156	34,628281	35,146335	35,768604	37,966266	35,937107	37,500110	100,043058
562,00	63,031995	61,707866	61,432177	62,276429	62,564069	61,050719	63,538110	100,000262	37,958252	36,873028	36,889800	35,300732	36,930162	35,903355	37,591222	100,015593	64,726371	68,460298	58,234727	57,367033	60,043246	61,174750	57,948506	64,421254	100,031638	37,247044	34,672943	35,201859	35,802490	38,010365	35,986432	37,523913	100,055277
563,00	63,008302	61,707217	61,420542	62,269527	62,531537	61,050814	63,506967	99,987912	37,985110	36,909920	36,923000	35,323650	36,953765	35,934302	37,624100	100,031400	64,701170	68,439627	58,255339	57,407135	60,046095	61,178476	57,985461	64,398628	100,031042	37,273800	34,719968	35,262790	35,847989	38,055730	36,035183	37,554824	100,068629
564,00	62,973094	61,714077	61,410367	62,249029	62,506801	61,039108	63,478357	99,990332	38,017073	36,948696	36,956656	35,349613	36,989978	35,965922	37,651497	100,055194	64,677978	68,411171	58,285815	57,451946	60,053891	61,182880	58,019775	64,382255	100,046086	37,302655	34,769619	35,321376	35,889506	38,094911	36,083594	37,579143	100,072873
565,00	62,951612	61,710989	61,417371	62,239933	62,498629	61,023843	63,454825	100,008142	38,047644	36,987239	36,978734	35,370892	37,010449	35,986051	37,679213	100,053549	64,654028	68,391061	58,311689	57,497102	60,062867	61,180836	58,052337	64,361811	100,057340	37,337399	34,819046	35,386318	35,934725	38,140994	36,130771	37,611303	100,092900
566,00	62,923080	61,693430	61,416918	62,219924	62,489218	61,015487	63,430816	100,014484	38,082272	37,027657	36,997661	35,393605	37,045524	36,014125	37,707576	100,061071	64,615977	68,363059	58,320409	57,523561	60,058910	61,175388	58,074480	64,333349	100,054979	37,360364	34,858781	35,438424	35,966247	38,180423	36,174840	37,628785	100,098395
567,00	62,898874	61,666322	61,403900	62,201864	62,475950	61,004406	63,401610	100,020802	38,116160	37,065792	37,023625	35,419232	37,068340	36,041489	37,736815	100,062656	64,576912	68,337393	58,337981	57,548428	60,057378	61,173320	58,093053	64,303452	100,046146	37,384832	34,897077	35,495800	35,998416	38,218877	36,212459	37,646127	100,085962
568,00	62,858123	61,650044	61,389041	62,173730	62,450552	60,987508	63,361341	99,996889	38,146156	37,096646	37,043449	35,439777	37,092388	36,067691	37,757933	100,063908	64,560872	68,317503	58,345336	57,575947	60,061914	61,175430	58,106250	64,279425	100,045550	37,402752	34,931386	35,544604	36,028698	38,253081	36,249202	37,661678	100,061154
569,00	62,830204	61,646557	61,374331	62,156278	62,429750	60,967714	63,331074	99,991065	38,171145	37,128490	37,060931	35,459897	37,118390	36,091283	37,776798	100,048006	64,529169	68,284535	58,356071	57,604903	60,062867	61,170155	58,117878	64,244407	100,039434	37,430492	34,970769	35,600865	36,062142	38,291323	36,295399	37,687856	100,058711
570,00	62,802511	61,638796	61,369574	62,144214	62,416589	60,953104	63,305676	100,000286	38,200414	37,156281	37,076294	35,485306	37,143153	36,114752	37,801662	100,059581	64,506888	68,262893	58,339274	57,618636	60,051984	61,167765	58,127123	64,211267	100,016332	37,449536	35,003316	35,649154	36,086658	38,314277	36,337468	37,706199	100,048518
571,00	62,763429	61,623317	61,357296	62,141722	62,404317	60,934508	63,279033	100,029635	38,242215	37,187847	37,105387	35,513297	37,178189	36,152881	37,837619	100,076389	64,472228	68,237793	58,329910	57,627416	60,050762	61,160457	58,142275	64,173388	100,002646	37,471676	35,038540	35,702035	36,111891	38,336438	36,379024	37,728804	100,046456
572,00	62,711871	61,592895	61,333662	62,120098	62,374800	60,909837	63,238436	100,018513	38,277003	37,215763	37,140942	35,539418	37,202695	36,189204	37,868530	100,081813	64,451236	68,216401	58,326203	57,647014	60,045904	61,142904	58,155668	64,144075	100,005293	37,493557	35,072339	35,754436	36,134395	38,365209	36,411268	37,740985	100,020933
573,00	62,676221	61,581302	61,311108	62,102991	62,350887	60,893404	63,197660	100,017202	38,312611	37,245107	37,173724	35,557500	37,232360	36,228779	37,889522	100,056517	64,419037	68,197227	58,332843	57,669127	60,049117	61,120534	58,166677	64,118266	100,017369	37,522572	35,111773	35,805720	36,164135	38,393414	36,441639	37,762997	100,001955
574,00	62,636197	61,561567	61,279470	62,081683	62,328643	60,879666	63,160443	99,989808	38,335836	37,272334	37,198192	35,577396	37,255925	36,256623	37,904862	100,036085	64,391375	68,181312	58,338594	57,683092	60,034823	61,097199	58,165079	64,092517	100,015116	37,546039	35,150546	35,857800	36,195984	38,425958	36,477062	37,781662	100,001919
575,00	62,601483	61,548990	61,259460	62,068468	62,315995	60,872388	63,131160	99,998313	38,361654	37,298435	37,230361	35,602355	37,281254	36,292470	37,922373	100,020099	64,364552	68,161613	58,337462	57,685053	60,029161	61,080217	58,165866	64,062995	100,005710	37,568790	35,188806	35,908109	36,226714	38,449323	36,511111	37,804377	100,012505
576,00	62,557340	61,521113	61,237979	62,047535	62,287104	60,848355	63,093555	99,994439	38,373551	37,321502	37,258184	35,620272	37,296838	36,318359	37,940776	100,004220	64,339179	68,135154	58,334947	57,687628	60,020477	61,063212	58,162034	64,027542	100,020015	37,596434	35,226125	35,961422	36,251840	38,486281	36,547184	37,825757	100,022030
577,00	62,529951	61,493605	61,221164	62,025464	62,256926	60,831267	63,062304	100,006235	38,395268	37,347767	37,285650	35,650295	37,315327	36,351299	37,961960	99,996185	64,321798	68,106115	58,329123	57,691020	60,018003	61,042786	58,175933	63,991535	100,047183	37,625805	35,255146	36,012155	36,278197	38,516095	36,580154	37,850353	100,007164
578,00	62,499785	61,469930	61,198652	62,006974	62,233359	60,807699	63,026148	99,994832	38,413030	37,377918	37,303042	35,671243	37,332687	36,374354	37,977657	99,989402	64,300072	68,083596	58,320218	57,697511	60,010546	61,026430	58,184040	63,964194	100,066197	37,654430	35,290775	36,056942	36,307770	38,552678	36,618102	37,875661	99,988711
579,00	62,467128	61,451757	61,179358	61,984318	62,212920	60,789728	63,004148	99,985904	38,444579	37,408826	37,328491	35,704082	37,355554	36,409524	38,001034	99,993157	64,272761	68,055826	58,311522	57,696652	60,000318	60,997027	58,187753	63,932693	100,071943	37,679684	35,326591	36,099538	36,340880	38,585818	36,657459	37,906170	99,997336
580,00	62,435210	61,438930	61,158156	61,961383	62,188202	60,775542	62,976956	99,974996	38,467601	37,442982	37,352094	35,730803	37,380782	36,442977	38,021907	99,994850	64,234400	68,020195	58,304179	57,697427	59,984159	60,974306	58,176655	63,895875	100,064397	37,707776	35,368052	36,145985	36,371326	38,623798	36,696813	37,928164	100,001383
581,00	62,412435	61,432242	61,144930	61,945033	62,169677	60,766554	62,954915	99,978751	38,497123	37,475881	37,379351	35,763249	37,405151	36,478052	38,055667	100,020206	64,202952	67,996085	58,294356	57,692248	59,963381	60,947436	58,170319	63,852674	100,060391	37,732041	35,396373	36,188832	36,395261	38,644460	36,723721	37,947309	100,009096
582,00	62,389475	61,418867	61,127913	61,921692	62,148809	60,759032	62,923330	99,982452	38,523254	37,504426	37,397984	35,785472	37,431294	36,502057	38,080350	100,029767	64,183706	67,972368	58,285785	57,683522	59,951323	60,933268	58,170933	63,818836	100,053000	37,760451	35,421544	36,228031	36,415023	38,667628	36,752772	37,964177	99,999475
583,00	62,369978	61,411864	61,122859	61,895460	62,130362	60,744590	62,897420	99,983680	38,553730	37,531936	37,418935	35,808852	37,458137	36,518779	38,103086	100,035667	64,163798	67,956388	58,272105	57,670176	59,936392	60,917604	58,164823	63,804179	100,039089	37,786976	35,447276	36,261958	36,435771	38,688472	36,782342	37,990570	100,001025
584,00	62,348062	61,396623	61,113483	61,869454	62,111545	60,728043	62,876225	99,983317	38,582081	37,560290	37,438381	35,833484	37,492520	36,540142	38,122141	100,027645	64,149123	67,926270	58,250153	57,662213	59,912992	60,899943	58,158642	63,784927	100,032842	37,808594	35,477170	36,294711	36,456722	38,716325	36,813796	38,016146	99,996728
585,00	62,312913	61,381739	61,089444	61,843771	62,074202	60,706306	62,839311	99,964476	38,602370	37,587687	37,457713	35,856912	37,518132	36,558613	38,146663	100,023639	64,134836	67,896551	58,224601	57,649153	59,882951	60,877341	58,148235	63,767284	100,020075	37,828708	35,501370	36,333209	36,487183	38,740283	36,848018	38,052329	100,009847
586,00	62,291217	61,362469	61,077625	61,819255	62,046772	60,686094	62,801975	99,979270	38,624135	37,617406	37,483585	35,880074	37,542748	36,587021	38,172749	100,023091	64,113885	67,875862	58,201504	57,640707	59,855181	60,856658	58,148909	63,730234	100,009906	37,845382	35,527271	36,364329	36,510524	38,761860	36,873466	38,078114	100,015545
587,00	62,258565	61,345029	61,061376	61,781740	62,010193	60,672671	62,761128	99,984777	38,649273	37,647033	37,516406	35,905659	37,563649	36,622384	38,202024	100,020683	64,074689	67,841500	58,175677	57,626647	59,829038	60,828596	58,124804	63,701826	99,995917	37,865284	35,550830	36,396709	36,538038	38,787830	36,904848	38,110256	100,029802
588,00	62,250042	61,341143	61,068839	61,760664	62,000507	60,675186	62,749285	100,004590	38,671848	37,676045	37,548202	35,922197	37,588111	36,652160	38,224345	100,003815	64,038759	67,816895	58,155578	57,627958	59,800792	60,809439	58,108795	63,675857	99,999815	37,882262	35,580680	36,425793	36,559537	38,812852	36,937222	38,126507	100,018644
589,00	62,222219	61,322111	61,050427	61,740667	61,983472	60,667986	62,729430	99,999201	38,686383	37,700737	37,578869	35,937649	37,612224	36,678591	38,247764	99,981964	64,011896	67,781043	58,134383	57,630271	59,773833	60,777223	58,089519	63,650572	100,008750	37,906447	35,612747	36,460143	36,582595	38,837188	36,969966	38,148808	100,024152
590,00	62,215185	61,307162	61,046124	61,731642	61,966872	60,665864	62,722212	100,017822	38,703662	37,727687	37,604916	35,954493	37,634718	36,698535	38,266805	99,967557	63,995892	67,767113	58,127564	57,633448	59,755367	60,761708	58,086103	63,630450	100,009918	37,925860	35,641450	36,493406	36,600539	38,853931	36,998600	38,166127	100,018072
591,00	62,189597	61,278737	61,024678	61,716413	61,939257	60,644335	62,700683	100,021780	38,722080	37,753132	37,631169	35,988510	37,661782	36,728695	38,289139	99,956930	63,983798	67,745852	58,114016	57,636791	59,739900	60,733688	58,075041	63,608027	100,004458	37,952575	35,673654	36,531216	36,631396	38,879913	37,027878	38,194016	100,032902
592,00	62,165904	61,266208	61,012119	61,693907	61,909807	60,633218	62,684298	100,041771	38,739970	37,774894	37,658560	36,013180	37,684962	36,755192	38,308117	99,941224	63,954645	67,738134	58,108407	57,641530	59,731221	60,712355	58,064544	63,588971	100,010645	37,969518	35,698596	36,563656	36,660981	38,907382	37,059033	38,217872	100,021124
593,00	62,141556	61,251384	60,991895	61,675668	61,886644	60,614574	62,661207	100,047302	38,765472	37,801772	37,685677	36,041823	37,710801	36,789444	38,337681	99,943030	63,936055	67,717242	58,107501	57,648158	59,713483	60,688084	58,061624	63,568860	100,026548	37,993073	35,731375	36,596391	36,689687	38,933909	37,091786	38,243625	100,019205
594,00	62,115031	61,232710	60,972255	61,645812	61,866337	60,588843	62,632233	100,040185	38,799748	37,836125	37,719887	36,065659	37,742549	36,827472	38,365844	99,972373	63,901275	67,707968	58,105654	57,661253	59,693784	60,663837	58,053476	63,543981	100,035644	38,009128	35,760823	36,628953	36,712825	38,960597	37,123144	38,263470	100,000465
595,00	62,089157	61,207461	60,952854	61,621809	61,850840	60,577452	62,610793	100,039911	38,841099	37,875095	37,741685	36,102745	37,771747	36,867610	38,399029	100,000632	63,879782	67,678976	58,106703	57,666576	59,677136	60,633105	58,038324	63,520145	100,034308	38,031223	35,789764	36,661112	36,739627	38,986346	37,152076	38,281834	99,985480
596,00	62,056464	61,173630	60,932267	61,590558	61,824328	60,548365	62,586367	100,018215	38,872498	37,897640	37,762940	36,136943	37,798488	36,890244	38,417408	100,004673	63,855302	67,669463	58,100641	57,682025	59,665340	60,605758	58,033645	63,491637	100,042140	38,053238	35,818985	36,695468	36,770776	39,017928	37,186092	38,298488	99,978060
597,00	62,028199	61,144489	60,910475	61,572337	61,797369	60,532701	62,571788	100,011456	38,898945	37,925526	37,788409	36,169693	37,820929	36,913630	38,445544	100,021172	63,829499	67,640817	58,101010	57,686633	59,654576	60,584021	58,034778	63,463926	100,051785	38,077465	35,844281	36,726320	36,797553	39,043453	37,216368	38,319653	99,971825
598,00	61,989731	61,111110	60,891092	61,549681	61,754072	60,496718	62,536848	99,972719	38,911474	37,943640	37,811059	36,192364	37,836459	36,932698	38,463107	100,027132	63,807940	67,632478	58,098322	57,697999	59,640741	60,576677	58,049500	63,452321	100,070560	38,101473	35,869640	36,763331	36,824229	39,072335	37,249005	38,346481	99,988556
599,00	61,953020	61,089987	60,868531	61,525667	61,718291	60,474747	62,507492	99,965113	38,932392	37,967589	37,833995	36,215770	37,863609	36,958209	38,494250	100,047183	63,778520	67,602533	58,096331	57,693255	59,629124	60,558701	58,041018	63,427812	100,065112	38,132885	35,898975	36,801463	36,858043	39,092878	37,274745	38,375378	99,998087
600,00	61,925310	61,079806	60,863310	61,508167	61,692065	60,458851	62,472159	99,965739	38,950446	37,991750	37,850758	36,237946	37,887532	36,979610	38,512307	100,032127	63,749880	67,578667	58,076853	57,686961	59,618163	60,544497	58,036631	63,408691	100,055599	38,163593	35,933346	36,837369	36,891758	39,115673	37,302476	38,399094	100,003481
601,00	61,895394	61,060065	60,834235	61,478025	61,662459	60,435057	62,442881	99,973607	38,984150	38,022563	37,881842	36,264622	37,927967	37,004149	38,537556	100,054634	63,721347	67,547548	58,055222	57,675308	59,599841	60,535318	58,027631	63,373631	100,041294	38,191989	35,962382	36,874592	36,925790	39,137733	37,330872	38,421327	99,992472
602,00	61,868501	61,035842	60,817796	61,451900	61,644614	60,412222	62,406707	99,981290	39,001769	38,060319	37,916562	36,293149	37,957782	37,035680	38,558701	100,067592	63,700998	67,520356	58,031005	57,666951	59,583628	60,529679	58,029264	63,353479	100,044274	38,213885	35,983115	36,898586	36,946124	39,168698	37,362343	38,444936	99,974096
603,00	61,842376	61,002499	60,789293	61,418682	61,616957	60,393250	62,375444	99,981225	39,024916	38,087127	37,945008	36,319768	37,986103	37,058324	38,582051	100,074339	63,677877	67,495519	58,017302	57,648671	59,558672	60,513258	58,017826	63,320494	100,046885	38,238731	36,007664	36,928558	36,968738	39,200315	37,391803	38,472575	99,971288
604,00	61,835200	60,993481	60,787374	61,409992	61,604494	60,381484	62,357819	99,989736	39,035401	38,108549	37,969926	36,339623	38,005829	37,081513	38,602525	100,047863	63,647550	67,460442	57,997632	57,624769	59,522855	60,481191	57,992673	63,278848	100,025594	38,257602	36,034557	36,948603	36,987385	39,223289	37,421256	38,497177	99,973917
605,00	61,808676	60,967833	60,768038	61,388844	61,573774	60,360485	62,330639	99,979532	39,051586	38,129756	37,995937	36,355451	38,025218	37,098157	38,621724	100,016880	63,614714	67,427444	57,976365	57,590210	59,485352	60,452819	57,959616	63,238633	99,999547	38,275301	36,065283	36,975041	37,012255	39,246830	37,443256	38,523486	99,980164
606,00	61,778820	60,947514	60,751164	61,369079	61,540681	60,330719	62,307191	99,971503	39,070088	38,156536	38,019580	36,377078	38,048801	37,124482	38,644618	100,001776	63,587338	67,381781	57,949144	57,561034	59,450132	60,423249	57,933885	63,205308	99,982268	38,292512	36,091450	36,997929	37,037784	39,272854	37,465847	38,553637	99,988246
607,00	61,757261	60,929519	60,734618	61,345249	61,514437	60,316980	62,284571	99,977630	39,100134	38,191450	38,045084	36,401871	38,073277	37,149334	38,671878	100,000799	63,570780	67,353690	57,921284	57,533586	59,429669	60,399342	57,912552	63,183910	99,993032	38,324428	36,120960	37,023816	37,066132	39,303070	37,490880	38,588879	99,998361
608,00	61,732620	60,915172	60,716909	61,317235	61,487305	60,296530	62,262982	99,958986	39,132306	38,222530	38,066715	36,425546	38,098598	37,172887	38,695025	99,989867	63,556868	67,335349	57,902980	57,507318	59,403300	60,370499	57,893723	63,159108	100,004280	38,355961	36,150274	37,049970	37,102306	39,339146	37,520003	38,626859	100,024593
609,00	61,710954	60,896075	60,691971	61,283237	61,464632	60,275221	62,236482	99,936777	39,156005	38,249347	38,091567	36,446354	38,120776	37,200299	38,715604	99,981016	63,549256	67,333341	57,891643	57,479608	59,385926	60,347116	57,868963	63,135314	100,019491	38,375458	36,169887	37,069842	37,129283	39,363846	37,544450	38,654146	100,030398
610,00	61,673456	60,868800	60,658216	61,246836	61,430895	60,248739	62,204772	99,908853	39,182705	38,268924	38,112560	36,471531	38,144866	37,230605	38,739011	99,969542	63,531280	67,323148	57,870555	57,437617	59,353501	60,313410	57,835400	63,115561	100,019801	38,392985	36,185822	37,091336	37,154827	39,387852	37,560549	38,683262	100,034368
611,00	61,650437	60,849917	60,637021	61,227793	61,409426	60,237825	62,173200	99,916160	39,212939	38,291055	38,137195	36,494982	38,169414	37,261921	38,768595	99,979621	63,500571	67,303747	57,833457	57,390821	59,327883	60,273355	57,793522	63,096607	100,027871	38,414323	36,195862	37,110150	37,173751	39,401868	37,581387	38,703018	100,026286
612,00	61,630654	60,828692	60,619581	61,215532	61,384237	60,226500	62,151837	99,925596	39,242053	38,306779	38,160011	36,521965	38,191554	37,292039	38,803023	99,995768	63,466948	67,287409	57,784295	57,349730	59,295803	60,229594	57,746685	63,081342	100,033224	38,449901	36,213017	37,127155	37,192962	39,425918	37,608242	38,731399	100,043583
613,00	61,618024	60,813773	60,604310	61,199230	61,371076	60,211629	62,131357	99,928427	39,263070	38,333675	38,188800	36,546466	38,213652	37,321422	38,827065	100,008488	63,429582	67,274040	57,733309	57,300723	59,275115	60,191828	57,701826	63,061231	100,039339	38,472226	36,231694	37,140128	37,212315	39,449108	37,634483	38,753814	100,057864
614,00	61,602539	60,799283	60,574841	61,180818	61,348605	60,198975	62,113130	99,932981	39,280131	38,355878	38,208270	36,572924	38,237324	37,347153	38,842228	99,997783	63,404375	67,256415	57,684493	57,258248	59,248316	60,155112	57,659358	63,045686	100,041735	38,495973	36,246365	37,153363	37,235519	39,471141	37,655652	38,780940	100,060511
615,00	61,576146	60,794127	60,550070	61,164290	61,332262	60,195148	62,093604	99,940491	39,296916	38,381141	38,231456	36,595500	38,259685	37,372953	38,854358	99,996430	63,389665	67,236000	57,640713	57,209402	59,215331	60,127276	57,622010	63,021541	100,052524	38,512295	36,258733	37,167102	37,253848	39,484492	37,661707	38,795993	100,057626
616,00	61,541772	60,785496	60,527271	61,150128	61,315829	60,185575	62,072623	99,944574	39,314663	38,407084	38,254392	36,623156	38,286099	37,403151	38,870448	100,003791	63,363355	67,197746	57,591343	57,161665	59,171754	60,085142	57,573032	62,989426	100,048614	38,541001	36,268657	37,176609	37,270814	39,499831	37,676212	38,816169	100,053155
617,00	61,501932	60,761213	60,513198	61,116850	61,291844	60,163701	62,046963	99,942893	39,341700	38,439196	38,291988	36,652833	38,317683	37,434772	38,900283	100,043738	63,341588	67,172682	57,545877	57,120156	59,136933	60,050750	57,531524	62,954789	100,045383	38,562214	36,282948	37,186661	37,278241	39,516172	37,686339	38,835827	100,050139
618,00	61,476094	60,730857	60,494477	61,089879	61,275113	60,140890	62,023538	99,956542	39,374557	38,470089	38,332555	36,685735	38,354504	37,461567	38,930866	100,055707	63,317180	67,148072	57,513499	57,087237	59,111816	60,024327	57,493144	62,934673	100,034380	38,591003	36,302188	37,197220	37,299192	39,531922	37,712449	38,863468	100,036037
619,00	61,456710	60,708040	60,482687	61,072540	61,254323	60,124999	62,001294	99,975717	39,414048	38,502529	38,368419	36,717224	38,392761	37,488574	38,960674	100,071108	63,295591	67,125231	57,482791	57,050765	59,089595	59,997892	57,455051	62,908632	100,014460	38,619822	36,314431	37,206355	37,319365	39,542943	37,723529	38,884127	100,029135
620,00	61,441088	60,701829	60,467684	61,055857	61,243212	60,111356	61,990511	99,986207	39,445296	38,532594	38,395831	36,745968	38,418552	37,516910	38,986400	100,064707	63,270712	67,100787	57,460779	57,009035	59,059262	59,972829	57,405835	62,890512	100,005615	38,644764	36,330882	37,214458	37,341154	39,554870	37,742671	38,901693	100,021815
621,00	61,417437	60,686451	60,460800	61,035734	61,225688	60,099781	61,971772	100,002229	39,473164	38,567775	38,420406	36,771733	38,441050	37,539935	39,010975	100,060606	63,231111	67,059684	57,414865	56,950879	59,023488	59,925610	57,353806	62,846941	99,983430	38,663906	36,342394	37,222481	37,355527	39,566982	37,749863	38,921642	100,017059
622,00	61,390531	60,659009	60,442221	61,006087	61,205339	60,082120	61,949533	100,011253	39,492801	38,587981	38,438582	36,792743	38,456416	37,554675	39,036298	100,056577	63,212210	67,044467	57,390040	56,918710	58,997273	59,904981	57,320893	62,829298	99,995017	38,676339	36,366698	37,232435	37,376374	39,590511	37,773600	38,941014	100,006151
623,00	61,361390	60,626513	60,429996	60,985351	61,179304	60,065055	61,921650	100,025964	39,507440	38,617620	38,457286	36,806935	38,480309	37,571704	39,059222	100,059414	63,186514	67,015463	57,350051	56,879669	58,959424	59,876812	57,292187	62,792569	99,980742	38,696429	36,382711	37,241986	37,396008	39,615470	37,788883	38,960353	99,996179
624,00	61,327726	60,608143	60,409343	60,955566	61,155945	60,038942	61,894077	100,015628	39,525646	38,641521	38,473567	36,826187	38,495988	37,597412	39,090800	100,052929	63,179231	66,995955	57,325411	56,841159	58,926749	59,858519	57,266909	62,769103	99,989289	38,720372	36,404920	37,257129	37,420911	39,646119	37,809831	38,988069	99,992961
625,00	61,298138	60,585618	60,397905	60,931104	61,130232	60,021895	61,877531	100,010276	39,542583	38,672593	38,494438	36,841288	38,512048	37,617138	39,124057	100,031590	63,166690	66,967463	57,293093	56,806505	58,899122	59,831667	57,243735	62,733275	99,983984	38,739467	36,418656	37,275696	37,441134	39,674151	37,819523	39,017609	99,976754
626,00	61,273181	60,568315	60,385650	60,913849	61,113161	60,000074	61,862028	100,015175	39,560521	38,687488	38,510579	36,857745	38,521290	37,636480	39,146724	100,004613	63,149112	66,951394	57,260281	56,759542	58,874023	59,796214	57,217389	62,707716	99,990255	38,758522	36,438519	37,296164	37,463248	39,695418	37,829629	39,047775	99,957764
627,00	61,256278	60,543323	60,372084	60,883898	61,085522	59,974766	61,832178	100,021350	39,579406	38,702852	38,524619	36,870942	38,541675	37,653062	39,157867	99,990630	63,122106	66,939002	57,222533	56,721210	58,840543	59,763914	57,183886	62,685531	99,977702	38,774964	36,450946	37,313125	37,480682	39,721343	37,841970	39,068499	99,937987
628,00	61,237013	60,518116	60,352278	60,848844	61,056715	59,948069	61,799437	100,019324	39,597127	38,711926	38,543132	36,885375	38,563302	37,675777	39,164352	99,967468	63,095134	66,929787	57,181460	56,674427	58,814925	59,724385	57,149988	62,662166	99,977028	38,800612	36,467344	37,330437	37,503123	39,741662	37,865952	39,090976	99,927926
629,00	61,215162	60,486376	60,322535	60,805523	61,017108	59,911996	61,762094	100,002921	39,617419	38,730708	38,563249	36,912125	38,590595	37,697682	39,181396	99,954039	63,079703	66,912383	57,147807	56,648546	58,789289	59,692061	57,122916	62,636149	99,986976	38,833645	36,493164	37,354895	37,534878	39,779621	37,893337	39,132157	99,965942
630,00	61,189538	60,459042	60,296744	60,782528	60,988510	59,886211	61,740375	100,002289	39,637229	38,759258	38,594106	36,938560	38,618305	37,722570	39,206120	99,954599	63,064724	66,902411	57,121533	56,625724	58,771729	59,662616	57,113403	62,618816	100,010049	38,863739	36,520305	37,374023	37,564084	39,797652	37,916997	39,167020	99,995828
631,00	61,159211	60,449201	60,271055	60,773671	60,962576	59,864628	61,714286	100,015020	39,664981	38,792858	38,618398	36,973202	38,649875	37,753597	39,234081	99,979883	63,046575	66,884804	57,104784	56,600493	58,744627	59,632075	57,094026	62,608838	100,025523	38,885483	36,551178	37,392330	37,591389	39,824268	37,932071	39,202100	100,033021
632,00	61,133182	60,431623	60,244238	60,744321	60,937655	59,852523	61,693317	100,020933	39,693341	38,820952	38,642669	36,998785	38,680705	37,789086	39,261830	99,992788	63,024062	66,860038	57,080889	56,573164	58,707184	59,615922	57,067668	62,589395	100,021517	38,908905	36,569774	37,409747	37,605342	39,834228	37,954205	39,219722	100,037777
633,00	61,096787	60,404783	60,218668	60,718924	60,906446	59,835112	61,667156	100,017202	39,728945	38,845557	38,671824	37,033477	38,714641	37,825167	39,283153	99,997193	63,001698	66,830862	57,054758	56,540221	58,673841	59,580821	57,025361	62,567019	100,002527	38,930145	36,589441	37,430555	37,625876	39,857540	37,978747	39,242613	100,049067
634,00	61,065084	60,371846	60,195202	60,682493	60,871840	59,806538	61,635435	99,996644	39,762279	38,876960	38,704038	37,065375	38,747975	37,858200	39,311916	100,004911	62,972569	66,791940	57,026386	56,506622	58,635288	59,558755	56,988877	62,535524	99,984950	38,953477	36,603490	37,454838	37,638015	39,873692	38,002014	39,260942	100,043857
635,00	61,040586	60,348248	60,180831	60,663575	60,843396	59,786451	61,600208	99,993306	39,791599	38,907990	38,736689	37,092417	38,772723	37,880811	39,336166	100,006437	62,947023	66,779059	57,008177	56,478530	58,631968	59,531909	56,964505	62,520647	99,994016	38,971639	36,623481	37,480381	37,658757	39,900661	38,024434	39,286813	100,043774
636,00	61,025482	60,339510	60,153604	60,641992	60,821259	59,765583	61,572623	99,992090	39,815426	38,940158	38,763493	37,111878	38,800213	37,908620	39,359516	100,003505	62,931067	66,769958	56,994617	56,458819	58,629203	59,522521	56,949449	62,501597	100,019193	38,990748	36,647007	37,509128	37,681934	39,926639	38,048840	39,309314	100,045443
637,00	61,008412	60,329252	60,128111	60,617143	60,800695	59,744567	61,557889	99,993443	39,846036	38,967550	38,793972	37,131175	38,817909	37,932682	39,375696	100,003231	62,911528	66,765898	56,968868	56,447798	58,621097	59,499097	56,932861	62,481952	100,043190	39,014751	36,664006	37,529433	37,705180	39,940533	38,071322	39,333239	100,041819
638,00	60,979801	60,317129	60,111815	60,597181	60,778064	59,722382	61,540484	100,004065	39,875594	38,995290	38,821864	37,158734	38,847652	37,965253	39,398876	100,032747	62,893420	66,741008	56,939381	56,441754	58,604401	59,482145	56,920153	62,462187	100,052953	39,035779	36,677578	37,551057	37,722155	39,951885	38,091740	39,349255	100,027859
639,00	60,961741	60,296518	60,100168	60,572058	60,754365	59,701580	61,513579	100,002623	39,894903	39,021885	38,842946	37,178698	38,863996	37,984723	39,423382	100,045073	62,865078	66,713685	56,911409	56,432837	58,580053	59,463441	56,899476	62,441343	100,051236	39,064053	36,694169	37,572375	37,747347	39,971870	38,121349	39,366871	100,019264
640,00	60,937577	60,264432	60,081220	60,542971	60,724443	59,676898	61,480981	99,997628	39,909336	39,051053	38,865453	37,198323	38,887328	38,010144	39,450657	100,053930	62,847137	66,684264	56,897372	56,420541	58,568895	59,461558	56,879163	62,428272	100,056171	39,095280	36,723301	37,600261	37,775031	39,999589	38,145313	39,387190	100,027716
641,00	60,921818	60,243666	60,055518	60,529268	60,708463	59,660995	61,460429	99,977440	39,923924	39,071265	38,886958	37,210327	38,895568	38,022840	39,468163	100,025189	62,832850	66,664672	56,884718	56,404936	58,552825	59,445232	56,853467	62,412721	100,058126	39,126134	36,751634	37,627178	37,803066	40,025333	38,173187	39,414722	100,028622
642,00	60,894090	60,230958	60,037494	60,515076	60,691023	59,651321	61,450917	99,979287	39,949039	39,096877	38,914615	37,233901	38,916188	38,048360	39,498428	100,039423	62,806827	66,639471	56,858122	56,386262	58,535969	59,414202	56,818390	62,389982	100,049257	39,141589	36,771479	37,648687	37,821060	40,045047	38,183248	39,437306	100,020146
643,00	60,868561	60,213763	60,017395	60,499895	60,668719	59,642947	61,430150	99,997437	39,967194	39,108592	38,928056	37,253499	38,933712	38,068509	39,518768	100,028026	62,789500	66,625357	56,836820	56,374025	58,512354	59,388912	56,796640	62,356281	100,041401	39,159802	36,787006	37,677288	37,837088	40,061033	38,201112	39,458048	99,993461
644,00	60,842478	60,198200	60,005063	60,483289	60,646409	59,623128	61,403912	100,005102	39,986143	39,136645	38,946766	37,278259	38,957354	38,091248	39,544538	100,046909	62,774462	66,613871	56,817919	56,365752	58,482367	59,366131	56,776351	62,323821	100,035989	39,182177	36,803275	37,701771	37,861058	40,089071	38,220641	39,475998	99,992162
645,00	60,812390	60,158545	59,985811	60,459292	60,624224	59,596437	61,366349	100,000048	40,004295	39,151201	38,958704	37,297970	38,972819	38,103330	39,560169	100,042021	62,752169	66,602933	56,809056	56,350720	58,453184	59,339023	56,762862	62,295276	100,033593	39,212209	36,828488	37,726638	37,880433	40,115964	38,244143	39,499149	99,976712
646,00	60,773498	60,129726	59,973955	60,440522	60,611057	59,573185	61,338514	99,983788	40,021390	39,168316	38,983169	37,324348	38,991973	38,116303	39,581752	100,044918	62,715060	66,580772	56,792223	56,343555	58,424425	59,302592	56,735504	62,273854	100,020361	39,242581	36,860016	37,755436	37,912291	40,161219	38,283589	39,527997	99,999779
647,00	60,737956	60,097063	59,949446	60,413539	60,589212	59,548020	61,320192	99,996847	40,056422	39,187604	39,002010	37,357470	39,015159	38,144130	39,613727	100,042760	62,666953	66,543829	56,768107	56,315124	58,396822	59,265208	56,702381	62,240660	99,990684	39,264211	36,892566	37,785625	37,942028	40,190300	38,313562	39,552632	100,005877
648,00	60,715055	60,085237	59,941190	60,397112	60,568273	59,527469	61,304575	100,003994	40,086803	39,212266	39,026368	37,391186	39,048386	38,175532	39,637971	100,022042	62,643099	66,531503	56,748140	56,304574	58,378464	59,248686	56,686175	62,221342	99,984396	39,288998	36,917743	37,818921	37,972286	40,214694	38,344219	39,579618	100,025761
649,00	60,702622	60,061383	59,929079	60,380286	60,552752	59,508401	61,286730	100,016451	40,125120	39,250809	39,052799	37,419513	39,078522	38,208145	39,670247	100,019896	62,629491	66,516626	56,729430	56,273896	58,356690	59,222281	56,667101	62,200755	99,995250	39,311460	36,940143	37,843621	38,002291	40,237972	38,363156	39,610103	100,037730
650,00	60,683095	60,046118	59,925646	60,360485	60,534644	59,499174	61,265677	100,014794	40,144652	39,281037	39,081013	37,439838	39,106047	38,235614	39,685330	100,005484	62,614840	66,513515	56,716853	56,256366	58,339769	59,190840	56,649625	62,191176	100,015569	39,336887	36,961135	37,861595	38,024536	40,263489	38,378352	39,644620	100,040364
651,00	60,663915	60,034853	59,910798	60,341668	60,517538	59,492594	61,253947	100,038815	40,174806	39,312011	39,101657	37,450054	39,123470	38,259044	39,710411	100,004613	62,583953	66,477942	56,677794	56,201339	58,296400	59,150481	56,597173	62,168467	100,009775	39,349997	36,971083	37,872270	38,045001	40,286267	38,391903	39,669505	100,042737
652,00	60,642409	60,028177	59,895033	60,324585	60,488391	59,466916	61,228895	100,046563	40,202159	39,335987	39,123029	37,462264	39,149028	38,280049	39,727759	100,000954	62,549949	66,449773	56,627440	56,138444	58,254117	59,099859	56,538785	62,142867	100,001001	39,369693	36,982268	37,870148	38,050491	40,296298	38,394803	39,693210	100,023842
653,00	60,610628	60,006928	59,865856	60,299420	60,462356	59,431946	61,201924	100,045621	40,234005	39,361897	39,149541	37,480450	39,178967	38,302070	39,754882	100,004447	62,525815	66,415107	56,557971	56,052583	58,210015	59,051806	56,469876	62,105173	99,995351	39,377767	36,980793	37,853009	38,055661	40,303683	38,399678	39,707106	99,995553
654,00	60,580873	59,981447	59,833544	60,261965	60,424715	59,392148	61,158162	100,019658	40,252620	39,386886	39,176214	37,503719	39,209300	38,327491	39,778501	100,001216	62,509382	66,395944	56,494063	55,970788	58,184618	59,011912	56,412435	62,076199	100,005519	39,404452	36,986554	37,833545	38,053989	40,314716	38,393849	39,732510	99,967104
655,00	60,558605	59,973496	59,809309	60,238177	60,408503	59,378833	61,141831	100,026286	40,271103	39,414814	39,203954	37,533092	39,230511	38,359296	39,806980	99,997473	62,499654	66,379392	56,421602	55,871511	58,147734	58,969128	56,344187	62,063885	100,003719	39,413968	36,987850	37,814280	38,063091	40,321705	38,393825	39,759552	99,955565
656,00	60,553300	59,960896	59,788495	60,220045	60,381490	59,370989	61,122584	100,047040	40,284500	39,433253	39,225405	37,551937	39,254090	38,381281	39,820519	99,997252	62,473267	66,358972	56,322539	55,735379	58,086014	58,916402	56,254596	62,047744	100,014591	39,439011	36,986911	37,788606	38,066915	40,323502	38,380444	39,783973	99,960208
657,00	60,533953	59,950918	59,770739	60,207957	60,359943	59,359717	61,107695	100,059688	40,305272	39,459810	39,253810	37,582874	39,277473	38,408482	39,850149	100,015688	62,453002	66,331691	56,210005	55,578119	58,018541	58,840543	56,130862	62,019449	100,024402	39,459047	36,971831	37,753633	38,078967	40,320691	38,366717	39,804000	99,982238
658,00	60,506070	59,919006	59,744966	60,170943	60,326338	59,328997	61,079347	100,055194	40,329960	39,481580	39,275512	37,606481	39,293930	38,431081	39,864239	100,023067	62,432486	66,295236	56,081647	55,412018	57,932067	58,764285	55,989325	61,979097	100,048375	39,498052	36,952007	37,705854	38,084933	40,326968	38,340762	39,823583	99,994409
659,00	60,493207	59,890717	59,723192	60,143054	60,304064	59,311497	61,048257	100,042462	40,346619	39,508796	39,301410	37,634969	39,304531	38,459215	39,889762	100,014842	62,407643	66,268122	55,942625	55,241436	57,861197	58,678997	55,827498	61,948425	100,048983	39,530328	36,926651	37,655985	38,087696	40,325034	38,310894	39,857662	100,010252
660,00	60,464823	59,854901	59,690005	60,107452	60,273862	59,286898	61,016065	100,037050	40,369716	39,524692	39,333287	37,655044	39,316845	38,471565	39,897037	100,009418	62,386489	66,242117	55,784869	55,042493	57,761264	58,595896	55,657762	61,926258	100,054693	39,560899	36,904079	37,587392	38,075504	40,318245	38,272384	39,887097	100,011849
661,00	60,454190	59,826100	59,666425	60,087597	60,249287	59,269071	60,989439	100,021160	40,390360	39,549518	39,359471	37,680721	39,339328	38,496518	39,924741	100,022006	62,362826	66,232675	55,607432	54,807264	57,666415	58,510286	55,471712	61,899793	100,057101	39,582157	36,855045	37,511128	38,044932	40,294147	38,227355	39,905819	100,016963
662,00	60,416597	59,796792	59,638059	60,050935	60,215151	59,224391	60,958719	100,003779	40,416133	39,566651	39,380759	37,697285	39,354923	38,509953	39,948273	100,016665	62,351215	66,220063	55,432379	54,563844	57,547164	58,409137	55,267626	61,882693	100,068033	39,609036	36,799815	37,424564	38,012868	40,266785	38,175189	39,920539	100,007725
663,00	60,405880	59,771514	59,623933	60,026854	60,190016	59,197205	60,947287	99,995947	40,435970	39,590213	39,397061	37,715998	39,374799	38,531893	39,975178	100,016201	62,343609	66,220236	55,262411	54,328597	57,444286	58,302051	55,066377	61,858898	100,092733	39,637101	36,736730	37,345469	37,988743	40,238434	38,119122	39,940938	100,010979
664,00	60,384625	59,750164	59,604961	59,990728	60,168529	59,175378	60,931128	100,002813	40,461114	39,611679	39,420930	37,731975	39,397624	38,547274	40,002903	100,007606	62,322825	66,200185	55,077624	54,085928	57,320952	58,177567	54,845399	61,835366	100,086343	39,658278	36,687663	37,258136	37,971956	40,213105	38,060245	39,969790	100,017703
665,00	60,356134	59,727293	59,579456	59,963340	60,148817	59,164470	60,918415	100,021601	40,492952	39,640498	39,440572	37,755692	39,424214	38,570681	40,027085	100,021815	62,299669	66,183907	54,880053	53,842497	57,193094	58,052629	54,618239	61,812139	100,080132	39,666981	36,628604	37,160382	37,943006	40,190732	37,992617	39,990169	100,017703
666,00	60,325670	59,696108	59,551853	59,939945	60,125428	59,148180	60,886168	100,035894	40,517369	39,665452	39,451936	37,771255	39,444423	38,583943	40,050098	100,011623	62,271440	66,151774	54,657847	53,586817	57,044250	57,915574	54,371619	61,800802	100,063443	39,675015	36,560321	37,053472	37,904429	40,159458	37,923458	40,007615	100,000453
667,00	60,297728	59,667134	59,544647	59,927130	60,104233	59,132010	60,867614	100,047970	40,535426	39,682782	39,462346	37,787202	39,459613	38,593256	40,071255	100,010991	62,241000	66,128314	54,459977	53,341109	56,898600	57,780445	54,130358	61,776155	100,054157	39,693832	36,491385	36,952600	37,868446	40,123534	37,861651	40,023899	99,983889
668,00	60,278058	59,650332	59,533954	59,914017	60,075343	59,111571	60,837251	100,041401	40,557584	39,695075	39,477885	37,803268	39,479995	38,605160	40,094197	100,008321	62,208331	66,100961	54,270643	53,098130	56,752795	57,653242	53,898603	61,739016	100,038326	39,718276	36,435288	36,879638	37,836179	40,094554	37,811574	40,044066	99,997139
669,00	60,255003	59,634656	59,510690	59,888589	60,056776	59,077376	60,815555	100,028193	40,591830	39,722276	39,498860	37,834272	39,506698	38,628840	40,123707	100,025904	62,184405	66,078699	54,101884	52,891940	56,621748	57,537538	53,697771	61,717093	100,014043	39,744893	36,382052	36,808094	37,812120	40,068352	37,762487	40,070438	100,001502
670,00	60,228002	59,619141	59,472746	59,855658	60,023957	59,048110	60,795230	100,019860	40,622485	39,759177	39,523834	37,862208	39,538601	38,656643	40,151048	100,020230	62,176746	66,065866	53,946584	52,709717	56,516159	57,438487	53,520656	61,702180	100,007296	39,759687	36,334866	36,742643	37,786496	40,050042	37,711552	40,088287	100,006866
671,00	60,196555	59,591359	59,443086	59,812564	59,990674	59,020710	60,768825	100,005984	40,654615	39,801356	39,557803	37,898850	39,569178	38,689268	40,185130	100,035155	62,165391	66,042817	53,806460	52,555215	56,426382	57,346278	53,371531	61,696702	99,997109	39,785984	36,299932	36,680466	37,781888	40,040475	37,672794	40,114510	100,011563
672,00	60,164350	59,569901	59,421372	59,778303	59,947848	58,991671	60,740948	100,008726	40,673095	39,832914	39,586163	37,916332	39,592740	38,713750	40,206245	100,028443	62,133592	66,023231	53,685975	52,405351	56,354117	57,266498	53,232050	61,655426	99,982584	39,806327	36,285132	36,646390	37,778881	40,038526	37,646374	40,139297	100,030398
673,00	60,122162	59,550226	59,395713	59,751886	59,923655	58,960408	60,698575	99,996680	40,688396	39,852986	39,613011	37,935084	39,610144	38,740766	40,223446	100,044286	62,098545	65,989166	53,571337	52,280986	56,283998	57,183123	53,123444	61,616588	99,958920	39,834622	36,271724	36,627406	37,786099	40,046728	37,640980	40,169498	100,059235
674,00	60,104889	59,544528	59,378451	59,733778	59,892946	58,944833	60,690141	100,005436	40,700367	39,877388	39,637649	37,954655	39,630178	38,760036	40,238991	100,051522	62,068588	65,955734	53,486586	52,189100	56,233478	57,117552	53,046781	61,576647	99,952698	39,859572	36,272308	36,618426	37,793481	40,050492	37,636012	40,189809	100,065899
675,00	60,074782	59,528279	59,362775	59,718549	59,879041	58,924246	60,678822	100,005436	40,718231	39,894667	39,657956	37,988406	39,648250	38,784897	40,255034	100,058711	62,054873	65,929145	53,425372	52,124673	56,189913	57,061154	52,999359	61,562550	99,934930	39,894786	36,270472	36,616352	37,814763	40,070850	37,650958	40,216899	100,075459
676,00	60,053903	59,520054	59,353781	59,708643	59,868801	58,929348	60,671061	100,018430	40,743601	39,915955	39,675495	38,008565	39,670727	38,809922	40,273431	100,043786	62,048084	65,913385	53,402185	52,090377	56,176084	57,042766	52,981812	61,557436	99,955076	39,919046	36,286286	36,622751	37,839767	40,091279	37,669834	40,236652	100,058222
677,00	60,033917	59,491301	59,338713	59,692216	59,863943	58,915645	60,647047	100,019550	40,763417	39,930606	39,694822	38,032043	39,697683	38,842955	40,297806	100,018930	62,028807	65,905482	53,401041	52,082217	56,171584	57,039469	52,977854	61,542451	99,969119	39,941093	36,307406	36,643338	37,866351	40,125844	37,698078	40,269431	100,049233
678,00	60,022509	59,476113	59,332752	59,692180	59,859467	58,927029	60,626501	100,038433	40,790880	39,949504	39,720288	38,043377	39,728969	38,877654	40,331131	100,021148	62,013286	65,886116	53,432524	52,102751	56,189090	57,057405	53,005993	61,523896	99,997061	39,945468	36,339846	36,672792	37,892762	40,145451	37,722346	40,288076	100,038362
679,00	60,003936	59,451616	59,310019	59,674853	59,821516	58,891314	60,593808	100,049520	40,818852	39,971095	39,749455	38,068292	39,747974	38,899097	40,349838	100,024891	61,991042	65,859389	53,470105	52,156007	56,211549	57,067037	53,063601	61,487693	99,997157	39,963847	36,382848	36,719882	37,921473	40,180483	37,761176	40,311536	100,027668
680,00	59,974271	59,434921	59,300965	59,666777	59,802562	58,869755	60,556537	100,055480	40,852860	39,999270	39,772406	38,086092	39,762875	38,915434	40,367141	100,040019	62,008744	65,847087	53,556335	52,249873	56,274080	57,121050	53,158820	61,467665	100,021267	39,974034	36,431643	36,790019	37,964109	40,220630	37,818283	40,324903	100,016224
681,00	59,962952	59,419179	59,290701	59,647739	59,792036	58,849031	60,535216	100,045955	40,878448	40,022263	39,799556	38,108903	39,778432	38,936979	40,385592	100,020540	61,991191	65,836054	53,667140	52,383542	56,343657	57,177722	53,288674	61,437887	100,034082	40,003598	36,516815	36,885121	38,021716	40,286830	37,906292	40,348831	100,005984
682,00	59,949487	59,385669	59,262556	59,630030	59,773481	58,833754	60,512370	100,025022	40,899137	40,043092	39,819813	38,126972	39,809689	38,955128	40,414470	99,999732	61,986864	65,836066	53,826171	52,569109	56,438428	57,273829	53,451842	61,430472	100,046206	40,026721	36,613074	37,004706	38,095176	40,362972	37,999326	40,379781	100,013578
683,00	59,927058	59,362799	59,224552	59,612530	59,755003	58,814067	60,502201	100,028110	40,918225	40,053487	39,836910	38,143405	39,830494	38,975048	40,433139	99,980873	61,939687	65,804559	53,998870	52,773249	56,528014	57,359225	53,648734	61,416364	100,024331	40,057424	36,733913	37,143195	38,182461	40,441555	38,120410	40,418133	100,022054
684,00	59,888917	59,344178	59,200746	59,598047	59,729981	58,804089	60,486144	100,029016	40,939948	40,081233	39,856488	38,167894	39,866939	38,990757	40,454876	99,969816	61,936361	65,784264	54,203808	53,011972	56,641769	57,474440	53,879964	61,405545	100,032353	40,085113	36,860424	37,296405	38,274401	40,528241	38,241100	40,453166	100,029767
685,00	59,848720	59,333646	59,193265	59,587502	59,727389	58,792174	60,481626	100,030971	40,968564	40,115687	39,876974	38,202602	39,897659	39,024380	40,471631	99,981505	61,915857	65,760934	54,419023	53,261811	56,765229	57,580566	54,122990	61,377764	100,031245	40,106109	36,999884	37,467271	38,367236	40,611556	38,379589	40,472430	100,024617
686,00	59,824812	59,324753	59,196180	59,584749	59,713155	58,788258	60,456115	100,020564	40,999725	40,149125	39,894757	38,229176	39,927256	39,050171	40,498266	99,962401	61,897993	65,757853	54,649812	53,548145	56,882334	57,689071	54,376119	61,353594	100,035059	40,148795	37,135932	37,646639	38,467526	40,707496	38,526332	40,496853	100,023496
687,00	59,807903	59,295541	59,175497	59,558016	59,688884	58,764142	60,424000	100,000131	41,028026	40,174624	39,915955	38,253188	39,949462	39,076808	40,522480	99,965996	61,856765	65,734529	54,880047	53,853774	56,995487	57,798123	54,646850	61,329317	100,027704	40,174428	37,275296	37,845287	38,562623	40,802002	38,679287	40,518695	100,017595
688,00	59,808797	59,284878	59,170228	59,539294	59,674060	58,754414	60,390818	100,002074	41,042712	40,190613	39,937636	38,270965	39,979538	39,097777	40,552303	99,965477	61,822325	65,705061	55,119079	54,182798	57,116193	57,910711	54,918826	61,312521	100,031710	40,213013	37,420261	38,041028	38,660815	40,901348	38,836646	40,542620	100,024772
689,00	59,787881	59,266311	59,142184	59,514630	59,667039	58,744466	60,377628	99,991190	41,052243	40,216279	39,961872	38,294056	40,016252	39,120457	40,559602	99,980319	61,790717	65,672249	55,343223	54,506242	57,238573	58,018243	55,201781	61,282229	100,022793	40,222061	37,558499	38,238400	38,742733	40,997469	38,982105	40,554118	100,028801
690,00	59,772134	59,263319	59,112501	59,501302	59,659988	58,742678	60,352921	100,000608	41,067517	40,236339	39,977589	38,315076	40,041888	39,148244	40,568975	99,993235	61,767107	65,653592	55,568743	54,827482	57,348937	58,113730	55,464536	61,260122	100,020874	40,238589	37,696907	38,421795	38,829991	41,076916	39,126652	40,562999	100,025141
691,00	59,743559	59,236908	59,080672	59,482419	59,645593	58,727419	60,329252	99,994487	41,088060	40,267599	39,997315	38,335747	40,060809	39,175260	40,579307	99,986941	61,746770	65,645945	55,785108	55,126536	57,446778	58,209431	55,715638	61,232513	100,018263	40,249988	37,820780	38,601303	38,906208	41,157109	39,258504	40,587452	100,008631
692,00	59,734499	59,232843	59,079319	59,483886	59,647214	58,723116	60,315436	100,026631	41,118747	40,289652	40,021718	38,364255	40,078816	39,213315	40,610930	99,993169	61,740106	65,632176	55,981332	55,400419	57,537061	58,300376	55,930889	61,211300	100,030720	40,271419	37,940702	38,767436	38,977641	41,225377	39,383087	40,614307	99,995750
693,00	59,709483	59,209108	59,067535	59,464639	59,624583	58,697981	60,304254	100,021398	41,136786	40,316769	40,047634	38,392222	40,106240	39,244854	40,637410	99,975944	61,713511	65,609670	56,145221	55,638731	57,615322	58,389723	56,117707	61,179978	100,038457	40,288600	38,042134	38,921979	39,046836	41,307789	39,503673	40,635404	99,992394
694,00	59,685612	59,196001	59,036529	59,438175	59,591597	58,676791	60,278225	100,025225	41,158244	40,337777	40,070811	38,415250	40,128148	39,267886	40,662181	99,974281	61,677098	65,572327	56,289613	55,844861	57,680434	58,448714	56,280977	61,155397	100,019932	40,304539	38,131559	39,057377	39,109647	41,357380	39,612105	40,647143	99,981046
695,00	59,657133	59,172177	58,991194	59,395826	59,554273	58,653575	60,231298	100,008845	41,186124	40,366995	40,100604	38,436663	40,158814	39,292681	40,684643	99,976593	61,657161	65,558922	56,431413	56,049621	57,759780	58,511204	56,460285	61,151594	100,033164	40,314621	38,216662	39,179698	39,173520	41,404378	39,703175	40,658197	99,961096
696,00	59,638810	59,166974	58,963323	59,359944	59,538561	58,644128	60,198396	100,021052	41,205379	40,394896	40,126055	38,461027	40,180326	39,319256	40,711528	100,012970	61,657542	65,547252	56,556875	56,230569	57,839030	58,563626	56,600511	61,146086	100,037229	40,334126	38,288364	39,291003	39,220977	41,448182	39,777049	40,677041	99,949890
697,00	59,629977	59,162354	58,956742	59,333712	59,533238	58,638537	60,176516	100,016046	41,236043	40,423852	40,156478	38,496608	40,210220	39,350402	40,731370	100,042415	61,662269	65,528136	56,649667	56,384432	57,893133	58,622336	56,722891	61,132491	100,062764	40,356666	38,355333	39,395919	39,274505	41,502595	39,835948	40,692589	99,946076
698,00	59,614360	59,147185	58,942080	59,307039	59,509397	58,614379	60,158324	100,014341	41,257998	40,456703	40,187871	38,514557	40,221545	39,372739	40,760630	100,070393	61,644667	65,514535	56,725580	56,497937	57,915640	58,663315	56,803799	61,101699	100,041378	40,384275	38,418734	39,491680	39,325392	41,559196	39,907888	40,725970	99,979711
699,00	59,587705	59,143156	58,932507	59,303707	59,489328	58,611983	60,128373	99,997765	41,298735	40,484005	40,227082	38,542205	40,236348	39,393955	40,788770	100,084984	61,619520	65,492797	56,791431	56,600809	57,938963	58,687824	56,887728	61,082107	100,038636	40,405726	38,474011	39,574382	39,380437	41,606402	39,970425	40,756756	100,011873
700,00	59,558272	59,134531	58,915919	59,285998	59,465593	58,602571	60,107577	100,010824	41,328585	40,506831	40,249261	38,558337	40,257344	39,408532	40,816322	100,076354	61,595917	65,494508	56,868744	56,703806	57,972109	58,711374	56,965101	61,078799	100,035036	40,424889	38,530171	39,652294	39,418837	41,646656	40,038395	40,786609	100,043070
701,00	59,530336	59,123492	58,908933	59,271491	59,440017	58,596426	60,084909	100,009120	41,350663	40,517867	40,263733	38,585052	40,290207	39,432433	40,835246	100,056982	61,587155	65,464991	56,922942	56,785035	58,005768	58,723420	57,025999	61,074442	100,048590	40,450227	38,579068	39,710715	39,461422	41,689518	40,087831	40,807152	100,044644
702,00	59,517789	59,094054	58,895552	59,252226	59,418124	58,571076	60,065490	100,019002	41,370735	40,540868	40,279007	38,609543	40,316245	39,449215	40,853429	100,041568	61,577028	65,460277	56,976515	56,853747	58,033723	58,734781	57,075256	61,062407	100,051951	40,483639	38,628426	39,774472	39,500564	41,728392	40,134019	40,823665	100,047946
703,00	59,496212	59,066820	58,881593	59,247333	59,399503	58,555704	60,047472	100,013709	41,396487	40,564442	40,295842	38,618740	40,330541	39,476901	40,873155	100,049102	61,555463	65,431494	57,000518	56,895405	58,028626	58,723634	57,105207	61,027682	100,038719	40,513730	38,665372	39,827287	39,552161	41,771236	40,182072	40,856761	100,046802
704,00	59,487122	59,036714	58,868742	59,229994	59,385723	58,537084	60,048121	100,007331	41,415104	40,589964	40,312138	38,626495	40,356871	39,495122	40,897340	100,065827	61,530286	65,407693	57,022995	56,924701	58,013642	58,708966	57,122129	60,997838	100,010765	40,536603	38,703769	39,886996	39,590845	41,798976	40,222886	40,886307	100,064564
705,00	59,462446	59,018862	58,856547	59,207541	59,375829	58,527815	60,036069	100,005007	41,440320	40,605670	40,327072	38,636807	40,392032	39,533737	40,918905	100,079286	61,505586	65,376496	57,024914	56,929731	57,985318	58,688140	57,131118	60,972172	99,957335	40,563104	38,737559	39,935413	39,631352	41,829625	40,266159	40,924847	100,075030
706,00	59,460407	59,010446	58,848482	59,191698	59,373814	58,535755	60,031343	100,035179	41,456354	40,618816	40,353438	38,666594	40,425643	39,559877	40,946856	100,063574	61,481935	65,360838	57,030833	56,946594	57,981062	58,685070	57,149750	60,962504	99,926728	40,593049	38,772446	39,978305	39,664352	41,853702	40,287983	40,951782	100,084126
707,00	59,438050	58,987719	58,835590	59,172225	59,360391	58,539855	60,005361	100,053859	41,475731	40,638080	40,373561	38,698348	40,443242	39,586887	40,970957	100,050938	61,453390	65,356547	57,042742	56,975031	57,980001	58,677793	57,168829	60,955793	99,934816	40,615141	38,804609	40,009677	39,687404	41,887367	40,319031	40,965116	100,072777
708,00	59,428817	58,975953	58,826947	59,157103	59,354353	58,521742	59,999311	100,072300	41,488770	40,650451	40,383622	38,711259	40,454412	39,598820	40,986139	100,008917	61,444032	65,349144	57,066011	57,005280	57,979000	58,670789	57,180041	60,947508	99,977946	40,632617	38,835087	40,041867	39,703965	41,905338	40,350822	40,978515	100,059044
709,00	59,409088	58,953309	58,806765	59,124857	59,340036	58,499676	59,972340	100,028002	41,508728	40,681216	40,401068	38,736248	40,471134	39,629334	41,013512	99,998301	61,436486	65,328223	57,070708	57,003218	57,959372	58,640367	57,169193	60,926461	99,981606	40,646037	38,870132	40,076619	39,731321	41,922379	40,391797	41,007000	100,062954
710,00	59,403396	58,957326	58,796370	59,112155	59,327328	58,479595	59,968340	100,028110	41,528648	40,702230	40,424529	38,763139	40,478450	39,657634	41,029149	99,987239	61,428052	65,314454	57,065862	57,008624	57,952708	58,616960	57,161307	60,901564	99,976230	40,667140	38,902351	40,106612	39,757016	41,938946	40,419936	41,041759	100,043035
711,00	59,390718	58,936083	58,775556	59,108663	59,293979	58,473420	59,971219	100,013578	41,559285	40,728757	40,453425	38,793576	40,501460	39,682883	41,056493	99,999148	61,402041	65,298867	57,060862	57,012981	57,944030	58,603984	57,161283	60,876042	99,974996	40,680754	38,936651	40,120351	39,779088	41,954786	40,438309	41,062331	100,028467
712,00	59,364200	58,925569	58,776468	59,102601	59,251291	58,448625	59,959000	100,021243	41,571972	40,738660	40,469724	38,810679	40,505803	39,697170	41,064253	99,999940	61,405557	65,302283	57,076979	57,056302	57,966578	58,618164	57,187879	60,876149	100,014925	40,693024	38,952219	40,130040	39,779046	41,983470	40,452340	41,070801	99,992561
713,00	59,344447	58,911395	58,766359	59,097058	59,231400	58,429062	59,939432	100,011587	41,596428	40,750203	40,480748	38,815716	40,524065	39,712128	41,082400	99,984711	61,421520	65,303248	57,087833	57,067394	57,974875	58,638805	57,224721	60,875684	100,044966	40,708163	38,976792	40,162235	39,798650	42,004964	40,478161	41,084385	99,992532
714,00	59,337771	58,913362	58,766806	59,084302	59,227729	58,421683	59,906369	99,999940	41,599619	40,767467	40,487492	38,819781	40,530315	39,724594	41,092473	99,955714	61,441112	65,294248	57,085890	57,085538	57,990372	58,648479	57,251632	60,863876	100,058293	40,729609	38,987392	40,205157	39,817706	42,031026	40,501958	41,097027	99,986291
715,00	59,316820	58,909059	58,746564	59,086132	59,221441	58,420879	59,896898	99,985904	41,627651	40,790528	40,509388	38,838792	40,560985	39,743331	41,115695	99,954957	61,434019	65,282470	57,073683	57,065791	57,975155	58,642924	57,245278	60,842937	100,054681	40,764669	39,012241	40,255651	39,854872	42,057952	40,552846	41,120446	100,027537
716,00	59,298044	58,903825	58,724505	59,079039	59,218204	58,413291	59,891039	99,948996	41,652021	40,813968	40,541348	38,860840	40,602353	39,763203	41,126904	99,957764	61,420542	65,257436	57,077199	57,076257	57,978582	58,644980	57,243520	60,822982	100,053310	40,783718	39,026916	40,266299	39,871624	42,072788	40,580356	41,123876	100,012410
717,00	59,264845	58,879852	58,700526	59,066892	59,200102	58,402681	59,871811	99,932104	41,690731	40,843871	40,582058	38,882339	40,627220	39,781582	41,143200	99,985808	61,401594	65,247536	57,067579	57,070875	57,974154	58,640671	57,228303	60,809511	100,055873	40,805164	39,048102	40,283248	39,886418	42,092755	40,612707	41,150561	99,996895
718,00	59,274179	58,868665	58,701658	59,067875	59,211606	58,406615	59,864593	99,940544	41,712993	40,866134	40,608531	38,895324	40,646946	39,809564	41,159984	99,981743	61,393213	65,243948	57,069373	57,094127	57,983118	58,643442	57,228231	60,816610	100,074244	40,801194	39,064860	40,283895	39,889446	42,098576	40,613973	41,157466	99,943995
719,00	59,274924	58,871257	58,714914	59,067273	59,208775	58,413208	59,854281	99,967140	41,735896	40,899682	40,625247	38,919201	40,657702	39,821216	41,182855	99,985719	61,365336	65,230912	57,063794	57,081240	57,979405	58,633637	57,224596	60,810840	100,076318	40,816250	39,083531	40,313420	39,909878	42,113972	40,635630	41,183019	99,947011
720,00	59,267151	58,878636	58,720446	59,067088	59,200597	58,410227	59,861016	99,972343	41,755447	40,915325	40,631154	38,938263	40,685099	39,835805	41,206142	99,963105	61,348706	65,212351	57,073808	57,095569	57,982045	58,625674	57,244587	60,822743	100,072408	40,830821	39,115152	40,340087	39,944565	42,134705	40,658268	41,212037	99,960411
721,00	59,258759	58,888906	58,729857	59,067547	59,197950	58,418256	59,854859	99,974221	41,763076	40,928409	40,637326	38,949201	40,700164	39,829129	41,221255	99,962789	61,318117	65,179324	57,075399	57,085878	57,966757	58,611816	57,254457	60,793310	100,050879	40,859532	39,154616	40,372792	39,979374	42,165905	40,688550	41,239211	99,987864
722,00	59,261364	58,881491	58,719897	59,073651	59,195715	58,413988	59,853667	99,946940	41,779056	40,923673	40,638185	38,953456	40,709409	39,845225	41,244891	99,962729	61,312532	65,159249	57,081991	57,101917	57,960796	58,597553	57,259184	60,783309	100,030911	40,889275	39,181271	40,394971	40,005755	42,199096	40,720966	41,266125	100,014842
723,00	59,264982	58,880919	58,723497	59,078401	59,201342	58,416522	59,844500	99,951422	41,796702	40,943682	40,648651	38,984710	40,724674	39,875415	41,285375	99,971491	61,299634	65,138131	57,081097	57,100284	57,956761	58,595020	57,257950	60,765743	99,998504	40,908420	39,191341	40,408099	40,016830	42,220661	40,752810	41,278011	100,024319
724,00	59,260648	58,886415	58,723569	59,058797	59,195501	58,394367	59,850067	99,944603	41,837656	40,982693	40,673825	39,018464	40,753826	39,913404	41,320363	99,999291	61,304343	65,146601	57,087117	57,104021	57,962453	58,602035	57,262880	60,770702	99,995399	40,923843	39,192334	40,423405	40,038472	42,231673	40,769506	41,285977	100,013757
725,00	59,248006	58,889812	58,732086	59,037262	59,204030	58,398193	59,851873	99,950933	41,863024	41,025883	40,698102	39,054587	40,779683	39,953518	41,352236	100,002563	61,305845	65,147364	57,092100	57,105029	57,957381	58,602023	57,271713	60,767275	99,990481	40,942898	39,208975	40,443894	40,055585	42,248952	40,788394	41,296139	100,018001
726,00	59,242314	58,894718	58,734453	59,020579	59,221256	58,400315	59,863222	99,944192	41,881222	41,052535	40,725848	39,073414	40,808088	39,976606	41,358906	100,024068	61,318862	65,162057	57,117051	57,111096	57,952684	58,603770	57,291597	60,782486	99,990809	40,965852	39,232790	40,464991	40,090430	42,278919	40,808564	41,312718	100,035977
727,00	59,225237	58,865923	58,705872	59,010619	59,212494	58,395308	59,846163	99,916929	41,888505	41,053990	40,739512	39,086980	40,816331	39,999875	41,359508	100,019562	61,314607	65,143222	57,128417	57,116467	57,961822	58,608669	57,317001	60,785127	99,969274	40,995753	39,260656	40,483007	40,107578	42,307255	40,834308	41,336623	100,058806
728,00	59,225160	58,870196	58,713222	59,013510	59,217757	58,403963	59,839904	99,912864	41,896561	41,066208	40,756896	39,107051	40,833241	40,015396	41,366825	100,054264	61,313719	65,138823	57,128602	57,128286	57,961798	58,625215	57,323664	60,789901	99,952394	41,011673	39,278522	40,495694	40,131709	42,325360	40,838474	41,354752	100,067437
729,00	59,225690	58,866912	58,706927	59,009928	59,211427	58,409411	59,839338	99,915808	41,907641	41,085756	40,762845	39,114243	40,835083	40,031865	41,373694	100,079060	61,323655	65,133387	57,136911	57,135451	57,970750	58,639401	57,334763	60,773832	99,958009	41,039005	39,292401	40,513143	40,147465	42,336276	40,849492	41,369689	100,057089
730,00	59,242082	58,881581	58,721900	59,012038	59,225893	58,432573	59,842682	99,933660	41,922119	41,098636	40,769589	39,125949	40,842012	40,037900	41,388381	100,081503	61,346847	65,157950	57,142532	57,143909	57,984543	58,643526	57,337505	60,775751	99,954164	41,044182	39,299572	40,531379	40,160859	42,352808	40,865573	41,387302	100,057638
731,00	59,245807	58,877945	58,723414	59,005678	59,225816	58,431798	59,839022	99,925661	41,943458	41,112658	40,785635	39,123198	40,852493	40,047368	41,399053	100,051630	61,383116	65,181464	57,171416	57,163352	58,022201	58,655685	57,362550	60,798490	99,989265	41,063523	39,336544	40,550700	40,180644	42,378250	40,895322	41,407654	100,050008
732,00	59,249038	58,883274	58,733755	59,010935	59,227711	58,433688	59,836668	99,931335	41,969204	41,121876	40,809292	39,133266	40,874273	40,062478	41,414899	100,040281	61,385077	65,196127	57,173139	57,186419	58,050281	58,665401	57,374728	60,809690	100,004673	41,074073	39,357531	40,571272	40,195811	42,395267	40,917999	41,423538	100,064898
733,00	59,246832	58,876497	58,743882	59,030104	59,232360	58,417326	59,838575	99,933988	41,990331	41,143876	40,840685	39,142933	40,910903	40,079343	41,447240	100,059772	61,374521	65,187734	57,193553	57,208097	58,068830	58,692044	57,390773	60,820252	100,027752	41,087019	39,378539	40,574795	40,213031	42,416570	40,936238	41,436014	100,053585
734,00	59,243757	58,880919	58,734304	59,039289	59,250855	58,430833	59,840137	99,962962	42,005131	41,148672	40,849286	39,166275	40,936619	40,084556	41,471416	100,065327	61,352557	65,193725	57,191098	57,223743	58,082289	58,714771	57,393831	60,816061	100,026989	41,092083	39,378968	40,597630	40,235397	42,428294	40,952641	41,453198	100,064063
735,00	59,254748	58,889049	58,741361	59,059274	59,266049	58,452863	59,850281	99,956572	42,024040	41,165432	40,854415	39,187226	40,957654	40,100232	41,492245	100,051391	61,346579	65,178955	57,203341	57,221341	58,094960	58,714694	57,396436	60,817891	100,018764	41,097027	39,399546	40,607601	40,247151	42,455453	40,976992	41,461754	100,052571
736,00	59,280884	58,925444	58,764088	59,072953	59,288210	58,501607	59,880948	99,996543	42,053258	41,176069	40,861866	39,216304	40,973189	40,123698	41,512364	100,038242	61,366242	65,188730	57,233721	57,257372	58,113486	58,722258	57,417393	60,829896	100,038993	41,110587	39,403701	40,626562	40,255412	42,462635	40,990222	41,481823	100,033259
737,00	59,317005	58,952421	58,778650	59,094793	59,302592	58,517551	59,911436	100,033212	42,081401	41,201982	40,879029	39,241254	40,986174	40,163612	41,539660	100,060034	61,358511	65,157038	57,240814	57,258570	58,097184	58,716869	57,424039	60,809541	100,004876	41,138250	39,417189	40,638524	40,258908	42,477536	41,013911	41,504237	100,023389
738,00	59,341854	58,966076	58,789366	59,090590	59,313047	58,519197	59,925830	100,065434	42,098984	41,206431	40,897006	39,260206	40,992206	40,184405	41,566136	100,062931	61,373597	65,160149	57,261610	57,286596	58,122408	58,736318	57,444155	60,817736	100,021541	41,162890	39,432064	40,661427	40,291831	42,497817	41,038224	41,547057	100,029564
739,00	59,355211	58,988017	58,787841	59,093028	59,327894	58,511305	59,927660	100,060046	42,121086	41,230243	40,911731	39,278522	41,015574	40,206990	41,573775	100,052702	61,377788	65,163392	57,261556	57,285261	58,132231	58,745348	57,458770	60,809124	100,015712	41,198865	39,467120	40,695491	40,326127	42,534205	41,074771	41,565585	100,036132
740,00	59,358507	58,988100	58,811343	59,092879	59,328824	58,517927	59,921461	100,024080	42,139626	41,248891	40,920070	39,290729	41,039327	40,225762	41,573498	100,028503	61,411512	65,187842	57,300544	57,320279	58,169144	58,770764	57,492167	60,856324	100,044298	41,209933	39,485982	40,712476	40,354770	42,564243	41,102269	41,586414	100,016797
741,00	59,386533	59,017789	58,839297	59,129131	59,346890	58,561045	59,945315	100,023472	42,165488	41,275790	40,947095	39,302626	41,065365	40,256530	41,594830	100,014102	61,423504	65,197074	57,318085	57,347286	58,182329	58,808607	57,513595	60,884213	100,040007	41,218781	39,496908	40,722141	40,358180	42,576277	41,111556	41,599095	99,984217
742,00	59,415495	59,048629	58,874613	59,181505	59,382868	58,615035	59,982657	100,064373	42,190760	41,294566	40,963429	39,318126	41,075498	40,273821	41,610429	99,998230	61,444861	65,192163	57,346761	57,371163	58,194673	58,831137	57,528549	60,903031	100,035882	41,229862	39,510471	40,739185	40,373245	42,575619	41,121867	41,622493	99,989390
743,00	59,426439	59,079266	58,893991	59,200430	59,398919	58,636189	60,007769	100,072873	42,212731	41,312343	40,996632	39,346310	41,078627	40,287519	41,643754	99,987406	61,454087	65,179110	57,355833	57,385594	58,189344	58,830899	57,533461	60,892934	100,026000	41,244844	39,532384	40,768474	40,383321	42,586458	41,139415	41,635135	99,976110
744,00	59,437907	59,097624	58,905792	59,218556	59,420180	58,659011	60,013080	100,075948	42,227337	41,337612	41,010174	39,377639	41,094682	40,295848	41,661736	99,992126	61,494207	65,193093	57,376617	57,399291	58,197999	58,828145	57,564425	60,902238	100,013006	41,271740	39,555377	40,790126	40,405795	42,604595	41,169298	41,643727	99,985778
745,00	59,449428	59,095472	58,904696	59,211755	59,424031	58,658051	60,011870	100,007868	42,238063	41,365868	41,028973	39,392787	41,109112	40,314212	41,690606	99,983519	61,527133	65,203035	57,406873	57,453287	58,237624	58,852828	57,593322	60,951674	100,030088	41,288584	39,564160	40,810630	40,429577	42,632961	41,198790	41,652790	99,973089
746,00	59,482348	59,108734	58,935362	59,252691	59,457523	58,693105	60,051054	100,001550	42,256892	41,397145	41,050616	39,409593	41,141498	40,336797	41,721040	99,994689	61,564898	65,252817	57,453185	57,486540	58,289164	58,881056	57,635856	60,996062	100,043571	41,318578	39,572266	40,825900	40,455693	42,656085	41,219306	41,669598	99,967217
747,00	59,494400	59,139049	58,978993	59,283781	59,485334	58,713627	60,083723	99,993461	42,282975	41,418397	41,061908	39,429873	41,159362	40,359759	41,751558	99,986756	61,580473	65,276217	57,494473	57,546771	58,337665	58,919477	57,677251	61,026454	100,059497	41,335928	39,586779	40,850827	40,465680	42,674422	41,232577	41,685414	99,954325
748,00	59,506488	59,169680	59,033722	59,304476	59,505522	58,763391	60,122526	99,999338	42,302558	41,437665	41,078648	39,447919	41,188115	40,377796	41,771066	99,974144	61,609268	65,290368	57,522064	57,568640	58,382368	58,950102	57,714850	61,036229	100,057375	41,368747	39,632747	40,875751	40,491858	42,696393	41,253072	41,723061	99,973261
749,00	59,512162	59,210145	59,049147	59,324443	59,519422	58,778417	60,143775	100,003517	42,314902	41,465145	41,098979	39,459011	41,214463	40,400192	41,779041	99,974877	61,646730	65,313852	57,558262	57,613778	58,449477	58,998889	57,772177	61,075991	100,092471	41,394848	39,668214	40,896785	40,504605	42,721447	41,275319	41,747725	99,996114
750,00	59,544170	59,227908	59,069598	59,346938	59,549308	58,798194	60,155565	100,008690	42,328030	41,489029	41,145524	39,462075	41,247380	40,422261	41,784945	99,961847	61,660296	65,336335	57,597005	57,628125	58,489412	59,034193	57,795465	61,109561	100,098646	41,427138	39,702260	40,930507	40,536693	42,752132	41,323268	41,782394	100,019777
751,00	59,584421	59,258634	59,110487	59,397620	59,583628	58,825916	60,180402	100,009680	42,348358	41,521618	41,185558	39,477679	41,269442	40,460056	41,814095	99,970651	61,668444	65,354562	57,625979	57,634622	58,512193	59,065187	57,829267	61,121541	100,081420	41,445506	39,714077	40,957996	40,558738	42,771623	41,349912	41,799963	100,032079
752,00	59,601504	59,270871	59,144926	59,438729	59,603864	58,861589	60,193568	99,977869	42,376205	41,546002	41,215947	39,500740	41,300628	40,484866	41,845378	99,985594	61,679184	65,369695	57,655990	57,666808	58,523589	59,100360	57,856494	61,129403	100,071347	41,464481	39,746967	40,989763	40,589106	42,794663	41,376540	41,824427	100,047231
753,00	59,614056	59,321243	59,168750	59,455830	59,624696	58,897060	60,226625	99,960566	42,411137	41,576108	41,238317	39,541256	41,326731	40,516907	41,871539	100,005269	61,701143	65,388787	57,670665	57,709384	58,541018	59,118074	57,896256	61,133969	100,044286	41,494995	39,783722	41,012165	40,624547	42,826584	41,390666	41,867706	100,062501
754,00	59,644651	59,368926	59,185833	59,469473	59,655154	58,918232	60,247666	99,953806	42,435887	41,594127	41,242903	39,564574	41,351247	40,542972	41,878206	100,019753	61,742038	65,418756	57,702559	57,756358	58,564305	59,149122	57,938343	61,173391	100,050259	41,523269	39,823928	41,039413	40,653691	42,858428	41,419715	41,893008	100,073540
755,00	59,688455	59,403378	59,208095	59,509963	59,704441	58,957613	60,252261	99,971247	42,468959	41,617221	41,260946	39,597180	41,358155	40,569901	41,888466	100,021672	61,759573	65,404671	57,716107	57,749742	58,574718	59,149218	57,959896	61,185986	100,001192	41,525680	39,830655	41,059238	40,673152	42,866299	41,436321	41,904908	100,057399
756,00	59,725416	59,419292	59,246331	59,546220	59,739637	58,984119	60,273939	99,961549	42,489198	41,636866	41,269955	39,619306	41,377956	40,604228	41,910663	100,028074	61,789107	65,418416	57,765079	57,756197	58,607316	59,182942	57,989746	61,213654	100,000525	41,535634	39,855549	41,080233	40,683869	42,875546	41,451767	41,909358	100,047886
757,00	59,735334	59,417021	59,255242	59,572721	59,746814	58,993602	60,289675	99,938232	42,532986	41,662064	41,317737	39,649478	41,398525	40,622574	41,955638	100,057650	61,821795	65,447879	57,812524	57,774371	58,648944	59,207988	58,016115	61,256301	99,991828	41,560939	39,879292	41,111621	40,710354	42,909148	41,487738	41,930965	100,075769
758,00	59,776998	59,474289	59,300756	59,574109	59,773773	59,022880	60,337967	99,943238	42,564678	41,681612	41,337079	39,679462	41,427281	40,637285	41,978511	100,044394	61,863416	65,507472	57,855952	57,830250	58,688003	59,260786	58,066648	61,296213	100,005686	41,618392	39,911199	41,146362	40,763491	42,942929	41,517684	41,965863	100,085390
759,00	59,824991	59,504634	59,318835	59,608483	59,804267	59,055686	60,366809	99,953550	42,592698	41,701829	41,361538	39,705974	41,448840	40,639415	42,000470	100,049686	61,899233	65,537870	57,879746	57,858962	58,704239	59,292614	58,096933	61,311954	99,993867	41,642711	39,934713	41,179675	40,812328	42,974246	41,539311	41,995326	100,081658
760,00	59,883046	59,558713	59,357494	59,660876	59,850997	59,090626	60,407972	100,005698	42,598218	41,718915	41,363671	39,740342	41,475376	40,649566	42,026952	100,022340	61,899245	65,549058	57,893527	57,893109	58,720165	59,320879	58,126265	61,298925	99,960327	41,654012	39,942813	41,187346	40,823278	42,980286	41,549653	42,027202	100,026345
761,00	59,905076	59,555399	59,355712	59,695619	59,883636	59,109968	60,439068	99,997139	42,623165	41,748279	41,391540	39,749995	41,495198	40,682247	42,068464	100,027287	61,918980	65,561575	57,936907	57,939726	58,761084	59,364462	58,155584	61,328441	99,968177	41,662800	39,963841	41,212559	40,826207	43,001574	41,569546	42,059636	100,017273
762,00	59,923553	59,586245	59,385335	59,715742	59,919417	59,120756	60,461974	99,983358	42,646861	41,772842	41,411790	39,755356	41,530788	40,709621	42,092836	100,028980	61,940008	65,575254	57,965380	57,970297	58,787614	59,413648	58,182359	61,367434	99,972963	41,679126	39,974019	41,242900	40,837848	43,025929	41,603807	42,073712	100,029278
763,00	59,946412	59,600371	59,387070	59,701097	59,931535	59,145826	60,478491	99,937135	42,675436	41,791958	41,434765	39,769605	41,552785	40,733927	42,082772	100,056458	61,977708	65,591311	57,983679	58,007401	58,823621	59,426779	58,229232	61,388779	99,992824	41,697225	40,003002	41,278210	40,870458	43,050644	41,622651	42,100403	100,024831
764,00	59,982467	59,636950	59,433746	59,726530	59,953386	59,189594	60,497242	99,935585	42,689103	41,816628	41,461697	39,795169	41,581655	40,745965	42,104447	100,070345	62,002981	65,587670	57,981580	58,024549	58,841658	59,431064	58,261305	61,396867	99,974650	41,711900	40,021947	41,309369	40,897289	43,079549	41,649616	42,133901	100,045359
765,00	60,028064	59,671956	59,470338	59,767580	59,979719	59,257478	60,543233	99,965787	42,693070	41,851223	41,489556	39,825264	41,586396	40,765771	42,130142	100,065374	62,019944	65,575188	58,002061	58,062565	58,880216	59,428728	58,308840	61,419386	99,964899	41,742146	40,045658	41,317350	40,905416	43,093684	41,664535	42,157581	100,012004
766,00	60,059154	59,720463	59,524447	59,817904	60,023785	59,296870	60,557944	100,001097	42,707166	41,882691	41,522557	39,845580	41,608062	40,799367	42,164731	100,015891	62,030476	65,586019	58,043349	58,084857	58,928466	59,473938	58,331579	61,466295	99,976540	41,796765	40,076900	41,343230	40,936935	43,133914	41,718686	42,181522	100,047302
767,00	60,095668	59,773278	59,557390	59,855658	60,057342	59,328920	60,601223	100,023890	42,726499	41,893384	41,550899	39,863616	41,634905	40,836093	42,176414	99,995977	62,043476	65,629113	58,089727	58,125407	58,965456	59,490699	58,350790	61,483049	99,982238	41,819835	40,090525	41,360393	40,945512	43,147796	41,732067	42,189530	100,021982
768,00	60,102010	59,791970	59,587431	59,874469	60,075468	59,339064	60,622483	100,017297	42,763719	41,899303	41,573551	39,878604	41,662365	40,871155	42,201573	100,005555	62,075573	65,673393	58,134919	58,177108	58,999848	59,521163	58,368814	61,493027	99,978614	41,838023	40,101606	41,379040	40,969554	43,176097	41,751218	42,218560	100,054431
769,00	60,109282	59,805989	59,620225	59,881216	60,092849	59,370238	60,675853	99,997884	42,799327	41,940883	41,604191	39,911544	41,698733	40,912369	42,236859	100,057256	62,121487	65,715426	58,170474	58,235830	59,011096	59,555429	58,417064	61,509711	100,004399	41,847736	40,115598	41,394764	40,982074	43,191347	41,751778	42,239410	100,057340
770,00	60,105807	59,838736	59,642792	59,878248	60,116726	59,380984	60,699350	99,984932	42,826051	41,980398	41,616544	39,934254	41,720104	40,936169	42,256474	100,074339	62,155062	65,718055	58,208561	58,257186	59,040177	59,605563	58,461720	61,555600	100,031614	41,882417	40,150300	41,398305	41,006595	43,218336	41,791248	42,273054	100,085676
771,00	60,106736	59,860343	59,667790	59,871930	60,122180	59,401220	60,710436	99,947244	42,860273	42,024353	41,654491	39,976245	41,743383	40,953481	42,276806	100,090432	62,185353	65,727860	58,264893	58,300960	59,076583	59,660387	58,515853	61,611193	100,094903	41,894999	40,171227	41,414884	41,019505	43,228656	41,816694	42,289829	100,072360
772,00	60,123670	59,884268	59,695864	59,902811	60,169536	59,428483	60,724092	99,970704	42,881882	42,040324	41,669643	39,992818	41,750062	40,955070	42,279279	100,075412	62,206161	65,746665	58,307403	58,330691	59,135079	59,706777	58,532268	61,655819	100,083530	41,912571	40,190279	41,433167	41,035289	43,254074	41,845980	42,307061	100,064123
773,00	60,158718	59,906876	59,754920	59,952796	60,211778	59,472942	60,751832	99,996889	42,915022	42,060253	41,697067	40,012512	41,764224	40,963826	42,302573	100,063288	62,249571	65,753800	58,337420	58,361971	59,171045	59,722459	58,546418	61,678636	100,069308	41,921139	40,209812	41,448793	41,050723	43,269262	41,856992	42,316899	100,021946
774,00	60,209775	59,954011	59,790343	60,001445	60,265410	59,512800	60,792452	100,031030	42,931762	42,072254	41,703948	40,031171	41,774073	40,976718	42,312130	100,000119	62,313783	65,794784	58,368987	58,385271	59,221190	59,750384	58,584332	61,702758	100,101316	41,963282	40,247345	41,485551	41,083422	43,305624	41,899139	42,336181	100,031638
775,00	60,241717	59,985119	59,823644	60,019672	60,278624	59,538996	60,821462	100,011802	42,947003	42,078021	41,712606	40,042576	41,788551	40,995941	42,339736	99,976480	62,349248	65,801597	58,401042	58,407617	59,233475	59,772104	58,631682	61,721683	100,104284	41,971341	40,275776	41,497758	41,092056	43,318835	41,913301	42,350155	99,993467
776,00	60,265207	60,010850	59,839731	60,015076	60,297596	59,568936	60,838121	99,954039	42,968976	42,094958	41,734120	40,057909	41,816893	41,012937	42,358148	99,985647	62,372363	65,830755	58,439279	58,468145	59,283316	59,818590	58,659410	61,748934	100,123632	42,004335	40,308321	41,541755	41,127366	43,353942	41,949359	42,380854	100,025022
777,00	60,291308	60,014486	59,867328	60,029328	60,306233	59,574205	60,859400	99,909151	42,984295	42,098263	41,741362	40,064308	41,845313	41,032138	42,379954	100,019407	62,360412	65,812135	58,427805	58,480322	59,295422	59,825021	58,662933	61,753035	100,031221	42,005336	40,315831	41,552261	41,132152	43,357331	41,953200	42,388463	99,982762
778,00	60,337871	60,046887	59,917009	60,077989	60,337770	59,625369	60,904670	99,908900	43,000102	42,125064	41,758424	40,074766	41,858828	41,045916	42,389888	100,004601	62,389648	65,841460	58,450907	58,517778	59,322387	59,855866	58,707201	61,792028	100,046182	42,028287	40,339214	41,582394	41,170284	43,378353	41,981733	42,402324	99,980462
779,00	60,373127	60,060924	59,938049	60,127062	60,360044	59,640962	60,948986	99,937075	43,023816	42,151898	41,762102	40,088940	41,877124	41,091496	42,410663	99,997091	62,419116	65,869284	58,489108	58,517808	59,327102	59,883398	58,729589	61,816424	100,020754	42,027879	40,363872	41,591790	41,173142	43,381718	41,982251	42,408085	99,924439
780,00	60,404813	60,107452	59,969097	60,160899	60,395956	59,684718	60,976481	99,986482	43,042547	42,190403	41,787007	40,111682	41,914117	41,126251	42,428511	99,977958	62,438738	65,893644	58,522475	58,547789	59,345633	59,923548	58,754838	61,856645	100,059354	42,057225	40,402386	41,625381	41,208154	43,404582	42,006359	42,437154	99,945700
781,00	60,422379	60,103589	59,985125	60,178894	60,429502	59,690428	61,005396	99,981260	43,085521	42,225406	41,826630	40,152299	41,951951	41,171494	42,476472	100,014126	62,460822	65,892428	58,552957	58,552706	59,364825	59,948605	58,764970	61,866790	100,007117	42,059737	40,413198	41,654983	41,207209	43,423763	42,020625	42,459613	99,956757
782,00	60,459447	60,126787	60,024399	60,191679	60,457551	59,737194	61,026978	99,999267	43,082464	42,223713	41,857120	40,177974	41,960114	41,171253	42,491302	99,979520	62,489533	65,882021	58,573061	58,569843	59,414792	59,960413	58,799911	61,884093	99,998415	42,076448	40,418324	41,683564	41,239086	43,444011	42,061889	42,490920	99,979502
783,00	60,477751	60,149759	60,032237	60,214090	60,486782	59,754139	61,032212	99,972862	43,118268	42,247432	41,897956	40,206131	41,982356	41,202870	42,523375	100,014210	62,524015	65,934259	58,606434	58,614820	59,445912	59,990752	58,855432	61,899686	99,984497	42,086810	40,434605	41,693062	41,253147	43,459454	42,090011	42,520753	99,975586
784,00	60,483819	60,174483	60,027224	60,228336	60,492826	59,774351	61,015821	99,950552	43,139881	42,260617	41,914630	40,230796	42,015699	41,223872	42,520386	99,997109	62,512565	65,934289	58,635008	58,632100	59,461993	59,980774	58,856183	61,891145	99,992651	42,122927	40,451136	41,718727	41,292909	43,483317	42,116043	42,549410	99,980444
785,00	60,482371	60,186583	60,011566	60,248202	60,496026	59,780371	61,017132	99,913442	43,176055	42,316896	41,946447	40,275708	42,065254	41,262668	42,546284	100,006664	62,496245	65,959609	58,663619	58,657986	59,461933	60,009634	58,879477	61,922199	100,021183	42,163318	40,470779	41,729257	41,320729	43,511352	42,139938	42,578411	99,997842
786,00	60,481173	60,194886	60,054517	60,263765	60,530746	59,819841	61,068267	99,912530	43,190259	42,334244	41,982433	40,290034	42,063251	41,280660	42,546040	99,973643	62,504375	65,921229	58,708906	58,667380	59,485388	60,015935	58,889449	61,952055	99,974525	42,189845	40,502429	41,769004	41,352636	43,558532	42,160100	42,611104	100,025570
787,00	60,496676	60,229003	60,087299	60,279107	60,558778	59,828359	61,112362	99,920076	43,207783	42,366835	42,019057	40,324631	42,073932	41,293713	42,578167	100,001585	62,548125	65,947378	58,706355	58,708936	59,521657	60,051244	58,911222	61,984539	99,970555	42,226368	40,537003	41,789922	41,391835	43,605122	42,193919	42,646831	100,046778
788,00	60,535699	60,257673	60,137099	60,304093	60,580355	59,831280	61,126292	99,909830	43,218493	42,382541	42,044407	40,310028	42,072770	41,311046	42,600247	100,007427	62,599701	65,981925	58,732939	58,755565	59,578168	60,067880	58,952230	61,986464	99,954915	42,241803	40,569550	41,817841	41,404492	43,628192	42,201492	42,644063	100,027227
789,00	60,577315	60,290879	60,165191	60,351670	60,601878	59,838724	61,144805	99,898553	43,249694	42,422736	42,040256	40,340495	42,104629	41,330105	42,649198	100,030601	62,626916	66,010588	58,724153	58,778918	59,591138	60,105437	58,962429	61,978608	99,978030	42,275321	40,574917	41,834408	41,431737	43,638256	42,223322	42,669117	100,040197
790,00	60,606021	60,326707	60,187364	60,393327	60,615093	59,865862	61,174905	99,884421	43,266338	42,452949	42,042056	40,349525	42,130101	41,356337	42,669117	100,011635	62,650377	66,023225	58,749926	58,804584	59,634542	60,141677	59,005535	62,016481	99,963206	42,304689	40,609577	41,859174	41,462582	43,651459	42,234257	42,709747	100,060368
791,00	60,609281	60,353160	60,192508	60,423905	60,641813	59,899771	61,203325	99,869651	43,290588	42,472440	42,058021	40,392247	42,160815	41,384637	42,697942	100,006771	62,667173	66,036344	58,780307	58,824313	59,647840	60,193783	59,028029	62,049025	99,969727	42,340115	40,623248	41,891861	41,509038	43,692470	42,280701	42,754802	100,117314
792,00	60,642087	60,381871	60,196352	60,422665	60,646272	59,920001	61,209220	99,849755	43,316910	42,513284	42,094585	40,412471	42,186928	41,417339	42,714950	100,018060	62,687820	66,051096	58,815974	58,837539	59,690708	60,210675	59,075612	62,070066	99,968356	42,357174	40,651122	41,913691	41,525257	43,720257	42,316365	42,769229	100,083005
793,00	60,660356	60,409403	60,236561	60,448545	60,681593	59,954321	61,224699	99,875677	43,344620	42,535695	42,128840	40,429452	42,211628	41,437712	42,741975	100,031829	62,710685	66,079104	58,863026	58,859652	59,700775	60,242718	59,115386	62,085378	100,030982	42,364025	40,648007	41,917381	41,509071	43,716690	42,331928	42,744327	100,017583
794,00	60,682720	60,428256	60,263968	60,480237	60,675669	59,960741	61,225581	99,881500	43,391392	42,566302	42,156911	40,460598	42,238158	41,450772	42,763761	100,063753	62,726665	66,086435	58,870143	58,890742	59,722596	60,258996	59,158647	62,111682	100,071704	42,369166	40,681744	41,950381	41,514388	43,742493	42,343280	42,767560	99,977273
795,00	60,704684	60,453570	60,287297	60,499954	60,693765	59,989244	61,253238	99,905479	43,423706	42,578945	42,176983	40,465304	42,270711	41,474646	42,795503	100,055087	62,773508	66,121978	58,901125	58,933717	59,754992	60,303593	59,187758	62,170213	100,113559	42,400411	40,710285	41,991347	41,547912	43,771467	42,358959	42,802143	99,998331
796,00	60,722232	60,445833	60,300291	60,502392	60,688007	59,979033	61,221057	99,880546	43,437102	42,574352	42,172474	40,484345	42,292270	41,505352	42,815763	100,039697	62,797117	66,130376	58,922899	58,964354	59,788913	60,306716	59,189981	62,207365	100,104952	42,440197	40,757710	42,053741	41,582233	43,824604	42,400998	42,853856	100,041652
797,00	60,741413	60,485142	60,331911	60,497975	60,731566	60,034204	61,261243	99,887657	43,467069	42,583919	42,177755	40,480381	42,313579	41,548756	42,832732	100,018549	62,829822	66,161585	58,929521	58,972931	59,810078	60,342634	59,222978	62,242359	100,069475	42,480880	40,781704	42,078686	41,614079	43,829510	42,429546	42,862090	100,038087
798,00	60,756207	60,514182	60,374135	60,548884	60,769683	60,047758	61,284822	99,944144	43,476123	42,598829	42,197999	40,514520	42,334300	41,567418	42,851338	100,020421	62,806821	66,146827	58,934450	58,974421	59,788406	60,343349	59,230703	62,239397	100,039828	42,488292	40,814915	42,101178	41,632071	43,836659	42,439190	42,876220	100,013304
799,00	60,782170	60,584384	60,384172	60,583496	60,803294	60,098737	61,324733	99,965388	43,507752	42,631847	42,237237	40,518063	42,350969	41,575381	42,864406	100,020659	62,821519	66,144371	58,954060	58,977610	59,784985	60,352725	59,266055	62,229228	100,012636	42,493165	40,829426	42,095950	41,645899	43,833247	42,458403	42,888182	99,993432
800,00	60,799056	60,612720	60,393614	60,619265	60,820395	60,100555	61,325490	99,989265	43,506682	42,648011	42,256162	40,531251	42,361104	41,566440	42,867827	100,022757	62,823713	66,114372	58,984113	58,979434	59,778714	60,324144	59,256762	62,209094	99,997473	42,497060	40,843949	42,095912	41,644612	43,846726	42,477852	42,907786	99,998754
