Wavelength nm.	SSC_Leitura_T_Ar_1	SSC_Leitura_T_Branco_1	SSC_Amostra_T_016_JAN2025	SSC_Amostra_T_017_JAN2025	SSC_Amostra_T_018_JAN2025	SSC_Amostra_T_019_JAN2025	SSC_Amostra_T_020_JAN2025	SSC_Amostra_T_021_JAN2025	SSC_Leitura_T_Branco_2	SSC_Leitura_R_Ar_1	SSC_Amostra_R_016_JAN2025	SSC_Amostra_R_017_JAN2025	SSC_Amostra_R_018_JAN2025	SSC_Amostra_R_019_JAN2025	SSC_Amostra_R_020_JAN2025	SSC_Amostra_R_021_JAN2025	SSC_Leitura_R_Branco_2	SSC_Leitura_R_Branco_1	SSC_Leitura_R_Branco_3	SSC_Leitura_T_Ar_1_ext	SSC_Leitura_T_Branco_1_ext	SSC_Amostra_T_016_JAN2025_ext	SSC_Amostra_T_017_JAN2025_ext	SSC_Amostra_T_018_JAN2025_ext	SSC_Amostra_T_019_JAN2025_ext	SSC_Amostra_T_020_JAN2025_ext	SSC_Amostra_T_021_JAN2025_ext	SSC_Leitura_T_Branco_2_ext	SSC_Leitura_R_Ar_1_ext	SSC_Leitura_R_Branco_1_ext	SSC_Amostra_R_016_JAN2025_ext	SSC_Amostra_R_017_JAN2025_ext	SSC_Amostra_R_018_JAN2025_ext	SSC_Amostra_R_019_JAN2025_ext	SSC_Amostra_R_020_JAN2025_ext	SSC_Amostra_R_021_JAN2025_ext	SSC_Leitura_R_Branco_2_ext
220,00	100,324786	1,743176	2,040018	2,396519	2,110124	1,320499	1,776343	2,122531	2,009135	100,314939	21,512026	23,154813	18,799730	11,380302	17,015614	16,869056	32,583642	32,626697	33,647522	100,092006	2,025793	1,698343	2,127502	1,445056	0,887787	1,268989	1,862548	1,796287	99,884421	34,791726	23,467733	28,562891	21,348204	12,168892	18,802473	18,816258	34,549999
221,00	100,220394	1,739519	2,075917	2,446792	2,132188	1,339610	1,807402	2,160375	2,011396	100,066340	21,789461	23,403527	19,004609	11,506175	17,229205	17,146517	32,565802	32,685393	33,668736	99,930918	2,036251	1,704704	2,131741	1,457383	0,903335	1,270964	1,865624	1,799759	99,837095	34,858188	23,701888	28,655899	21,557038	12,242497	19,009000	19,055890	34,565908
222,00	100,053930	1,739729	2,120296	2,509074	2,186300	1,373718	1,858411	2,218994	2,000053	100,051749	22,190307	23,886642	19,387583	11,737660	17,628120	17,566858	32,691041	32,738087	33,792806	99,891275	2,042518	1,705886	2,142037	1,478727	0,923839	1,283450	1,890809	1,806360	99,775624	34,896237	24,013445	28,841949	21,784857	12,405135	19,229713	19,322377	34,625521
223,00	100,048637	1,746495	2,153562	2,568444	2,249509	1,405933	1,918200	2,267675	2,019447	99,796081	22,526224	24,188060	19,728601	11,935176	17,930795	17,943443	32,804886	32,799298	33,855358	99,876612	2,063650	1,729991	2,167751	1,496997	0,925009	1,296342	1,924266	1,804234	99,801904	34,922332	24,295311	28,993312	22,042608	12,596871	19,484216	19,625570	34,668353
224,00	100,066471	1,774962	2,195275	2,628011	2,318789	1,449030	1,963534	2,327708	2,013272	99,988973	22,825205	24,689591	20,130868	12,163349	18,250936	18,327707	32,971755	32,919887	33,972028	100,050879	2,073247	1,761298	2,210540	1,516130	0,943716	1,331017	1,974924	1,813351	99,866354	34,963086	24,543510	29,209080	22,258410	12,843816	19,658774	19,770665	34,789070
225,00	100,111973	1,799149	2,216826	2,691299	2,363344	1,489222	2,003067	2,374089	2,033916	99,977392	23,147589	25,026572	20,481865	12,371606	18,525068	18,661574	33,110619	33,029160	34,086514	100,057244	2,104116	1,799100	2,234098	1,533611	0,970743	1,365372	2,005043	1,819619	100,052857	35,082677	24,835055	29,296431	22,558531	13,013621	19,912347	20,034750	34,890172
226,00	99,999624	1,844541	2,254049	2,755155	2,406399	1,523763	2,037435	2,429846	2,042924	100,143170	23,458558	25,461486	20,881219	12,579089	18,831252	19,000107	33,204064	33,188656	34,148788	99,982154	2,111657	1,833534	2,276763	1,568450	1,008613	1,402814	2,037282	1,850226	100,107694	35,230428	25,144145	29,563943	22,769125	13,220640	20,156690	20,342894	35,048175
227,00	99,874789	1,849180	2,278776	2,819659	2,433369	1,559239	2,067641	2,464659	2,079403	100,056195	23,857558	25,738066	21,256226	12,837394	19,152004	19,317332	33,281949	33,206517	34,311450	99,951416	2,152687	1,876229	2,320313	1,612454	1,041054	1,431943	2,086713	1,877897	100,132000	35,388240	25,483903	29,716882	23,023798	13,389562	20,395041	20,679680	35,151845
228,00	99,775094	1,885578	2,311419	2,877290	2,493450	1,572684	2,101010	2,509435	2,120327	99,971342	24,216262	26,106757	21,563736	13,078557	19,449282	19,686036	33,406067	33,353114	34,394032	99,950719	2,187351	1,927346	2,371344	1,652961	1,076444	1,465737	2,153848	1,917691	100,018919	35,499042	25,770026	29,972768	23,241003	13,601890	20,617172	20,927912	35,289112
229,00	99,916959	1,900643	2,334754	2,924622	2,528717	1,591973	2,109089	2,549848	2,156698	99,878412	24,578567	26,445749	21,877420	13,300982	19,761813	20,015353	33,551300	33,444524	34,603637	100,090945	2,232439	1,987044	2,426893	1,689996	1,112129	1,500426	2,228647	1,941421	100,013530	35,638043	26,025969	30,143836	23,477820	13,781726	20,851715	21,161263	35,429263
230,00	99,895114	1,947237	2,354049	2,942417	2,567504	1,606219	2,118272	2,562614	2,204507	100,015414	24,911517	26,851445	22,235964	13,486911	20,098153	20,380880	33,773285	33,676976	34,782928	100,018680	2,262100	2,031685	2,476151	1,717442	1,146151	1,552148	2,271029	1,979144	99,894631	35,722056	26,234198	30,339402	23,728147	13,978708	21,071589	21,423487	35,637191
231,00	100,158405	1,985797	2,376652	2,967676	2,563550	1,637243	2,124683	2,572511	2,250618	100,101161	25,262392	27,151367	22,644150	13,697691	20,438787	20,747605	33,900052	33,873123	34,997883	99,960691	2,300104	2,079196	2,542446	1,754866	1,172537	1,595502	2,310964	2,025870	99,811518	35,867026	26,488411	30,595747	23,994559	14,182532	21,328321	21,652916	35,849869
232,00	100,176048	2,041892	2,392876	3,016105	2,572718	1,647994	2,136660	2,580284	2,297136	100,060570	25,655395	27,474439	23,037679	13,907936	20,755504	21,148056	34,107390	34,096608	35,188890	99,847567	2,330521	2,134937	2,591863	1,795589	1,212188	1,647846	2,365928	2,066778	99,758124	36,029598	26,735148	30,811301	24,311033	14,392112	21,561363	21,920151	36,010158
233,00	100,090706	2,083710	2,390946	3,058596	2,580929	1,637293	2,143203	2,587409	2,318607	99,923605	25,998643	27,770606	23,375717	14,147942	21,034007	21,481600	34,275216	34,225437	35,365337	99,867803	2,385547	2,186795	2,636437	1,844065	1,240860	1,684540	2,419695	2,112495	99,906611	36,210683	27,038434	31,117988	24,597269	14,613058	21,879598	22,211975	36,180297
234,00	99,790138	2,123066	2,390298	3,095412	2,600360	1,612513	2,148589	2,582527	2,362909	99,889445	26,333272	28,106984	23,710245	14,355347	21,288918	21,794693	34,455058	34,416592	35,586289	99,903649	2,445223	2,256709	2,708236	1,896785	1,292174	1,726967	2,491764	2,155141	100,019610	36,350334	27,324224	31,278542	24,860321	14,825310	22,111169	22,538118	36,284831
235,00	99,708170	2,146672	2,390561	3,123274	2,626516	1,621272	2,151889	2,605037	2,423421	99,907041	26,663429	28,437722	24,050680	14,564128	21,623130	22,114611	34,562862	34,624386	35,772932	99,899352	2,505297	2,301213	2,782879	1,943376	1,335966	1,765308	2,571698	2,200829	100,151730	36,528367	27,634931	31,521162	25,130120	15,022276	22,336954	22,776102	36,471349
236,00	99,834108	2,197376	2,407394	3,171187	2,658937	1,638744	2,182735	2,634003	2,494941	100,049746	27,080238	28,763601	24,367277	14,757386	21,936457	22,455183	34,814724	34,855244	35,991177	99,935389	2,558500	2,362149	2,878241	2,003812	1,381466	1,816313	2,660023	2,240010	100,090718	36,717761	27,927721	31,684980	25,356781	15,213078	22,531509	23,030166	36,629695
237,00	99,925721	2,232833	2,437762	3,234698	2,696634	1,669064	2,194600	2,678023	2,549433	100,039446	27,398711	29,036200	24,658476	14,969505	22,183801	22,734419	35,020995	35,073063	36,141178	99,948478	2,606784	2,426237	2,938077	2,054375	1,426394	1,864532	2,732228	2,276435	100,179267	36,980274	28,212267	31,948569	25,620943	15,401222	22,826692	23,332757	36,864591
238,00	99,979860	2,285553	2,466867	3,287771	2,710002	1,674638	2,218300	2,692789	2,589440	100,067925	27,677169	29,278892	24,930893	15,150931	22,381254	22,942168	35,278469	35,266292	36,350566	99,931669	2,658091	2,496535	3,022746	2,116149	1,461133	1,912371	2,791640	2,322263	100,097013	37,101337	28,530532	32,122403	25,874802	15,584266	23,077337	23,603430	36,992645
239,00	99,979728	2,326978	2,503132	3,341651	2,748498	1,687806	2,241304	2,735011	2,651243	100,111961	27,919275	29,519913	25,216588	15,336399	22,590502	23,166300	35,424754	35,509646	36,571366	99,846476	2,707683	2,573277	3,109040	2,170362	1,522166	1,966813	2,862929	2,378396	100,123143	37,263969	28,767562	32,318670	26,145083	15,730354	23,276526	23,849304	37,102756
240,00	100,026882	2,374953	2,548398	3,402102	2,777131	1,703195	2,267593	2,767982	2,695352	100,161195	28,144181	29,746693	25,431114	15,445569	22,779685	23,409876	35,597691	35,698223	36,790287	99,907929	2,767320	2,643769	3,208631	2,236489	1,560217	2,034295	2,947579	2,434702	99,930060	37,369862	28,985557	32,490319	26,367673	15,879153	23,471667	24,088317	37,186813
241,00	100,068617	2,434393	2,598039	3,474572	2,832047	1,732328	2,308148	2,814101	2,769495	100,174832	28,338280	29,921243	25,607255	15,573913	22,911896	23,627828	35,774839	35,817024	36,902240	99,962151	2,839061	2,719940	3,283951	2,302576	1,620682	2,098965	3,030069	2,485659	99,906731	37,511104	29,186442	32,701474	26,591751	16,037036	23,684706	24,307375	37,334347
242,00	100,108683	2,494981	2,653929	3,549333	2,887411	1,762049	2,341667	2,863191	2,831453	100,140738	28,458434	30,054343	25,709224	15,628166	23,022208	23,780528	35,937101	35,935578	36,980382	100,044858	2,911529	2,793285	3,335047	2,361647	1,668845	2,158870	3,118102	2,533989	99,935037	37,725738	29,444325	32,898954	26,804209	16,173086	23,945135	24,514771	37,544087
243,00	100,098169	2,557183	2,708195	3,610018	2,945420	1,802672	2,383625	2,919818	2,908692	100,121832	28,613615	30,180779	25,842535	15,718272	23,087336	23,883314	36,122715	36,049634	37,157866	99,981010	2,990507	2,883514	3,422125	2,435611	1,724916	2,219719	3,203267	2,581083	99,921882	37,889913	29,665872	33,107212	27,011093	16,322039	24,135071	24,710916	37,741420
244,00	100,046766	2,605236	2,765951	3,682536	3,003214	1,836098	2,413659	2,983651	2,960311	100,139618	28,728613	30,366027	25,947961	15,785743	23,173095	23,995408	36,284214	36,257702	37,342754	99,965215	3,063726	2,977687	3,510528	2,503187	1,781279	2,280623	3,290642	2,654707	100,051534	38,111112	29,880333	33,288136	27,230498	16,466570	24,354868	24,982478	37,954628
245,00	99,996483	2,670003	2,819284	3,748716	3,043464	1,876700	2,455129	3,049189	3,021626	100,080836	28,804129	30,454904	25,989190	15,857315	23,202582	24,058609	36,436367	36,433125	37,565368	100,039279	3,148767	3,067084	3,620402	2,594754	1,835280	2,356044	3,394387	2,731186	99,929929	38,250273	30,060908	33,504733	27,429628	16,653708	24,527360	25,173378	38,110915
246,00	100,012326	2,730816	2,880326	3,846046	3,097754	1,904972	2,510995	3,107218	3,092276	99,973732	28,852102	30,554545	26,063484	15,902729	23,292837	24,114965	36,582384	36,607420	37,689549	100,091791	3,228306	3,157539	3,706153	2,682071	1,893009	2,427356	3,499705	2,813888	99,986792	38,428006	30,304772	33,732331	27,688590	16,797274	24,732393	25,367889	38,266677
247,00	99,990636	2,807863	2,944810	3,948617	3,155361	1,941666	2,567161	3,170184	3,181138	99,874514	28,935853	30,638212	26,064399	15,928651	23,346548	24,138634	36,750370	36,746159	37,888822	100,102150	3,304388	3,251419	3,813183	2,776884	1,956788	2,513143	3,617201	2,890393	99,869138	38,620320	30,541563	34,014592	27,934819	16,952834	24,954855	25,590745	38,436222
248,00	100,020730	2,876239	3,028583	4,052101	3,231986	1,980263	2,619455	3,226310	3,260373	99,941993	29,081687	30,811137	26,141387	15,996829	23,434427	24,226733	37,036404	36,954698	38,144073	100,072885	3,397613	3,368086	3,931203	2,865615	2,024109	2,582069	3,730155	2,971780	99,989176	38,834411	30,848125	34,269410	28,211069	17,096286	25,237635	25,873640	38,690776
249,00	99,969351	2,954891	3,107702	4,144128	3,310922	2,032321	2,682319	3,294688	3,340528	100,003862	29,202905	30,960414	26,160577	16,037561	23,474114	24,300261	37,241375	37,133104	38,359401	100,000906	3,490125	3,467576	4,048001	2,953460	2,106131	2,662604	3,839561	3,065368	99,917471	39,044285	31,065461	34,495977	28,446302	17,279203	25,469354	26,140618	38,906816
250,00	100,064421	3,035263	3,199757	4,239887	3,390363	2,087222	2,750220	3,370937	3,433983	99,965203	29,307443	31,104288	26,241291	16,085413	23,532204	24,394621	37,468395	37,363544	38,566536	99,930644	3,607281	3,580038	4,174229	3,050422	2,180855	2,747620	3,952093	3,160237	99,986321	39,265156	31,370866	34,722701	28,689310	17,486754	25,697896	26,390979	39,146194
251,00	100,110924	3,131087	3,283317	4,351298	3,464607	2,145522	2,826990	3,456645	3,548942	99,947548	29,434726	31,277639	26,319665	16,103978	23,589347	24,490112	37,681058	37,580562	38,732007	99,903834	3,725982	3,693311	4,299878	3,154220	2,269018	2,846281	4,075230	3,257632	100,021827	39,473203	31,588462	34,987986	28,960410	17,674179	25,910157	26,660743	39,361203
252,00	100,123823	3,254557	3,365779	4,482450	3,550747	2,203575	2,903574	3,564051	3,679113	100,014305	29,585627	31,514335	26,430318	16,194534	23,705511	24,592642	37,999928	37,882999	39,042708	100,019753	3,855043	3,821401	4,457939	3,272609	2,365968	2,954778	4,215760	3,372872	100,172627	39,763010	31,933984	35,296375	29,273799	17,896354	26,190135	26,967695	39,686215
253,00	100,181675	3,372500	3,469091	4,618356	3,635954	2,270159	2,987993	3,670551	3,804033	100,148463	29,793176	31,711563	26,551339	16,288385	23,807609	24,717081	38,315892	38,210389	39,403945	100,129128	3,982599	3,953911	4,611904	3,401215	2,462064	3,079805	4,360580	3,480524	100,051415	40,059602	32,149875	35,559735	29,576129	18,034881	26,430452	27,248067	39,949498
254,00	100,071287	3,484021	3,575097	4,769218	3,745602	2,325368	3,072547	3,778110	3,942041	99,988282	29,864588	31,841719	26,650557	16,391927	23,888083	24,814245	38,590041	38,495576	39,740208	100,152040	4,119366	4,104780	4,775567	3,535422	2,562497	3,211276	4,505425	3,619700	99,958128	40,363815	32,445458	35,875168	29,859209	18,258512	26,694953	27,529937	40,228343
255,00	100,033712	3,602820	3,695054	4,916512	3,852852	2,397546	3,160470	3,885360	4,071515	99,947333	30,054823	32,011855	26,788041	16,477312	24,006729	24,946463	38,897893	38,797414	40,064475	100,146127	4,268475	4,272788	4,944450	3,668614	2,668016	3,335049	4,668691	3,747849	99,961221	40,698817	32,769001	36,197406	30,162489	18,451078	26,950479	27,827406	40,508199
256,00	99,987882	3,738712	3,822696	5,070332	3,978634	2,469357	3,246441	4,015831	4,216407	99,979299	30,220833	32,248446	26,927221	16,553041	24,140175	25,076017	39,248520	39,105713	40,401101	100,118816	4,429746	4,442173	5,124949	3,811128	2,779486	3,460402	4,846428	3,909729	100,022697	41,037995	33,130172	36,607838	30,460641	18,704775	27,236757	28,179219	40,873060
257,00	100,040889	3,882582	3,955392	5,235552	4,103984	2,565263	3,354108	4,153033	4,374163	100,055051	30,463085	32,548091	27,093872	16,640098	24,296540	25,238723	39,591494	39,465749	40,722811	100,038409	4,589657	4,611254	5,316393	3,962343	2,903347	3,587164	5,027221	4,042353	100,016415	41,414693	33,495396	36,996064	30,803430	18,921995	27,556932	28,518403	41,248637
258,00	100,092518	4,049577	4,112826	5,405327	4,238185	2,646024	3,475230	4,297341	4,565646	100,074041	30,692664	32,800198	27,213135	16,735063	24,458703	25,426856	39,942715	39,865598	41,094053	99,966758	4,767727	4,792190	5,535088	4,135970	3,017730	3,742850	5,216194	4,216798	99,920619	41,745648	33,754393	37,364283	31,135413	19,148150	27,870446	28,832591	41,619548
259,00	100,043535	4,219927	4,255603	5,602644	4,372840	2,739049	3,601691	4,440825	4,763825	99,993104	30,957568	33,067188	27,357993	16,864669	24,643934	25,627348	40,316197	40,237111	41,499424	99,972838	4,967372	4,992331	5,756177	4,327562	3,158416	3,895126	5,433842	4,388920	99,983031	42,161182	34,156644	37,760806	31,538290	19,373545	28,256455	29,213125	42,053977
260,00	100,040710	4,409609	4,418102	5,804958	4,508388	2,834251	3,731028	4,597260	4,954249	100,044751	31,256530	33,380920	27,557313	17,036361	24,848406	25,854605	40,746298	40,666196	41,975221	99,984437	5,173942	5,194085	5,994473	4,508190	3,288173	4,058903	5,655350	4,581521	100,026631	42,613834	34,595168	38,176990	31,958848	19,651014	28,606573	29,625723	42,465425
261,00	99,985647	4,581925	4,578301	6,026800	4,649443	2,943814	3,860720	4,756958	5,145571	100,025761	31,532061	33,727351	27,794427	17,192788	25,045830	26,070058	41,144046	41,037774	42,367542	99,998420	5,393355	5,404691	6,224655	4,699459	3,439176	4,228076	5,881948	4,782838	100,095713	43,068299	35,100633	38,656643	32,359630	19,931024	28,938004	30,034247	42,913699
262,00	99,844873	4,781068	4,766834	6,250631	4,810823	3,062867	4,018646	4,927184	5,361006	100,011802	31,804240	34,084997	28,053296	17,355844	25,276971	26,294637	41,567218	41,489080	42,842105	100,000024	5,621191	5,623751	6,479117	4,890146	3,587356	4,417544	6,109963	4,997851	100,045812	43,506038	35,511702	39,106518	32,776713	20,233345	29,270813	30,370530	43,314555
263,00	99,854743	4,985731	4,972771	6,485839	4,998040	3,186715	4,167862	5,111951	5,590319	99,950248	32,105976	34,434184	28,325042	17,521554	25,531083	26,524383	41,992509	41,908491	43,320161	100,038004	5,857782	5,857139	6,731620	5,116035	3,756104	4,605254	6,349355	5,230593	100,030184	43,977174	35,902545	39,505637	33,180362	20,519370	29,617035	30,750930	43,768191
264,00	99,887961	5,211966	5,189426	6,742507	5,197268	3,335822	4,331379	5,322194	5,832078	99,894530	32,436535	34,794033	28,584945	17,705953	25,804359	26,793388	42,434940	42,374134	43,877056	100,000954	6,115148	6,103663	6,989968	5,344510	3,917921	4,800043	6,604841	5,444502	100,028872	44,480270	36,344555	39,929959	33,628327	20,833771	30,034658	31,160980	44,255555
265,00	100,026059	5,444666	5,397352	7,004867	5,417521	3,480925	4,505675	5,526313	6,081575	99,958801	32,798496	35,189655	28,865051	17,925787	26,117763	27,133819	42,906934	42,827442	44,396698	99,982971	6,392116	6,356227	7,263208	5,583005	4,097137	5,007548	6,866673	5,676057	99,951410	44,933239	36,757386	40,362975	34,036854	21,132760	30,427042	31,601167	44,740921
266,00	100,030637	5,691513	5,633360	7,280218	5,627524	3,638535	4,701792	5,749957	6,361248	99,973899	33,223325	35,622472	29,139653	18,116677	26,428545	27,434731	43,408147	43,353420	44,965434	100,023067	6,689999	6,635046	7,568285	5,842020	4,296212	5,244955	7,143337	5,922853	99,913126	45,419130	37,236378	40,907535	34,467122	21,430807	30,865943	32,046443	45,286822
267,00	100,073147	5,954133	5,885731	7,578018	5,864010	3,783140	4,907855	5,977166	6,655178	100,076532	33,654884	36,129069	29,483297	18,340471	26,768267	27,782652	43,935439	43,854177	45,559663	99,950600	6,982084	6,913599	7,883659	6,119922	4,493550	5,477469	7,418235	6,195518	99,913442	45,950547	37,733939	41,501200	34,924939	21,751282	31,295106	32,511139	45,819065
268,00	100,016093	6,232767	6,142282	7,873625	6,088827	3,946569	5,112662	6,219565	6,950841	100,013196	34,054035	36,560717	29,841930	18,576181	27,076980	28,081977	44,432276	44,419250	46,139619	99,920630	7,280355	7,218493	8,229089	6,395572	4,695696	5,732546	7,722761	6,474529	99,972433	46,536458	38,296017	42,087993	35,403934	22,098662	31,765357	32,963184	46,365559
269,00	100,038958	6,514916	6,403835	8,207908	6,340653	4,120300	5,326082	6,467752	7,240070	99,990845	34,464642	37,001479	30,262578	18,835394	27,432314	28,420401	44,944382	44,941252	46,683583	99,945289	7,604522	7,525130	8,560074	6,681317	4,901758	5,990914	8,038066	6,779907	99,951333	47,074834	38,882029	42,679951	35,881460	22,468460	32,211891	33,438456	46,896803
270,00	99,908727	6,811829	6,671423	8,526623	6,595106	4,303256	5,561185	6,721003	7,541523	100,020885	34,908733	37,466502	30,684236	19,124277	27,818152	28,795633	45,520690	45,485035	47,286534	100,086367	7,942902	7,854989	8,914098	6,981674	5,155548	6,281827	8,373994	7,094076	99,900389	47,628185	39,419416	43,253794	36,385691	22,858520	32,737151	33,934143	47,494075
271,00	99,941993	7,108545	6,975224	8,883049	6,864396	4,491526	5,803871	6,987616	7,863165	100,110507	35,401973	38,018197	31,154561	19,410034	28,238994	29,234445	46,149415	46,035492	47,905558	100,113857	8,290686	8,209485	9,271840	7,304564	5,401798	6,560852	8,716899	7,417334	99,875742	48,233289	39,977881	43,823117	36,913908	23,242188	33,227280	34,473649	48,099315
272,00	99,890292	7,407928	7,276689	9,241625	7,138532	4,690968	6,060430	7,285658	8,205682	100,115275	35,868675	38,569191	31,533211	19,701922	28,666860	29,663545	46,676517	46,516055	48,498231	100,117898	8,648834	8,571109	9,660640	7,637553	5,659515	6,843287	9,093275	7,747229	99,916321	48,867527	40,519208	44,417119	37,450528	23,625015	33,762971	35,013103	48,713502
273,00	100,047445	7,711948	7,600018	9,626827	7,440267	4,916843	6,325748	7,610128	8,538989	100,004697	36,352643	39,094135	31,982791	20,030592	29,099011	30,075800	47,203293	47,047824	49,072447	100,069296	9,011750	8,939841	10,074763	7,966780	5,892851	7,143708	9,464733	8,086800	100,046074	49,540707	41,163895	45,039123	38,044387	24,050073	34,279484	35,562748	49,363276
274,00	100,031555	8,035663	7,927578	10,008404	7,765183	5,148140	6,600849	7,959145	8,886575	99,938905	36,878955	39,630970	32,421967	20,387964	29,560632	30,468673	47,679836	47,530484	49,638093	100,042570	9,386018	9,311717	10,497966	8,310423	6,160164	7,460251	9,833898	8,453494	100,064111	50,133914	41,787761	45,713496	38,607097	24,478678	34,809649	36,115447	49,965745
275,00	100,073731	8,378696	8,282702	10,400006	8,102438	5,396936	6,904342	8,301675	9,258263	99,950522	37,475708	40,225735	32,973224	20,780154	30,052754	30,978003	48,265427	48,149884	50,268793	99,947286	9,774552	9,690849	10,915947	8,660596	6,426556	7,785492	10,197341	8,820649	100,045896	50,698996	42,358831	46,336687	39,218244	24,920647	35,343337	36,638367	50,593776
276,00	100,011563	8,716001	8,643082	10,802716	8,445829	5,648411	7,212267	8,656573	9,636068	99,935365	38,081485	40,816829	33,466825	21,147351	30,565012	31,476039	48,821181	48,710588	50,889271	99,986148	10,183998	10,087231	11,324669	9,042266	6,717788	8,122935	10,590751	9,189790	99,985504	51,277441	42,926258	46,996978	39,768952	25,323623	35,882419	37,184978	51,196289
277,00	99,994993	9,051065	9,014323	11,216301	8,783638	5,919177	7,537554	9,003772	10,030702	99,874091	38,691211	41,447911	33,991620	21,526289	31,080917	32,036021	49,368453	49,329755	51,484036	99,881124	10,576542	10,461000	11,737970	9,420929	7,005713	8,469190	10,981748	9,559497	99,936706	51,897478	43,537211	47,620210	40,337345	25,743461	36,423859	37,743279	51,848859
278,00	99,984187	9,412257	9,383316	11,662299	9,148791	6,187778	7,862283	9,367524	10,395059	99,899924	39,296719	42,027980	34,499347	21,911691	31,618509	32,574993	49,907780	49,869657	52,072191	99,896520	10,981356	10,882278	12,152539	9,810639	7,315023	8,825321	11,405975	9,935652	99,965495	52,509993	44,191727	48,258513	40,944973	26,154017	36,967289	38,272613	52,481949
279,00	100,005150	9,766679	9,782470	12,109131	9,522762	6,463785	8,200601	9,734748	10,788658	99,899942	39,881608	42,676389	35,077271	22,319244	32,127535	33,141148	50,451845	50,452226	52,648306	99,841249	11,376105	11,293132	12,605949	10,210470	7,624662	9,174251	11,820126	10,332244	99,899757	53,121066	44,824371	48,817229	41,515735	26,591751	37,502167	38,826859	53,095645
280,00	100,004971	10,144220	10,203725	12,578857	9,907205	6,737862	8,548304	10,134497	11,166477	99,982351	40,499547	43,322062	35,678264	22,723670	32,680038	33,688706	51,034456	50,985074	53,245008	99,952066	11,807735	11,745171	13,067162	10,616089	7,935037	9,525611	12,266514	10,742236	99,973106	53,759569	45,505998	49,493191	42,127907	27,092803	38,131177	39,421535	53,772295
281,00	100,028038	10,510153	10,636838	13,013336	10,278301	7,013592	8,890694	10,547257	11,567406	99,990606	41,112942	44,032991	36,237592	23,169333	33,251345	34,297103	51,647389	51,558238	53,866118	99,982840	12,253407	12,181384	13,560753	11,044042	8,246062	9,904712	12,676857	11,142945	99,963766	54,414868	46,135768	50,140351	42,659381	27,580607	38,734898	40,043589	54,359233
282,00	100,051904	10,891713	11,056094	13,490719	10,655568	7,305276	9,244084	10,958478	11,964581	100,014544	41,783139	44,642079	36,832649	23,619176	33,848542	34,864193	52,155089	52,083266	54,485279	100,012851	12,703918	12,608758	14,033596	11,443052	8,569486	10,280930	13,115962	11,563563	100,095737	55,043757	46,771380	50,820160	43,240067	28,061426	39,338955	40,608960	54,981112
283,00	100,069904	11,276197	11,478498	13,966155	11,062833	7,617813	9,625070	11,399215	12,394147	100,114810	42,453048	45,311779	37,428981	24,115372	34,480625	35,513768	52,715367	52,660555	55,123717	100,001335	13,154355	13,036424	14,489566	11,870547	8,916735	10,665815	13,535787	11,966061	100,045574	55,647826	47,365475	51,421142	43,833736	28,520194	39,859509	41,152835	55,506116
284,00	100,054884	11,655602	11,939721	14,476036	11,485253	7,958706	10,023240	11,828822	12,806252	100,139701	43,116102	45,945576	38,146022	24,608976	35,122406	36,137500	53,224093	53,203732	55,764544	99,966055	13,578609	13,496293	14,966126	12,281322	9,256757	11,055920	13,979320	12,388097	100,112009	56,218088	48,017001	52,011669	44,421908	29,004610	40,411460	41,707492	56,146038
285,00	100,006557	12,067929	12,399438	14,956729	11,943280	8,296949	10,434181	12,283040	13,231975	100,197875	43,866885	46,674848	38,822246	25,148270	35,776216	36,891934	53,802508	53,777146	56,369871	99,924040	14,024602	13,957843	15,439868	12,726322	9,582261	11,440871	14,410098	12,789144	100,013709	56,784940	48,653004	52,613562	45,010591	29,471388	40,950969	42,264593	56,671065
286,00	100,048733	12,468410	12,856087	15,433785	12,380845	8,654751	10,826810	12,728462	13,616383	100,201321	44,637117	47,385511	39,545491	25,724781	36,478102	37,642419	54,330653	54,265910	56,947589	99,971873	14,460419	14,418007	15,913326	13,148293	9,905128	11,845753	14,827420	13,212758	99,986440	57,308793	49,175456	53,146654	45,534149	29,886553	41,494739	42,793515	57,215780
287,00	100,000477	12,870742	13,304576	15,929155	12,835366	8,990833	11,227464	13,187756	14,032982	100,114751	45,426166	48,070469	40,232608	26,309243	37,146553	38,356122	54,785657	54,760772	57,490343	100,028384	14,906894	14,849886	16,375142	13,574918	10,227688	12,217773	15,254524	13,641839	99,930793	57,876307	49,787128	53,739226	46,119767	30,343887	42,040271	43,344828	57,758558
288,00	99,986821	13,233714	13,766034	16,405019	13,249215	9,356529	11,639573	13,660470	14,428501	100,080776	46,158844	48,729065	40,943027	26,886740	37,855119	39,097536	55,301923	55,267054	58,058798	100,027776	15,333050	15,273583	16,831911	13,978894	10,567253	12,600465	15,683724	14,061141	99,927086	58,415192	50,360322	54,312307	46,673572	30,780959	42,591596	43,875751	58,355844
289,00	99,945372	13,580410	14,243346	16,874558	13,709716	9,712696	12,063239	14,116353	14,846440	100,005531	46,884429	49,448991	41,634572	27,442458	38,571274	39,825654	55,774260	55,769795	58,587813	99,960351	15,770805	15,708654	17,280661	14,399837	10,901084	12,958480	16,131423	14,477724	100,057125	59,018445	51,016051	54,948962	47,291824	31,262305	43,143880	44,486836	58,987445
290,00	99,947083	13,949515	14,707756	17,334886	14,140327	10,092137	12,503064	14,596134	15,253761	100,044703	47,635165	50,170493	42,344895	28,038886	39,295560	40,635678	56,348056	56,298006	59,152651	99,966127	16,198573	16,129614	17,735949	14,826222	11,264290	13,355361	16,551535	14,894412	100,073421	59,568387	51,547170	55,515122	47,810468	31,701982	43,658718	45,053577	59,469330
291,00	99,949747	14,357728	15,170832	17,827962	14,613245	10,440901	12,927972	15,087773	15,668622	100,065088	48,394665	50,848246	43,030468	28,639469	40,021253	41,389033	56,814235	56,784779	59,670049	100,003016	16,638458	16,581351	18,170652	15,248306	11,611813	13,748211	16,983330	15,319291	100,142634	60,145307	52,127516	56,088424	48,348558	32,203159	44,176745	45,644638	59,992826
292,00	99,934691	14,764675	15,642273	18,347029	15,067589	10,788467	13,367079	15,584980	16,084071	100,019228	49,174511	51,471126	43,706563	29,295340	40,694126	42,147842	57,304811	57,267588	60,217547	100,048804	17,096519	17,002945	18,623579	15,666774	11,965797	14,146724	17,409116	15,737328	100,100338	60,581005	52,715027	56,614828	48,817992	32,688826	44,720417	46,142414	60,506701
293,00	99,958372	15,173291	16,122417	18,821312	15,543224	11,147659	13,787374	16,070814	16,502474	100,023663	49,969533	52,142245	44,363925	29,919347	41,402343	42,951936	57,735980	57,720697	60,722166	99,990350	17,558779	17,408493	19,042398	16,074710	12,289361	14,515084	17,848350	16,141649	100,054169	61,037862	53,256744	57,092357	49,296063	33,124572	45,190188	46,588856	61,048859
294,00	99,990380	15,556212	16,624540	19,296075	15,960923	11,530688	14,206113	16,540276	16,923811	100,002718	50,743192	52,832484	45,004016	30,551755	42,151645	43,747327	58,189565	58,149546	61,209410	99,981362	17,991006	17,830810	19,490010	16,479185	12,606455	14,879669	18,228470	16,545507	99,969780	61,438411	53,741163	57,505161	49,759862	33,527172	45,685396	47,051972	61,483902
295,00	100,044823	15,936230	17,065538	19,726063	16,372286	11,888631	14,605121	16,999033	17,300300	100,011086	51,481807	53,431994	45,698303	31,124911	42,793605	44,519088	58,606112	58,639330	61,660796	100,033164	18,379922	18,244934	19,899786	16,894537	12,923451	15,238361	18,619005	16,963136	99,958795	61,937356	54,227984	57,968646	50,229299	33,986637	46,167508	47,553530	61,969775
296,00	100,066042	16,298975	17,487249	20,163469	16,761863	12,231138	14,993730	17,436635	17,679508	99,977684	52,143800	54,010427	46,328771	31,681970	43,462497	45,235625	59,025812	59,091491	62,153035	99,995428	18,774992	18,641664	20,288238	17,284283	13,228856	15,598477	18,991289	17,361718	100,010419	62,436920	54,746735	58,456469	50,713915	34,465617	46,706715	48,078534	62,437564
297,00	100,006413	16,636315	17,881805	20,589276	17,129534	12,552600	15,366024	17,857750	18,035850	100,042498	52,753103	54,579610	46,922806	32,224643	44,059703	45,879641	59,452438	59,526885	62,640131	100,024819	19,166823	19,010353	20,647880	17,656402	13,561970	15,968798	19,388442	17,772073	100,013876	62,877440	55,237806	58,928478	51,136822	34,906903	47,155657	48,505077	62,907958
298,00	99,952179	16,982202	18,303141	21,006157	17,480850	12,851264	15,726230	18,265361	18,433829	100,073886	53,369653	55,188918	47,427213	32,773364	44,671994	46,504316	59,895247	59,899926	63,199687	99,959326	19,583112	19,379587	21,039309	17,984842	13,864440	16,320124	19,755211	18,143745	100,079036	63,262695	55,724716	59,404826	51,593423	35,292813	47,598389	48,909724	63,296634
299,00	99,847960	17,323703	18,672134	21,404959	17,788221	13,113323	16,040052	18,624327	18,793337	100,047922	53,951889	55,673146	47,819325	33,207932	45,129931	47,032398	60,278136	60,257769	63,629425	100,012207	19,976008	19,772965	21,418570	18,321902	14,165130	16,646752	20,103668	18,512250	100,184083	63,679403	56,170470	59,904099	52,083468	35,689929	48,042080	49,382508	63,716012
300,00	99,863398	17,674719	19,031914	21,769883	18,103591	13,355884	16,361384	18,982834	19,159493	99,964988	54,499304	56,051958	48,188466	33,606651	45,560840	47,505218	60,611117	60,662872	64,010370	99,948663	20,379561	20,131487	21,803884	18,677866	14,451927	16,964476	20,462364	18,860802	100,198591	64,041620	56,583965	60,286069	52,501386	36,067858	48,471817	49,845964	64,056921
301,00	99,826354	18,029997	19,385912	22,118133	18,377461	13,586088	16,661160	19,321045	19,519158	99,918312	54,950178	56,365234	48,441678	33,957717	45,906779	47,899428	60,941148	60,971648	64,360297	99,963260	20,737170	20,460944	22,148453	19,051522	14,768352	17,283316	20,795929	19,210459	100,095713	64,488047	56,983459	60,618907	52,902555	36,460742	48,898762	50,290650	64,473212
302,00	99,835795	18,361725	19,746867	22,413488	18,628603	13,809258	16,932283	19,636776	19,865903	99,997801	55,427492	56,739247	48,767117	34,379101	46,291676	48,322216	61,330348	61,318791	64,800149	99,965614	21,071658	20,783766	22,520719	19,414069	15,070353	17,612636	21,130277	19,552225	100,037539	64,808828	57,383466	60,905612	53,190672	36,831257	49,264741	50,640279	64,809072
303,00	99,822259	18,714884	20,053725	22,722040	18,837576	14,028908	17,178857	19,920614	20,210999	99,994868	55,849093	57,094026	49,020082	34,735626	46,581694	48,724592	61,758971	61,602873	65,251863	100,009072	21,416213	21,118826	22,822706	19,720741	15,359963	17,918915	21,451460	19,894867	100,009799	65,161353	57,803446	61,273497	53,552341	37,193424	49,640289	51,027131	65,218061
304,00	99,830210	19,045378	20,350686	23,009652	19,023804	14,243111	17,404868	20,180891	20,551795	99,971247	56,268245	57,409900	49,209788	35,055500	46,866810	49,073857	62,095362	61,946195	65,640497	100,027585	21,748205	21,435384	23,150688	20,028959	15,624508	18,220064	21,772127	20,237984	100,027716	65,456903	58,160615	61,631334	53,843546	37,531549	49,991471	51,326537	65,535456
305,00	99,900937	19,389357	20,628825	23,315375	19,201627	14,433292	17,651579	20,454367	20,882450	99,993569	56,625497	57,595873	49,367356	35,349086	47,086895	49,356201	62,421751	62,319887	65,982306	100,035894	22,104350	21,761124	23,470543	20,327681	15,889773	18,496363	22,101913	20,575424	99,839574	65,766913	58,508199	61,925417	54,163349	37,914851	50,342733	51,674515	65,854853
306,00	99,896276	19,721633	20,937179	23,564394	19,405836	14,599542	17,871524	20,694949	21,236704	100,102878	56,956023	57,840526	49,500123	35,632977	47,331011	49,636173	62,754285	62,694150	66,342866	99,985862	22,417730	22,058366	23,797968	20,637430	16,143616	18,757716	22,405030	20,882563	99,939173	66,176748	58,868122	62,281859	54,488832	38,283268	50,748515	52,029890	66,204375
307,00	99,958211	20,037819	21,200234	23,838255	19,591837	14,755282	18,060820	20,930269	21,564843	100,060046	57,259673	58,072305	49,640214	35,872877	47,528836	49,857149	63,084620	63,063538	66,741693	99,947900	22,734198	22,355829	24,064711	20,935476	16,390805	19,032648	22,684927	21,174179	99,942756	66,465509	59,198928	62,539691	54,833627	38,609418	51,062572	52,400714	66,462308
308,00	99,929881	20,335656	21,449554	24,069613	19,708395	14,886722	18,248580	21,152177	21,905157	99,967593	57,484633	58,290148	49,666187	36,076140	47,685170	50,010836	63,424063	63,357645	67,083895	99,953485	23,055078	22,619425	24,330297	21,220461	16,637266	19,312170	22,938776	21,490817	100,118065	66,700411	59,530818	62,872618	55,176884	38,922822	51,408815	52,728987	66,816819
309,00	99,892396	20,624994	21,651123	24,289085	19,811657	15,031967	18,401070	21,333031	22,202139	99,856567	57,764983	58,461517	49,652249	36,285567	47,822857	50,173032	63,616747	63,584596	67,393595	100,026906	23,362243	22,888517	24,585444	21,507673	16,887297	19,565374	23,178467	21,800268	100,010228	66,840380	59,811395	63,080919	55,456454	39,277515	51,699919	53,027201	67,029047
310,00	99,869990	20,964693	21,848136	24,508120	19,902222	15,169474	18,561804	21,469802	22,510156	100,005889	58,015501	58,589137	49,676648	36,488795	47,986698	50,377840	63,910657	63,869792	67,722976	99,991030	23,673452	23,169798	24,805887	21,754378	17,102264	19,797197	23,418684	22,095108	100,018060	67,032737	60,084432	63,349277	55,716938	39,635617	52,007633	53,314954	67,326301
311,00	99,924052	21,289404	22,042242	24,716090	20,026295	15,303703	18,713297	21,604645	22,794479	100,053775	58,213663	58,712411	49,665615	36,692715	48,087329	50,544077	64,082682	64,137459	68,023890	99,957800	23,944834	23,419675	25,064448	21,988860	17,334707	20,019533	23,671599	22,369237	99,944234	67,263901	60,307842	63,488311	55,916846	39,939037	52,292490	53,565443	67,512476
312,00	99,915773	21,582800	22,261879	24,894722	20,104797	15,402934	18,880472	21,756858	23,082291	100,064695	58,387738	58,817077	49,704716	36,869121	48,189786	50,627398	64,422435	64,513212	68,402320	99,931681	24,224016	23,672636	25,317231	22,209030	17,553431	20,240778	23,926041	22,644372	100,006831	67,542630	60,494274	63,666368	56,155050	40,202057	52,532220	53,815538	67,712349
313,00	99,900442	21,847352	22,468194	25,051951	20,208624	15,528321	19,064653	21,943492	23,401240	99,968165	58,603019	58,909088	49,698132	37,043962	48,241574	50,657636	64,677322	64,780724	68,668151	99,950689	24,501617	23,887697	25,586334	22,446737	17,784032	20,452005	24,144676	22,914609	99,961668	67,764962	60,612279	63,781327	56,378710	40,462387	52,763325	54,038954	67,846227
314,00	99,934691	22,151138	22,674842	25,270173	20,301636	15,676369	19,199233	22,117881	23,729493	99,971521	58,835143	58,988261	49,734727	37,193730	48,334453	50,732595	65,035462	65,019494	68,956095	99,975836	24,765421	24,100564	25,759032	22,678871	17,956619	20,663923	24,323899	23,167223	100,045097	68,102449	60,890055	64,053565	56,668061	40,759242	53,032774	54,284346	68,071115
315,00	99,983329	22,449541	22,868751	25,467569	20,377146	15,809211	19,324964	22,261727	24,027468	99,984342	59,055132	59,101808	49,652588	37,364414	48,394409	50,832033	65,248400	65,260839	69,181335	99,900961	25,018197	24,296929	25,940531	22,879106	18,153147	20,870337	24,447604	23,390152	100,075614	68,345499	61,173159	64,277917	56,919110	41,059694	53,305680	54,551953	68,343049
316,00	99,958533	22,754569	23,062304	25,644937	20,436659	15,893863	19,423242	22,378214	24,289030	100,035250	59,188539	59,170437	49,623927	37,526584	48,450223	50,974166	65,492910	65,476298	69,405127	100,004601	25,315049	24,522799	26,180542	23,096018	18,380329	21,096776	24,637343	23,668998	100,102317	68,625671	61,514509	64,515692	57,136720	41,330397	53,513259	54,797763	68,622136
317,00	99,940389	22,980791	23,241282	25,786972	20,520562	15,976889	19,553408	22,505018	24,553436	100,062799	59,338564	59,277511	49,634212	37,700808	48,542768	51,153046	65,736365	65,737480	69,655210	99,996102	25,572658	24,747926	26,387262	23,307276	18,637283	21,303108	24,847801	23,923574	100,097919	68,834043	61,696547	64,695442	57,335162	41,636577	53,763449	55,046827	68,858665
318,00	99,920255	23,233256	23,410265	25,983161	20,607238	16,070299	19,697008	22,675751	24,832311	99,970984	59,384704	59,315640	49,705380	37,901917	48,555988	51,205850	66,019320	65,936363	69,886893	100,114179	25,866109	24,978882	26,613623	23,572306	18,846092	21,524622	25,109419	24,209985	100,078547	69,020540	61,915678	64,880824	57,530439	41,971067	54,009891	55,228281	69,086248
319,00	99,970621	23,468153	23,580785	26,104781	20,658658	16,203539	19,790110	22,823080	25,078103	99,947715	59,486628	59,364301	49,727494	38,078395	48,636931	51,309621	66,222686	66,157389	70,116770	99,995399	26,060575	25,180665	26,771209	23,772377	19,018275	21,725777	25,308138	24,425684	100,016439	69,191259	62,101579	65,018290	57,751173	42,224848	54,309350	55,417830	69,303626
320,00	99,939567	23,761103	23,752603	26,256102	20,718600	16,310118	19,925964	22,953163	25,313762	99,950719	59,645385	59,478641	49,758226	38,281712	48,667175	51,347691	66,423333	66,392809	70,310843	100,049436	26,321152	25,357780	26,985934	23,947982	19,190821	21,930166	25,494897	24,668181	99,999064	69,319671	62,290126	65,148026	57,947499	42,412007	54,557401	55,622929	69,479120
321,00	99,999791	24,048996	23,900284	26,372615	20,829234	16,431366	20,029154	23,057647	25,570053	100,022221	59,875673	59,619164	49,827695	38,458288	48,769116	51,473856	66,613656	66,638625	70,480865	100,022125	26,536208	25,499669	27,175629	24,106897	19,360769	22,139122	25,675803	24,892685	99,984950	69,442695	62,448865	65,315378	58,188039	42,631137	54,715490	55,845338	69,651848
322,00	100,008118	24,335913	24,070901	26,557219	20,949127	16,538590	20,184496	23,181452	25,801936	100,098979	60,064131	59,785348	49,877030	38,681567	48,820436	51,524812	66,849732	66,832489	70,718253	100,131214	26,791051	25,681856	27,397078	24,294187	19,549307	22,320618	25,850159	25,114200	99,982339	69,598317	62,654924	65,474665	58,383405	42,899340	54,973197	56,033498	69,784093
323,00	100,000703	24,576029	24,237818	26,703325	21,030179	16,691105	20,328102	23,346731	26,047444	100,130129	60,278434	59,871173	49,984151	38,928846	48,950177	51,635146	67,086250	67,065722	71,011180	100,103879	27,056661	25,947708	27,607983	24,530634	19,754326	22,497894	25,999665	25,341895	99,957359	69,770181	62,869340	65,606874	58,672136	43,182147	55,124056	56,266499	69,926381
324,00	100,011384	24,770395	24,425718	26,843259	21,058710	16,829187	20,475930	23,510781	26,292661	100,170875	60,411000	59,886366	50,049543	39,148113	49,012938	51,729578	67,275614	67,257273	71,178073	100,019193	27,275482	26,206315	27,811605	24,740922	19,947480	22,661261	26,125830	25,526398	99,919921	69,957113	63,024187	65,723670	58,885598	43,420181	55,350810	56,457400	70,053488
325,00	100,033915	24,937774	24,587189	26,953146	21,135187	16,985129	20,639098	23,696546	26,539600	100,175142	60,582978	59,947234	50,155574	39,337811	49,123493	51,869410	67,481011	67,453063	71,335840	99,952078	27,493569	26,436263	27,991828	24,934980	20,130898	22,877495	26,279816	25,747979	99,937689	70,066833	63,101673	65,857786	59,091860	43,664077	55,508250	56,685376	70,211339
326,00	100,071597	25,134391	24,758005	27,101848	21,256194	17,134871	20,776756	23,815897	26,754862	100,127935	60,626566	60,030353	50,215131	39,472228	49,184313	51,982021	67,559487	67,607415	71,444100	99,956423	27,679899	26,605314	28,162217	25,107902	20,291214	23,091242	26,451162	25,949529	100,000942	70,248306	63,249713	65,988135	59,280241	43,927249	55,733848	56,849545	70,401555
327,00	100,028157	25,346255	24,927175	27,235815	21,407507	17,262377	20,919509	23,949911	26,899880	100,026023	60,689199	60,156161	50,314069	39,628583	49,271062	52,097028	67,663199	67,670095	71,593499	99,970037	27,891597	26,740885	28,314653	25,267723	20,475870	23,284127	26,606849	26,135316	99,972868	70,367241	63,353896	66,016501	59,456456	44,164929	55,892164	57,002527	70,515633
328,00	100,002253	25,539544	25,061700	27,405545	21,503076	17,377801	21,044439	24,084969	27,072167	99,946433	60,703766	60,237199	50,379866	39,751545	49,290723	52,180248	67,719728	67,779887	71,676737	99,950564	28,084663	26,854762	28,483307	25,425893	20,642380	23,438935	26,741424	26,297805	100,041974	70,493859	63,548779	66,140687	59,698552	44,438618	56,084794	57,231402	70,650452
329,00	99,942160	25,703889	25,205171	27,519038	21,639611	17,497297	21,168084	24,241762	27,244088	99,945170	60,814786	60,310668	50,476271	39,971769	49,353179	52,237415	67,845434	67,817879	71,781379	99,906862	28,204811	26,964414	28,598288	25,530151	20,789060	23,564763	26,837409	26,425797	100,023496	70,563811	63,651305	66,254556	59,849340	44,648442	56,223756	57,378042	70,727515
330,00	99,933833	25,857562	25,342935	27,666304	21,751451	17,640761	21,311295	24,384470	27,442339	100,095820	60,954028	60,465753	50,579935	40,147442	49,476245	52,329367	67,959815	67,968851	71,943015	99,990273	28,379983	27,144766	28,736106	25,674382	20,929857	23,712540	26,973000	26,593736	100,040138	70,688903	63,776761	66,388613	60,012770	44,867066	56,431609	57,518572	70,816159
331,00	99,939513	26,001978	25,510895	27,793458	21,878622	17,787626	21,466821	24,491295	27,589449	100,136995	61,009520	60,486120	50,707102	40,365791	49,623212	52,407932	68,062001	68,072486	72,129232	100,028467	28,518885	27,292901	28,844863	25,793040	21,058492	23,839380	27,092203	26,743805	99,934745	70,750290	63,827574	66,384745	60,076326	45,037365	56,589007	57,608807	70,852667
332,00	99,897075	26,098177	25,602472	27,901164	21,949296	17,917471	21,594436	24,600390	27,693847	100,129652	61,042529	60,536534	50,790411	40,477857	49,714753	52,478069	68,147558	68,188047	72,204506	100,017595	28,722563	27,427199	28,983399	25,931370	21,182485	23,988490	27,243537	26,915976	99,865210	70,745826	63,868409	66,392970	60,158676	45,235607	56,713879	57,722950	70,833975
333,00	99,956673	26,214209	25,699162	27,981684	22,052093	18,065567	21,716109	24,703501	27,805945	100,049746	61,080676	60,509062	50,866598	40,617716	49,802503	52,521664	68,216240	68,171167	72,276098	100,035226	28,861070	27,528617	29,123256	26,073080	21,330778	24,113733	27,358866	27,074763	99,937749	70,788050	64,001429	66,437715	60,308665	45,415637	56,871092	57,934082	70,936942
334,00	99,895823	26,334316	25,793868	28,060320	22,167471	18,209143	21,824870	24,836928	27,928194	100,053799	61,175793	60,597426	50,959933	40,753996	49,870270	52,563834	68,219137	68,207574	72,283387	100,049353	29,020688	27,638683	29,223195	26,199061	21,470191	24,238455	27,488303	27,212027	99,985206	70,862597	64,065850	66,476339	60,508502	45,561755	56,973374	58,041871	70,964259
335,00	99,968547	26,505738	25,932875	28,153923	22,299570	18,327911	21,945192	24,964912	28,074396	100,073004	61,278820	60,622907	51,087403	40,904152	49,993274	52,659780	68,249512	68,208778	72,375369	100,007844	29,102951	27,749559	29,331774	26,304528	21,612398	24,345312	27,561966	27,307931	100,009370	70,963812	64,182413	66,489905	60,659647	45,732188	57,124287	58,174169	71,032631
336,00	99,937075	26,604477	26,032984	28,240454	22,459373	18,456954	22,064467	25,083005	28,154364	100,095057	61,340147	60,636634	51,195276	41,023454	50,071883	52,739286	68,230897	68,224406	72,407317	100,037193	29,204133	27,875289	29,401579	26,378122	21,741717	24,478799	27,684262	27,410087	99,965757	71,019834	64,232641	66,527092	60,754418	45,890275	57,247233	58,230650	70,995885
337,00	99,980855	26,698396	26,142624	28,349259	22,622007	18,583490	22,182322	25,194722	28,233975	100,062680	61,378312	60,667753	51,281857	41,198826	50,224000	52,834886	68,290710	68,230021	72,486657	100,000668	29,296693	27,998635	29,516694	26,483458	21,875373	24,614319	27,777308	27,505884	100,059283	71,057570	64,403319	66,625386	60,855108	46,106079	57,383758	58,375913	70,994204
338,00	99,962062	26,778123	26,240408	28,450432	22,782341	18,753800	22,336203	25,324041	28,319266	100,064921	61,406308	60,749608	51,439655	41,361156	50,334668	52,912593	68,241727	68,241847	72,512645	100,092292	29,384017	28,092006	29,596666	26,572284	21,988577	24,733518	27,907205	27,598771	100,036740	71,021760	64,463234	66,660333	60,939032	46,277782	57,529789	58,482498	70,968115
339,00	99,959636	26,887631	26,336649	28,587431	22,949438	18,913311	22,485620	25,477195	28,417969	100,080895	61,476874	60,886365	51,646745	41,598389	50,499785	53,064835	68,264395	68,283772	72,559226	100,073946	29,484671	28,182790	29,683149	26,684541	22,082369	24,846137	27,979645	27,699432	100,065517	71,000361	64,608634	66,678590	61,022031	46,451035	57,678938	58,622271	70,969152
340,00	99,946809	26,985794	26,416677	28,686270	23,130000	19,108130	22,661623	25,618652	28,523436	100,122738	61,595595	61,029524	51,931810	41,781873	50,685877	53,230053	68,238658	68,334007	72,602165	100,135350	29,566050	28,282037	29,745635	26,769638	22,195168	24,955279	28,067040	27,801812	99,993128	70,985293	64,611006	66,696543	61,093444	46,595263	57,851303	58,739084	70,995909
341,00	99,919856	27,057147	26,510447	28,809732	23,360071	19,320388	22,825760	25,762740	28,609633	100,049412	61,616683	61,113048	52,162027	42,009172	50,879562	53,348649	68,229407	68,334788	72,569036	100,118899	29,690462	28,384146	29,841080	26,881999	22,329085	25,067994	28,127822	27,890238	100,013387	70,988250	64,682931	66,765535	61,200118	46,749634	57,974696	58,906466	71,038353
342,00	99,851561	27,123818	26,644826	28,918806	23,564661	19,525629	23,025091	25,902468	28,705212	100,016272	61,665148	61,245650	52,444869	42,218265	51,108366	53,551096	68,205810	68,360144	72,574645	100,016093	29,773948	28,458643	29,943669	26,969421	22,455050	25,157183	28,205961	27,945822	100,032961	70,998937	64,709777	66,836572	61,315471	46,927822	58,134931	59,057087	71,092558
343,00	99,832541	27,180490	26,749602	29,046640	23,828459	19,748434	23,218681	26,071376	28,740272	99,955922	61,655676	61,336565	52,737904	42,439193	51,369077	53,716123	68,192881	68,245995	72,495604	99,958313	29,863557	28,523719	30,021214	27,072516	22,563273	25,265181	28,284028	28,025419	100,033534	70,969248	64,768946	66,838354	61,368066	47,090808	58,219743	59,153891	71,043199
344,00	99,903595	27,257612	26,875553	29,172590	24,104975	19,978926	23,450990	26,259100	28,789338	99,954599	61,708927	61,528766	53,114629	42,690459	51,672536	53,957641	68,209422	68,217230	72,464228	99,978399	29,934174	28,606173	30,099183	27,168053	22,666840	25,388587	28,413591	28,102064	100,045741	70,965874	64,811933	66,802484	61,453307	47,249264	58,352095	59,251755	71,004373
345,00	99,982661	27,319121	26,962173	29,338568	24,400064	20,275819	23,653711	26,461449	28,846049	99,927956	61,769915	61,636901	53,505504	42,963666	51,988983	54,138899	68,212271	68,209136	72,444040	100,078356	30,020872	28,681844	30,176854	27,251512	22,774750	25,510457	28,519869	28,190935	99,943763	70,903039	64,848638	66,755545	61,492372	47,364703	58,421218	59,315580	70,918602
346,00	99,971217	27,409220	27,081773	29,458594	24,693869	20,571899	23,869643	26,665208	28,959358	99,980766	61,872327	61,828458	53,925097	43,277133	52,320516	54,395407	68,260956	68,302542	72,457969	100,053751	30,079004	28,737670	30,259386	27,341214	22,869766	25,597319	28,616929	28,237945	99,927282	70,922542	64,872432	66,743559	61,599690	47,511724	58,551359	59,430814	70,892739
347,00	99,907166	27,478936	27,174264	29,586768	24,963088	20,874725	24,080384	26,843202	29,050401	100,043404	61,966878	61,978835	54,309905	43,520138	52,636296	54,633880	68,220514	68,253762	72,492099	100,048757	30,156046	28,834650	30,323634	27,442566	22,975540	25,707769	28,694773	28,296891	99,925405	70,894194	64,927500	66,775477	61,736178	47,661060	58,707118	59,531844	70,905524
348,00	99,867839	27,555901	27,287042	29,668474	25,259531	21,143532	24,310173	27,002975	29,117188	100,045049	62,020904	62,178171	54,708636	43,805677	52,938098	54,866582	68,227392	68,217194	72,448355	99,964195	30,197442	28,911388	30,354318	27,516457	23,075576	25,794730	28,760484	28,349382	99,983495	70,909750	64,960122	66,811854	61,862993	47,834060	58,857095	59,661609	70,912153
349,00	99,919927	27,594423	27,391505	29,806894	25,544572	21,413049	24,547189	27,174470	29,153955	99,981713	62,051547	62,328738	55,076963	44,087341	53,221935	55,069417	68,135744	68,144935	72,434050	99,986106	30,261424	28,996474	30,425429	27,584827	23,186579	25,896332	28,824037	28,408179	100,026929	70,881981	64,971870	66,838157	61,971819	47,991315	59,000003	59,775752	70,929533
350,00	99,947596	27,668294	27,479950	29,927996	25,809672	21,673208	24,746941	27,351865	29,225913	99,895781	62,096065	62,470978	55,434150	44,383770	53,545058	55,271250	68,137717	68,184417	72,380739	99,996763	30,309871	29,055080	30,482870	27,672485	23,293279	25,969839	28,900415	28,467938	100,021935	70,898736	64,956576	66,880107	62,007678	48,122472	59,098923	59,868819	70,877206
351,00	99,933022	27,714908	27,552620	30,039605	26,032129	21,933030	24,923013	27,513763	29,278648	99,924439	62,172437	62,582582	55,756086	44,629803	53,817809	55,429417	68,119591	68,152720	72,406578	100,003099	30,384284	29,141569	30,568016	27,767554	23,399371	26,086280	28,987870	28,534287	100,038433	70,870066	64,946914	66,861761	62,074667	48,246714	59,209055	59,966111	70,865744
352,00	99,904579	27,786896	27,630135	30,146712	26,219818	22,149950	25,079352	27,645218	29,351446	99,934846	62,259775	62,694186	56,061858	44,870320	54,079878	55,595964	68,140411	68,176085	72,410119	100,016475	30,437881	29,229692	30,630457	27,852067	23,505636	26,191452	29,088494	28,593811	100,045657	70,844972	64,989984	66,868430	62,129480	48,369035	59,280527	60,022980	70,867133
353,00	99,905455	27,844015	27,710760	30,263796	26,411971	22,349153	25,224382	27,736858	29,383796	99,966395	62,279314	62,777478	56,299973	45,128328	54,259795	55,696309	68,109894	68,122095	72,406274	99,976385	30,480871	29,282349	30,683547	27,918786	23,597473	26,299584	29,176375	28,664204	100,072062	70,786631	65,082490	66,848069	62,201095	48,533848	59,425706	60,150158	70,869863
354,00	99,922049	27,915391	27,788019	30,385762	26,594886	22,534271	25,385520	27,862170	29,459929	99,937296	62,271029	62,838227	56,490690	45,347202	54,453200	55,832249	68,067098	68,111145	72,402263	100,043893	30,514303	29,341629	30,755424	28,010499	23,689432	26,400632	29,249391	28,704461	100,055134	70,744461	65,134490	66,859674	62,266260	48,666683	59,514505	60,234618	70,818579
355,00	99,944663	27,978873	27,837938	30,470511	26,748678	22,705255	25,511733	27,964690	29,526120	99,958277	62,258101	62,888026	56,654751	45,521468	54,582638	55,907625	68,039244	68,075448	72,417390	100,029755	30,563754	29,403991	30,814499	28,064817	23,771334	26,474264	29,317525	28,738284	100,070381	70,723593	65,194976	66,825330	62,370420	48,791912	59,663516	60,360330	70,758849
356,00	99,984312	28,018793	27,897760	30,526268	26,863039	22,890539	25,643584	28,064787	29,602578	99,972695	62,248957	62,934780	56,812054	45,668426	54,674578	55,983281	68,014932	68,083590	72,429109	100,009775	30,638391	29,476210	30,900171	28,119409	23,864959	26,552361	29,361638	28,770509	99,994230	70,687002	65,178335	66,791987	62,421262	48,882923	59,712160	60,397506	70,665306
357,00	100,021100	28,100923	27,970922	30,554891	26,986030	23,032486	25,735211	28,142908	29,669765	100,002587	62,257791	62,977642	56,947023	45,794186	54,776764	56,033188	68,027991	68,100959	72,395808	99,948084	30,684114	29,518929	30,944437	28,149226	23,938522	26,617157	29,417795	28,806609	99,965698	70,619464	65,149236	66,777563	62,465739	48,977458	59,784687	60,449040	70,588011
358,00	99,965858	28,176507	28,033766	30,607870	27,081838	23,178701	25,828874	28,188375	29,717320	99,972653	62,202191	63,005644	57,014447	45,904973	54,836488	56,072736	68,054193	68,073744	72,324407	100,022352	30,745810	29,588372	31,000075	28,235900	24,013792	26,718298	29,489046	28,865749	99,950707	70,547426	65,153587	66,814005	62,470460	49,126527	59,839243	60,527313	70,557272
359,00	99,968791	28,277797	28,095004	30,662522	27,172163	23,295984	25,908956	28,241158	29,786399	100,001752	62,201202	63,014430	57,065576	45,994893	54,905087	56,102467	68,114281	68,054205	72,302103	100,028837	30,780572	29,649055	31,033167	28,304049	24,093994	26,796424	29,555732	28,894103	99,987608	70,481700	65,148544	66,806740	62,494773	49,228993	59,857786	60,602295	70,518738
360,00	99,947333	28,349149	28,135267	30,754685	27,255225	23,424469	25,986001	28,289983	29,854813	100,020015	62,168318	63,009816	57,101941	46,092418	54,923624	56,107187	68,112063	68,054599	72,308177	100,056279	30,846512	29,720590	31,102586	28,401935	24,202216	26,910332	29,646140	28,955811	99,998754	70,474184	65,221900	66,834104	62,563229	49,332687	59,963489	60,656732	70,507628
361,00	99,967325	28,425691	28,196099	30,798656	27,322894	23,539400	26,058021	28,371087	29,939362	100,054526	62,153959	63,001174	57,134581	46,172103	54,951918	56,106251	68,115425	68,099523	72,298276	99,965477	30,887553	29,749909	31,159124	28,463152	24,302557	26,979768	29,709846	29,000756	100,037527	70,449042	65,259558	66,815495	62,633318	49,448329	60,015154	60,713059	70,472467
362,00	99,950927	28,495491	28,246775	30,852959	27,406287	23,611785	26,115596	28,422439	30,007431	100,025904	62,092382	63,009953	57,121205	46,247783	54,976285	56,086612	68,074560	68,132597	72,292691	99,934906	30,950344	29,818267	31,210044	28,543746	24,377780	27,071983	29,772148	29,067382	100,019717	70,455140	65,318400	66,809058	62,706530	49,560136	60,098004	60,771894	70,448983
363,00	99,939698	28,572425	28,282985	30,876458	27,448228	23,685811	26,189062	28,464663	30,091020	99,959618	61,988837	63,002509	57,105362	46,312654	54,960066	56,029987	68,073922	68,126345	72,264349	99,930239	30,991289	29,895383	31,252778	28,613245	24,450450	27,131605	29,813868	29,102415	100,061178	70,430094	65,335310	66,815239	62,761736	49,727857	60,159624	60,878402	70,410419
364,00	99,924719	28,651023	28,307548	30,927402	27,534664	23,757811	26,243255	28,513199	30,182776	99,957830	61,969548	63,011515	57,101536	46,388263	54,970735	56,013453	68,084556	68,136346	72,240263	99,976712	31,032786	29,988229	31,309098	28,686243	24,538833	27,210152	29,855460	29,147184	99,974221	70,365763	65,331441	66,747618	62,782633	49,790928	60,212255	60,902905	70,350981
365,00	99,935973	28,717515	28,326136	30,966049	27,590966	23,839615	26,316020	28,574693	30,265579	100,025904	61,942166	63,013971	57,097340	46,454448	54,995322	55,989623	68,143159	68,168771	72,244090	100,012290	31,060618	30,036536	31,380418	28,763652	24,633962	27,270445	29,928029	29,194167	99,983245	70,313746	65,321678	66,748041	62,814283	49,919277	60,308444	60,932493	70,333093
366,00	99,995154	28,794792	28,354847	31,021124	27,664968	23,925413	26,358092	28,615704	30,330878	100,105679	61,929005	63,014054	57,095063	46,505427	55,016917	55,969393	68,218720	68,232483	72,270894	99,999535	31,096876	30,083007	31,439579	28,812730	24,718828	27,342677	29,988837	29,247373	99,935400	70,225304	65,312856	66,662669	62,821448	49,973613	60,327971	60,939276	70,304251
367,00	100,075483	28,861380	28,382349	31,070495	27,714777	23,986045	26,412955	28,638148	30,397004	100,059903	61,815852	62,963229	57,036871	46,525910	54,967427	55,873555	68,179405	68,258798	72,241187	99,943674	31,149992	30,118775	31,488845	28,882912	24,799028	27,400056	30,042285	29,287416	100,022840	70,231330	65,372610	66,737467	62,887740	50,107569	60,410398	61,015016	70,287597
368,00	100,087893	28,950280	28,395310	31,113586	27,785653	24,049819	26,459616	28,668889	30,473149	100,000763	61,736947	62,908769	57,032454	46,553758	54,935896	55,780715	68,214691	68,297118	72,213602	99,960607	31,192726	30,157569	31,539321	28,926933	24,898104	27,465096	30,086172	29,336539	100,005794	70,150965	65,379256	66,695571	62,891459	50,181955	60,458690	61,079007	70,211709
369,00	100,045204	29,027930	28,428772	31,145829	27,877104	24,109869	26,505998	28,708473	30,530098	99,966562	61,661536	62,826627	56,993276	46,558177	54,907560	55,718184	68,183523	68,328154	72,171152	99,998099	31,241667	30,218765	31,574905	28,977099	24,977118	27,532676	30,150178	29,370105	100,063026	70,142728	65,419829	66,730082	62,928480	50,324494	60,508865	61,153054	70,167643
370,00	99,987584	29,129058	28,464401	31,191993	27,958322	24,201788	26,562309	28,756949	30,598918	100,039208	61,585951	62,817287	56,973982	46,600083	54,929304	55,650890	68,260747	68,369812	72,212929	100,017786	31,283042	30,299759	31,625503	29,041171	25,056008	27,618477	30,218449	29,409775	100,026965	70,102620	65,374857	66,667521	62,922972	50,385183	60,569978	61,190796	70,098913
371,00	99,935359	29,220206	28,507209	31,232306	28,024545	24,278432	26,607150	28,806612	30,673856	100,105548	61,517012	62,792921	56,951219	46,627331	54,892576	55,592173	68,247139	68,389916	72,196829	99,984813	31,323949	30,367380	31,693247	29,083902	25,115699	27,691361	30,260995	29,439077	100,068700	70,092642	65,396303	66,666603	62,981129	50,500673	60,607272	61,200780	70,069122
372,00	99,955785	29,344538	28,522119	31,294709	28,095549	24,346061	26,701379	28,849074	30,763009	100,132108	61,402589	62,775469	56,947470	46,648410	54,887772	55,480242	68,289918	68,367857	72,166991	99,932581	31,372869	30,407703	31,748599	29,159811	25,205749	27,778062	30,305448	29,487479	100,055742	70,073539	65,356123	66,603279	63,030523	50,622225	60,705960	61,236006	70,000696
373,00	99,941039	29,442710	28,533208	31,348836	28,163853	24,408218	26,766038	28,874567	30,839416	100,124419	61,315858	62,689120	56,966573	46,666408	54,849988	55,381316	68,307823	68,352151	72,129035	99,939919	31,418577	30,451995	31,806734	29,206353	25,311559	27,854180	30,367196	29,518792	100,048184	70,010108	65,389258	66,538733	63,091993	50,798410	60,728341	61,282730	69,966280
374,00	99,912727	29,530030	28,543755	31,424612	28,257293	24,470347	26,831472	28,902033	30,904299	100,036097	61,171693	62,607485	56,944042	46,652934	54,842126	55,262125	68,326360	68,332726	72,105467	99,928093	31,480560	30,500662	31,823927	29,281434	25,388625	27,945855	30,431098	29,563424	100,033998	69,928956	65,371585	66,459405	63,147795	50,909686	60,785168	61,308730	69,924742
375,00	99,893463	29,587299	28,590763	31,490806	28,332749	24,532968	26,851463	28,933203	30,989236	100,024569	61,087084	62,572187	56,928706	46,669078	54,792112	55,161357	68,325257	68,363547	72,089529	99,920309	31,529838	30,562475	31,864572	29,333505	25,458524	28,006524	30,497566	29,592717	100,073743	69,855982	65,360862	66,438651	63,169122	51,006073	60,825330	61,336607	69,894594
376,00	99,947977	29,673037	28,635710	31,539339	28,434947	24,602549	26,901644	28,971303	31,054574	99,955893	60,977733	62,539548	56,893301	46,672592	54,753190	55,064297	68,323737	68,366969	72,056425	99,870461	31,583029	30,622688	31,904963	29,383650	25,529325	28,073585	30,553657	29,634985	100,095642	69,823098	65,344644	66,464376	63,171518	51,113892	60,901308	61,385792	69,877470
377,00	99,965447	29,760888	28,691399	31,579053	28,522107	24,679495	26,947433	29,013285	31,129614	99,983084	60,924852	62,534773	56,873637	46,672291	54,710501	54,984879	68,346167	68,361247	72,074348	99,885017	31,615540	30,687714	31,966078	29,425272	25,637901	28,131315	30,628228	29,661071	100,103557	69,802946	65,361625	66,454160	63,149202	51,267308	60,986912	61,465853	69,847971
378,00	99,947059	29,838914	28,703544	31,609705	28,603324	24,740271	26,995307	29,056704	31,186721	99,931985	60,860151	62,516469	56,861860	46,682820	54,708815	54,888034	68,396491	68,364829	72,080362	99,872869	31,637481	30,722964	32,002014	29,471558	25,712988	28,194138	30,670303	29,696375	100,036108	69,746345	65,392172	66,411448	63,147461	51,349640	61,000794	61,474466	69,781339
379,00	99,945343	29,914293	28,744707	31,647310	28,685379	24,801046	27,036834	29,117167	31,263143	99,950373	60,821706	62,513489	56,900901	46,680781	54,688585	54,841512	68,439639	68,390083	72,083938	99,903929	31,659520	30,760971	32,033184	29,537863	25,776851	28,258601	30,723479	29,741144	100,002050	69,706964	65,399820	66,357142	63,163352	51,442349	61,027360	61,502582	69,702423
380,00	99,964845	29,996780	28,775489	31,694320	28,798020	24,866821	27,091843	29,160789	31,333834	99,938756	60,772276	62,497419	56,914908	46,700808	54,672861	54,747790	68,443382	68,426031	72,040701	99,910009	31,692183	30,819929	32,084605	29,618871	25,859714	28,331491	30,769309	29,786649	99,943483	69,652385	65,395594	66,333544	63,190067	51,520330	61,038220	61,501956	69,641566
381,00	99,972987	30,080751	28,820989	31,729555	28,877524	24,933970	27,154052	29,214299	31,400388	99,944913	60,695684	62,455714	56,937850	46,723422	54,632884	54,701990	68,448365	68,422455	72,021997	99,950051	31,748626	30,879033	32,163098	29,679927	25,959009	28,388235	30,827531	29,837412	99,942201	69,636261	65,403587	66,354746	63,220865	51,666617	61,089247	61,540210	69,632286
382,00	99,997896	30,158812	28,857964	31,815821	28,973424	25,008002	27,221075	29,251480	31,456625	99,967581	60,665089	62,460226	56,948054	46,752167	54,664779	54,640627	68,472534	68,436074	72,007596	99,936271	31,794474	30,925483	32,219800	29,729316	26,053399	28,454599	30,892169	29,870421	99,943233	69,561678	65,396398	66,342092	63,239729	51,795971	61,136580	61,557668	69,606864
383,00	100,037050	30,243576	28,900155	31,906900	29,046661	25,073746	27,284744	29,322034	31,515425	99,985266	60,617918	62,459147	56,988543	46,804371	54,677516	54,630291	68,508798	68,460637	72,019112	99,945933	31,838217	30,969650	32,271060	29,770356	26,131278	28,529415	30,963418	29,927209	99,976218	69,544768	65,399575	66,338938	63,286978	51,929516	61,183518	61,635518	69,577157
384,00	100,061917	30,310410	28,949386	31,990689	29,143241	25,153312	27,339417	29,380685	31,589764	100,038874	60,626960	62,466836	57,015795	46,837783	54,724717	54,613113	68,508333	68,515527	72,012579	99,925405	31,878653	31,030849	32,292756	29,826939	26,215827	28,618783	31,039998	29,959711	99,984872	69,484282	65,392119	66,278619	63,295984	52,002847	61,230302	61,697012	69,531995
385,00	100,009120	30,382484	28,985769	32,047978	29,216105	25,211549	27,404013	29,434863	31,671751	100,037670	60,607147	62,449354	57,051599	46,861133	54,733735	54,592699	68,504113	68,527675	72,025388	99,940431	31,915635	31,093860	32,348758	29,876295	26,306742	28,690046	31,097594	30,003792	99,983513	69,467688	65,413266	66,266626	63,360429	52,112955	61,306417	61,770976	69,498545
386,00	99,982321	30,455634	29,032308	32,105082	29,300004	25,279823	27,478611	29,473862	31,739828	100,068974	60,592943	62,446606	57,096541	46,882129	54,757071	54,568869	68,503547	68,546027	72,018701	99,923182	31,960902	31,152523	32,387111	29,932821	26,394472	28,760928	31,143573	30,040181	99,974895	69,437110	65,417171	66,245002	63,376158	52,213717	61,373156	61,795872	69,462073
387,00	99,929965	30,521154	29,067743	32,145429	29,361257	25,322786	27,549231	29,503211	31,783500	100,016022	60,553420	62,458891	57,116598	46,897066	54,738420	54,525584	68,499917	68,512505	71,988738	99,956787	32,028788	31,206691	32,471463	29,989967	26,488447	28,823173	31,201965	30,080703	99,944037	69,414175	65,429997	66,245764	63,426954	52,366680	61,420536	61,838686	69,443542
388,00	99,921548	30,568960	29,100004	32,187593	29,435980	25,369713	27,605546	29,552972	31,822073	99,978912	60,503036	62,460160	57,111388	46,941039	54,738349	54,473299	68,509680	68,504983	71,960753	99,979925	32,085750	31,268340	32,527432	30,055273	26,575157	28,897455	31,270140	30,120942	99,944758	69,383585	65,437996	66,236860	63,422030	52,493274	61,448771	61,855721	69,424337
389,00	99,917239	30,624345	29,152262	32,220456	29,512855	25,429052	27,648753	29,596502	31,886885	99,915367	60,459334	62,436098	57,121909	46,976581	54,763317	54,453719	68,518561	68,487769	71,923643	100,001407	32,128370	31,321386	32,586455	30,116758	26,659653	28,951037	31,326455	30,163604	99,961311	69,372672	65,477622	66,238791	63,479567	52,611071	61,519915	61,922193	69,412363
390,00	99,962014	30,689353	29,201055	32,290509	29,606408	25,504455	27,718678	29,659462	31,963834	99,947298	60,469162	62,442374	57,163316	47,021991	54,827118	54,460937	68,537241	68,494868	71,958512	99,973017	32,145974	31,371206	32,629001	30,168223	26,720911	29,020095	31,366944	30,205849	99,959534	69,336724	65,457338	66,199332	63,500977	52,686220	61,572188	61,956829	69,375747
391,00	99,991941	30,749473	29,262573	32,332653	29,675636	25,573885	27,770442	29,718384	32,040012	99,977624	60,484022	62,437582	57,200634	47,062668	54,834431	54,469717	68,511164	68,508035	71,968299	99,995387	32,194996	31,432381	32,671559	30,221507	26,801416	29,075366	31,405669	30,236226	99,900365	69,297826	65,457761	66,159678	63,515657	52,744013	61,622649	61,987072	69,348419
392,00	99,949378	30,777416	29,296157	32,378766	29,718256	25,616631	27,839884	29,780495	32,084018	100,018239	60,499376	62,455976	57,234114	47,107819	54,847640	54,469562	68,516231	68,526757	71,988219	100,015056	32,255921	31,486130	32,716495	30,274245	26,881841	29,161024	31,453905	30,270407	99,871862	69,246560	65,439904	66,107798	63,480663	52,841300	61,614531	61,993784	69,304776
393,00	99,922544	30,835983	29,349467	32,428378	29,790449	25,683051	27,881178	29,844430	32,128575	100,025022	60,489005	62,438875	57,257020	47,137728	54,836482	54,454362	68,531150	68,532103	71,964777	100,018299	32,309142	31,544709	32,754025	30,331552	26,980424	29,231140	31,513315	30,313823	99,884033	69,207221	65,449858	66,094506	63,477933	52,936131	61,643833	62,017226	69,271857
394,00	99,908745	30,900949	29,407027	32,477787	29,863122	25,740966	27,941081	29,889303	32,156622	100,018108	60,485041	62,425929	57,278991	47,160938	54,870695	54,439288	68,539274	68,519926	71,923429	100,009441	32,352731	31,596449	32,808948	30,385825	27,057633	29,310495	31,573829	30,372325	99,923217	69,191092	65,426576	66,089761	63,485259	53,055644	61,659008	62,050295	69,227755
395,00	99,951291	30,975032	29,459375	32,532641	29,943809	25,812659	27,991524	29,929894	32,201785	100,019228	60,484862	62,399024	57,273179	47,172207	54,870850	54,417485	68,511695	68,484139	71,900749	99,983978	32,392910	31,650239	32,860005	30,439216	27,146178	29,352266	31,619483	30,410880	99,957436	69,162971	65,436941	66,107005	63,531554	53,173232	61,720324	62,100065	69,214761
396,00	99,989831	31,029958	29,508758	32,575139	29,998314	25,860727	28,043920	29,959586	32,248539	99,986440	60,433847	62,377310	57,255584	47,191325	54,873770	54,392087	68,480957	68,484533	71,856195	100,055242	32,433969	31,727016	32,926041	30,510756	27,227065	29,404801	31,675550	30,462453	99,972421	69,137299	65,452003	66,088384	63,556021	53,293115	61,767453	62,146229	69,206429
397,00	100,014460	31,082579	29,543170	32,626498	30,046806	25,917479	28,087342	30,008829	32,311109	99,984002	60,384482	62,350321	57,251871	47,192517	54,838765	54,363221	68,474180	68,477470	71,846658	100,064480	32,478869	31,771907	32,984272	30,555338	27,309537	29,462728	31,720179	30,506140	100,015485	69,119382	65,518796	66,100621	63,613337	53,405166	61,833864	62,195051	69,201761
398,00	100,042820	31,132504	29,583293	32,672811	30,089182	25,959772	28,119040	30,052745	32,369807	99,980617	60,369486	62,323105	57,261074	47,195730	54,811937	54,335165	68,490565	68,470609	71,799469	100,040984	32,521993	31,813768	33,013067	30,596915	27,381384	29,526687	31,772858	30,539411	100,028694	69,112664	65,524626	66,094756	63,603610	53,486770	61,844862	62,229055	69,196969
399,00	100,034797	31,181389	29,629344	32,730243	30,130255	25,985408	28,152618	30,082449	32,428786	99,993891	60,361177	62,301177	57,252288	47,194260	54,759932	54,301745	68,467844	68,421519	71,777046	99,969828	32,559803	31,829566	33,028641	30,614144	27,450415	29,569259	31,801629	30,567083	100,023496	69,105637	65,544975	66,085756	63,608199	53,598905	61,870790	62,264889	69,138610
400,00	100,024951	31,227735	29,666191	32,770160	30,164871	26,016518	28,189942	30,108735	32,472977	99,993342	60,346496	62,278605	57,224637	47,179601	54,735678	54,250932	68,439901	68,410027	71,749789	99,960935	32,602528	31,863284	33,053407	30,658248	27,523911	29,626420	31,848547	30,590859	99,995124	69,049406	65,496284	66,009283	63,567185	53,648359	61,868322	62,261552	69,069719
401,00	100,005889	31,273326	29,698646	32,790989	30,198509	26,049936	28,216660	30,127588	32,515216	99,997795	60,293865	62,251127	57,176131	47,176099	54,701006	54,185617	68,397284	68,397927	71,745878	100,002813	32,639161	31,912583	33,110127	30,713111	27,588418	29,675117	31,898025	30,637893	100,003052	68,993765	65,474814	65,950859	63,573706	53,716356	61,879241	62,254822	68,986738
402,00	99,990362	31,300581	29,714754	32,802582	30,214196	26,089033	28,239691	30,148304	32,537979	99,989802	60,233796	62,207747	57,132024	47,166392	54,655278	54,105592	68,386298	68,392372	71,729589	100,039983	32,688138	31,962979	33,161435	30,766320	27,663922	29,742730	31,960669	30,685544	100,036407	68,956017	65,477198	65,929693	63,594300	53,801727	61,900926	62,243593	68,964958
403,00	99,996275	31,338027	29,738608	32,852551	30,248514	26,125097	28,265777	30,169094	32,583851	100,008190	60,167277	62,142992	57,061481	47,151583	54,591674	54,005998	68,367529	68,341935	71,687722	100,045931	32,718813	32,014263	33,210492	30,817559	27,730975	29,799277	32,000813	30,736831	100,049710	68,948096	65,466762	65,924925	63,604426	53,886414	61,931324	62,270021	68,956673
404,00	99,976468	31,369057	29,757738	32,885975	30,260080	26,150802	28,278109	30,174354	32,620391	100,007296	60,132962	62,102258	56,991655	47,140515	54,521441	53,937227	68,359953	68,310517	71,661657	100,017846	32,763970	32,050076	33,248451	30,851001	27,807552	29,865938	32,050559	30,763921	100,010073	68,892390	65,458137	65,900838	63,599592	53,960109	61,956125	62,278533	68,918526
405,00	99,963188	31,426039	29,786521	32,916972	30,274028	26,172712	28,285080	30,191731	32,669070	100,050843	60,082990	62,048948	56,914866	47,109699	54,454535	53,857195	68,354058	68,297821	71,647364	100,009561	32,796451	32,093060	33,281147	30,897576	27,881485	29,913697	32,088634	30,796063	99,968046	68,848234	65,424347	65,846252	63,562512	54,003972	61,942387	62,291640	68,871087
406,00	99,943507	31,457505	29,814550	32,917300	30,281365	26,198813	28,284782	30,197039	32,703656	100,079525	60,045230	62,013233	56,842941	47,087818	54,380512	53,802449	68,337786	68,285906	71,647882	100,011802	32,823917	32,137349	33,303592	30,936334	27,957714	29,950076	32,145131	30,830002	99,960184	68,801993	65,421152	65,806681	63,572264	54,115146	61,957264	62,307554	68,837959
407,00	99,964499	31,507403	29,853547	32,955033	30,308014	26,231071	28,292558	30,213958	32,748348	100,087810	59,954387	61,937928	56,745321	47,036999	54,283285	53,680784	68,289894	68,253535	71,609116	100,038600	32,856292	32,191357	33,328739	30,989894	28,026855	29,990128	32,186291	30,868375	100,019932	68,811727	65,445220	65,804893	63,571811	54,223132	62,000334	62,352270	68,840933
408,00	99,978155	31,543648	29,862449	32,978770	30,324748	26,260695	28,304383	30,220330	32,783180	100,075889	59,884948	61,874956	56,651288	46,987578	54,179740	53,571749	68,237275	68,217713	71,568918	100,032878	32,886341	32,229039	33,381730	31,031477	28,089491	30,039579	32,218662	30,903777	100,043988	68,767339	65,431350	65,792704	63,582295	54,321277	62,037414	62,370878	68,812823
409,00	99,988586	31,590271	29,882932	33,007258	30,331957	26,275590	28,302535	30,215293	32,810208	100,055051	59,783441	61,804980	56,562841	46,946838	54,066944	53,445494	68,180430	68,183935	71,530700	99,992150	32,932755	32,266673	33,435929	31,081319	28,150538	30,098870	32,250744	30,934817	100,063932	68,734467	65,441412	65,782756	63,582397	54,385412	62,059873	62,378085	68,788278
410,00	100,006819	31,623319	29,892647	33,016908	30,330110	26,289606	28,316018	30,228767	32,844350	100,061119	59,713775	61,739737	56,480956	46,905503	53,975129	53,361815	68,163019	68,147612	71,510446	99,976403	32,956105	32,302982	33,480984	31,120098	28,214654	30,155858	32,290944	30,965194	100,042856	68,647653	65,380687	65,726286	63,561213	54,426879	62,020642	62,365854	68,730783
411,00	99,998230	31,649321	29,926452	33,046448	30,332449	26,313388	28,324071	30,238831	32,870594	100,042605	59,636575	61,655164	56,370193	46,852320	53,881854	53,276670	68,121713	68,096375	71,462148	99,972081	32,995206	32,346258	33,514360	31,154963	28,282219	30,200586	32,328841	30,991924	100,058568	68,614870	65,396035	65,701222	63,551742	54,484069	62,024248	62,369144	68,700266
412,00	100,032306	31,681144	29,937968	33,071926	30,344871	26,331246	28,337556	30,257860	32,934642	100,018346	59,588224	61,591125	56,275034	46,811625	53,808379	53,185374	68,094558	68,050843	71,429014	100,029790	33,032593	32,398242	33,544460	31,199887	28,363571	30,248040	32,375354	31,026125	100,029039	68,568230	65,358359	65,649652	63,533264	54,549664	62,013286	62,373376	68,627107
413,00	100,007999	31,711107	29,949275	33,103099	30,351707	26,364321	28,359276	30,257425	32,969397	99,998438	59,530091	61,515409	56,200171	46,766582	53,730237	53,086495	68,024898	68,022209	71,387976	100,038409	33,073127	32,460406	33,577797	31,227010	28,439245	30,297574	32,413059	31,050280	100,010324	68,535370	65,358680	65,617144	63,529187	54,628038	62,054181	62,367105	68,586540
414,00	100,030518	31,747711	29,960847	33,127788	30,361155	26,395923	28,369588	30,276573	33,014828	100,009489	59,475255	61,466247	56,152415	46,767208	53,685516	52,990741	67,985314	68,001074	71,349436	100,033772	33,100006	32,507145	33,595234	31,273916	28,513286	30,351084	32,462943	31,078860	100,010860	68,493462	65,334696	65,567565	63,530844	54,719013	62,075335	62,371993	68,556267
415,00	99,983573	31,783235	29,980078	33,139941	30,362463	26,422530	28,379676	30,280545	33,028519	100,021553	59,417456	61,416280	56,106341	46,743900	53,627568	52,923918	67,951226	67,981482	71,313447	99,997008	33,112994	32,536575	33,628970	31,294575	28,569704	30,397117	32,495522	31,094018	100,030673	68,471396	65,349329	65,557152	63,535601	54,830247	62,105328	62,389100	68,532568
416,00	99,992490	31,827813	30,004433	33,173764	30,389190	26,449218	28,385574	30,297279	33,070478	100,011492	59,357208	61,392635	56,019151	46,743238	53,580230	52,870494	67,945611	67,951727	71,292901	100,018501	33,149731	32,556918	33,652055	31,334764	28,640440	30,439425	32,533905	31,118867	100,073826	68,451411	65,361905	65,552193	63,559175	54,948449	62,136424	62,446690	68,515754
417,00	99,996126	31,862283	30,028600	33,190811	30,426261	26,470685	28,421500	30,305010	33,124715	99,986732	59,289873	61,337107	55,950010	46,720478	53,520739	52,817559	67,891532	67,901313	71,262598	100,018024	33,175778	32,582784	33,687237	31,355590	28,709278	30,474937	32,577911	31,140140	100,068641	68,423843	65,343285	65,532404	63,563800	55,029154	62,145633	62,449878	68,462485
418,00	100,048137	31,894356	30,055907	33,236432	30,452996	26,501456	28,445891	30,334833	33,180007	99,983358	59,238690	61,303896	55,885386	46,719196	53,477478	52,784973	67,852855	67,874968	71,229059	100,024652	33,216766	32,618716	33,717310	31,384322	28,784332	30,520532	32,618091	31,169656	100,105870	68,381172	65,338373	65,507144	63,572431	55,112869	62,153673	62,466007	68,427581
419,00	100,040197	31,912369	30,079839	33,252057	30,467057	26,537889	28,464225	30,354333	33,206272	99,987632	59,203523	61,259460	55,865794	46,729481	53,440845	52,739912	67,817330	67,835426	71,181542	100,001669	33,245227	32,647189	33,756769	31,413275	28,842527	30,567652	32,664907	31,215072	100,079572	68,332511	65,308088	65,447676	63,563281	55,173677	62,143999	62,436825	68,355107
420,00	100,038016	31,951150	30,102119	33,270139	30,480590	26,575610	28,473604	30,367881	33,232534	99,992859	59,172374	61,218274	55,841249	46,741772	53,419322	52,699721	67,795020	67,806005	71,160853	100,005043	33,279020	32,685658	33,784959	31,451726	28,912705	30,619928	32,699969	31,245148	100,072443	68,302864	65,304559	65,429521	63,560343	55,241686	62,166983	62,464982	68,313956
421,00	100,027645	31,985655	30,140269	33,285487	30,510741	26,615649	28,503036	30,382508	33,255872	99,985510	59,138030	61,150593	55,792433	46,754390	53,384566	52,640545	67,760789	67,748713	71,118283	99,987584	33,315253	32,722461	33,807757	31,493095	28,980231	30,665624	32,745907	31,267968	100,052857	68,245506	65,276957	65,398031	63,548374	55,309218	62,167150	62,468630	68,263841
422,00	100,033963	32,027814	30,165660	33,306766	30,528268	26,648828	28,539383	30,400467	33,289722	99,994409	59,092450	61,103410	55,736613	46,741882	53,360808	52,590579	67,715949	67,708135	71,082669	100,019121	33,354375	32,765117	33,842647	31,537843	29,059228	30,713364	32,783902	31,282052	100,048649	68,199122	65,284628	65,386236	63,539529	55,395740	62,169307	62,488562	68,224889
423,00	100,020289	32,044414	30,178741	33,336708	30,557412	26,684621	28,556412	30,417314	33,314312	99,993277	59,050882	61,069518	55,667651	46,748933	53,307235	52,536184	67,674887	67,654157	71,026683	100,004268	33,387828	32,807678	33,882129	31,574240	29,135299	30,769354	32,829097	31,309873	100,033176	68,119943	65,273696	65,334159	63,523549	55,486095	62,157255	62,457752	68,160093
424,00	100,006413	32,090518	30,185080	33,363271	30,572301	26,720199	28,590387	30,438155	33,349651	100,040245	59,003538	61,049765	55,631256	46,744281	53,271222	52,489501	67,639273	67,637962	71,010262	100,005639	33,411133	32,841220	33,923000	31,604216	29,201967	30,818543	32,863945	31,343219	100,002217	68,080896	65,274167	65,290350	63,513631	55,555308	62,182844	62,452698	68,102270
425,00	99,977577	32,113895	30,200064	33,390507	30,603316	26,752999	28,613195	30,455649	33,383048	100,067532	58,942932	61,009020	55,571169	46,740615	53,209555	52,429402	67,607504	67,607570	70,969582	99,976218	33,428237	32,876965	33,963817	31,642747	29,265830	30,865037	32,895020	31,385413	99,970824	68,055719	65,258718	65,268534	63,510251	55,641955	62,207991	62,461013	68,052948
426,00	99,961549	32,153958	30,221137	33,425000	30,619851	26,778817	28,633097	30,458260	33,413678	100,074482	58,886850	60,971636	55,512148	46,718761	53,152895	52,356082	67,581755	67,592615	70,936614	100,003386	33,460224	32,912701	34,001788	31,689918	29,333022	30,906770	32,934451	31,425089	99,940485	68,039376	65,263832	65,262300	63,503706	55,735075	62,242150	62,496471	68,048477
427,00	99,953288	32,173419	30,237800	33,459499	30,638555	26,812953	28,640869	30,457127	33,451229	100,030291	58,824569	60,923117	55,434328	46,710753	53,095853	52,281433	67,545509	67,539042	70,902228	100,020850	33,489141	32,957783	34,041947	31,741095	29,415181	30,950770	32,970616	31,453511	99,921882	67,998618	65,247869	65,238988	63,483506	55,833101	62,236726	62,515706	68,011618
428,00	99,987954	32,221061	30,253419	33,478290	30,653992	26,839906	28,657711	30,469429	33,485878	100,007474	58,770776	60,869324	55,385882	46,710557	53,044081	52,211595	67,523557	67,491007	70,889848	100,010276	33,520180	32,995045	34,075221	31,781995	29,505315	30,996692	33,017394	31,474426	99,912834	67,932695	65,233451	65,197533	63,467813	55,900264	62,239629	62,509334	67,978662
429,00	99,999076	32,255176	30,277526	33,506104	30,659112	26,873708	28,686804	30,498815	33,524200	100,004721	58,705431	60,822892	55,318844	46,698558	52,976942	52,138722	67,483175	67,443228	70,865762	99,996257	33,550906	33,034295	34,109929	31,819314	29,577553	31,041262	33,050916	31,486389	99,920279	67,890447	65,213495	65,156454	63,471204	55,972028	62,240207	62,531322	67,920691
430,00	100,006878	32,276359	30,285537	33,512220	30,677032	26,904523	28,692201	30,512086	33,545643	100,009036	58,629614	60,752779	55,251294	46,663606	52,900296	52,058244	67,441797	67,408228	70,834708	99,997830	33,581841	33,070588	34,136528	31,862262	29,650190	31,087238	33,094350	31,520101	99,909240	67,832750	65,212786	65,116537	63,471037	56,045175	62,252593	62,536198	67,871714
431,00	100,011373	32,309636	30,315110	33,543208	30,684364	26,930341	28,691611	30,514789	33,589250	100,028217	58,570635	60,695386	55,172038	46,623066	52,819902	51,967424	67,387748	67,391866	70,806670	99,994409	33,607656	33,102646	34,164318	31,895441	29,696000	31,130075	33,137441	31,545347	99,925089	67,804450	65,201652	65,082121	63,467550	56,149018	62,267804	62,547088	67,824823
432,00	100,015247	32,341549	30,320191	33,560014	30,702209	26,957652	28,696367	30,513632	33,613521	100,027037	58,508563	60,612893	55,103683	46,595737	52,754009	51,888990	67,351639	67,345917	70,780420	99,989158	33,632633	33,140233	34,202468	31,933221	29,763022	31,174743	33,179432	31,584397	99,934733	67,764592	65,191138	65,057886	63,466799	56,251210	62,288111	62,550557	67,798346
433,00	99,994475	32,384980	30,348822	33,601648	30,713496	26,983047	28,721413	30,521327	33,647826	100,016093	58,434314	60,550374	55,034715	46,580413	52,675462	51,787519	67,310905	67,297906	70,723075	99,990743	33,665901	33,183429	34,232485	31,966192	29,832536	31,219786	33,220181	31,611985	99,976134	67,748088	65,187109	65,061563	63,465548	56,364614	62,317270	62,564206	67,791295
434,00	99,995208	32,406932	30,359218	33,630344	30,736181	27,025205	28,747687	30,533746	33,672610	99,969262	58,357990	60,508877	54,964703	46,571827	52,620220	51,707315	67,256927	67,236108	70,672607	100,013149	33,696121	33,227840	34,262875	32,007369	29,924467	31,272921	33,256739	31,638339	99,971926	67,723489	65,190595	65,060216	63,479412	56,454539	62,337327	62,589914	67,784941
435,00	100,005972	32,446578	30,395171	33,658749	30,756822	27,059877	28,774059	30,557984	33,705369	99,980795	58,302242	60,490847	54,917979	46,591151	52,593893	51,663607	67,225212	67,220581	70,646632	100,051832	33,734706	33,276340	34,291390	32,054749	30,007562	31,336257	33,298749	31,671199	99,960196	67,690420	65,191960	65,044367	63,471407	56,535679	62,351489	62,603319	67,747015
436,00	100,024080	32,478794	30,421677	33,688611	30,789003	27,105844	28,807053	30,583900	33,737957	100,006688	58,273238	60,465610	54,889083	46,609363	52,557296	51,621383	67,180580	67,203087	70,635444	100,056875	33,769217	33,315346	34,332940	32,109728	30,090615	31,392273	33,336395	31,701025	99,957466	67,648286	65,195656	65,019286	63,473386	56,611574	62,359071	62,622821	67,705899
437,00	100,008607	32,505095	30,452079	33,722973	30,817530	27,150911	28,848299	30,615789	33,757976	100,011599	58,250076	60,404605	54,867703	46,649975	52,526265	51,598477	67,140096	67,171979	70,593119	100,026202	33,792567	33,358303	34,366971	32,155973	30,148256	31,428540	33,377773	31,723818	99,985451	67,613703	65,175337	64,987528	63,473368	56,702924	62,382388	62,644076	67,652643
438,00	100,028837	32,526824	30,478576	33,764920	30,851004	27,198985	28,888929	30,656016	33,793178	100,033712	58,248430	60,379964	54,848343	46,690705	52,510607	51,575899	67,085946	67,138100	70,541954	99,989378	33,813953	33,387893	34,400767	32,176739	30,211052	31,453681	33,405894	31,742719	100,025702	67,573601	65,171164	64,974511	63,483006	56,801653	62,397718	62,676394	67,617142
439,00	100,020289	32,543567	30,512023	33,802798	30,891839	27,244920	28,920999	30,699569	33,828917	100,016963	58,239251	60,357010	54,835629	46,745425	52,526110	51,584882	67,041039	67,084676	70,508522	99,970704	33,831683	33,414373	34,421661	32,200038	30,263823	31,501144	33,441219	31,752908	100,026858	67,532700	65,149885	64,935678	63,480413	56,878412	62,420613	62,687731	67,564321
440,00	100,042331	32,582408	30,548933	33,846414	30,946672	27,308780	28,966582	30,751538	33,866552	100,037014	58,236241	60,379362	54,866731	46,834520	52,565211	51,622576	67,015266	67,042136	70,494103	100,000608	33,870175	33,456820	34,470424	32,241398	30,347264	31,569764	33,492130	31,791103	100,002098	67,463821	65,151578	64,908546	63,467127	56,947434	62,406635	62,683713	67,500150
441,00	100,032949	32,617417	30,603364	33,884826	31,007272	27,382571	29,030702	30,809295	33,903587	99,993998	58,235431	60,385233	54,908735	46,932057	52,610898	51,670259	66,978675	66,981179	70,475459	99,997133	33,897555	33,497664	34,506881	32,288387	30,418494	31,632125	33,559418	31,812745	99,980873	67,419195	65,133888	64,876807	63,459897	57,025135	62,433302	62,673301	67,463171
442,00	100,030816	32,648823	30,649713	33,924276	31,058091	27,455306	29,110587	30,859643	33,921996	99,991846	58,259088	60,416532	54,975641	47,052738	52,686900	51,745516	66,952306	66,949594	70,428854	99,996954	33,931121	33,539921	34,536609	32,330367	30,489042	31,665084	33,604065	31,851539	99,987388	67,385077	65,114540	64,863443	63,475251	57,127500	62,440974	62,676740	67,417902
443,00	100,047588	32,672918	30,701864	33,966747	31,127751	27,523148	29,188493	30,937624	33,962497	99,970591	58,296037	60,421985	55,047619	47,155976	52,782303	51,825398	66,907585	66,926605	70,379198	100,003743	33,959851	33,577624	34,561458	32,369971	30,553284	31,700388	33,645001	31,878841	100,001490	67,364442	65,098357	64,861560	63,500082	57,223463	62,488985	62,698758	67,410654
444,00	100,078893	32,717121	30,756280	34,018779	31,201676	27,607840	29,259488	31,010997	33,986142	99,999815	58,354014	60,441530	55,154896	47,274700	52,887303	51,940632	66,875428	66,903079	70,343173	99,987966	33,986977	33,608669	34,595111	32,423452	30,621293	31,739661	33,671787	31,902769	100,059211	67,352968	65,108544	64,852899	63,528442	57,311064	62,513882	62,742293	67,385554
445,00	100,095677	32,752156	30,811590	34,076750	31,283751	27,695197	29,326954	31,107652	34,019002	100,019312	58,437884	60,465497	55,265927	47,397900	53,010571	52,070695	66,838455	66,870135	70,326477	100,003636	34,020007	33,663806	34,648907	32,468876	30,692276	31,795970	33,725658	31,930026	100,059748	67,310750	65,088838	64,817530	63,525617	57,362658	62,529039	62,756217	67,350638
446,00	100,077319	32,786155	30,877015	34,123066	31,355676	27,776170	29,399103	31,176373	34,039441	100,041568	58,488822	60,507536	55,367082	47,532561	53,121889	52,195615	66,793436	66,818422	70,286906	99,975795	34,054974	33,713460	34,685057	32,501805	30,766237	31,836703	33,758777	31,960970	100,063312	67,282379	65,094322	64,777952	63,531339	57,438105	62,531483	62,763751	67,308962
447,00	100,071323	32,796964	30,926207	34,164342	31,428954	27,861124	29,487336	31,245697	34,070501	100,043857	58,545595	60,548872	55,474234	47,660908	53,234118	52,304536	66,743028	66,795403	70,252192	100,005674	34,093580	33,758172	34,722570	32,535386	30,843994	31,889713	33,803985	31,988639	100,040209	67,238230	65,072244	64,738250	63,529068	57,494766	62,523383	62,747455	67,254943
448,00	100,068295	32,824975	30,987757	34,204769	31,504580	27,939370	29,574600	31,312981	34,094325	100,037372	58,589065	60,576123	55,572468	47,800252	53,334868	52,413142	66,706717	66,762930	70,208430	99,988443	34,116399	33,787459	34,748632	32,571003	30,899972	31,928092	33,830556	32,009992	100,047433	67,215264	65,090352	64,726472	63,554400	57,580245	62,543100	62,764555	67,230326
449,00	100,032783	32,846600	31,030503	34,248447	31,576055	28,019944	29,639900	31,379938	34,121135	100,033867	58,646685	60,593528	55,678988	47,918698	53,435361	52,516377	66,690516	66,735190	70,186728	100,006509	34,133488	33,816719	34,784290	32,613739	30,960122	31,984267	33,875301	32,028788	100,057745	67,167944	65,070665	64,705014	63,568872	57,657480	62,545532	62,785381	67,189264
450,00	100,017643	32,890260	31,081086	34,297809	31,657812	28,093496	29,700205	31,451091	34,162197	100,005805	58,670551	60,600054	55,745727	48,028657	53,535646	52,627391	66,666192	66,685927	70,155615	100,010645	34,164414	33,863297	34,811673	32,647824	31,015703	32,028475	33,915624	32,066676	100,046682	67,131829	65,057826	64,685279	63,587689	57,744604	62,548381	62,806243	67,153352
451,00	100,024426	32,930890	31,136084	34,348929	31,729308	28,169128	29,771814	31,525657	34,207478	99,984962	58,697087	60,617661	55,815977	48,136094	53,629398	52,733183	66,620302	66,667366	70,128840	100,030434	34,196591	33,907548	34,853640	32,687464	31,085676	32,082593	33,962798	32,107839	100,064802	67,091393	65,016550	64,659876	63,578367	57,814640	62,543756	62,808943	67,114234
452,00	100,031960	32,955891	31,172839	34,388724	31,785735	28,232187	29,840913	31,588739	34,237629	99,995059	58,734149	60,641408	55,885237	48,246089	53,713292	52,820963	66,583532	66,653037	70,099425	100,030661	34,232509	33,947980	34,884244	32,721815	31,145307	32,122016	33,999157	32,132161	100,077021	67,055076	65,007573	64,628989	63,560903	57,883513	62,527877	62,809449	67,084199
453,00	100,017142	32,977712	31,212300	34,428772	31,841120	28,300497	29,910445	31,651515	34,270999	100,010395	58,775282	60,662264	55,959505	48,344737	53,770739	52,884686	66,562623	66,620111	70,067304	100,011873	34,253860	33,982205	34,916219	32,759336	31,208009	32,159215	34,033939	32,149914	100,084591	67,009878	64,983946	64,603078	63,541240	57,942587	62,525105	62,801653	67,045480
454,00	100,008726	32,999241	31,251219	34,468091	31,896269	28,376269	29,965302	31,700921	34,305999	100,008917	58,795941	60,680282	56,018829	48,404372	53,822345	52,928936	66,546881	66,564488	70,031047	100,033271	34,295353	34,015396	34,953639	32,812008	31,277123	32,206315	34,077525	32,169080	100,046420	66,964668	64,994222	64,560390	63,533491	57,995749	62,523896	62,787902	67,015314
455,00	100,002074	33,041346	31,309879	34,516799	31,953216	28,447586	30,028543	31,756970	34,344143	99,987721	58,801502	60,699779	56,060779	48,471680	53,868270	52,966619	66,501176	66,506773	69,998026	100,016963	34,323773	34,044021	34,984165	32,845876	31,338111	32,245374	34,120166	32,200775	100,028896	66,928095	64,984703	64,535469	63,542926	58,041400	62,553149	62,792206	66,985899
456,00	100,022423	33,075482	31,358728	34,561908	32,006437	28,507233	30,071583	31,803489	34,364322	99,966371	58,790302	60,697043	56,095093	48,530820	53,914171	52,991444	66,454452	66,472167	69,967574	100,027108	34,367701	34,082386	35,024354	32,887769	31,399620	32,289401	34,161335	32,231033	100,024021	66,886663	64,980131	64,500976	63,537723	58,092570	62,581992	62,806928	66,951352
457,00	100,016725	33,111283	31,385809	34,591234	32,053500	28,557047	30,112562	31,847894	34,384063	99,984580	58,782238	60,696322	56,112444	48,606944	53,955805	53,028989	66,408622	66,439843	69,945455	100,009453	34,397900	34,118542	35,055470	32,909134	31,458244	32,316762	34,189343	32,263133	100,043583	66,861361	64,978814	64,475930	63,543069	58,155841	62,599182	62,824249	66,917944
458,00	100,012052	33,130682	31,418997	34,630391	32,101116	28,607798	30,152848	31,889352	34,403896	100,004005	58,785880	60,669225	56,143141	48,670414	53,984201	53,061491	66,374421	66,402274	69,910729	100,028837	34,430405	34,158009	35,085401	32,948688	31,509513	32,356206	34,222630	32,294413	100,027311	66,817373	64,964998	64,430845	63,522631	58,206868	62,587690	62,812346	66,873634
459,00	99,971712	33,157972	31,463367	34,661922	32,141551	28,660217	30,204967	31,934732	34,436357	100,009429	58,800906	60,668242	56,168461	48,736146	54,003185	53,096956	66,336870	66,357201	69,875741	100,027680	34,458202	34,192875	35,125026	32,980534	31,558886	32,406062	34,260556	32,326213	99,996191	66,783929	64,946288	64,401001	63,530457	58,255678	62,571812	62,799299	66,857684
460,00	99,938619	33,188701	31,502113	34,707740	32,188636	28,717554	30,258924	31,983992	34,466031	99,974340	58,808732	60,640836	56,192702	48,801515	54,017824	53,108013	66,284835	66,318476	69,803345	100,056517	34,483969	34,237128	35,170883	33,018339	31,616494	32,463673	34,321305	32,352948	99,972129	66,741282	64,925438	64,381385	63,519603	58,304429	62,550157	62,792009	66,826987
461,00	99,933314	33,227494	31,539762	34,739941	32,247052	28,786185	30,310506	32,030994	34,502089	99,961698	58,795333	60,648143	56,224942	48,877290	54,052764	53,138763	66,261810	66,286653	69,761389	100,065076	34,522319	34,269738	35,208386	33,060771	31,676111	32,511303	34,360850	32,383382	99,983114	66,726422	64,920616	64,378637	63,516539	58,363950	62,559336	62,808973	66,792560
462,00	99,909997	33,245051	31,559184	34,773380	32,286713	28,840891	30,360541	32,078207	34,521058	99,971718	58,784258	60,634291	56,250167	48,955095	54,099840	53,165835	66,222268	66,242301	69,724482	100,081611	34,561795	34,311280	35,235000	33,100155	31,743926	32,549453	34,406719	32,420024	99,994874	66,680074	64,899331	64,333647	63,476092	58,404642	62,550646	62,817562	66,712052
463,00	99,934906	33,275047	31,599084	34,795582	32,337826	28,909865	30,418518	32,134828	34,547460	99,978030	58,773649	60,646176	56,288713	49,042726	54,138017	53,215891	66,190481	66,203409	69,720459	100,088656	34,598306	34,346226	35,254642	33,141819	31,799853	32,587039	34,439650	32,446653	100,013232	66,661340	64,880210	64,303428	63,460904	58,453876	62,563246	62,832290	66,669005
464,00	99,938560	33,297184	31,635514	34,829837	32,386380	28,978586	30,468592	32,189819	34,578264	99,941069	58,778477	60,638624	56,310743	49,117950	54,167008	53,258395	66,140294	66,161543	69,694519	100,088167	34,633055	34,382686	35,290065	33,174121	31,864405	32,633319	34,480366	32,479450	100,033522	66,641104	64,865774	64,276153	63,457853	58,502299	62,553334	62,811750	66,645133
465,00	99,954802	33,335811	31,687444	34,870815	32,451695	29,064688	30,534789	32,248402	34,614125	99,906409	58,789682	60,640484	56,354815	49,221486	54,221159	53,315878	66,114759	66,141760	69,675273	100,069034	34,660855	34,405896	35,326824	33,203018	31,908196	32,665363	34,518319	32,503712	100,022829	66,611868	64,850730	64,266229	63,451976	58,562732	62,554312	62,777215	66,627508
466,00	99,953210	33,368793	31,730834	34,929004	32,511428	29,140946	30,589768	32,301387	34,656799	99,902689	58,818859	60,651195	56,419367	49,323964	54,302686	53,395355	66,105676	66,101938	69,660026	100,043607	34,692746	34,426525	35,358387	33,240345	31,963378	32,707024	34,553197	32,531565	100,017762	66,566765	64,827657	64,226717	63,456541	58,605272	62,552935	62,756670	66,592652
467,00	99,963021	33,405963	31,786883	34,986988	32,570496	29,222330	30,663991	32,369113	34,701785	99,935824	58,853334	60,675693	56,472623	49,447635	54,386294	53,486103	66,070729	66,072714	69,648355	100,058925	34,724361	34,465459	35,400939	33,289272	32,020116	32,756093	34,599373	32,563365	99,993289	66,493261	64,788580	64,176154	63,441455	58,625627	62,559038	62,761623	66,545069
468,00	100,005889	33,448991	31,846103	35,035789	32,635495	29,299235	30,734673	32,438070	34,741199	99,948174	58,890963	60,706300	56,543535	49,559632	54,455578	53,565043	66,044337	66,042244	69,617867	100,079262	34,749967	34,512651	35,434037	33,342323	32,074809	32,810444	34,638414	32,597005	100,008893	66,473335	64,785767	64,157540	63,452441	58,671182	62,568188	62,791246	66,528076
469,00	100,021946	33,473235	31,907976	35,078204	32,705256	29,364294	30,800155	32,500339	34,775445	99,964935	58,917558	60,729331	56,596661	49,685994	54,539829	53,635812	66,009474	66,011393	69,575202	100,060999	34,766024	34,554550	35,465884	33,374920	32,128173	32,853070	34,673136	32,629666	100,011134	66,428393	64,760262	64,145637	63,446051	58,707792	62,570828	62,812823	66,495949
470,00	100,036395	33,501637	31,951508	35,110652	32,779849	29,425094	30,866018	32,559177	34,789914	99,956459	58,947694	60,733962	56,663471	49,803922	54,624236	53,711718	65,990275	65,984291	69,544870	100,043523	34,787357	34,581608	35,496250	33,407009	32,174024	32,884297	34,702927	32,654575	100,033152	66,405600	64,763713	64,140040	63,451982	58,768958	62,574875	62,829709	66,477698
471,00	100,029612	33,532611	31,989977	35,156247	32,856724	29,498729	30,924341	32,617244	34,828231	99,983948	58,995056	60,743344	56,744921	49,942410	54,731351	53,823352	65,970159	65,966970	69,550562	100,064230	34,822053	34,601703	35,524958	33,448598	32,237089	32,918614	34,750366	32,676435	100,025225	66,341323	64,735448	64,105642	63,437194	58,794314	62,563348	62,826669	66,432810
472,00	100,018108	33,580866	32,032475	35,197994	32,919204	29,578170	30,993569	32,682720	34,855393	99,983650	59,049243	60,761404	56,831694	50,064349	54,825652	53,930575	65,937734	65,936738	69,540763	100,084412	34,868088	34,631276	35,564840	33,489498	32,287982	32,957137	34,799412	32,708019	100,019121	66,309839	64,718169	64,067698	63,434976	58,836621	62,569386	62,807280	66,389811
473,00	100,014186	33,619550	32,091996	35,252091	32,988653	29,656434	31,060237	32,757980	34,897584	99,985808	59,091431	60,781312	56,915921	50,177258	54,908705	54,019696	65,902895	65,903962	69,505942	100,092196	34,900320	34,661275	35,587987	33,526170	32,335618	32,999989	34,840927	32,737857	99,990416	66,261423	64,689291	64,042872	63,436013	58,867151	62,572336	62,797302	66,343313
474,00	99,999398	33,656171	32,151425	35,296935	33,047879	29,727370	31,135768	32,829607	34,920108	99,981439	59,109783	60,795045	56,972766	50,280046	54,975790	54,101658	65,838313	65,854365	69,446492	100,048339	34,918171	34,688824	35,604459	33,541995	32,373932	33,041477	34,867370	32,764217	99,998355	66,233408	64,663231	63,998806	63,442111	58,912188	62,559056	62,798095	66,299111
475,00	100,020242	33,691329	32,207584	35,346591	33,121270	29,807815	31,202960	32,908162	34,955376	99,980736	59,142852	60,803068	57,043791	50,384527	55,041140	54,188460	65,815133	65,835112	69,415373	100,040257	34,936222	34,712842	35,629261	33,578166	32,420567	33,092099	34,902126	32,788953	99,994832	66,200399	64,660108	63,984036	63,439244	58,955735	62,559003	62,808204	66,279513
476,00	100,039947	33,724090	32,252407	35,388038	33,175886	29,879579	31,271365	32,970089	34,984380	99,961740	59,176999	60,810685	57,089812	50,480467	55,103868	54,263395	65,771747	65,785438	69,378954	100,025249	34,956619	34,736294	35,650104	33,610067	32,468581	33,129367	34,944734	32,808772	100,003850	66,186309	64,648473	63,958865	63,436109	58,997816	62,559873	62,801486	66,246444
477,00	100,037801	33,752945	32,289806	35,429317	33,239320	29,938543	31,328383	33,031911	35,016045	99,954611	59,212965	60,811472	57,141429	50,571150	55,176276	54,338181	65,749186	65,749115	69,357401	100,051939	34,993103	34,766787	35,688248	33,659473	32,529175	33,176792	34,988660	32,841644	99,985445	66,154665	64,642787	63,949049	63,431597	59,039092	62,586099	62,787247	66,218209
478,00	100,025225	33,762509	32,328132	35,466054	33,288184	29,986215	31,387430	33,088207	35,046810	99,971342	59,235442	60,817426	57,178259	50,652754	55,245996	54,407233	65,702170	65,704417	69,335747	100,031710	35,023630	34,796664	35,715100	33,682385	32,574680	33,194962	35,017163	32,869494	99,975806	66,114229	64,598441	63,924789	63,418096	59,058499	62,568521	62,780321	66,169286
479,00	100,002587	33,799526	32,369190	35,490021	33,339852	30,038524	31,433913	33,136719	35,065648	100,006342	59,275126	60,824567	57,225001	50,751555	55,328345	54,496008	65,693510	65,681183	69,330603	100,020874	35,054439	34,831515	35,755184	33,708927	32,621235	33,230275	35,049972	32,902530	99,981833	66,070485	64,565176	63,909072	63,400954	59,086323	62,578356	62,775981	66,125143
480,00	99,999571	33,823705	32,404831	35,518047	33,386502	30,097917	31,483138	33,181459	35,089469	100,019467	59,325624	60,842228	57,264638	50,819731	55,370694	54,563177	65,674680	65,654886	69,316262	99,985230	35,074618	34,861019	35,782811	33,736551	32,661942	33,255169	35,074523	32,930499	100,016057	66,040140	64,538324	63,896793	63,408262	59,122646	62,581354	62,791669	66,102529
481,00	100,021482	33,868182	32,448101	35,554111	33,436191	30,161804	31,536767	33,228815	35,113934	100,008845	59,346998	60,828614	57,280850	50,879979	55,402982	54,607129	65,644765	65,616149	69,278073	99,991393	35,097778	34,887180	35,814014	33,779788	32,707962	33,301207	35,112041	32,948565	100,027871	66,015875	64,535362	63,878131	63,408488	59,167737	62,591779	62,795746	66,074502
482,00	100,008810	33,898774	32,494998	35,591674	33,480272	30,215734	31,588781	33,276460	35,145116	100,011098	59,376901	60,817230	57,312840	50,922573	55,434394	54,649401	65,594757	65,590972	69,256437	100,006330	35,134843	34,923267	35,841969	33,821476	32,766387	33,346832	35,155323	32,976991	100,015104	65,986341	64,512736	63,837892	63,398844	59,195215	62,579113	62,796724	66,051883
483,00	100,014615	33,925945	32,550126	35,631925	33,515954	30,264565	31,639230	33,325943	35,179555	100,017917	59,399384	60,811186	57,326978	50,978547	55,474138	54,677564	65,562338	65,551305	69,232535	100,022483	35,162494	34,957227	35,878590	33,857319	32,813969	33,393943	35,200772	33,008301	100,016868	65,951598	64,499140	63,806397	63,383102	59,212470	62,574589	62,788057	66,015416
484,00	99,972844	33,951706	32,588834	35,659236	33,559129	30,305427	31,681406	33,363140	35,202977	100,043499	59,453309	60,810804	57,347322	51,028049	55,506593	54,705411	65,538657	65,529776	69,230384	100,018311	35,193664	34,998959	35,908917	33,886623	32,869381	33,436948	35,243648	33,046100	100,046933	65,921623	64,508212	63,795978	63,385218	59,251040	62,587142	62,784964	65,995675
485,00	99,990356	33,979213	32,625034	35,696346	33,606824	30,355683	31,730545	33,411956	35,239673	100,019896	59,461713	60,793519	57,329851	51,063234	55,510008	54,715085	65,500182	65,484923	69,184327	100,009203	35,213298	35,029042	35,947818	33,918750	32,918477	33,471391	35,274974	33,076015	100,052631	65,897924	64,512521	63,787729	63,381308	59,276032	62,581271	62,774068	65,966058
486,00	99,981880	34,019816	32,666993	35,730809	33,650824	30,411306	31,774083	33,454940	35,273334	100,009060	59,465426	60,775942	57,339078	51,092488	55,524629	54,726350	65,460426	65,456629	69,151521	100,005519	35,243452	35,064632	35,978127	33,948985	32,970062	33,512056	35,305014	33,091176	100,033510	65,879965	64,496493	63,770384	63,363355	59,312034	62,573212	62,751102	65,924448
487,00	99,997216	34,049129	32,711956	35,768780	33,694372	30,468461	31,816521	33,499074	35,308242	99,994349	59,452587	60,748953	57,341933	51,131350	55,534577	54,744995	65,416545	65,429842	69,104439	100,015783	35,274929	35,098407	36,002475	33,985952	33,019769	33,550462	35,342848	33,118838	99,996215	65,836525	64,464396	63,739687	63,343632	59,321135	62,564099	62,730956	65,872091
488,00	99,964231	34,067318	32,755816	35,798594	33,727723	30,520114	31,854770	33,532333	35,332307	100,002646	59,460378	60,740203	57,351077	51,182824	55,555457	54,765338	65,392160	65,411431	69,093788	99,999940	35,306203	35,129711	36,025774	34,015074	33,058456	33,592236	35,369939	33,129880	99,995059	65,807515	64,448875	63,710749	63,330019	59,368247	62,572646	62,732494	65,835989
489,00	99,969363	34,090602	32,799229	35,837325	33,774921	30,576110	31,891316	33,577058	35,358661	100,012362	59,495449	60,730696	57,345825	51,255858	55,566663	54,806781	65,362906	65,392131	69,078392	99,981749	35,333344	35,157153	36,045253	34,050331	33,101952	33,619168	35,406849	33,152390	100,001371	65,764761	64,447057	63,688201	63,326859	59,391159	62,571913	62,730974	65,805715
490,00	99,965429	34,115833	32,840633	35,869458	33,813000	30,632028	31,933555	33,614346	35,377118	100,013649	59,518892	60,723299	57,340169	51,324570	55,590135	54,838663	65,328491	65,354991	69,052958	99,948126	35,351121	35,186589	36,064860	34,074923	33,140618	33,654299	35,436431	33,159265	100,023043	65,745932	64,450806	63,665253	63,319337	59,436262	62,591326	62,745816	65,781641
491,00	100,010908	34,157395	32,882920	35,913742	33,865815	30,707267	31,981912	33,677310	35,402623	100,019228	59,548956	60,711181	57,367963	51,416093	55,612010	54,884207	65,297830	65,311778	69,037849	99,945074	35,373840	35,218170	36,082911	34,105572	33,186767	33,691302	35,480013	33,188275	100,028229	65,702361	64,429009	63,640529	63,307863	59,458566	62,592322	62,746954	65,752000
492,00	100,005734	34,180656	32,924145	35,943639	33,906817	30,780843	32,030025	33,724537	35,426089	100,029445	59,561944	60,697293	57,386488	51,498407	55,638492	54,917979	65,266776	65,274268	69,003838	99,939203	35,394332	35,246602	36,116216	34,133208	33,235797	33,738759	35,513958	33,212316	100,028932	65,671378	64,414215	63,620758	63,298976	59,488374	62,601286	62,749553	65,730995
493,00	99,987829	34,204072	32,968006	35,972857	33,947781	30,858412	32,074201	33,782956	35,460526	100,017035	59,591287	60,684133	57,425278	51,595318	55,660403	54,954177	65,233314	65,238702	68,988776	99,977362	35,431689	35,290173	36,161056	34,178057	33,293152	33,775723	35,558388	33,256152	100,037718	65,644836	64,387113	63,594943	63,281465	59,506488	62,575507	62,746024	65,709066
494,00	99,952751	34,226421	33,017367	36,013141	33,988735	30,926996	32,116172	33,831707	35,498127	100,029707	59,623218	60,702688	57,466471	51,699507	55,702591	54,998839	65,218848	65,223181	68,963289	99,969321	35,468635	35,327774	36,191308	34,214947	33,340818	33,811274	35,585198	33,284572	100,059652	65,630257	64,393264	63,579267	63,292783	59,546232	62,578714	62,745684	65,690523
495,00	99,947608	34,252656	33,062223	36,052340	34,042752	31,003398	32,166484	33,893421	35,532895	100,020564	59,667587	60,712147	57,520032	51,825118	55,757374	55,054832	65,194863	65,182000	68,937677	99,982750	35,507777	35,367593	36,217663	34,256589	33,383057	33,848801	35,625622	33,315560	100,051117	65,598136	64,368540	63,547504	63,280928	59,557903	62,560827	62,736088	65,646362
496,00	99,932557	34,283742	33,106887	36,102551	34,102696	31,080168	32,226056	33,954364	35,551348	100,031018	59,716433	60,739154	57,570088	51,947957	55,832309	55,134839	65,185267	65,162444	68,920600	99,966484	35,529724	35,390553	36,242694	34,284452	33,424464	33,888042	35,646054	33,334720	100,030267	65,565193	64,333314	63,529378	63,264430	59,588099	62,569535	62,718713	65,603453
497,00	99,943352	34,314868	33,156461	36,149913	34,174070	31,166044	32,302308	34,027505	35,577831	100,036204	59,772229	60,738140	57,622415	52,079725	55,910552	55,222034	65,142328	65,136510	68,908072	100,014007	35,561126	35,436872	36,295673	34,322873	33,482948	33,930835	35,699499	33,366290	99,984396	65,516198	64,287049	63,489652	63,229787	59,596419	62,546939	62,692457	65,549225
498,00	99,921775	34,341675	33,210430	36,196342	34,240186	31,252512	32,367572	34,094578	35,594669	100,048864	59,818280	60,753459	57,690179	52,218568	55,989552	55,311781	65,116453	65,128356	68,897909	100,019956	35,588139	35,473540	36,337742	34,358382	33,534664	33,970776	35,731992	33,401161	99,984461	65,497977	64,267218	63,480663	63,212204	59,626889	62,537557	62,682790	65,518087
499,00	99,955559	34,372348	33,277351	36,252898	34,323475	31,356651	32,437170	34,173062	35,634282	100,069273	59,868085	60,773206	57,769442	52,380830	56,061178	55,410320	65,071779	65,091848	68,874449	100,001228	35,607490	35,500848	36,368319	34,379521	33,573425	33,996961	35,763362	33,425525	99,964988	65,455794	64,254451	63,447565	63,204610	59,642196	62,520093	62,673253	65,504265
500,00	99,945289	34,385970	33,332238	36,294553	34,392989	31,459260	32,500803	34,241286	35,652679	100,082159	59,938675	60,811692	57,874250	52,551955	56,153733	55,523497	65,059608	65,061653	68,849206	99,956328	35,615948	35,520422	36,386997	34,394825	33,610830	34,024456	35,784572	33,444536	99,981141	65,441763	64,247924	63,429409	63,196778	59,658480	62,525421	62,674963	65,480125
501,00	99,962556	34,412059	33,389628	36,341557	34,474307	31,560907	32,573250	34,324810	35,679853	100,067878	59,987473	60,839862	57,971621	52,706468	56,252027	55,642241	65,032887	65,018469	68,811899	99,946481	35,633451	35,545579	36,405084	34,416094	33,653250	34,048054	35,816801	33,455524	99,987608	65,412736	64,245391	63,406348	63,189137	59,687293	62,524980	62,681299	65,465933
502,00	99,955499	34,435695	33,439749	36,378443	34,539074	31,660104	32,641831	34,399441	35,710728	100,062990	60,057580	60,865194	58,077455	52,874058	56,349897	55,769837	65,014046	64,995611	68,781823	99,961555	35,660779	35,581422	36,433858	34,455350	33,708695	34,088230	35,849458	33,475357	99,981141	65,381044	64,231384	63,390428	63,180226	59,708577	62,524700	62,681991	65,415621
503,00	99,982446	34,476405	33,494121	36,426419	34,624264	31,761312	32,720158	34,496135	35,752851	100,041020	60,104156	60,878581	58,161724	53,036958	56,440461	55,886674	64,973915	64,966238	68,747407	99,969327	35,693768	35,618797	36,461002	34,498599	33,758804	34,128216	35,880330	33,497930	99,984747	65,348303	64,198923	63,372171	63,163096	59,730762	62,517977	62,684804	65,387309
504,00	100,005078	34,510610	33,549255	36,479932	34,701931	31,864977	32,799640	34,588081	35,783929	100,046670	60,177499	60,913634	58,257705	53,214490	56,545198	56,009841	64,934099	64,935648	68,741983	99,984580	35,729802	35,664991	36,503869	34,536949	33,813602	34,187499	35,914847	33,535305	99,990880	65,324491	64,178866	63,346559	63,158971	59,748411	62,535578	62,683928	65,353781
505,00	100,020170	34,534958	33,615986	36,530361	34,788403	31,965494	32,890216	34,680799	35,802475	100,047183	60,229611	60,944194	58,362150	53,386503	56,662434	56,110269	64,901131	64,900374	68,724406	99,993491	35,765839	35,701007	36,540112	34,577927	33,858630	34,234160	35,957769	33,568433	100,003505	65,295142	64,142019	63,310683	63,143021	59,757429	62,532061	62,680322	65,323889
506,00	100,017214	34,565759	33,672941	36,581820	34,870014	32,072979	32,976222	34,756321	35,821614	100,042498	60,285401	60,988194	58,471864	53,551638	56,771684	56,222820	64,860022	64,859933	68,685168	100,015867	35,797948	35,733235	36,569634	34,615922	33,896747	34,284174	35,989925	33,599198	99,989480	65,262377	64,125985	63,282990	63,140738	59,781235	62,527579	62,675595	65,282774
507,00	100,024593	34,604254	33,745083	36,626872	34,962952	32,182568	33,059129	34,839088	35,859600	100,040567	60,343778	61,014003	58,575791	53,719920	56,887740	56,343579	64,818949	64,842623	68,651682	100,005376	35,827443	35,764495	36,605588	34,653851	33,941945	34,308565	36,023816	33,625668	99,956667	65,207964	64,063257	63,229090	63,098264	59,793776	62,493414	62,648129	65,225166
508,00	100,029361	34,636548	33,798113	36,675721	35,045430	32,280010	33,131108	34,923634	35,889375	100,028193	60,401058	61,038214	58,669019	53,878379	56,980926	56,471264	64,784616	64,817983	68,609047	100,020599	35,873395	35,804433	36,645085	34,691495	33,997247	34,349698	36,062825	33,661923	99,961263	65,167475	64,056396	63,200104	63,094825	59,825963	62,479007	62,646872	65,197378
509,00	100,022280	34,657466	33,862716	36,724624	35,129723	32,376134	33,205989	35,009873	35,925964	100,040567	60,451812	61,060071	58,769625	54,047239	57,077807	56,596678	64,757109	64,798242	68,590432	100,033712	35,909328	35,832798	36,678842	34,721661	34,046555	34,379283	36,107290	33,696443	99,968964	65,126073	64,035344	63,176835	63,075793	59,844708	62,461513	62,626028	65,181983
510,00	99,997169	34,674090	33,911422	36,776531	35,204679	32,466128	33,283031	35,080719	35,939002	100,029254	60,478663	61,077785	58,860183	54,203641	57,160282	56,707197	64,738029	64,759833	68,559897	100,043237	35,943404	35,860011	36,709961	34,757313	34,090489	34,419194	36,141753	33,730885	99,978065	65,105170	64,029753	63,164949	63,071764	59,856319	62,459731	62,634420	65,155333
511,00	100,001585	34,705472	33,976856	36,831763	35,293412	32,571834	33,364192	35,167834	35,974938	100,014997	60,531223	61,103433	58,960360	54,348850	57,272124	56,827360	64,691526	64,717013	68,538356	100,036633	35,959432	35,886249	36,734268	34,789014	34,127128	34,451184	36,170301	33,751130	99,974024	65,087837	64,005554	63,146037	63,040185	59,864908	62,450808	62,622190	65,125245
512,00	100,017273	34,736088	34,037477	36,881855	35,369557	32,674563	33,438912	35,241008	35,995427	99,987030	60,590577	61,119342	59,053832	54,487157	57,385343	56,937176	64,664620	64,678842	68,518502	100,018680	35,978249	35,911465	36,758518	34,827632	34,168872	34,484375	36,199540	33,764401	99,985987	65,060180	63,988703	63,126820	63,022375	59,887803	62,446666	62,624019	65,094787
513,00	100,049579	34,763530	34,094742	36,936802	35,439330	32,772088	33,514011	35,324666	36,039928	99,988955	60,660017	61,140811	59,157789	54,625982	57,503498	57,050020	64,629453	64,647669	68,496102	100,032711	36,007380	35,947073	36,784041	34,857768	34,210056	34,525052	36,246789	33,789489	100,015318	65,032202	63,992876	63,120449	63,031369	59,924239	62,457746	62,617993	65,088868
514,00	100,063550	34,790403	34,149796	36,989161	35,507137	32,854611	33,589613	35,397571	36,073163	100,014997	60,717845	61,175740	59,266496	54,790330	57,596791	57,170790	64,616859	64,633441	68,474412	100,023127	36,037511	35,976624	36,816081	34,894055	34,254029	34,566116	36,279583	33,817744	100,044131	65,008622	63,975704	63,092732	63,028866	59,936750	62,464952	62,595522	65,054649
515,00	100,023770	34,803730	34,197757	37,024307	35,565776	32,927150	33,649600	35,461804	36,095458	100,058508	60,767698	61,213225	59,369284	54,934043	57,689333	57,288259	64,590842	64,631879	68,440986	100,010645	36,067364	36,011705	36,844999	34,931523	34,296593	34,592611	36,308110	33,854488	100,047398	64,991271	63,957518	63,063562	63,041681	59,946030	62,475950	62,591064	65,022278
516,00	100,010562	34,826738	34,240115	37,057173	35,633618	33,002198	33,718646	35,534275	36,120158	100,072467	60,821581	61,231416	59,460044	55,069959	57,773840	57,402015	64,565951	64,608932	68,412864	99,987251	36,086118	36,039159	36,870742	34,969509	34,344018	34,617007	36,335710	33,870223	100,041592	64,974129	63,928252	63,024598	63,011068	59,955579	62,468821	62,578291	64,965993
517,00	99,981850	34,854198	34,279650	37,094501	35,705221	33,085853	33,780178	35,594207	36,132142	100,054848	60,850924	61,228991	59,510100	55,157977	57,846111	57,466048	64,520454	64,566153	68,384820	99,979556	36,106288	36,068359	36,893612	34,992003	34,387326	34,645116	36,368823	33,892807	100,047731	64,952677	63,913769	63,010699	63,015491	59,985125	62,469381	62,586880	64,960563
518,00	99,994743	34,885710	34,329501	37,144399	35,775098	33,166963	33,844635	35,670686	36,168706	100,019085	60,880184	61,237514	59,551495	55,256605	57,910901	57,528681	64,490837	64,518636	68,364114	99,983317	36,143816	36,105222	36,930928	35,022739	34,442523	34,684131	36,408937	33,918858	100,041378	64,912707	63,901728	62,972957	62,977087	59,992886	62,444824	62,563521	64,915299
519,00	99,994135	34,910566	34,382960	37,191027	35,836956	33,250582	33,900836	35,726702	36,185673	99,997157	60,887468	61,244893	59,603316	55,356663	57,958692	57,585770	64,438486	64,473122	68,322021	100,008512	36,182934	36,139300	36,961132	35,050473	34,485164	34,717575	36,435997	33,947712	100,053072	64,861453	63,875717	62,930101	62,960035	60,002851	62,421948	62,538290	64,893699
520,00	99,983704	34,928408	34,428096	37,216419	35,888535	33,330113	33,957550	35,786915	36,216599	99,979866	60,914230	61,252367	59,668392	55,486745	58,027822	57,671583	64,412713	64,448249	68,284243	100,030220	36,215267	36,176234	36,993405	35,092759	34,531707	34,752342	36,477494	33,979911	100,048757	64,801794	63,853270	62,887377	62,923694	60,001242	62,390202	62,503481	64,839804
521,00	100,002015	34,951156	34,476185	37,246522	35,952625	33,413255	34,020802	35,849857	36,243424	99,969602	60,932142	61,235750	59,725094	55,599701	58,086008	57,731253	64,379901	64,407873	68,236083	100,066137	36,238673	36,208022	37,023044	35,122800	34,574097	34,792736	36,509129	34,000912	100,058270	64,760292	63,818723	62,873149	62,907046	60,005695	62,374157	62,475729	64,825767
522,00	100,009620	34,970284	34,528673	37,282136	36,008209	33,490795	34,086764	35,918641	36,271569	99,963051	60,971040	61,233473	59,776628	55,705082	58,152723	57,800275	64,373404	64,380342	68,196976	100,064433	36,257276	36,230657	37,051427	35,146749	34,619915	34,820709	36,536652	34,016088	100,030589	64,723366	63,796955	62,860227	62,898165	60,016257	62,362641	62,460530	64,792442
523,00	100,039601	34,987745	34,588033	37,329072	36,066297	33,569169	34,146592	35,982686	36,304891	99,982595	60,979557	61,233354	59,828424	55,786920	58,199382	57,856524	64,368993	64,355367	68,179542	100,062287	36,296666	36,261490	37,085637	35,173371	34,663442	34,855115	36,573806	34,043002	100,021291	64,691180	63,778490	62,838835	62,890613	60,030961	62,357843	62,449127	64,756507
524,00	100,075078	35,019988	34,643802	37,374711	36,122817	33,645645	34,206989	36,043346	36,338878	99,988890	60,992426	61,236942	59,878278	55,862916	58,245981	57,927674	64,340818	64,331526	68,154031	100,039101	36,324924	36,284792	37,117541	35,198131	34,694871	34,879330	36,608505	34,064266	100,013101	64,659464	63,768327	62,802237	62,875730	60,055631	62,346697	62,431848	64,712030
525,00	100,072491	35,047612	34,676850	37,406158	36,181980	33,706635	34,252658	36,097500	36,372983	99,992317	60,999662	61,240554	59,916669	55,945945	58,272940	57,983488	64,309031	64,304161	68,140221	100,023437	36,356479	36,313397	37,144268	35,226762	34,725887	34,923893	36,640975	34,093738	100,028098	64,642358	63,743067	62,777913	62,850916	60,062319	62,329465	62,409639	64,681953
526,00	100,069189	35,078731	34,712401	37,444600	36,232892	33,777246	34,305418	36,148894	36,395738	99,969828	61,019170	61,243886	59,944242	56,024164	58,323848	58,036703	64,255685	64,276910	68,101829	100,008118	36,362827	36,335105	37,165099	35,251206	34,763512	34,951603	36,659434	34,114638	100,025487	64,623475	63,715595	62,743533	62,814331	60,069066	62,299824	62,388629	64,637274
527,00	100,047731	35,096848	34,734401	37,469223	36,279553	33,842498	34,356976	36,200377	36,411914	99,961847	61,035299	61,235499	59,975481	56,109953	58,366686	58,085781	64,207870	64,244682	68,088913	100,007045	36,381450	36,362836	37,192607	35,283116	34,808609	34,986269	36,682874	34,143648	100,030494	64,596367	63,693887	62,726849	62,812304	60,091197	62,298292	62,395024	64,622200
528,00	100,036800	35,122085	34,777224	37,504527	36,337024	33,907259	34,410000	36,246356	36,429921	99,947244	61,038393	61,238086	59,983104	56,169099	58,404845	58,114535	64,162683	64,222026	68,057066	100,009346	36,407182	36,391681	37,222075	35,311171	34,849793	35,011765	36,713317	34,177533	100,034916	64,568144	63,681853	62,701690	62,807477	60,106158	62,300467	62,405527	64,598542
529,00	100,009274	35,152176	34,814969	37,535122	36,388493	33,973736	34,455752	36,299941	36,456174	99,946809	61,038715	61,219877	60,001558	56,245518	58,425945	58,151734	64,123136	64,169866	68,026143	100,022924	36,440504	36,425331	37,253854	35,339320	34,878537	35,047656	36,744115	34,200564	100,033009	64,540261	63,659489	62,669951	62,804896	60,129094	62,286383	62,404352	64,561003
530,00	99,967366	35,178357	34,855852	37,586230	36,436024	34,030345	34,485105	36,338747	36,475050	99,950081	61,048764	61,214525	60,021299	56,319571	58,450139	58,160496	64,085793	64,124429	67,995888	99,995524	36,460689	36,447039	37,276283	35,362554	34,911004	35,069793	36,774409	34,215724	100,011265	64,492148	63,618088	62,632656	62,780178	60,115415	62,261808	62,381774	64,506322
531,00	99,968266	35,205898	34,883258	37,624574	36,478928	34,098721	34,526685	36,386365	36,501253	99,967653	61,064464	61,198163	60,073107	56,404418	58,498555	58,209383	64,072180	64,092845	67,985654	99,998087	36,492458	36,482325	37,305126	35,394460	34,950200	35,108677	36,809009	34,236249	100,007367	64,471078	63,602817	62,611318	62,759852	60,118788	62,239248	62,357622	64,476234
532,00	100,005305	35,238457	34,924740	37,677318	36,530465	34,160855	34,581029	36,443397	36,521271	99,971110	61,065245	61,194426	60,099590	56,468952	58,525038	58,231539	64,059430	64,064103	67,971778	99,972528	36,516300	36,500198	37,326068	35,421413	34,999430	35,143816	36,835635	34,259197	99,974424	64,430320	63,573641	62,580889	62,733781	60,106277	62,223393	62,314206	64,436072
533,00	100,048053	35,270917	34,978393	37,711242	36,581376	34,236300	34,639218	36,496580	36,555722	99,998254	61,068559	61,203748	60,112798	56,542403	58,570814	58,278853	64,068985	64,047295	67,949986	99,989355	36,550182	36,535877	37,356555	35,455960	35,041001	35,181791	36,867157	34,284812	99,982095	64,426076	63,559085	62,557298	62,719953	60,117841	62,213606	62,297595	64,414543
534,00	100,031042	35,290995	35,014415	37,749445	36,623174	34,297425	34,679219	36,536503	36,579946	100,002146	61,070371	61,214262	60,122120	56,599855	58,587474	58,301878	64,047587	64,030367	67,924750	99,972588	36,562893	36,555654	37,387136	35,480678	35,090056	35,216773	36,886743	34,300554	99,958992	64,383209	63,519174	62,528133	62,700832	60,123861	62,197471	62,264365	64,372528
535,00	99,996012	35,309586	35,041410	37,763587	36,654758	34,340632	34,708977	36,571011	36,608166	100,029230	61,084551	61,221004	60,151350	56,671488	58,631867	58,330601	64,031172	64,021552	67,905253	100,007689	36,586979	36,592835	37,427747	35,516807	35,136738	35,241306	36,923081	34,321296	99,975830	64,367765	63,520277	62,513959	62,695199	60,141522	62,180907	62,267393	64,374846
536,00	99,964851	35,338563	35,068583	37,801135	36,703596	34,392217	34,753981	36,622030	36,634094	100,013423	61,081403	61,207736	60,162383	56,720400	58,646488	58,355689	63,987380	63,988292	67,875922	100,018358	36,623004	36,624286	37,456223	35,538465	35,182407	35,277966	36,955380	34,345794	99,954981	64,324272	63,494998	62,478107	62,662268	60,147446	62,153262	62,242430	64,338654
537,00	99,970800	35,369998	35,105786	37,836784	36,749348	34,450284	34,802502	36,687022	36,654127	100,022542	61,074269	61,196822	60,175031	56,780136	58,680695	58,377188	63,966906	63,951379	67,841893	100,034022	36,662120	36,662003	37,486562	35,577315	35,215122	35,307774	36,997396	34,374565	99,949098	64,265615	63,476563	62,434632	62,628824	60,145742	62,125093	62,246507	64,306879
538,00	99,997407	35,397381	35,147944	37,884068	36,801544	34,523547	34,858334	36,735463	36,684707	100,013494	61,067218	61,183774	60,171694	56,825083	58,693767	58,398795	63,936657	63,915628	67,821890	100,019538	36,701465	36,686367	37,509972	35,605645	35,245860	35,344234	37,024337	34,391490	99,944037	64,213282	63,425326	62,391996	62,595606	60,142106	62,110871	62,232220	64,258122
539,00	100,008917	35,424042	35,176238	37,909871	36,827287	34,566537	34,900311	36,776325	36,705109	100,009441	61,055273	61,172080	60,193563	56,867480	58,707029	58,424354	63,913924	63,899004	67,806917	100,009012	36,718482	36,714414	37,532103	35,633123	35,284737	35,377079	37,056488	34,416139	99,961299	64,182639	63,400900	62,364179	62,589353	60,134083	62,103027	62,219280	64,233953
540,00	100,026369	35,455155	35,219669	37,949640	36,871365	34,628293	34,956342	36,814189	36,743236	100,002468	61,052388	61,165088	60,203135	56,911349	58,721548	58,450991	63,875854	63,879132	67,791116	99,995673	36,734188	36,741915	37,557995	35,661748	35,327289	35,407856	37,079358	34,433043	99,973792	64,171445	63,372052	62,334305	62,581694	60,145825	62,090707	62,197554	64,207840
541,00	100,016630	35,482472	35,253343	37,980929	36,911103	34,674305	34,995472	36,859891	36,769432	100,000155	61,042511	61,141741	60,215545	56,962168	58,729863	58,479261	63,836896	63,847494	67,746055	99,967349	36,751008	36,769077	37,574372	35,682431	35,363361	35,431793	37,109390	34,457859	99,969149	64,141959	63,340640	62,307870	62,568790	60,137403	62,076956	62,180358	64,172179
542,00	100,032711	35,506573	35,291615	38,027543	36,963642	34,736836	35,042468	36,903244	36,796579	100,007880	61,039239	61,125427	60,222870	57,019776	58,760089	58,502060	63,807356	63,808870	67,709994	99,947518	36,778867	36,800054	37,608647	35,715944	35,396898	35,463765	37,136355	34,481153	99,964416	64,117187	63,322860	62,286276	62,536925	60,139674	62,053555	62,165248	64,138663
543,00	100,009096	35,532764	35,326007	38,054171	37,008396	34,783784	35,078937	36,946049	36,821696	100,020123	61,036330	61,105460	60,222840	57,078266	58,777863	58,515579	63,777506	63,763070	67,673719	99,927759	36,800671	36,825871	37,628520	35,736394	35,432759	35,489842	37,168407	34,496939	99,960917	64,082426	63,307172	62,259001	62,516522	60,129285	62,035292	62,138432	64,099431
544,00	100,002277	35,556361	35,354725	38,084537	37,048778	34,834361	35,118926	36,989057	36,839771	100,027180	61,031461	61,108154	60,238653	57,120955	58,801848	58,536196	63,760990	63,738936	67,671508	99,923331	36,831722	36,858582	37,652892	35,769561	35,470727	35,526830	37,192231	34,514010	99,980676	64,065516	63,297975	62,256604	62,505585	60,139865	62,028182	62,123853	64,077985
545,00	99,983275	35,573363	35,383227	38,113540	37,086362	34,891430	35,150960	37,032825	36,869171	100,031102	61,026579	61,103868	60,259032	57,165653	58,822638	58,561099	63,734996	63,718259	67,665952	99,942708	36,857188	36,890492	37,680772	35,797608	35,507411	35,561666	37,214023	34,542578	99,993682	64,044434	63,263625	62,230450	62,502038	60,138053	62,015599	62,110472	64,045054
546,00	100,018919	35,604548	35,421631	38,162050	37,127078	34,961730	35,195309	37,078035	36,899647	100,033700	61,025661	61,106002	60,295469	57,207972	58,862567	58,590078	63,712448	63,696021	67,661756	99,964255	36,889467	36,921704	37,702611	35,833949	35,540688	35,598442	37,248480	34,573364	100,007069	64,025575	63,230497	62,222028	62,482387	60,154068	62,017822	62,096328	64,025414
547,00	100,028324	35,632816	35,458225	38,201854	37,171626	35,016194	35,236770	37,126768	36,935005	100,026834	61,035490	61,116993	60,311228	57,258165	58,901685	58,629900	63,676602	63,662243	67,642874	99,978089	36,911598	36,947918	37,733364	35,861981	35,577881	35,634571	37,282956	34,604064	100,012171	64,002413	63,203049	62,188435	62,452549	60,169506	62,016189	62,075657	64,009756
548,00	100,038266	35,667446	35,494450	38,235980	37,221906	35,078162	35,295025	37,178239	36,962399	100,058377	61,048174	61,128551	60,337156	57,313132	58,936876	58,670276	63,654673	63,633841	67,613077	99,976599	36,942002	36,973557	37,758029	35,895100	35,613742	35,665637	37,319201	34,614137	100,022495	63,969004	63,186604	62,164444	62,427866	60,179007	62,018985	62,054914	63,981509
549,00	100,021780	35,692632	35,525128	38,257411	37,273449	35,118175	35,335851	37,223667	36,979657	100,069880	61,048961	61,126691	60,362417	57,367444	58,969516	58,712846	63,624620	63,616055	67,589676	99,984306	36,970979	37,001312	37,797764	35,931808	35,654262	35,700229	37,348571	34,640780	100,019705	63,939464	63,171768	62,132001	62,413436	60,184908	62,004411	62,050974	63,943279
550,00	100,024652	35,725844	35,567841	38,295686	37,325573	35,190022	35,403401	37,280154	37,008747	100,079155	61,050856	61,111492	60,387069	57,424754	59,004277	58,740306	63,592011	63,606596	67,562675	99,993777	36,998028	37,025300	37,832150	35,970443	35,693753	35,729480	37,380672	34,671187	100,029719	63,910413	63,148874	62,111646	62,398559	60,179418	61,982524	62,044120	63,901728
551,00	100,032377	35,760421	35,604894	38,331527	37,370378	35,244098	35,452947	37,339160	37,035722	100,067604	61,052966	61,106741	60,411978	57,486558	59,050101	58,775896	63,544160	63,590235	67,548043	100,003839	37,022823	37,050781	37,858140	36,005723	35,734376	35,759780	37,421006	34,701717	100,031006	63,874936	63,127321	62,086749	62,379837	60,178435	61,962438	62,043947	63,871920
552,00	100,040472	35,785094	35,648525	38,374060	37,409359	35,314530	35,512382	37,400746	37,077877	100,056362	61,048770	61,091018	60,434812	57,549876	59,074050	58,807296	63,508105	63,564885	67,515618	99,990743	37,048090	37,066680	37,877795	36,031044	35,766509	35,790861	37,448874	34,722030	100,039542	63,854581	63,098371	62,059724	62,359172	60,162210	61,937398	62,016654	63,856852
553,00	100,037563	35,799724	35,682887	38,407367	37,455091	35,367435	35,557353	37,446597	37,103650	100,075054	61,061293	61,103642	60,479093	57,616007	59,128618	58,859295	63,504595	63,547260	67,499870	99,985802	37,081182	37,095585	37,894985	36,051789	35,802129	35,821804	37,482086	34,733981	100,010335	63,832045	63,084501	62,029248	62,341994	60,157454	61,919570	61,984628	63,834262
554,00	100,009847	35,808358	35,719898	38,432568	37,505230	35,423359	35,605010	37,491184	37,130794	100,066102	61,067164	61,100656	60,504711	57,660383	59,165227	58,905971	63,498551	63,510025	67,474878	99,970090	37,097341	37,117901	37,922588	36,074111	35,832965	35,852623	37,496474	34,754524	99,983191	63,803208	63,059378	61,996233	62,308425	60,153502	61,900103	61,954665	63,803297
555,00	100,003946	35,836264	35,752198	38,464528	37,559104	35,473129	35,660115	37,546939	37,150037	100,066805	61,082965	61,115986	60,540628	57,709360	59,228945	58,956349	63,490587	63,480127	67,471564	99,958903	37,125298	37,155300	37,958127	36,109349	35,876086	35,882050	37,536418	34,781399	99,980795	63,777041	63,059223	61,993438	62,297988	60,165668	61,901456	61,947000	63,781738
556,00	100,022924	35,876232	35,790867	38,511097	37,613612	35,531661	35,724410	37,613624	37,189969	100,064600	61,091810	61,110091	60,563582	57,765460	59,273326	58,990365	63,457644	63,447934	67,444831	99,939615	37,152669	37,187347	37,994847	36,143032	35,906735	35,914952	37,569547	34,809873	99,990702	63,746262	63,042116	61,980039	62,282407	60,173440	61,904013	61,940610	63,761771
557,00	100,048494	35,917392	35,829586	38,553774	37,663707	35,594776	35,785595	37,671551	37,219107	100,061619	61,108720	61,116010	60,594219	57,820964	59,312135	59,025419	63,421464	63,432950	67,413032	99,941826	37,184295	37,219986	38,017109	36,173892	35,945460	35,956264	37,608975	34,839934	100,013089	63,743949	63,035226	61,966938	62,285167	60,185504	61,910594	61,933470	63,748246
558,00	100,049806	35,940111	35,866031	38,593405	37,713924	35,662565	35,836437	37,726787	37,246722	100,051069	61,114579	61,087340	60,591215	57,862955	59,329975	59,063488	63,376832	63,392717	67,365050	99,945962	37,204376	37,254101	38,045654	36,195615	35,973194	35,988739	37,640902	34,863606	100,016320	63,710093	62,999994	61,923373	62,263197	60,176837	61,895311	61,915636	63,715023
559,00	100,036776	35,963771	35,897705	38,622722	37,754178	35,725644	35,876080	37,773204	37,262690	100,054908	61,118710	61,066175	60,616010	57,900882	59,368145	59,109116	63,350326	63,352466	67,339140	99,955565	37,221935	37,280819	38,073224	36,217481	36,005768	36,023730	37,657079	34,896606	100,038195	63,679653	62,973547	61,905104	62,245131	60,171187	61,861902	61,909384	63,688809
560,00	100,035346	35,982573	35,931823	38,665184	37,797633	35,771108	35,923496	37,829632	37,289655	100,062799	61,113828	61,043483	60,630459	57,935500	59,412080	59,140927	63,315505	63,313723	67,310750	99,956644	37,248513	37,306395	38,109463	36,244893	36,032322	36,052045	37,680236	34,923175	100,037813	63,643628	62,956709	61,877745	62,225831	60,164034	61,841559	61,896342	63,667321
561,00	100,030732	36,001500	35,966900	38,698786	37,839150	35,818899	35,969895	37,875688	37,310737	100,077975	61,135221	61,054289	60,667402	57,982641	59,464258	59,179610	63,290709	63,299954	67,301607	99,971616	37,269229	37,324160	38,125762	36,259708	36,059871	36,070201	37,688038	34,938863	100,029933	63,622570	62,940061	61,863256	62,215036	60,166842	61,838317	61,887074	63,642579
562,00	100,009072	36,022899	36,004534	38,726604	37,888157	35,861707	36,017445	37,923735	37,345645	100,058961	61,137068	61,049855	60,678881	58,016765	59,481031	59,205449	63,246930	63,270044	67,279243	99,999654	37,306586	37,353268	38,157588	36,304197	36,107242	36,099491	37,731957	34,959966	100,020480	63,598043	62,913328	61,833328	62,208974	60,163206	61,842287	61,862499	63,612980
563,00	100,000548	36,055768	36,044690	38,759235	37,935978	35,909340	36,064866	37,964994	37,375683	100,051045	61,137938	61,045527	60,700029	58,062744	59,494948	59,233439	63,225055	63,244528	67,259085	99,991435	37,328947	37,369597	38,184181	36,328796	36,144578	36,121118	37,759784	34,976256	100,024807	63,572574	62,883455	61,815524	62,196881	60,164785	61,833251	61,845982	63,584703
564,00	100,010157	36,091357	36,083943	38,802719	37,978780	35,958204	36,122242	38,011992	37,410372	100,035810	61,113739	61,042982	60,710353	58,104676	59,514868	59,256136	63,199878	63,212442	67,243093	99,988502	37,354794	37,389600	38,218230	36,360154	36,179623	36,156794	37,801257	35,006553	100,029993	63,525224	62,850618	61,781770	62,171525	60,154498	61,801052	61,829549	63,543600
565,00	100,033605	36,126873	36,125842	38,843593	38,023072	36,001140	36,189258	38,062727	37,435883	100,042582	61,114013	61,042035	60,733050	58,146179	59,542984	59,293216	63,176197	63,191056	67,215598	99,968356	37,359083	37,401390	38,235560	36,362153	36,197555	36,172095	37,818679	35,027817	100,024867	63,498062	62,832105	61,740756	62,134218	60,154605	61,775655	61,810154	63,516998
566,00	100,033295	36,147249	36,151963	38,867968	38,051641	36,047390	36,239979	38,114250	37,458003	100,040221	61,098742	61,028272	60,736990	58,166414	59,564978	59,317768	63,139176	63,160050	67,193186	99,977851	37,382630	37,429702	38,257480	36,391890	36,229047	36,198771	37,858307	35,058793	100,015986	63,467783	62,808561	61,710835	62,099773	60,151762	61,749762	61,775613	63,483930
567,00	100,033998	36,175594	36,181903	38,891006	38,096219	36,078209	36,279142	38,159099	37,487489	100,027275	61,094588	61,006624	60,727644	58,158892	59,558916	59,331560	63,076448	63,114011	67,144614	99,974847	37,412846	37,459826	38,284633	36,417225	36,263293	36,230549	37,877789	35,089844	99,992365	63,463378	62,786794	61,684614	62,068975	60,153615	61,733997	61,746126	63,459873
568,00	100,033545	36,195043	36,208525	38,916942	38,137090	36,115727	36,312100	38,195831	37,515652	100,006568	61,084276	60,983008	60,709518	58,160478	59,555650	59,329963	63,030702	63,069683	67,121077	99,970466	37,440151	37,494233	38,311976	36,444890	36,302677	36,270070	37,907010	35,119203	99,985415	63,426942	62,765151	61,656284	62,042964	60,150534	61,713237	61,716825	63,428998
569,00	100,045276	36,228630	36,237890	38,948825	38,185164	36,148205	36,342379	38,213962	37,549365	99,984860	61,094379	60,962480	60,704440	58,177888	59,541547	59,342635	62,984443	63,027012	67,088997	99,966156	37,459713	37,520003	38,330689	36,467057	36,336723	36,299601	37,920284	35,146159	99,979210	63,386321	62,741733	61,626798	62,019390	60,151476	61,700457	61,689556	63,404912
570,00	100,023901	36,254185	36,260641	38,975388	38,219211	36,182973	36,378449	38,244519	37,578002	99,982321	61,089700	60,938609	60,712856	58,201510	59,553099	59,356803	62,955272	62,996411	67,064017	99,976104	37,483081	37,538570	38,348660	36,492810	36,373290	36,316040	37,956059	35,168347	99,987388	63,350767	62,722719	61,599505	62,001204	60,165423	61,697447	61,660784	63,381445
571,00	100,017214	36,288911	36,283293	39,001796	38,251445	36,217350	36,404800	38,273159	37,595290	99,982035	61,074644	60,914278	60,707623	58,221167	59,559244	59,360784	62,918222	62,952924	67,036355	99,987364	37,515336	37,553722	38,380539	36,524844	36,404034	36,338311	37,989655	35,188565	99,995422	63,330388	62,696135	61,588216	61,990172	60,166979	61,691821	61,630607	63,345259
572,00	99,998266	36,317718	36,315015	39,029300	38,291112	36,257440	36,449519	38,313919	37,625152	99,989104	61,054730	60,895646	60,707980	58,238077	59,580481	59,362406	62,886411	62,931520	67,030394	99,979883	37,549001	37,568328	38,410431	36,541173	36,430600	36,362541	38,033420	35,210490	99,985909	63,299334	62,675369	61,557698	61,955321	60,154462	61,666006	61,615348	63,302249
573,00	100,004947	36,345994	36,343366	39,050138	38,321438	36,291158	36,483765	38,337493	37,638801	99,986476	61,037314	60,883307	60,711676	58,257610	59,579670	59,361601	62,866724	62,913376	67,025781	99,977136	37,573013	37,590572	38,431859	36,564517	36,453733	36,386386	38,057223	35,237989	99,983335	63,271379	62,649280	61,525893	61,929882	60,131723	61,639535	61,594909	63,265854
574,00	100,009489	36,378157	36,377361	39,080182	38,358063	36,327487	36,523467	38,362330	37,661731	99,983907	61,024112	60,873568	60,711533	58,272779	59,562498	59,368575	62,849027	62,902087	67,019325	99,978662	37,594971	37,617493	38,448125	36,591247	36,483002	36,407211	38,079789	35,270381	99,958336	63,228697	62,616938	61,485815	61,899066	60,120243	61,617064	61,577451	63,231015
575,00	100,004148	36,397702	36,404297	39,103663	38,386840	36,362296	36,550245	38,387117	37,676930	99,967504	61,005831	60,869455	60,711366	58,271253	59,549701	59,370983	62,825102	62,876570	66,992646	99,990183	37,617382	37,642816	38,470900	36,627656	36,508891	36,426637	38,096023	35,291767	99,965048	63,207960	62,578464	61,457533	61,878645	60,118854	61,604917	61,553913	63,203502
576,00	100,013828	36,429119	36,435246	39,128339	38,427001	36,395854	36,580607	38,421214	37,704167	99,977213	60,997641	60,855550	60,707337	58,269697	59,543294	59,369874	62,795806	62,842906	66,960388	99,995118	37,637874	37,657315	38,504177	36,656988	36,540934	36,461705	38,133827	35,317245	99,976504	63,175160	62,564743	61,439961	61,853772	60,129130	61,594087	61,534196	63,188112
577,00	100,014710	36,447835	36,458793	39,149198	38,455883	36,429214	36,605701	38,455459	37,738666	99,976051	60,987782	60,830218	60,689998	58,252293	59,535152	59,363604	62,757337	62,805939	66,913521	100,004292	37,663686	37,679279	38,536695	36,674500	36,569831	36,487079	38,168210	35,336116	99,988317	63,161898	62,567502	61,426550	61,832780	60,135573	61,587065	61,518091	63,180619
578,00	100,007999	36,482236	36,483631	39,182773	38,487870	36,457032	36,636990	38,487884	37,762058	99,983007	60,970277	60,786068	60,651714	58,243960	59,514141	59,342617	62,714875	62,760049	66,869628	100,018764	37,689328	37,707400	38,573092	36,694843	36,609972	36,529475	38,203481	35,362652	99,996370	63,140672	62,550384	61,409444	61,826783	60,144514	61,578381	61,506665	63,155150
579,00	100,005460	36,504841	36,505222	39,215702	38,514397	36,493194	36,663815	38,516757	37,788096	99,975348	60,962111	60,748553	60,623342	58,243895	59,500396	59,322226	62,688601	62,722600	66,839468	100,012231	37,712955	37,739331	38,597885	36,718097	36,636120	36,552399	38,221705	35,381404	100,013101	63,121581	62,525278	61,406130	61,823946	60,134774	61,561877	61,478138	63,126922
580,00	99,994600	36,533558	36,531571	39,237300	38,545105	36,520159	36,689869	38,545364	37,801740	99,978518	60,949177	60,732752	60,616422	58,257812	59,494460	59,286070	62,665528	62,693357	66,821212	99,994498	37,731421	37,752590	38,620770	36,740124	36,659485	36,571941	38,246310	35,397297	100,009525	63,084733	62,481701	61,374938	61,801970	60,117221	61,533743	61,448604	63,095415
581,00	100,009358	36,562625	36,565477	39,256346	38,573670	36,548829	36,713055	38,572681	37,828785	100,000083	60,949266	60,725683	60,620624	58,263129	59,496534	59,269696	62,657779	62,675899	66,813910	99,990243	37,753591	37,775508	38,643697	36,765948	36,686996	36,586675	38,269886	35,422000	99,999624	63,056743	62,445951	61,338866	61,767137	60,084254	61,506414	61,403716	63,075221
582,00	99,998778	36,586949	36,598098	39,277962	38,603833	36,579433	36,745954	38,604504	37,857941	100,016284	60,933226	60,723829	60,618687	58,261305	59,475476	59,262818	62,636518	62,657166	66,808295	99,998313	37,785426	37,801906	38,670880	36,793125	36,719975	36,610371	38,299656	35,449833	99,982721	63,021088	62,413293	61,297607	61,736876	60,070723	61,482006	61,377823	63,037282
583,00	99,990332	36,605471	36,625606	39,314252	38,632435	36,613876	36,774364	38,627458	37,883532	100,004268	60,912383	60,695100	60,591382	58,244210	59,444398	59,252369	62,604541	62,630522	66,776729	100,005949	37,811357	37,833363	38,696155	36,826870	36,747998	36,640960	38,319805	35,478863	100,002253	62,987411	62,387490	61,276984	61,714220	60,059506	61,464769	61,366761	63,007474
584,00	99,987525	36,623013	36,648196	39,345348	38,657308	36,649653	36,805150	38,652623	37,896386	99,995977	60,891050	60,681456	60,563314	58,226001	59,412444	59,224182	62,577456	62,595063	66,755569	99,977881	37,833592	37,862614	38,714781	36,849552	36,776805	36,665726	38,344958	35,497743	100,002873	62,946379	62,371290	61,261660	61,696279	60,048956	61,439699	61,347216	62,973082
585,00	100,011897	36,650640	36,674172	39,373124	38,684574	36,682308	36,830539	38,672736	37,914008	99,985540	60,857880	60,643369	60,521531	58,208770	59,386760	59,195846	62,540191	62,562382	66,719794	99,978906	37,856567	37,889111	38,734385	36,875519	36,811641	36,694592	38,362420	35,518241	99,981725	62,917632	62,340182	61,235535	61,675644	60,030627	61,412698	61,329716	62,947816
586,00	100,009835	36,671031	36,701706	39,396545	38,703090	36,705703	36,858806	38,698268	37,932190	99,993891	60,819644	60,616070	60,495013	58,192152	59,374392	59,172368	62,506145	62,536752	66,703176	99,978119	37,881428	37,916383	38,757554	36,903897	36,839849	36,719230	38,390592	35,527462	99,953711	62,900037	62,320006	61,217940	61,662340	60,021436	61,393112	61,303461	62,915754
587,00	100,026429	36,688924	36,728078	39,420101	38,726521	36,732903	36,883748	38,729942	37,964723	99,977499	60,780531	60,562420	60,474962	58,173114	59,349406	59,153360	62,465119	62,508792	66,673422	99,993491	37,909916	37,937734	38,778293	36,935276	36,866391	36,745816	38,414261	35,552812	99,953306	62,878686	62,298113	61,192995	61,638880	60,011017	61,383200	61,286741	62,889689
588,00	100,005651	36,704722	36,747971	39,441907	38,743144	36,751357	36,903071	38,755217	37,982464	99,977624	60,760522	60,530478	60,463828	58,153456	59,330630	59,126598	62,431842	62,479079	66,636193	99,993467	37,932318	37,965834	38,801426	36,960059	36,882085	36,768848	38,444155	35,572353	99,984950	62,857533	62,285727	61,177874	61,617380	60,004824	61,359495	61,270535	62,860763
589,00	100,006461	36,726665	36,763561	39,453015	38,762525	36,778653	36,924911	38,778636	38,004765	99,977881	60,747141	60,513258	60,455972	58,139312	59,315723	59,115207	62,410933	62,456709	66,601914	99,999940	37,957397	37,997821	38,832456	36,985958	36,918071	36,809513	38,469359	35,618418	99,998713	62,826049	62,253094	61,138195	61,583233	59,981978	61,330271	61,237484	62,834138
590,00	99,981993	36,750293	36,787188	39,468381	38,785416	36,807111	36,954558	38,800964	38,022220	99,983907	60,725993	60,496634	60,429120	58,130664	59,297669	59,102362	62,391639	62,430739	66,565275	100,030398	37,985533	38,027814	38,864467	37,017280	36,951566	36,834767	38,497907	35,646221	100,004935	62,801790	62,222844	61,117435	61,555266	59,975189	61,311811	61,222124	62,800795
591,00	99,971902	36,772522	36,808315	39,493790	38,808003	36,834005	36,972716	38,825428	38,045752	99,968821	60,682005	60,475326	60,391980	58,103931	59,265888	59,077072	62,364858	62,397623	66,553396	100,021100	37,996811	38,049197	38,890317	37,032154	36,978486	36,850002	38,518697	35,661617	99,975187	62,763935	62,197161	61,082059	61,524069	59,955609	61,283189	61,196017	62,765336
592,00	99,994689	36,793995	36,830485	39,524746	38,837519	36,874530	36,997759	38,855323	38,072148	99,980599	60,651463	60,442102	60,373819	58,090138	59,236276	59,053302	62,341571	62,362760	66,543913	100,020611	38,014567	38,076514	38,907894	37,055600	36,993152	36,865819	38,534182	35,669005	99,975443	62,744445	62,183058	61,060607	61,496383	59,942091	61,263996	61,181635	62,739682
593,00	100,005209	36,810154	36,849460	39,552358	38,856292	36,900845	37,018910	38,875431	38,099217	99,992698	60,643083	60,433149	60,374665	58,080751	59,221631	59,047610	62,311131	62,351060	66,541755	99,983621	38,018540	38,100430	38,929173	37,074003	37,010539	36,892089	38,541737	35,680181	99,984151	62,717760	62,170541	61,033189	61,475694	59,913558	61,234027	61,169690	62,715638
594,00	99,996805	36,826512	36,876956	39,560983	38,873899	36,931106	37,052441	38,897416	38,119262	100,015056	60,629767	60,406494	60,371095	58,097440	59,218585	59,042037	62,290198	62,342632	66,530794	99,986148	38,046712	38,130721	38,951954	37,109748	37,044522	36,929932	38,566914	35,708973	100,009775	62,709552	62,161756	61,020052	61,462206	59,894788	61,223114	61,161572	62,701780
595,00	99,988091	36,853451	36,910632	39,592785	38,910308	36,964402	37,089834	38,930675	38,143727	100,013340	60,610014	60,380656	60,344738	58,083320	59,202147	59,030932	62,252092	62,317675	66,502005	99,995703	38,062391	38,143107	38,963506	37,129483	37,078860	36,949643	38,588351	35,724860	100,026226	62,677389	62,128472	61,000562	61,454999	59,879673	61,195326	61,154562	62,669688
596,00	99,988037	36,877975	36,941081	39,613855	38,940358	36,999419	37,112728	38,960066	38,159320	100,019467	60,596323	60,360670	60,321611	58,078676	59,196109	59,013754	62,234378	62,291217	66,488248	100,012326	38,090733	38,165081	38,982183	37,151456	37,112457	36,974168	38,623837	35,749257	100,040352	62,659800	62,105012	60,978049	61,438060	59,871227	61,176866	61,126906	62,629169
597,00	100,007010	36,900264	36,974239	39,642727	38,967931	37,038365	37,141421	38,994858	38,186920	100,032198	60,596943	60,360396	60,321093	58,071041	59,192598	59,006268	62,213480	62,270355	66,468519	100,040150	38,120615	38,189557	39,006352	37,179419	37,154153	37,006605	38,648784	35,768825	100,041962	62,623656	62,062716	60,942173	61,403078	59,865957	61,157370	61,101222	62,593055
598,00	100,003195	36,917281	37,002075	39,654422	38,981697	37,066281	37,161824	39,012432	38,205519	100,030696	60,584992	60,352063	60,308272	58,070934	59,190214	58,998424	62,204474	62,250608	66,457283	100,040627	38,158113	38,223678	39,034894	37,210262	37,187344	37,035733	38,682213	35,795334	100,042450	62,598944	62,048632	60,906810	61,369723	59,849107	61,135000	61,077619	62,572527
599,00	100,021267	36,941844	37,031421	39,683318	39,008960	37,095141	37,194580	39,045617	38,238108	100,037324	60,556364	60,337144	60,299897	58,076793	59,177035	58,994520	62,182707	62,232906	66,433531	100,061429	38,192976	38,253376	39,064595	37,241578	37,220085	37,070692	38,701984	35,807505	100,045741	62,573725	62,027097	60,887891	61,357868	59,832120	61,114794	61,064345	62,576890
600,00	100,044703	36,972594	37,061802	39,728206	39,050645	37,133321	37,229541	39,078167	38,269606	100,042140	60,540712	60,315317	60,271883	58,066690	59,164274	58,980578	62,165314	62,198210	66,414052	100,052023	38,216373	38,278449	39,097676	37,269992	37,240279	37,099320	38,729107	35,823607	100,060618	62,539858	62,012875	60,870528	61,350340	59,803742	61,107343	61,048025	62,569785
601,00	100,054967	37,001461	37,081897	39,760944	39,072597	37,162954	37,256277	39,117283	38,290340	100,044513	60,513705	60,281831	60,258383	58,052015	59,148908	58,955115	62,141967	62,167948	66,396213	100,054753	38,249719	38,312393	39,140451	37,295073	37,273556	37,130627	38,755515	35,844722	100,077295	62,505376	62,000638	60,850149	61,343169	59,797758	61,100203	61,027956	62,546921
602,00	100,054967	37,020427	37,104061	39,779353	39,092347	37,193242	37,277615	39,139587	38,305354	100,053608	60,491091	60,253614	60,232919	58,034319	59,138000	58,927828	62,117392	62,140352	66,385478	100,056720	38,277867	38,336086	39,164457	37,319809	37,300742	37,154683	38,780102	35,878131	100,053382	62,456888	61,963230	60,805684	61,306292	59,779721	61,077499	60,986918	62,508333
603,00	100,031805	37,033704	37,113830	39,788228	39,105621	37,214658	37,292248	39,153764	38,317752	100,042236	60,451871	60,217708	60,203725	58,014071	59,113890	58,903259	62,083304	62,110621	66,367453	100,047612	38,303471	38,363448	39,182365	37,333339	37,329412	37,173969	38,798481	35,904911	100,045741	62,443101	61,944765	60,778201	61,278892	59,769839	61,053973	60,963595	62,476379
604,00	100,032783	37,053055	37,143016	39,813110	39,134488	37,243739	37,325910	39,180323	38,353407	100,058508	60,437703	60,208118	60,171688	58,009380	59,089231	58,898312	62,050200	62,099791	66,351926	100,030422	38,311255	38,372776	39,186463	37,352681	37,352547	37,199676	38,811302	35,924274	100,031245	62,425947	61,916983	60,754317	61,238772	59,738588	61,025953	60,939455	62,448239
605,00	100,024939	37,081632	37,160176	39,843836	39,168674	37,270835	37,353551	39,208034	38,377976	100,040400	60,414290	60,173130	60,131228	57,982254	59,040302	58,865863	62,012142	62,073213	66,316628	100,007105	38,326281	38,395214	39,206451	37,374896	37,379456	37,215313	38,832200	35,938862	100,047505	62,412626	61,899495	60,756499	61,212665	59,721416	60,998458	60,926831	62,410533
606,00	100,022984	37,102875	37,191114	39,862683	39,185467	37,287918	37,381434	39,238113	38,405055	100,054896	60,407150	60,153401	60,108280	57,967395	59,017241	58,840549	61,990333	62,064189	66,298002	100,006962	38,340709	38,408017	39,230779	37,403408	37,407291	37,244114	38,856593	35,959813	100,044656	62,374830	61,879355	60,724413	61,171496	59,700334	60,961473	60,903096	62,366545
607,00	99,993706	37,116039	37,204188	39,872935	39,197105	37,298030	37,379605	39,241004	38,414046	100,067711	60,384554	60,131359	60,087889	57,949573	58,986807	58,801180	61,977112	62,054247	66,293889	100,009549	38,361615	38,429019	39,257568	37,431121	37,435848	37,267885	38,879487	35,976106	100,043714	62,342763	61,845118	60,694504	61,142844	59,685391	60,931826	60,861927	62,321860
608,00	99,989897	37,127483	37,220952	39,879227	39,206576	37,317857	37,387612	39,252412	38,440758	100,103390	60,359609	60,104465	60,067427	57,933730	58,968341	58,763474	61,970443	62,030995	66,298330	100,022006	38,380238	38,454732	39,273766	37,454697	37,467971	37,299106	38,905942	35,997149	100,039327	62,316698	61,816716	60,651076	61,113828	59,665465	60,898560	60,842538	62,295413
609,00	100,004673	37,151295	37,235701	39,911205	39,236930	37,336025	37,397948	39,268470	38,468486	100,102639	60,324603	60,067922	60,019732	57,897502	58,907592	58,705431	61,953950	61,993939	66,278923	100,029635	38,413551	38,492692	39,300603	37,484768	37,498292	37,321773	38,935125	36,020690	100,040126	62,295580	61,774963	60,626638	61,087513	59,641385	60,876065	60,803986	62,269819
610,00	100,014746	37,178844	37,253484	39,934427	39,258662	37,364453	37,412807	39,288008	38,495326	100,087035	60,294139	60,023534	59,968966	57,853484	58,854580	58,654737	61,918998	61,959207	66,246772	100,055015	38,440281	38,525623	39,324734	37,508810	37,536877	37,352735	38,966504	36,058667	100,043273	62,267154	61,759126	60,614026	61,066651	59,635347	60,855132	60,800171	62,257707
611,00	100,019228	37,206227	37,281191	39,967930	39,279437	37,390259	37,433830	39,313045	38,519776	100,044560	60,252661	59,976393	59,904909	57,796460	58,797437	58,607501	61,885422	61,920142	66,194755	100,057209	38,469258	38,546631	39,356753	37,535426	37,558162	37,384364	38,993159	36,083931	100,050533	62,244916	61,757183	60,599440	61,041349	59,640074	60,844237	60,785437	62,233102
612,00	100,018847	37,230039	37,296122	39,982513	39,282742	37,422973	37,440309	39,326793	38,535812	100,027311	60,220641	59,935141	59,864277	57,742411	58,753920	58,561635	61,841846	61,892503	66,162437	100,067782	38,486797	38,563555	39,373097	37,558025	37,578395	37,408948	39,012742	36,104569	100,058949	62,214750	61,744016	60,597444	61,030310	59,639490	60,820526	60,773313	62,208545
613,00	100,027835	37,237033	37,311703	39,996555	39,290187	37,435406	37,450740	39,339313	38,553467	99,983549	60,170233	59,890592	59,801036	57,686162	58,695811	58,493769	61,809331	61,848783	66,132855	100,058329	38,512766	38,584903	39,400908	37,585378	37,592557	37,433034	39,031720	36,116672	100,053489	62,188452	61,725199	60,569561	61,011732	59,622496	60,794336	60,742199	62,181258
614,00	100,010312	37,248608	37,322983	40,006173	39,289925	37,446851	37,458226	39,336881	38,573301	99,988371	60,139269	59,866017	59,746462	57,643270	58,641225	58,437592	61,785114	61,828333	66,127527	100,048864	38,526675	38,608757	39,427033	37,603718	37,626576	37,451556	39,054546	36,132905	100,042391	62,150174	61,690491	60,553819	60,988981	59,584212	60,774493	60,699499	62,165684
615,00	99,995536	37,266952	37,344706	40,024388	39,313456	37,469819	37,481967	39,354867	38,594869	99,986756	60,102576	59,827870	59,692264	57,623667	58,591092	58,389401	61,773086	61,812299	66,103995	100,044680	38,554713	38,625047	39,452589	37,627292	37,662089	37,474236	39,075193	36,156949	100,020123	62,124574	61,660498	60,520077	60,940868	59,566343	60,755533	60,666859	62,140399
616,00	99,979776	37,296590	37,367737	40,055504	39,340022	37,491092	37,502635	39,379519	38,629383	100,011134	60,078311	59,797347	59,662265	57,598513	58,560663	58,360881	61,758786	61,800039	66,101098	100,049400	38,579571	38,654053	39,476329	37,646878	37,688565	37,495777	39,096215	36,176637	100,025976	62,106061	61,642992	60,510057	60,925043	59,556979	60,742110	60,646909	62,118483
617,00	99,985433	37,325153	37,393403	40,084773	39,369667	37,519109	37,526563	39,410466	38,649672	99,992347	60,042202	59,759647	59,625715	57,562488	58,521467	58,325744	61,731368	61,787158	66,083992	100,058591	38,605794	38,681260	39,493570	37,672073	37,707913	37,518266	39,115998	36,199635	100,011396	62,078434	61,612457	60,471570	60,897398	59,545904	60,708284	60,604399	62,082058
618,00	99,980223	37,346449	37,422648	40,099645	39,374056	37,527436	37,537667	39,428306	38,675320	99,985141	60,002697	59,738666	59,591269	57,512867	58,475113	58,272278	61,703289	61,767262	66,074252	100,049806	38,617924	38,709602	39,512172	37,687686	37,730855	37,531230	39,133003	36,212692	100,013733	62,074709	61,593676	60,453349	60,897946	59,533453	60,692811	60,587782	62,074828
619,00	99,987984	37,369061	37,448826	40,118954	39,390567	37,552196	37,560913	39,445099	38,695842	99,978417	59,957701	59,693676	59,536546	57,470095	58,413833	58,218700	61,663169	61,734086	66,026449	100,026822	38,627675	38,716236	39,528018	37,714231	37,742290	37,540036	39,144176	36,234555	99,992615	62,048930	61,553633	60,415339	60,861546	59,506285	60,660845	60,550267	62,049031
620,00	100,001490	37,393558	37,475818	40,137818	39,407790	37,575001	37,580165	39,466789	38,730052	99,973452	59,923387	59,659350	59,502500	57,441914	58,368033	58,169878	61,631030	61,706096	65,987146	100,034785	38,656414	38,740170	39,554852	37,740272	37,778637	37,560216	39,167073	36,256313	99,994081	62,030679	61,516356	60,376233	60,836214	59,485495	60,643703	60,540628	62,027538
621,00	100,005150	37,420136	37,491557	40,175959	39,442584	37,609181	37,601727	39,493203	38,759479	99,964762	59,884167	59,621561	59,438795	57,409918	58,322102	58,147842	61,600357	61,670190	65,952677	100,035429	38,687718	38,760427	39,585522	37,764999	37,801754	37,595749	39,200482	36,277980	99,997824	61,991400	61,479056	60,338080	60,811770	59,466457	60,615933	60,513151	61,983538
622,00	100,011921	37,445486	37,504777	40,193570	39,456302	37,631643	37,620381	39,505985	38,782823	99,952215	59,852290	59,586215	59,410465	57,364011	58,280587	58,105540	61,568183	61,652392	65,933150	100,057983	38,722515	38,789359	39,620626	37,782687	37,847626	37,639919	39,237794	36,297840	100,001442	61,975741	61,438704	60,320348	60,793835	59,460276	60,607380	60,500121	61,951083
623,00	99,991876	37,470639	37,521657	40,223208	39,481038	37,648654	37,638196	39,526522	38,810161	99,950385	59,814465	59,553730	59,364760	57,322425	58,248442	58,068019	61,542070	61,606753	65,903205	100,039709	38,736039	38,809016	39,647129	37,799701	37,864852	37,661651	39,254352	36,312425	100,005496	61,959845	61,420834	60,319978	60,784090	59,452718	60,590762	60,491198	61,921936
624,00	100,000203	37,484568	37,547910	40,242749	39,486417	37,664241	37,659714	39,527470	38,829440	99,941832	59,778613	59,504414	59,344339	57,288861	58,216184	58,021730	61,514723	61,572009	65,868109	100,050890	38,751709	38,836312	39,674014	37,821743	37,893635	37,689295	39,270341	36,341268	100,013578	61,942762	61,407363	60,297024	60,737205	59,441656	60,574114	60,459965	61,900592
625,00	99,992061	37,506118	37,573859	40,279895	39,515355	37,690571	37,681788	39,555874	38,853958	99,942786	59,753418	59,486115	59,304559	57,276416	58,199954	57,991660	61,497724	61,531234	65,832156	100,027668	38,770354	38,866317	39,687130	37,843022	37,915188	37,699527	39,291623	36,362815	100,024903	61,925519	61,410636	60,269725	60,705477	59,417063	60,565507	60,443318	61,892360
626,00	99,999720	37,523380	37,586635	40,297592	39,520183	37,709469	37,694737	39,570370	38,864535	99,946928	59,725386	59,457350	59,286773	57,250780	58,154601	57,962084	61,476266	61,509734	65,822893	100,029874	38,798341	38,895911	39,713523	37,868184	37,950757	37,728524	39,320645	36,397037	100,036168	61,892748	61,394399	60,233426	60,676378	59,404999	60,549909	60,410321	61,871123
627,00	99,979299	37,544096	37,586808	40,315235	39,537078	37,728122	37,715530	39,604434	38,894504	99,951547	59,714103	59,443951	59,259629	57,237011	58,119643	57,941127	61,458910	61,498308	65,812624	100,043941	38,835454	38,927805	39,741650	37,895039	37,984607	37,763989	39,356288	36,418465	100,036097	61,867553	61,359477	60,201907	60,664254	59,371585	60,532194	60,390115	61,853307
628,00	99,969184	37,552685	37,608567	40,329194	39,548343	37,743977	37,744492	39,637130	38,915849	99,963379	59,671819	59,416270	59,224731	57,209301	58,078539	57,899481	61,434084	61,478454	65,799242	100,064230	38,867736	38,948277	39,777890	37,930450	38,020343	37,790287	39,380369	36,443570	100,046027	61,831498	61,321580	60,158461	60,647631	59,349537	60,487109	60,355973	61,811602
629,00	99,976140	37,579137	37,633517	40,352210	39,581284	37,778446	37,777543	39,664510	38,945079	99,978852	59,649003	59,392303	59,193206	57,191426	58,061087	57,863438	61,419755	61,469257	65,779114	100,070858	38,892797	38,973212	39,797467	37,957233	38,044426	37,814957	39,403585	36,459431	100,049949	61,816508	61,299092	60,138476	60,616225	59,337652	60,455120	60,340208	61,794734
630,00	100,001585	37,605590	37,672985	40,387097	39,618313	37,805516	37,804607	39,688939	38,967666	99,968928	59,605765	59,357524	59,144950	57,150942	58,021790	57,812297	61,382252	61,429673	65,747052	100,051856	38,910666	38,983628	39,808977	37,976903	38,062656	37,815830	39,414868	36,471322	100,022197	61,777586	61,261964	60,112631	60,593736	59,321058	60,424817	60,317242	61,760378
631,00	100,021815	37,640229	37,694180	40,409404	39,637479	37,828761	37,820557	39,693967	38,989529	99,952781	59,586048	59,325004	59,123743	57,124269	57,992828	57,780290	61,352003	61,403394	65,710902	100,052249	38,932282	39,017904	39,830968	37,993130	38,092577	37,848297	39,444444	36,499465	99,995184	61,758983	61,240828	60,093659	60,555041	59,304124	60,415220	60,292757	61,743665
632,00	100,027037	37,657517	37,712586	40,443242	39,656439	37,843809	37,837872	39,706638	39,002088	99,950266	59,565824	59,284252	59,081501	57,093233	57,955873	57,749677	61,315185	61,369467	65,665990	100,043428	38,961902	39,042339	39,860398	38,016316	38,113949	37,876523	39,465627	36,520889	99,997926	61,725664	61,205798	60,057712	60,520154	59,274042	60,385257	60,251188	61,712819
633,00	100,025976	37,695083	37,725490	40,461549	39,673817	37,867671	37,856525	39,722854	39,026371	99,981833	59,546602	59,268194	59,064925	57,084489	57,937741	57,721889	61,290693	61,352229	65,654403	100,023508	38,983321	39,069244	39,885616	38,027176	38,137555	37,892428	39,487031	36,541653	100,016332	61,733359	61,194438	60,041213	60,492086	59,267765	60,371989	60,233974	61,697680
634,00	100,033879	37,716907	37,743327	40,481365	39,708585	37,896547	37,872985	39,749923	39,054066	99,987406	59,526443	59,246874	59,027600	57,063633	57,901078	57,697886	61,262816	61,326182	65,647990	100,018227	38,993949	39,095092	39,910221	38,045302	38,157529	37,904775	39,498451	36,557254	100,029993	61,717284	61,172223	60,018659	60,471421	59,249943	60,348052	60,224402	61,667615
635,00	100,022078	37,744546	37,771481	40,493444	39,738405	37,927106	37,897664	39,774746	39,074531	99,974817	59,503239	59,232342	59,004641	57,051361	57,871139	57,664996	61,232823	61,297333	65,643001	100,008512	39,011443	39,117277	39,927456	38,057736	38,183209	37,920749	39,518252	36,578774	100,023198	61,712629	61,166948	60,007000	60,474354	59,229541	60,338229	60,219920	61,643076
636,00	100,024295	37,761393	37,806141	40,523624	39,766771	37,954748	37,932888	39,801961	39,092624	99,964380	59,494686	59,212309	58,989257	57,037526	57,837474	57,655078	61,207503	61,286068	65,630531	99,998420	39,028889	39,140686	39,947873	38,087490	38,205189	37,951672	39,536935	36,599639	100,022113	61,667258	61,153239	59,974504	60,449743	59,191102	60,292500	60,196054	61,607820
637,00	100,025654	37,786031	37,839600	40,554655	39,789018	37,987775	37,960485	39,826801	39,121270	99,971527	59,472883	59,182996	58,981246	57,033861	57,825148	57,630259	61,193717	61,271453	65,603083	99,985260	39,063573	39,165723	39,966422	38,110906	38,227254	37,978360	39,568102	36,627519	100,041139	61,647952	61,132097	59,960592	60,444045	59,183210	60,273296	60,163575	61,585093
638,00	100,045359	37,813690	37,857223	40,580425	39,814919	38,016331	37,990144	39,849401	39,157426	99,995768	59,448093	59,166169	58,976912	57,033807	57,821804	57,625777	61,170727	61,250585	65,594542	99,975431	39,086473	39,181519	39,983532	38,139233	38,246959	37,998426	39,591157	36,648896	100,046468	61,626613	61,104411	59,924757	60,404873	59,162527	60,254049	60,142779	61,564702
639,00	100,073040	37,836713	37,888065	40,601268	39,836302	38,055682	38,015899	39,875448	39,190745	100,005615	59,425139	59,137881	58,969831	57,029492	57,842088	57,607609	61,159313	61,228472	65,576518	99,965757	39,115280	39,206365	40,006909	38,156986	38,270342	38,022420	39,622432	36,675832	100,053012	61,605883	61,097950	59,899688	60,383081	59,161603	60,241336	60,137296	61,548543
640,00	100,079346	37,870580	37,914217	40,628627	39,859909	38,081467	38,048351	39,903301	39,214557	100,022602	59,399414	59,126723	58,968329	57,033783	57,837003	57,616383	61,143786	61,215162	65,587252	99,984860	39,137164	39,219433	40,030795	38,185135	38,289174	38,047895	39,642528	36,688522	100,022793	61,555558	61,072522	59,854633	60,347807	59,147221	60,210449	60,109699	61,518067
641,00	100,057805	37,886083	37,946138	40,657151	39,881933	38,106084	38,073769	39,926165	39,235485	100,038838	59,369934	59,093499	58,960527	57,012677	57,808512	57,593501	61,124998	61,196387	65,560758	99,995852	39,155924	39,259586	40,073836	38,202935	38,320649	38,075885	39,674640	36,708134	100,039208	61,513442	61,063969	59,832895	60,329974	59,133381	60,187227	60,082537	61,495298
642,00	100,025356	37,900111	37,961438	40,670544	39,903030	38,123402	38,086078	39,943737	39,245129	100,030589	59,340131	59,070420	58,965701	57,001078	57,779157	57,572860	61,095327	61,155975	65,536642	100,021732	39,178303	39,289790	40,111107	38,233045	38,359600	38,109767	39,700961	36,730313	100,049257	61,490691	61,034387	59,817445	60,317129	59,113169	60,176343	60,050035	61,488897
643,00	100,021338	37,917995	37,979877	40,691596	39,930835	38,151896	38,107297	39,960480	39,268920	100,019956	59,324932	59,048349	58,946872	56,980205	57,756114	57,543242	61,062777	61,116970	65,511572	100,019932	39,203417	39,329800	40,143672	38,255429	38,396540	38,145572	39,737821	36,754122	100,062990	61,478990	61,006773	59,805512	60,296369	59,080619	60,150194	60,029566	61,475921
644,00	100,025892	37,945721	37,998965	40,716594	39,948794	38,183385	38,138816	39,992684	39,300805	100,028098	59,326071	59,042203	58,945811	56,994247	57,774311	57,551092	61,044329	61,104715	65,526772	100,058138	39,244464	39,351436	40,168962	38,290158	38,429928	38,192943	39,779925	36,789981	100,059080	61,458600	60,974097	59,784883	60,293180	59,058744	60,130203	60,005558	61,447531
645,00	100,050867	37,981752	38,022718	40,757656	39,986786	38,218662	38,185322	40,025818	39,344516	100,062680	59,324801	59,034914	58,921999	56,990910	57,772708	57,556611	61,037511	61,107939	65,527463	100,073540	39,273822	39,381576	40,193555	38,323796	38,453427	38,219520	39,805710	36,815056	100,085533	61,422956	60,942334	59,756368	60,257208	59,030718	60,101587	59,981799	61,409312
646,00	100,062037	38,010335	38,044965	40,786773	40,012425	38,245165	38,231546	40,067109	39,369830	100,088966	59,316331	59,020281	58,909833	56,985492	57,777119	57,557607	61,035311	61,107224	65,519285	100,043237	39,291850	39,395222	40,209183	38,347504	38,474163	38,234204	39,816990	36,829239	100,096393	61,383486	60,907596	59,723115	60,226285	59,007597	60,077977	59,966815	61,374158
647,00	100,083888	38,046971	38,076437	40,818101	40,039808	38,276348	38,266018	40,105590	39,392868	100,082338	59,291840	58,997405	58,881825	56,963444	57,750201	57,528919	61,021942	61,089528	65,489298	100,025082	39,304125	39,408436	40,232429	38,365155	38,488194	38,246572	39,824468	36,834896	100,097132	61,355406	60,870558	59,688860	60,181934	58,990514	60,037398	59,953505	61,346549
648,00	100,079548	38,066632	38,105166	40,834439	40,058500	38,308182	38,289565	40,128461	39,412379	100,055814	59,250814	58,955568	58,843553	56,937349	57,731020	57,487845	60,996664	61,049533	65,471154	100,024748	39,324695	39,418548	40,255207	38,389024	38,511494	38,262624	39,843357	36,859268	100,057411	61,324370	60,835433	59,660661	60,169286	58,964384	60,006732	59,926921	61,311072
649,00	100,080967	38,090733	38,130990	40,860608	40,080237	38,329959	38,314575	40,144053	39,431193	100,040805	59,209520	58,908188	58,812422	56,897569	57,678640	57,437068	60,953641	61,004716	65,433329	100,041020	39,346772	39,432842	40,275952	38,410750	38,527560	38,284671	39,862704	36,882403	100,054598	61,310196	60,825062	59,643918	60,146147	58,944058	59,979689	59,904039	61,290312
650,00	100,067782	38,095266	38,144490	40,883881	40,107745	38,342586	38,331103	40,145528	39,450780	100,043392	59,166700	58,858174	58,768064	56,848675	57,621348	57,373667	60,911334	60,954088	65,387720	100,016761	39,366686	39,454091	40,293226	38,436237	38,559809	38,303697	39,879963	36,914584	100,031805	61,288911	60,807353	59,625745	60,114908	58,931440	59,948415	59,870619	61,264265
651,00	100,066340	38,125721	38,154081	40,907642	40,118650	38,349670	38,352066	40,163848	39,470062	100,044203	59,125960	58,825296	58,732450	56,796873	57,552797	57,316530	60,873729	60,930312	65,352732	99,993062	39,381313	39,477140	40,310803	38,446808	38,577738	38,325104	39,902633	36,922228	100,025272	61,272627	60,786682	59,603101	60,081470	58,924103	59,922236	59,842050	61,244440
652,00	100,064111	38,134372	38,165742	40,910053	40,119448	38,355047	38,336375	40,154353	39,497989	100,069034	59,105623	58,811843	58,678663	56,741953	57,496381	57,265747	60,855937	60,920149	65,348989	99,985576	39,415008	39,500844	40,340668	38,470867	38,609040	38,357395	39,926553	36,942753	100,013530	61,252290	60,765827	59,595722	60,060197	58,907199	59,899628	59,802294	61,227757
653,00	100,068033	38,162884	38,184890	40,914363	40,114644	38,352066	38,340205	40,155408	39,520493	100,066197	59,083802	58,793247	58,620924	56,687772	57,421112	57,214153	60,859358	60,905945	65,346032	99,994528	39,428860	39,522171	40,356472	38,482791	38,615283	38,373688	39,933398	36,964145	100,034571	61,227554	60,747784	59,581590	60,050941	58,886439	59,898132	59,803498	61,227918
654,00	100,077462	38,183594	38,196382	40,931728	40,118787	38,352785	38,335332	40,152323	39,547208	100,045753	59,054184	58,744913	58,547533	56,615758	57,329166	57,132781	60,830951	60,861599	65,324259	99,988198	39,450711	39,545977	40,374562	38,499203	38,633496	38,393834	39,946926	36,982539	100,059497	61,232036	60,741609	59,578782	60,036266	58,886629	59,888899	59,795457	61,226338
655,00	100,060606	38,214913	38,214031	40,961549	40,122631	38,356504	38,343892	40,155360	39,566880	100,005615	58,996153	58,676594	58,467150	56,526077	57,240462	57,032186	60,799682	60,824275	65,298581	99,967110	39,457858	39,569789	40,389112	38,506430	38,656434	38,408279	39,965054	37,003848	100,096309	61,220717	60,727328	59,567630	60,024214	58,886641	59,869814	59,785491	61,214232
656,00	100,060296	38,232532	38,227093	40,977523	40,112212	38,352644	38,326085	40,149325	39,593154	99,971765	58,926535	58,602268	58,358932	56,411344	57,125986	56,909406	60,749155	60,803163	65,269816	99,952334	39,491749	39,597198	40,420896	38,533297	38,692051	38,429612	39,999312	37,013438	100,072443	61,195147	60,702115	59,562117	59,992552	58,870059	59,846526	59,744054	61,186534
657,00	100,030148	38,240924	38,235989	40,969032	40,090546	38,316259	38,304412	40,127146	39,611495	99,993950	58,857030	58,548379	58,242083	56,287825	56,998277	56,790358	60,720718	60,794592	65,251189	99,965721	39,516041	39,618859	40,453580	38,556504	38,728902	38,461423	40,018508	37,042508	100,045133	61,142230	60,660940	59,515351	59,937489	58,832693	59,801471	59,709442	61,137831
658,00	100,022733	38,252422	38,241330	40,970907	40,061978	38,289720	38,285068	40,102810	39,633822	100,005007	58,803117	58,476031	58,118594	56,152385	56,841397	56,635916	60,701901	60,772890	65,222466	99,986756	39,547536	39,650154	40,484405	38,592044	38,747966	38,493931	40,034473	37,070271	100,023806	61,090410	60,630995	59,469205	59,888732	58,796507	59,764647	59,690887	61,112934
659,00	100,023639	38,279721	38,247070	40,972775	40,038693	38,261726	38,261783	40,065593	39,663914	100,008571	58,733171	58,402693	57,999665	56,010705	56,676924	56,483477	60,684818	60,743612	65,206546	99,982810	39,560103	39,670408	40,500420	38,614300	38,768971	38,521293	40,051240	37,097558	100,029540	61,076111	60,603780	59,441620	59,847283	58,771592	59,725076	59,655637	61,084622
660,00	100,018108	38,303676	38,246846	40,984359	40,006995	38,226765	38,222855	40,016764	39,687663	100,008297	58,662623	58,300889	57,855052	55,848193	56,494063	56,305319	60,667878	60,717225	65,195394	99,969786	39,582211	39,696842	40,521774	38,642812	38,782063	38,535291	40,080136	37,119794	100,031924	61,056143	60,575306	59,415132	59,821361	58,742034	59,690583	59,608412	61,069274
661,00	100,012898	38,333690	38,242069	40,987551	39,970320	38,186413	38,172641	39,965934	39,721125	100,018728	58,565146	58,214247	57,695329	55,668074	56,287581	56,120127	60,631603	60,687608	65,194631	99,960655	39,604831	39,709076	40,550569	38,658017	38,798061	38,534272	40,115795	37,143672	100,034022	61,043000	60,547042	59,395915	59,778476	58,712232	59,657854	59,554410	61,038899
662,00	100,001729	38,350174	38,227391	40,988159	39,925736	38,132969	38,121301	39,917469	39,740247	100,017571	58,472651	58,113188	57,497984	55,460978	56,069487	55,897206	60,611093	60,671037	65,171885	99,979132	39,634019	39,734647	40,584493	38,674557	38,822833	38,543305	40,144154	37,165835	100,029600	61,015582	60,518271	59,356421	59,723407	58,688772	59,610468	59,501302	61,009830
663,00	100,005984	38,381442	38,221660	40,988094	39,884815	38,093677	38,070199	39,870843	39,768612	100,023353	58,372968	58,034945	57,316226	55,251849	55,851847	55,668157	60,593313	60,660279	65,159774	99,985349	39,656827	39,756739	40,609539	38,694870	38,847920	38,556838	40,155670	37,188235	100,029325	60,986495	60,502791	59,343922	59,676588	58,660352	59,559619	59,459513	60,982609
664,00	99,995017	38,394606	38,195312	40,969825	39,819276	38,014394	37,993920	39,809871	39,782733	100,028217	58,278918	57,935023	57,131535	55,035079	55,637735	55,438793	60,587877	60,644716	65,142721	99,987864	39,669409	39,785850	40,625691	38,717696	38,882068	38,574407	40,163380	37,207127	100,004232	60,961467	60,456842	59,304476	59,635007	58,641589	59,505957	59,417439	60,948932
665,00	99,975932	38,412493	38,177815	40,966672	39,754024	37,944639	37,913570	39,734674	39,798313	100,038064	58,177257	57,835978	56,959701	54,820365	55,430591	55,203032	60,564619	60,635471	65,148413	99,987572	39,697033	39,813671	40,639409	38,742343	38,903430	38,590673	40,193233	37,235218	99,994040	60,915530	60,418683	59,263426	59,593976	58,601439	59,459746	59,367329	60,911512
666,00	99,968988	38,424778	38,161293	40,962887	39,677706	37,865284	37,830725	39,656326	39,822778	100,017428	58,051360	57,723218	56,757647	54,590607	55,193269	54,958910	60,536236	60,616660	65,128571	100,000286	39,729393	39,838448	40,657258	38,744506	38,925269	38,607052	40,214825	37,256137	99,998254	60,888809	60,382980	59,225261	59,547168	58,583605	59,428686	59,325576	60,879773
667,00	99,989051	38,448700	38,158661	40,962964	39,629123	37,815052	37,764987	39,604035	39,848378	99,971807	57,922769	57,600367	56,529880	54,343981	54,940438	54,701281	60,498643	60,593557	65,093207	100,012052	39,767227	39,858854	40,684566	38,761899	38,952756	38,620326	40,236065	37,270695	99,980807	60,845548	60,355175	59,182566	59,489816	58,550817	59,398031	59,267747	60,839802
668,00	99,998254	38,470134	38,152695	40,954554	39,577389	37,765759	37,703893	39,552978	39,878967	99,942380	57,778490	57,482725	56,294680	54,116565	54,673725	54,443848	60,456419	60,538661	65,042335	100,038815	39,800617	39,884472	40,717381	38,786516	38,981447	38,639653	40,240204	37,294063	99,984038	60,827166	60,325944	59,154189	59,443545	58,525527	59,353900	59,243053	60,811841
669,00	100,007546	38,498318	38,146576	40,945110	39,531085	37,729847	37,658632	39,501867	39,899924	99,927574	57,660127	57,369649	56,106067	53,914142	54,444867	54,215699	60,421395	60,511005	64,998597	100,019550	39,819947	39,899504	40,739262	38,821504	38,995969	38,643786	40,248638	37,308806	99,977624	60,818952	60,324579	59,132206	59,415662	58,501923	59,330958	59,220111	60,777056
670,00	99,961203	38,513291	38,138524	40,932602	39,467937	37,675294	37,617183	39,434394	39,919648	99,951422	57,570314	57,292688	55,957597	53,760058	54,264307	54,030395	60,407102	60,486329	64,989042	100,011289	39,838016	39,929634	40,752193	38,842028	39,008850	38,659596	40,264225	37,339976	99,995321	60,804391	60,313517	59,118986	59,375459	58,475244	59,287566	59,198529	60,750169
671,00	99,980599	38,537371	38,135600	40,930203	39,433384	37,641570	37,600434	39,399353	39,934236	99,956876	57,496637	57,223266	55,849689	53,608018	54,112887	53,894132	60,393894	60,467458	64,982474	99,979764	39,841187	39,928722	40,757397	38,857615	39,023677	38,657787	40,281904	37,348261	100,004542	60,787988	60,310251	59,099531	59,349781	58,467191	59,273469	59,171659	60,732710
672,00	99,982142	38,559625	38,130826	40,935221	39,416179	37,616903	37,589145	39,371163	39,950389	99,984860	57,438493	57,172537	55,744112	53,491169	54,002655	53,767914	60,384595	60,448122	64,976311	99,991477	39,859661	39,957288	40,788287	38,885087	39,052123	38,687098	40,315333	37,375844	99,990427	60,754818	60,278124	59,065670	59,313780	58,446902	59,236193	59,136569	60,720044
673,00	100,009882	38,580471	38,144344	40,951797	39,419496	37,613598	37,582469	39,362276	39,966938	99,967021	57,372576	57,118565	55,646056	53,386950	53,903842	53,669345	60,356069	60,430980	64,949608	99,978757	39,865947	39,965877	40,806460	38,915199	39,073476	38,702050	40,334821	37,386087	99,994659	60,754454	60,259783	59,050471	59,307909	58,442855	59,232461	59,124964	60,715503
674,00	99,990410	38,595074	38,142431	40,957230	39,420697	37,611201	37,575135	39,352822	39,995846	99,992186	57,330531	57,091033	55,586243	53,341722	53,858876	53,598672	60,326010	60,412669	64,940184	99,958044	39,890045	39,987111	40,829805	38,926426	39,095348	38,733813	40,356612	37,404576	99,994469	60,727286	60,232621	59,026843	59,282750	58,418751	59,227306	59,097362	60,685974
675,00	100,002062	38,613293	38,146320	40,968972	39,427993	37,632218	37,585795	39,379513	40,030047	99,973929	57,304555	57,062978	55,536300	53,293550	53,816694	53,574324	60,296386	60,377878	64,937001	99,944884	39,911380	40,006652	40,846074	38,938254	39,125338	38,745081	40,369430	37,415153	100,006902	60,688192	60,192430	58,993131	59,248847	58,401948	59,207600	59,067965	60,646176
676,00	100,012195	38,637897	38,156754	40,991628	39,448085	37,669525	37,625873	39,410746	40,062070	99,971873	57,273257	57,041371	55,516154	53,285724	53,802454	53,549957	60,270435	60,344690	64,902687	99,933922	39,941934	40,023860	40,866375	38,943359	39,148989	38,759488	40,384829	37,439165	100,016117	60,653394	60,171521	58,972681	59,228158	58,387417	59,201020	59,051061	60,624450
677,00	100,010526	38,660413	38,186234	41,026264	39,469954	37,714604	37,667283	39,465678	40,068665	99,954927	57,266879	57,035273	55,479342	53,295755	53,803712	53,571475	60,246587	60,333699	64,875460	99,926817	39,971751	40,058392	40,880355	38,972324	39,159474	38,783577	40,404424	37,465200	100,018775	60,628617	60,153842	58,946246	59,222770	58,370245	59,177184	59,033418	60,591692
678,00	99,988526	38,669711	38,226029	41,056105	39,508045	37,754908	37,715718	39,509007	40,078467	99,949068	57,275796	57,041103	55,500609	53,347605	53,858066	53,627992	60,226244	60,317808	64,855111	99,945474	39,994127	40,094021	40,903321	39,011082	39,196301	38,826406	40,442288	37,494659	100,034833	60,617805	60,132414	58,946872	59,228891	58,363605	59,189314	59,014130	60,592818
679,00	100,002599	38,700619	38,258976	41,090497	39,575803	37,824616	37,789071	39,573914	40,105176	99,960595	57,305223	57,056445	55,556524	53,445888	53,956240	53,724539	60,213113	60,309172	64,841926	99,970269	40,017131	40,121299	40,924123	39,035320	39,232746	38,861981	40,476254	37,508637	100,028408	60,594523	60,105801	58,923030	59,207612	58,355761	59,180540	59,002352	60,552692
680,00	99,994731	38,731438	38,301781	41,128281	39,656138	37,913868	37,878695	39,641765	40,143460	99,973112	57,332647	57,068735	55,648547	53,555685	54,074550	53,834718	60,206008	60,284150	64,818215	99,984169	40,021133	40,137061	40,946820	39,053538	39,269665	38,889709	40,491849	37,527543	100,018156	60,580707	60,074037	58,917445	59,189790	58,341950	59,176773	59,005833	60,537577
681,00	99,954873	38,747501	38,345584	41,160184	39,739090	38,005123	37,976605	39,727765	40,160525	99,968165	57,366556	57,078266	55,765063	53,719431	54,204333	53,970164	60,195756	60,256022	64,779764	99,972433	40,047696	40,153137	40,962330	39,080039	39,283028	38,906285	40,511432	37,547374	100,004697	60,570318	60,049945	58,886331	59,169859	58,327299	59,146160	59,011453	60,500067
682,00	99,898314	38,761067	38,394088	41,207168	39,821976	38,096401	38,079315	39,827794	40,164387	99,983466	57,445246	57,127869	55,909067	53,903055	54,369235	54,156542	60,163534	60,227835	64,770728	99,960703	40,072376	40,175238	40,998995	39,112827	39,302433	38,946170	40,534496	37,569657	99,994940	60,538310	60,050321	58,854026	59,156215	58,299345	59,128493	58,992726	60,483611
683,00	99,897796	38,769758	38,453126	41,256618	39,921856	38,208908	38,210583	39,935929	40,184537	99,972564	57,531309	57,189220	56,057954	54,121763	54,579031	54,367828	60,112244	60,183930	64,753938	99,963742	40,095273	40,206230	41,023532	39,139435	39,336073	38,980007	40,568271	37,578663	100,024903	60,517216	60,042268	58,832765	59,153837	58,301431	59,126395	58,992064	60,480237
684,00	99,920654	38,796696	38,519257	41,314211	40,028813	38,333324	38,348630	40,059999	40,203297	100,010097	57,649738	57,283914	56,222415	54,341847	54,821378	54,603624	60,085970	60,169053	64,758891	99,965209	40,114984	40,232632	41,046268	39,151409	39,368248	39,024249	40,603146	37,597170	100,066221	60,499209	60,073501	58,828777	59,180695	58,298063	59,147078	58,995205	60,457414
685,00	99,951476	38,825181	38,601002	41,368297	40,151545	38,467753	38,495433	40,194461	40,234405	100,000799	57,751155	57,360554	56,397051	54,571211	55,050611	54,849672	60,070783	60,136807	64,733362	99,965596	40,134284	40,258679	41,063267	39,181197	39,385951	39,050350	40,635246	37,621319	100,091541	60,501939	60,052168	58,830029	59,194851	58,297998	59,146750	59,008175	60,430968
686,00	99,963194	38,866001	38,679993	41,435567	40,275782	38,611150	38,644043	40,351686	40,258870	99,990726	57,874495	57,442927	56,595582	54,796714	55,291033	55,096579	60,065401	60,111880	64,709085	99,946475	40,146872	40,261570	41,080022	39,202794	39,404941	39,062959	40,658337	37,639755	100,099874	60,486025	60,021448	58,813435	59,210783	58,280349	59,139478	58,978659	60,391814
687,00	99,976659	38,906032	38,756216	41,514698	40,417540	38,755572	38,803464	40,501094	40,289509	99,970591	57,991576	57,530797	56,811053	55,052233	55,528766	55,363250	60,060257	60,087949	64,681387	99,931359	40,163070	40,261075	41,101801	39,229542	39,416561	39,080977	40,679455	37,655526	100,085330	60,467577	59,973752	58,798486	59,190810	58,266675	59,126467	58,978242	60,381496
688,00	99,982244	38,930157	38,829175	41,586223	40,542278	38,904446	38,966075	40,648335	40,321273	99,966776	58,125705	57,630765	57,016158	55,302602	55,790442	55,629092	60,047072	60,076368	64,675975	99,953455	40,186435	40,288869	41,120559	39,256179	39,458326	39,126998	40,710491	37,674478	100,069273	60,432780	59,963655	58,764279	59,196639	58,236605	59,108949	58,968759	60,351288
689,00	99,987185	38,936770	38,883808	41,649160	40,667209	39,020044	39,115795	40,772918	40,339106	99,998015	58,235830	57,721734	57,237113	55,556232	56,039381	55,902249	60,035771	60,078907	64,668489	99,984980	40,230739	40,342662	41,160992	39,293325	39,497119	39,185536	40,761617	37,704417	100,038862	60,411769	59,966189	58,758974	59,212512	58,233225	59,116995	58,984417	60,336822
690,00	99,996763	38,946107	38,933101	41,710532	40,780964	39,154091	39,249396	40,899631	40,366420	100,009358	58,339185	57,796252	57,429063	55,772042	56,273532	56,143957	59,985453	60,075796	64,656973	99,992651	40,255901	40,391377	41,179952	39,325425	39,540485	39,217114	40,783691	37,729505	100,046229	60,387188	59,956986	58,741456	59,219295	58,226699	59,115171	58,967960	60,299945
691,00	100,005066	38,954145	38,980114	41,763341	40,883601	39,262456	39,375743	41,014934	40,379801	100,015438	58,409488	57,843661	57,600647	55,970663	56,484205	56,346327	59,956247	60,036528	64,625877	99,998146	40,292400	40,424779	41,216859	39,354458	39,572325	39,250860	40,813810	37,752306	100,054502	60,376751	59,924001	58,768415	59,233797	58,234578	59,121031	58,947134	60,286254
692,00	99,991852	38,982633	39,037612	41,819721	40,983796	39,382035	39,498591	41,126999	40,402249	100,007284	58,470231	57,869864	57,751107	56,143802	56,676525	56,515735	59,922451	60,006559	64,603913	99,979585	40,312272	40,432560	41,236579	39,382502	39,588809	39,272612	40,828013	37,774241	100,061584	60,338259	59,888428	58,745456	59,188813	58,208406	59,094149	58,933610	60,242778
693,00	99,975866	38,997281	39,098278	41,862568	41,064519	39,470416	39,612335	41,224346	40,418050	99,986273	58,539969	57,916194	57,889444	56,299651	56,847656	56,688559	59,910357	59,969604	64,570570	100,004351	40,325534	40,432498	41,253507	39,395130	39,604741	39,303574	40,864140	37,796757	100,033438	60,304797	59,874231	58,731341	59,174955	58,199054	59,098226	58,936626	60,228968
694,00	99,988401	39,024091	39,153668	41,911602	41,159877	39,563397	39,717579	41,318998	40,449008	100,006437	58,607328	57,970995	58,021361	56,444979	57,014525	56,873918	59,881699	59,981078	64,544821	100,007606	40,321472	40,441868	41,262096	39,424914	39,611587	39,330226	40,887302	37,814197	100,023317	60,273337	59,867263	58,692431	59,145880	58,182997	59,096265	58,951283	60,204220
695,00	99,989110	39,047238	39,207944	41,962951	41,234088	39,646557	39,817539	41,404545	40,461147	99,996340	58,692461	58,024621	58,134037	56,584746	57,155043	57,029164	59,893847	59,950209	64,535964	100,025058	40,328357	40,452635	41,284600	39,452398	39,646029	39,358047	40,914631	37,828580	100,040531	60,278457	59,866166	58,684093	59,170359	58,199412	59,104830	58,952940	60,199296
696,00	100,018239	39,075840	39,259541	42,009786	41,311145	39,725444	39,914715	41,480529	40,506610	99,995673	58,735722	58,054167	58,218175	56,689513	57,292998	57,135671	59,873515	59,931988	64,532876	100,010192	40,341488	40,486118	41,315663	39,476958	39,661214	39,383850	40,931958	37,840185	100,020421	60,251212	59,841901	58,648896	59,157825	58,153033	59,060639	58,925128	60,156465
697,00	99,992579	39,091218	39,296928	42,049327	41,365311	39,793232	39,992383	41,535360	40,521136	100,003445	58,784103	58,085829	58,314645	56,802225	57,395673	57,217693	59,875000	59,921497	64,557701	99,990815	40,368488	40,517321	41,348851	39,489838	39,695632	39,397258	40,955052	37,870818	100,008845	60,205090	59,801167	58,609772	59,145600	58,129334	59,034151	58,894235	60,136515
698,00	100,026584	39,111936	39,334825	42,082545	41,417927	39,849213	40,065220	41,592827	40,552253	100,054348	58,807367	58,124435	58,414781	56,872404	57,483494	57,311952	59,846109	59,919143	64,564276	99,959266	40,393993	40,549815	41,368100	39,507496	39,706299	39,420766	40,972310	37,904131	99,969244	60,164046	59,780240	58,569276	59,109980	58,108151	59,013540	58,865523	60,107499
699,00	100,026095	39,135936	39,373171	42,130360	41,465297	39,904538	40,134007	41,650823	40,554574	100,087762	58,831406	58,137423	58,492154	56,923550	57,538950	57,393938	59,826708	59,880918	64,547050	99,968588	40,432113	40,579194	41,401306	39,545751	39,752713	39,469135	41,009766	37,950104	100,010347	60,137159	59,762329	58,540487	59,109026	58,102375	59,029275	58,858371	60,107851
700,00	100,045896	39,167631	39,420056	42,166004	41,506267	39,970750	40,196499	41,705599	40,576589	100,088620	58,851331	58,147693	58,532828	56,963712	57,607156	57,454419	59,803927	59,841996	64,525956	99,984926	40,452832	40,599781	41,427159	39,572319	39,784366	39,503902	41,040352	37,968719	99,999380	60,109007	59,759140	58,535308	59,094477	58,104056	59,017193	58,855134	60,069746
701,00	100,029325	39,180511	39,446682	42,170316	41,545764	40,018764	40,240613	41,741088	40,597475	100,032377	58,862776	58,132356	58,542287	57,008636	57,643116	57,490987	59,767228	59,826708	64,473170	100,012600	40,474921	40,630272	41,463017	39,595935	39,819607	39,533871	41,073459	37,977672	100,001860	60,070968	59,723860	58,503282	59,084952	58,098751	58,990264	58,835524	60,059708
702,00	100,029576	39,203036	39,481536	42,181760	41,597825	40,060243	40,276900	41,782525	40,618885	100,019634	58,859211	58,105749	58,553773	57,049257	57,671034	57,518858	59,746385	59,824800	64,438349	99,967003	40,479976	40,634289	41,478419	39,594296	39,829007	39,536458	41,078913	37,979072	99,968809	60,069019	59,702778	58,506906	59,066725	58,111507	58,966994	58,831847	60,047120
703,00	100,061738	39,227909	39,500239	42,219165	41,641235	40,094376	40,332249	41,833824	40,645871	100,002706	58,833134	58,089620	58,572388	57,077086	57,695508	57,537580	59,713668	59,786779	64,409578	99,958581	40,513259	40,645310	41,494244	39,604461	39,838898	39,559773	41,096929	37,996426	99,954247	60,075533	59,675348	58,450365	59,042364	58,090633	58,961600	58,813465	60,038531
704,00	100,073767	39,261091	39,527044	42,269498	41,689101	40,132940	40,382203	41,889799	40,680712	100,034237	58,846086	58,091444	58,614361	57,103342	57,742298	57,577133	59,718037	59,781724	64,418054	99,978697	40,540561	40,663922	41,504452	39,629060	39,865580	39,585927	41,120511	38,020083	99,951440	60,062557	59,663469	58,452773	59,021503	58,055907	58,962363	58,807373	59,995914
705,00	100,068402	39,282876	39,552844	42,302796	41,715214	40,180221	40,453315	41,935074	40,707815	100,047779	58,857638	58,095729	58,625883	57,141560	57,786763	57,581800	59,699202	59,767795	64,432520	100,017548	40,565550	40,678525	41,517460	39,659899	39,890462	39,614868	41,147959	38,025355	99,966866	60,038108	59,650195	58,430773	59,010816	58,033311	58,960140	58,788723	59,978145
706,00	100,021398	39,311004	39,562809	42,308673	41,735286	40,188137	40,486240	41,953275	40,715519	100,027740	58,869302	58,082134	58,631498	57,134145	57,785857	57,587862	59,701174	59,783864	64,412481	100,032175	40,586594	40,698883	41,550705	39,685276	39,927074	39,633441	41,175064	38,049838	100,003886	60,009050	59,628081	58,439100	59,016740	58,033627	58,956158	58,771396	59,964031
707,00	100,028837	39,323521	39,603269	42,335910	41,761509	40,227035	40,538132	41,989744	40,736595	100,015318	58,848161	58,062112	58,634967	57,156968	57,791656	57,589656	59,677851	59,754962	64,408213	100,006461	40,602449	40,721625	41,576785	39,710858	39,949495	39,661911	41,181079	38,080716	99,973696	60,010082	59,636509	58,421099	59,023809	58,038074	58,942419	58,748609	59,974390
708,00	100,032330	39,351392	39,621690	42,348722	41,789809	40,264186	40,560257	42,018765	40,749466	99,983054	58,863723	58,048981	58,663392	57,159269	57,811421	57,614112	59,651768	59,715205	64,387155	100,009763	40,634090	40,762985	41,602814	39,734241	39,982471	39,687610	41,205785	38,117671	99,965584	59,977484	59,598798	58,401936	59,023714	58,052152	58,945650	58,745265	59,956270
709,00	100,061536	39,368081	39,665914	42,378983	41,850159	40,316886	40,593624	42,059281	40,775788	100,015903	58,877546	58,038771	58,714557	57,190996	57,838374	57,663530	59,630156	59,708202	64,381766	99,991697	40,628707	40,782070	41,616988	39,754748	39,993504	39,704791	41,215545	38,128537	99,964041	59,965467	59,600598	58,396047	59,026670	58,072573	58,949155	58,733773	59,946048
710,00	100,039423	39,397380	39,684665	42,381001	41,885427	40,337330	40,611604	42,074993	40,781596	100,026584	58,880770	58,053547	58,722782	57,199007	57,861203	57,670385	59,619886	59,674865	64,363807	100,010169	40,659314	40,803650	41,637516	39,767474	40,012860	39,729175	41,250324	38,143361	100,001287	59,949291	59,570581	58,367586	59,041876	58,068323	58,943170	58,724862	59,922403
711,00	100,018775	39,394593	39,692852	42,402157	41,900945	40,347350	40,632421	42,087954	40,791854	100,038195	58,876669	58,052516	58,714509	57,213652	57,836962	57,674837	59,607530	59,682387	64,351189	100,032222	40,684682	40,814388	41,671312	39,791745	40,037781	39,765373	41,274688	38,162994	99,994326	59,946311	59,572840	58,357757	59,028506	58,036083	58,921146	58,701169	59,916407
712,00	100,003445	39,399242	39,708546	42,407879	41,893956	40,373266	40,651333	42,107472	40,806583	100,025368	58,863771	58,050555	58,682066	57,224476	57,843488	57,660317	59,588701	59,651625	64,344263	100,043571	40,732047	40,823841	41,681439	39,805013	40,065020	39,801538	41,295764	38,181552	100,000453	59,960008	59,565043	58,359361	59,034681	58,017969	58,909225	58,702791	59,932405
713,00	99,984926	39,410397	39,711180	42,434132	41,890994	40,393817	40,679032	42,114502	40,821353	99,991357	58,860165	58,015674	58,671618	57,213742	57,811362	57,648528	59,555483	59,642506	64,316750	100,053668	40,735719	40,831241	41,707122	39,829728	40,082055	39,820898	41,302976	38,189086	99,985176	59,956926	59,561217	58,372682	59,007937	58,013266	58,907968	58,709049	59,930378
714,00	100,011230	39,441270	39,743060	42,464864	41,914403	40,433094	40,725139	42,131734	40,852422	100,003231	58,857256	58,005393	58,678335	57,223797	57,812220	57,650465	59,578663	59,634721	64,335746	100,025487	40,736651	40,848237	41,708100	39,846104	40,089604	39,825973	41,312787	38,204768	99,962771	59,969163	59,545398	58,354861	59,004152	58,019286	58,910251	58,701593	59,902388
715,00	100,001562	39,464867	39,765254	42,503455	41,942823	40,463465	40,758035	42,146146	40,877381	100,007915	58,858502	58,003557	58,679485	57,234251	57,801706	57,637388	59,580851	59,621227	64,342099	100,017190	40,734708	40,865630	41,725850	39,853778	40,098938	39,841044	41,326955	38,208058	99,933267	59,939992	59,515697	58,329570	58,992171	58,003372	58,884442	58,686632	59,872121
716,00	100,037014	39,498386	39,785144	42,522967	41,980016	40,502211	40,784886	42,186165	40,920007	100,024962	58,868426	57,997561	58,693540	57,251495	57,813478	57,648665	59,580100	59,619927	64,342290	99,991643	40,754968	40,884021	41,729081	39,853054	40,124363	39,847705	41,352952	38,210979	99,894631	59,907895	59,481353	58,294129	58,959883	57,982928	58,854765	58,647501	59,848881
717,00	100,039041	39,523661	39,813736	42,530376	42,026687	40,528896	40,800273	42,226470	40,942168	99,994421	58,865935	57,997298	58,680844	57,234168	57,818359	57,646805	59,564412	59,601271	64,314848	99,993569	40,774062	40,906048	41,742215	39,855212	40,134007	39,861882	41,367233	38,215092	99,894613	59,869367	59,472013	58,281636	58,954298	57,975596	58,832461	58,641857	59,835315
718,00	100,067663	39,549991	39,843473	42,546436	42,058682	40,543416	40,838391	42,265454	40,979496	99,966103	58,884096	57,973075	58,681363	57,225299	57,810760	57,646191	59,550267	59,580398	64,300573	100,019598	40,810794	40,949067	41,767567	39,892945	40,177095	39,890751	41,411072	38,262498	99,921143	59,869832	59,487814	58,282346	58,949161	57,992750	58,830690	58,653432	59,847027
719,00	100,051022	39,559445	39,876845	42,554769	42,082378	40,562642	40,880570	42,286587	40,996248	99,958903	58,883137	57,972789	58,665204	57,224894	57,802486	57,651347	59,546357	59,567094	64,300478	100,086248	40,851527	40,984577	41,819972	39,942890	40,222928	39,948767	41,451985	38,310704	99,966317	59,862119	59,483522	58,277273	58,949381	57,998097	58,836478	58,690470	59,839612
720,00	100,017309	39,572918	39,877772	42,570210	42,073438	40,558061	40,921029	42,301127	41,013607	99,973601	58,855271	57,972366	58,665454	57,240480	57,797605	57,648164	59,517282	59,545958	64,299905	100,087011	40,871322	40,991870	41,851667	39,968845	40,265259	39,969757	41,466895	38,334027	99,984777	59,898543	59,495962	58,291918	58,941591	58,002913	58,849186	58,691669	59,856063
721,00	99,998510	39,579973	39,885578	42,581433	42,086551	40,574071	40,939742	42,319104	41,026950	99,969453	58,840716	57,970846	58,655399	57,232553	57,795119	57,665026	59,495813	59,526992	64,289767	100,055408	40,890670	40,998355	41,854244	39,986873	40,285960	39,990535	41,457736	38,330328	99,952883	59,889317	59,469557	58,289188	58,896303	57,960218	58,841145	58,675456	59,813732
722,00	99,999273	39,586693	39,911330	42,603225	42,099804	40,591922	40,943873	42,352521	41,037291	99,957883	58,825564	57,960361	58,638167	57,212925	57,811147	57,654601	59,482586	59,521365	64,261711	99,992853	40,896815	41,026643	41,850787	39,998570	40,291515	39,983737	41,456157	38,345662	99,972433	59,899676	59,499085	58,308905	58,927417	57,970029	58,859301	58,661938	59,822613
723,00	100,003994	39,603603	39,944687	42,619824	42,126873	40,636081	40,966433	42,370868	41,068450	99,915129	58,818102	57,946157	58,651137	57,215858	57,830107	57,674092	59,485853	59,527904	64,265710	99,997520	40,928051	41,058075	41,873416	40,035510	40,312672	40,017036	41,481751	38,378143	99,965495	59,885561	59,487903	58,311617	58,918560	57,959437	58,822191	58,656907	59,808099
724,00	100,028658	39,639476	39,972246	42,652416	42,158321	40,688396	40,986240	42,399082	41,077128	99,945104	58,821565	57,949895	58,661157	57,241517	57,854104	57,692701	59,509706	59,571952	64,287537	99,998057	40,934476	41,084743	41,901878	40,056995	40,319759	40,033916	41,510844	38,402009	100,013769	59,908301	59,513861	58,314782	58,949596	57,999307	58,833891	58,674848	59,822172
725,00	100,048900	39,670825	39,992908	42,695537	42,195237	40,711701	41,027436	42,412293	41,107112	99,964488	58,833098	57,971531	58,674055	57,266229	57,882875	57,692760	59,505010	59,580690	64,305151	99,943787	40,933880	41,060653	41,887864	40,044606	40,314433	40,005627	41,506559	38,390118	100,012052	59,934676	59,514326	58,313841	58,918869	58,016002	58,827740	58,698398	59,821761
726,00	100,093043	39,692318	40,021068	42,718244	42,219746	40,731657	41,033527	42,443141	41,103283	99,999475	58,863682	57,992297	58,661211	57,278788	57,894784	57,693684	59,513307	59,581101	64,305109	99,945128	40,930799	41,069824	41,889179	40,047377	40,316761	40,005687	41,523007	38,401246	100,019574	59,938067	59,529835	58,302212	58,927995	58,037382	58,868027	58,719999	59,818238
727,00	100,063717	39,702976	40,034640	42,720824	42,226055	40,747407	41,054288	42,437229	41,128093	99,972498	58,860993	57,995093	58,679974	57,270169	57,891631	57,678580	59,503645	59,575117	64,291811	99,964416	40,949145	41,069171	41,895345	40,052465	40,344441	40,001270	41,522396	38,404858	99,992400	59,925169	59,514487	58,303845	58,901417	58,023846	58,875906	58,718431	59,810466
728,00	100,039470	39,713138	40,040082	42,713657	42,233989	40,773174	41,051731	42,468819	41,154125	99,990898	58,871979	57,986432	58,696699	57,267839	57,865679	57,697612	59,504652	59,581298	64,287913	100,010347	40,983871	41,111538	41,932377	40,076408	40,359834	40,046382	41,541171	38,428462	99,976522	59,894347	59,507203	58,295614	58,913481	58,001691	58,888721	58,706218	59,776837
729,00	100,016153	39,727998	40,033862	42,733121	42,242923	40,810162	41,077945	42,486846	41,192788	100,015330	58,861792	57,955903	58,715236	57,277173	57,887453	57,696897	59,514314	59,593487	64,282626	100,002873	41,015288	41,133198	41,952065	40,072712	40,375900	40,062574	41,527820	38,440660	100,014091	59,887624	59,494984	58,296728	58,909464	57,985723	58,889371	58,677322	59,774607
730,00	99,988890	39,736021	40,048763	42,752337	42,268789	40,824404	41,096988	42,517087	41,217372	100,019574	58,845383	57,937104	58,683294	57,262969	57,891005	57,718992	59,513015	59,557348	64,271873	100,034201	41,048050	41,176456	41,971034	40,107936	40,391237	40,095195	41,574478	38,478854	100,024962	59,889120	59,509093	58,300543	58,932120	57,992870	58,905458	58,682680	59,786898
731,00	99,975157	39,751792	40,081301	42,763966	42,278424	40,850294	41,135874	42,513275	41,212490	100,036740	58,879614	57,934064	58,695483	57,276428	57,899141	57,733762	59,552288	59,556085	64,291441	100,068665	41,056919	41,190243	41,986832	40,144497	40,432799	40,133122	41,598156	38,509858	100,038815	59,907931	59,508711	58,314472	58,922940	58,010858	58,895910	58,703053	59,814709
732,00	99,956870	39,764440	40,105939	42,787975	42,294145	40,853512	41,141102	42,520800	41,222227	100,054657	58,882397	57,966036	58,691424	57,279086	57,889754	57,722807	59,532839	59,554464	64,280891	100,105822	41,080582	41,208339	42,010060	40,188131	40,459660	40,163186	41,633373	38,530579	100,054920	59,900928	59,538138	58,329773	58,954883	58,048075	58,893085	58,732343	59,836626
733,00	99,978644	39,770320	40,115565	42,790103	42,297116	40,856820	41,162473	42,551351	41,233218	100,071681	58,916152	57,978189	58,704424	57,332075	57,920521	57,712573	59,538406	59,592569	64,297891	100,051451	41,077814	41,203922	41,996220	40,182713	40,463245	40,166265	41,605246	38,515040	100,088131	59,912705	59,547192	58,329564	58,975035	58,068728	58,916134	58,744049	59,824264
734,00	100,002706	39,763847	40,119693	42,815602	42,310944	40,864763	41,175288	42,559803	41,250592	100,035119	58,912510	57,984591	58,693904	57,355756	57,942426	57,715321	59,524989	59,597182	64,311409	100,028527	41,095006	41,208145	42,002764	40,169871	40,472293	40,181503	41,607219	38,522258	100,041246	59,891993	59,562939	58,304304	58,980978	58,078593	58,922225	58,702618	59,805316
735,00	99,989283	39,772195	40,128317	42,826220	42,308170	40,876284	41,192853	42,576092	41,256070	100,001466	58,925831	57,976443	58,691943	57,370299	57,942623	57,749116	59,540635	59,598637	64,301211	100,005794	41,108373	41,222939	42,013368	40,180424	40,488192	40,210477	41,634041	38,538820	100,020027	59,923613	59,558344	58,318925	58,966553	58,060032	58,936894	58,709532	59,760141
736,00	99,987799	39,778072	40,148181	42,857242	42,319310	40,888959	41,200078	42,559704	41,269633	100,035071	58,958602	57,999676	58,721679	57,373196	57,938963	57,786351	59,554368	59,602648	64,316124	100,003719	41,122863	41,253835	42,054653	40,198815	40,499192	40,239698	41,666180	38,559148	99,978721	59,904116	59,565985	58,323747	58,952463	58,047003	58,907115	58,684713	59,760904
737,00	99,957377	39,808726	40,159303	42,856720	42,328557	40,910140	41,219547	42,591181	41,289851	100,033092	58,955294	57,999015	58,728045	57,368547	57,960421	57,813174	59,547848	59,594309	64,304924	100,025451	41,145507	41,282684	42,076474	40,218762	40,524507	40,228420	41,711619	38,590965	100,048792	59,950054	59,614044	58,365661	58,976126	58,064055	58,931196	58,725190	59,794146
738,00	99,980402	39,825878	40,167409	42,869005	42,347828	40,927914	41,249409	42,609268	41,310731	100,050938	58,990020	58,026934	58,785206	57,402819	58,000231	57,863629	59,578478	59,619868	64,356118	100,020325	41,163149	41,314229	42,080227	40,224004	40,542823	40,227872	41,715077	38,595781	100,051939	59,936112	59,637380	58,345294	58,988178	58,098722	58,932328	58,734220	59,835798
739,00	99,957061	39,875707	40,184125	42,863232	42,345363	40,957898	41,272759	42,639437	41,325912	100,033176	58,992076	58,052474	58,806044	57,430530	58,015311	57,886320	59,590793	59,631109	64,345801	100,061154	41,195649	41,311443	42,097184	40,236095	40,573588	40,236524	41,721416	38,622689	100,052738	59,955430	59,653443	58,346844	59,021300	58,115268	58,948290	58,770937	59,880692
740,00	99,989492	39,911708	40,215245	42,886585	42,363757	40,986988	41,304794	42,655730	41,353944	100,051785	58,998305	58,083099	58,838588	57,452148	58,023012	57,895964	59,632665	59,657842	64,360648	100,042760	41,224423	41,340885	42,118838	40,279251	40,566897	40,263325	41,732135	38,620174	100,034523	59,961981	59,652239	58,348632	59,034395	58,122188	58,966213	58,802295	59,887052
741,00	100,035131	39,960185	40,256995	42,921069	42,396587	41,005734	41,331559	42,684922	41,391313	100,028002	59,014416	58,087140	58,828807	57,462794	58,036935	57,888317	59,630877	59,646726	64,360911	100,070894	41,239518	41,370586	42,170227	40,306196	40,591297	40,292281	41,754571	38,640890	100,025713	60,022491	59,681869	58,393848	59,093738	58,165312	58,995074	58,822477	59,926897
742,00	100,071049	39,974335	40,269214	42,952168	42,426679	41,025493	41,363209	42,734545	41,418034	100,006080	59,020120	58,091021	58,827901	57,463717	58,062410	57,889867	59,640229	59,668565	64,374536	100,059807	41,249913	41,408691	42,198318	40,331659	40,616256	40,314758	41,786832	38,643846	100,060642	60,056579	59,725368	58,467251	59,130096	58,212239	59,048569	58,839011	59,946656
743,00	100,084865	39,983600	40,274143	42,994061	42,457128	41,014904	41,361514	42,762896	41,413862	100,029659	59,038085	58,122039	58,832926	57,493609	58,074266	57,921129	59,646958	59,703428	64,391899	100,097072	41,278565	41,431478	42,221040	40,336895	40,650463	40,348554	41,802657	38,665181	100,077260	60,068882	59,736753	58,500254	59,170908	58,260345	59,075838	58,836263	59,983701
744,00	100,083411	39,990428	40,287220	43,012604	42,478490	41,047326	41,376996	42,788482	41,429406	100,020564	59,054214	58,159697	58,854520	57,500434	58,086884	57,937711	59,674650	59,716648	64,392495	100,061977	41,306835	41,403919	42,224410	40,346497	40,667892	40,346092	41,819325	38,662282	100,093544	60,051805	59,758830	58,519346	59,190851	58,265501	59,103101	58,885229	59,966952
745,00	100,117254	40,013298	40,301618	43,043208	42,512912	41,071180	41,398013	42,789796	41,433921	100,023949	59,072530	58,198714	58,896577	57,534593	58,122027	57,951045	59,690756	59,726357	64,410406	100,095582	41,330230	41,434205	42,243350	40,360466	40,692803	40,365371	41,830295	38,704190	100,084233	60,077184	59,784675	58,497000	59,209746	58,294278	59,128445	58,915722	59,958494
746,00	100,071871	40,018383	40,325490	43,045613	42,512661	41,109279	41,417637	42,814007	41,461194	100,010931	59,118825	58,223051	58,929366	57,568949	58,153510	57,981950	59,702253	59,731740	64,413333	100,047636	41,305026	41,455203	42,256969	40,369782	40,720108	40,374470	41,830289	38,716832	100,051653	60,102463	59,799337	58,530092	59,255004	58,299732	59,165710	58,959532	59,983337
747,00	100,011218	40,030757	40,348881	43,070775	42,538798	41,124156	41,448814	42,839405	41,483784	100,039577	59,129369	58,206522	58,946645	57,619119	58,186984	58,003676	59,707880	59,777451	64,440399	100,050306	41,328582	41,499898	42,291626	40,377545	40,740499	40,405500	41,854993	38,762721	100,031185	60,146326	59,791189	58,552873	59,249848	58,342713	59,188229	58,977431	60,042495
748,00	99,978638	40,049988	40,387043	43,092960	42,575291	41,150844	41,468877	42,857221	41,514361	100,038862	59,139711	58,200437	58,951861	57,625610	58,194792	58,023900	59,717333	59,771532	64,445066	99,996424	41,348931	41,500035	42,310959	40,402821	40,757135	40,425053	41,882649	38,772354	100,007141	60,184467	59,794116	58,568370	59,258538	58,362675	59,188825	58,996415	60,065931
749,00	100,047207	40,085301	40,422672	43,133223	42,621875	41,177112	41,515243	42,880398	41,546711	100,026941	59,135580	58,199716	58,958507	57,640290	58,209056	58,053416	59,752333	59,780931	64,475369	100,022578	41,400966	41,506898	42,324507	40,444499	40,783665	40,477443	41,925415	38,798943	100,023520	60,223192	59,826815	58,580881	59,269887	58,404219	59,190786	59,033376	60,066497
750,00	100,081480	40,105411	40,425816	43,136764	42,629871	41,195500	41,523391	42,898616	41,545349	100,011921	59,170109	58,241183	58,995801	57,657045	58,234042	58,100981	59,781933	59,787321	64,478976	100,000858	41,410056	41,541395	42,315796	40,474597	40,810642	40,503189	41,946325	38,799268	100,048041	60,264540	59,900552	58,613384	59,301656	58,444327	59,222895	59,076494	60,077912
751,00	100,037754	40,112168	40,441409	43,146130	42,618251	41,195843	41,534024	42,923981	41,562498	99,998313	59,221315	58,273083	59,045923	57,709181	58,258498	58,150631	59,845018	59,841186	64,493978	100,009692	41,440961	41,576970	42,333782	40,515241	40,842068	40,535876	41,969731	38,817784	100,046384	60,284495	59,937960	58,654267	59,329665	58,494753	59,276807	59,100908	60,106778
752,00	99,976313	40,131599	40,459895	43,165448	42,625743	41,215312	41,529360	42,931569	41,571152	100,012326	59,316301	58,332175	59,111530	57,767200	58,313292	58,188456	59,867841	59,919786	64,537019	100,031781	41,448894	41,597682	42,377242	40,545011	40,883908	40,546733	41,995159	38,848525	100,035858	60,335124	59,943587	58,694518	59,363306	58,537650	59,300447	59,137321	60,172850
753,00	99,982017	40,165120	40,497708	43,188584	42,654678	41,241384	41,565841	42,934307	41,613358	100,006771	59,335357	58,345044	59,136546	57,796645	58,325237	58,224261	59,879857	59,959888	64,569360	100,060284	41,480294	41,607895	42,419851	40,578353	40,905923	40,568325	42,034298	38,885948	100,022519	60,331935	59,912127	58,712876	59,369081	58,540463	59,299785	59,140748	60,187763
754,00	100,035501	40,204102	40,510544	43,220320	42,685163	41,274250	41,603133	42,957366	41,640672	99,988103	59,369487	58,388990	59,171742	57,827586	58,365369	58,243346	59,892941	60,005480	64,619803	100,040281	41,489699	41,617697	42,464092	40,571621	40,931249	40,589416	42,052695	38,900393	100,000083	60,369325	59,937298	58,725590	59,401822	58,547610	59,315324	59,172434	60,233128
755,00	100,051415	40,247402	40,514332	43,238500	42,705876	41,304260	41,638792	42,980167	41,671878	99,937934	59,345156	58,394748	59,171832	57,820028	58,383411	58,241922	59,888518	59,973401	64,619392	99,992067	41,521987	41,631532	42,466885	40,569869	40,934116	40,605700	42,052251	38,916585	100,010014	60,364795	59,987193	58,753973	59,425509	58,576113	59,351361	59,187055	60,223418
756,00	100,001466	40,261692	40,522629	43,250057	42,714900	41,326576	41,657853	43,020660	41,665310	99,901247	59,386230	58,427584	59,208179	57,858896	58,416045	58,272034	59,932840	59,991682	64,637762	99,983972	41,535679	41,653648	42,495593	40,598464	40,976575	40,654498	42,070118	38,930523	100,016809	60,411894	60,047090	58,789891	59,489131	58,618665	59,391326	59,214497	60,264832
757,00	99,997413	40,276134	40,562195	43,278363	42,756298	41,357753	41,697133	43,055087	41,679943	99,932706	59,380692	58,455104	59,199005	57,874024	58,428323	58,301586	59,958833	59,979963	64,660889	99,971825	41,559905	41,669673	42,491001	40,626052	40,990743	40,661255	42,087540	38,960168	100,032437	60,400790	60,068434	58,831054	59,491801	58,637071	59,384406	59,232104	60,270101
758,00	99,997628	40,278867	40,593907	43,301991	42,779633	41,385594	41,722172	43,082508	41,707110	99,959463	59,446031	58,511221	59,247559	57,939732	58,480227	58,372951	60,029668	60,026103	64,709854	99,962747	41,569477	41,684300	42,509660	40,660626	41,010463	40,673980	42,106536	38,959590	100,006998	60,428911	60,102904	58,830220	59,509206	58,657199	59,398669	59,261644	60,268342
759,00	100,024009	40,302384	40,610257	43,336833	42,804250	41,410565	41,737688	43,092987	41,776621	99,960852	59,447145	58,563823	59,286302	57,960778	58,505565	58,390313	60,066295	60,054410	64,734262	99,984843	41,578487	41,693547	42,513901	40,686622	41,012737	40,661046	42,112267	38,963613	99,973941	60,429305	60,137987	58,856755	59,536886	58,681762	59,444624	59,291416	60,312545
760,00	99,984378	40,297925	40,620595	43,344051	42,814672	41,423345	41,738072	43,095449	41,793442	99,923044	59,510243	58,580995	59,337020	58,016634	58,544445	58,430481	60,120922	60,087925	64,753228	99,986702	41,588610	41,720456	42,545253	40,706208	41,042909	40,713257	42,127785	38,980007	99,958348	60,444230	60,167402	58,879244	59,600008	58,732313	59,492147	59,319884	60,365999
761,00	100,018406	40,309772	40,663078	43,380615	42,868388	41,455185	41,772079	43,122089	41,834521	99,864876	59,467930	58,545679	59,336829	58,021277	58,527172	58,427638	60,112399	60,094774	64,753890	100,039399	41,648132	41,757146	42,591962	40,739042	41,084361	40,761563	42,170101	39,026108	99,940360	60,470337	60,157931	58,912992	59,615082	58,773208	59,523576	59,325683	60,417002
762,00	100,053275	40,359566	40,731311	43,409711	42,927033	41,513911	41,815472	43,179876	41,843671	99,883646	59,503138	58,552080	59,354568	58,061337	58,576673	58,443922	60,125369	60,112429	64,807838	100,005293	41,699234	41,806394	42,625764	40,761739	41,127872	40,803543	42,195308	39,073166	99,945551	60,511047	60,182250	58,949262	59,638709	58,807230	59,507686	59,361678	60,448843
763,00	100,112784	40,419880	40,761167	43,430388	42,948639	41,579136	41,840443	43,216497	41,891864	99,948239	59,546834	58,610857	59,413439	58,099788	58,646208	58,520794	60,139436	60,136461	64,855313	100,034702	41,732633	41,826615	42,621732	40,797842	41,168964	40,797353	42,240664	39,098579	99,960387	60,569340	60,188413	59,007013	59,644282	58,849317	59,539807	59,386927	60,474712
764,00	100,050783	40,457508	40,748721	43,418407	42,943177	41,589522	41,829455	43,214798	41,868865	100,029659	59,625757	58,658481	59,484774	58,135408	58,730811	58,568269	60,217690	60,201824	64,899039	100,016022	41,728044	41,844505	42,627487	40,823093	41,211468	40,823936	42,262217	39,112592	99,985814	60,596752	60,223591	59,055239	59,658128	58,868563	59,594703	59,421223	60,513896
765,00	99,984640	40,448847	40,728381	43,414593	42,922881	41,608745	41,833875	43,184566	41,867879	100,070715	59,676474	58,728528	59,526044	58,175904	58,766937	58,647382	60,275054	60,238481	64,921540	100,065100	41,708207	41,862202	42,644200	40,854082	41,210151	40,844300	42,278680	39,123860	99,964410	60,593301	60,236865	59,097952	59,667712	58,892953	59,650236	59,420180	60,499167
766,00	99,953651	40,475917	40,762761	43,464854	42,958936	41,632053	41,861966	43,215671	41,880357	100,002849	59,680289	58,700258	59,516311	58,165163	58,757985	58,647108	60,288095	60,269487	64,916998	100,078368	41,706777	41,884691	42,696422	40,872371	41,210011	40,882966	42,289805	39,141232	99,950165	60,616636	60,284799	59,113705	59,665710	58,894986	59,675717	59,469044	60,516131
767,00	99,964517	40,508676	40,788665	43,490183	42,948899	41,656879	41,917896	43,253574	41,909790	99,960482	59,685087	58,744431	59,540766	58,225948	58,756083	58,702326	60,304642	60,301542	64,954585	100,023723	41,708091	41,901249	42,691457	40,852249	41,189724	40,872180	42,290905	39,160052	99,943787	60,620004	60,353357	59,141713	59,722841	58,900440	59,693027	59,500051	60,552907
768,00	100,032306	40,526387	40,818107	43,516019	42,977703	41,650665	41,942531	43,286449	41,936770	99,960935	59,731579	58,767295	59,576821	58,283859	58,778483	58,699751	60,348028	60,330474	64,993531	100,010133	41,741502	41,889676	42,707661	40,861973	41,232106	40,894055	42,336515	39,178172	99,937439	60,626388	60,387766	59,151167	59,740615	58,909363	59,729570	59,514374	60,576123
769,00	100,045013	40,535909	40,807498	43,540043	43,000790	41,654110	41,976181	43,299380	41,964924	99,946326	59,765178	58,812940	59,602755	58,344591	58,838153	58,727813	60,364914	60,340667	65,001899	99,984992	41,772476	41,913030	42,729169	40,876698	41,274410	40,900722	42,359450	39,206883	99,992394	60,643429	60,420471	59,197158	59,826875	58,955783	59,784496	59,547937	60,619766
770,00	100,058734	40,528396	40,826106	43,567199	43,055248	41,674694	41,982669	43,329743	42,004955	99,951470	59,819365	58,862317	59,654742	58,396119	58,882481	58,749670	60,395950	60,384399	65,015465	100,039732	41,810638	41,944799	42,806354	40,923965	41,313291	40,939507	42,381251	39,217678	100,048780	60,687619	60,436594	59,267324	59,858960	59,012258	59,800839	59,582239	60,668033
771,00	100,033450	40,558419	40,831035	43,606740	43,092915	41,691694	41,999140	43,379438	42,026368	99,945104	59,861326	58,872533	59,673601	58,417541	58,949125	58,819491	60,418946	60,451472	65,029138	100,004637	41,868806	41,976795	42,846867	40,933770	41,336200	40,968516	42,395696	39,249668	100,128460	60,767210	60,467011	59,313869	59,927064	59,052593	59,820890	59,640515	60,691333
772,00	100,000334	40,556756	40,856579	43,586230	43,079039	41,727734	42,036685	43,393862	42,044860	99,968892	59,881496	58,915216	59,742719	58,488113	58,963138	58,894151	60,491407	60,534281	65,085322	100,006044	41,899312	42,008182	42,880952	40,964982	41,351405	41,015348	42,419815	39,272282	100,095105	60,823703	60,502130	59,300226	59,947908	59,082258	59,825301	59,632808	60,702139
773,00	99,961030	40,574795	40,877169	43,580684	43,089306	41,753879	42,052349	43,399960	42,031738	99,976903	59,907442	58,940196	59,756702	58,496290	58,999878	58,929396	60,526675	60,554320	65,117174	100,005102	41,923812	42,027497	42,905185	41,006252	41,381657	41,042691	42,493659	39,308891	100,080478	60,870498	60,559297	59,315753	60,000241	59,133822	59,858298	59,679449	60,688061
774,00	99,943888	40,594032	40,920490	43,605134	43,114239	41,806561	42,075175	43,412048	42,063996	99,999815	59,920180	58,996624	59,797090	58,524674	59,012681	58,953470	60,527128	60,587370	65,134710	100,022495	41,900939	42,055357	42,909664	41,028076	41,405675	41,046086	42,496353	39,319500	100,042951	60,915899	60,614961	59,363562	60,006458	59,168345	59,909171	59,728837	60,752106
775,00	99,994689	40,639973	40,954685	43,666095	43,171901	41,827503	42,081544	43,446824	42,087018	100,074422	59,983534	59,010673	59,815019	58,536649	59,044200	58,954650	60,539550	60,587817	65,146005	100,062203	41,906661	42,069793	42,918286	41,059402	41,420612	41,065595	42,529270	39,336500	100,078940	60,949630	60,655504	59,432238	60,056376	59,196550	59,961897	59,811819	60,794526
776,00	100,041270	40,676728	40,957409	43,705991	43,191853	41,854420	42,111889	43,466949	42,147863	100,079370	60,017502	59,020036	59,809911	58,577955	59,093004	58,980805	60,553920	60,597920	65,139163	100,083005	41,904145	42,112675	42,917836	41,042590	41,450059	41,095448	42,513728	39,339137	100,108409	60,981518	60,665709	59,472913	60,084516	59,250116	60,035938	59,853458	60,864425
777,00	100,066650	40,663558	40,981853	43,717819	43,194976	41,880581	42,130962	43,490109	42,169964	100,060177	60,025007	59,014308	59,826094	58,630037	59,095079	58,984822	60,549897	60,604155	65,116829	100,043035	41,938466	42,097613	42,911011	41,073611	41,467449	41,108167	42,527324	39,346126	100,112188	60,985774	60,669726	59,486860	60,126555	59,291965	60,053515	59,851027	60,863572
778,00	100,037622	40,656486	41,015384	43,718302	43,235794	41,895825	42,149627	43,508655	42,172211	100,020552	60,045886	59,073395	59,817678	58,668184	59,125310	59,029573	60,538775	60,649133	65,139329	100,024915	41,969636	42,115888	42,925477	41,092816	41,490489	41,108757	42,551953	39,344499	100,132751	61,010408	60,681486	59,524477	60,148221	59,347606	60,064739	59,881014	60,871702
779,00	100,071836	40,683526	41,081318	43,761975	43,304935	41,934764	42,184064	43,534809	42,177472	100,044453	60,072589	59,076107	59,866232	58,721954	59,136605	59,058595	60,581869	60,704082	65,173101	100,025928	42,012894	42,118731	42,955571	41,137081	41,481549	41,115743	42,589405	39,351162	100,107062	61,074525	60,730928	59,551215	60,143358	59,359568	60,085720	59,910595	60,892272
780,00	100,063550	40,725526	41,093722	43,768704	43,313435	41,962588	42,190427	43,548098	42,184585	100,070095	60,132414	59,100741	59,898984	58,751404	59,217626	59,105480	60,659701	60,728955	65,241069	100,035334	42,024872	42,170659	43,035161	41,157201	41,511562	41,150478	42,635486	39,382938	100,071490	61,087644	60,730284	59,559530	60,131150	59,401971	60,145962	59,937578	60,900408
781,00	100,023615	40,775952	41,115466	43,789691	43,289688	41,981992	42,188236	43,564251	42,198771	100,104487	60,146970	59,118778	59,990102	58,761609	59,253359	59,124744	60,718787	60,752958	65,312195	100,065839	42,065060	42,172849	43,078384	41,174191	41,537398	41,191685	42,650974	39,413348	100,059533	61,071718	60,741061	59,595644	60,153645	59,391379	60,198790	59,936321	60,929990
782,00	99,968684	40,800023	41,111070	43,801039	43,288845	41,998136	42,226315	43,597478	42,225331	100,090230	60,163069	59,171009	60,003924	58,773458	59,275287	59,154236	60,715288	60,789126	65,323859	100,018227	42,059377	42,186114	43,085232	41,205609	41,582355	41,222900	42,674759	39,443767	100,080073	61,022401	60,746092	59,645778	60,217112	59,401071	60,181463	59,942770	60,962290
783,00	100,022733	40,835035	41,153201	43,835256	43,350419	42,026505	42,309478	43,640050	42,262790	100,002527	60,149503	59,197766	60,037029	58,784133	59,229863	59,195209	60,699308	60,795301	65,330720	100,071561	42,097333	42,225835	43,090931	41,231927	41,600001	41,239181	42,705262	39,460751	100,069165	61,069721	60,781384	59,683019	60,276747	59,419680	60,175383	59,985417	61,009938
784,00	100,054383	40,856248	41,143063	43,870604	43,398464	42,047912	42,367360	43,654668	42,310575	99,963534	60,176760	59,214872	60,043299	58,865678	59,238017	59,225267	60,700500	60,833722	65,297431	100,016177	42,094105	42,267415	43,070218	41,263214	41,612029	41,220734	42,708877	39,487809	100,094509	61,111540	60,814130	59,704745	60,306954	59,470797	60,206121	60,046566	61,065900
785,00	100,085568	40,875214	41,159824	43,890575	43,412033	42,065352	42,349997	43,659428	42,331547	99,982667	60,200155	59,236372	60,082960	58,906770	59,256899	59,267056	60,751790	60,828459	65,298188	99,980253	42,127746	42,275754	43,069661	41,259345	41,612971	41,233474	42,700484	39,501819	100,074220	61,167419	60,860914	59,688830	60,312223	59,476727	60,264003	60,098422	61,049920
786,00	100,062323	40,899250	41,169646	43,928021	43,424976	42,084092	42,352933	43,675679	42,360821	100,030053	60,229570	59,263384	60,088551	58,959639	59,298915	59,289187	60,809618	60,880661	65,290242	99,942362	42,138654	42,297959	43,085134	41,286930	41,636154	41,256645	42,691144	39,522824	100,120461	61,187708	60,927886	59,734267	60,315299	59,498852	60,290796	60,135007	61,083603
787,00	100,093293	40,918416	41,175786	43,934390	43,441486	42,106479	42,363223	43,715560	42,354381	100,007486	60,221595	59,240025	60,124362	58,924180	59,325850	59,291959	60,816503	60,869110	65,279442	99,963784	42,185405	42,314479	43,153346	41,331631	41,674575	41,329071	42,730576	39,582363	100,108433	61,234802	60,982072	59,780645	60,314852	59,523189	60,297894	60,140467	61,081785
788,00	100,096416	40,930435	41,192639	43,962693	43,455708	42,115939	42,419055	43,765411	42,388073	100,002813	60,248339	59,280193	60,156006	58,906305	59,391904	59,344345	60,833091	60,912985	65,313941	100,065303	42,224294	42,355365	43,215564	41,364017	41,711137	41,356221	42,767650	39,636490	100,109792	61,220735	60,976541	59,759933	60,313493	59,586233	60,308939	60,135007	61,104995
789,00	100,053072	40,909028	41,182080	43,947449	43,447408	42,107514	42,418796	43,740994	42,364761	100,038922	60,277879	59,336269	60,229611	58,917499	59,467977	59,367830	60,886061	60,948086	65,362376	100,111973	42,267409	42,362076	43,268344	41,384298	41,734302	41,426671	42,813358	39,692837	100,152004	61,278307	61,017323	59,780252	60,353786	59,654176	60,366935	60,190290	61,130941
790,00	100,076449	40,896943	41,232407	43,984056	43,457386	42,136666	42,437118	43,761364	42,399734	100,114787	60,334545	59,435773	60,256028	58,991742	59,509265	59,438258	60,973769	61,004275	65,443063	100,104165	42,272618	42,376032	43,278980	41,375417	41,752622	41,437480	42,844760	39,703023	100,158656	61,276257	61,037952	59,782970	60,361952	59,691042	60,372037	60,245067	61,167920
791,00	100,085592	40,906513	41,260070	44,025207	43,475780	42,167693	42,451924	43,772918	42,419082	100,119627	60,346955	59,417987	60,280782	59,061790	59,477794	59,430403	60,964525	61,005533	65,458143	100,039577	42,276216	42,374119	43,287182	41,381299	41,775167	41,449296	42,857453	39,715731	100,163817	61,319977	61,059314	59,825552	60,395682	59,697968	60,388565	60,225207	61,174780
792,00	100,085533	40,928268	41,273850	44,046631	43,498626	42,193112	42,469448	43,784758	42,465091	100,047708	60,333681	59,387225	60,249418	59,039408	59,467632	59,403759	60,959595	60,974395	65,409124	100,022137	42,251086	42,392230	43,300065	41,393441	41,781443	41,415367	42,882374	39,719379	100,106680	61,284441	61,027998	59,811252	60,414034	59,680498	60,382229	60,233176	61,181784
793,00	100,048375	40,974170	41,279611	44,049805	43,519717	42,209300	42,474335	43,781856	42,501667	99,988890	60,333526	59,381229	60,246921	59,037393	59,457219	59,403437	60,945016	60,962909	65,378517	99,989897	42,261454	42,415550	43,319657	41,399437	41,786632	41,451955	42,886233	39,702684	100,069141	61,329502	61,038953	59,805399	60,455614	59,698671	60,421449	60,188138	61,147845
794,00	100,033450	40,981138	41,287830	44,044438	43,536648	42,230406	42,475384	43,770900	42,517456	99,928468	60,338300	59,445143	60,250366	58,995515	59,465742	59,405762	60,947847	60,974669	65,386599	100,017846	42,286816	42,444432	43,331805	41,431499	41,799834	41,473094	42,928600	39,703968	100,019014	61,347270	61,076492	59,806919	60,446757	59,727937	60,460901	60,255522	61,186129
795,00	100,029659	41,032466	41,326702	44,097972	43,581483	42,262053	42,499161	43,839732	42,521438	99,961364	60,399473	59,518355	60,327762	59,025729	59,487408	59,466916	60,960859	61,040211	65,443492	99,988484	42,323318	42,461908	43,320858	41,438037	41,815266	41,509002	42,940053	39,701042	100,060797	61,365002	61,134183	59,871507	60,489124	59,792632	60,505992	60,268110	61,222506
796,00	100,050473	41,046336	41,348210	44,149587	43,618444	42,292523	42,542309	43,861556	42,551586	99,978691	60,431182	59,520906	60,362124	59,054285	59,548509	59,473431	60,979879	61,073178	65,487373	100,055420	42,350024	42,501575	43,341887	41,475812	41,877612	41,510585	42,975143	39,740360	100,000978	61,350924	61,111426	59,899479	60,482132	59,777242	60,478562	60,255647	61,275417
797,00	100,114834	41,094497	41,391525	44,191426	43,670714	42,314374	42,585614	43,930712	42,580506	100,025272	60,492796	59,559977	60,416830	59,120798	59,616262	59,487033	61,062580	61,108601	65,531373	100,089943	42,394349	42,538124	43,386537	41,506657	41,914433	41,532192	43,000165	39,800644	100,032794	61,400622	61,111879	59,939373	60,515350	59,815061	60,510451	60,255015	61,321855
798,00	100,079501	41,086888	41,405824	44,210860	43,681508	42,334110	42,596662	43,929002	42,595047	99,998754	60,493875	59,528029	60,400891	59,151745	59,611613	59,490895	61,052275	61,093891	65,554392	100,062656	42,403260	42,574123	43,398738	41,536209	41,953021	41,544694	43,025267	39,821157	99,999273	61,442149	61,104846	59,923017	60,516214	59,791791	60,509962	60,212779	61,319274
799,00	100,025988	41,101146	41,408986	44,208822	43,704671	42,334247	42,603987	43,954694	42,582378	99,996012	60,487729	59,566969	60,389417	59,154654	59,609956	59,511876	61,074984	61,092085	65,543890	100,041747	42,450741	42,611766	43,425518	41,581118	41,984311	41,602710	43,059489	39,837253	100,051618	61,482555	61,174929	59,941649	60,576743	59,860951	60,562617	60,291958	61,321747
800,00	99,923623	41,102830	41,388357	44,203663	43,713352	42,337748	42,597634	43,936625	42,572415	99,986053	60,456908	59,552366	60,365403	59,156948	59,600091	59,532839	61,058259	61,069548	65,520394	100,011575	42,470464	42,649114	43,436053	41,619939	42,030039	41,658780	43,082690	39,827648	100,045049	61,474454	61,205888	59,967685	60,623056	59,868312	60,541552	60,319018	61,298227
