Wavelength nm.	SSC_Leitura_R_Ar_1	SSC_Leitura_R_Ar_1_ext	SSC_Leitura_R_Branco_1	SSC_Leitura_R_Branco_1_ext	SSC_Leitura_R_Branco_2	SSC_Leitura_R_Branco_2_ext	SSC_Leitura_T_Ar_1	SSC_Leitura_T_Ar_1_ext	SSC_Leitura_T_Branco_1	SSC_Leitura_T_Branco_1_ext	SSC_Leitura_T_Branco_2	SSC_Leitura_T_Branco_2_ext	SSC_R_Amostra_001_JAN2025	SSC_R_Amostra_001_JAN2025_ext	SSC_R_Amostra_002_JAN2025	SSC_R_Amostra_002_JAN2025_ext	SSC_R_Amostra_003_JAN2025	SSC_R_Amostra_003_JAN2025_ext	SSC_R_Amostra_004_JAN2025	SSC_R_Amostra_004_JAN2025_ext	SSC_R_Amostra_005_JAN2025	SSC_R_Amostra_005_JAN2025_ext	SSC_T_Amostra_001_JAN2025	SSC_T_Amostra_001_JAN2025_ext	SSC_T_Amostra_002_JAN2025	SSC_T_Amostra_002_JAN2025_ext	SSC_T_Amostra_003_JAN2025	SSC_T_Amostra_003_JAN2025_ext	SSC_T_Amostra_004_JAN2025	SSC_T_Amostra_004_JAN2025_ext	SSC_T_Amostra_005_JAN2025	SSC_T_Amostra_005_JAN2025_ext
220,00	100,073302	99,859703	35,076916	35,109520	35,292217	35,289279	100,118470	99,927408	2,145836	2,077220	2,014700	2,205344	9,333121	11,305199	11,565849	15,632999	15,172200	18,293133	13,872352	16,698700	9,874579	11,745299	0,920718	0,985197	1,480788	1,070414	1,686262	1,407256	1,470643	1,178169	1,058580	1,001694
221,00	100,176203	100,092745	35,038462	35,106942	35,271344	35,326129	100,052249	99,941581	2,143863	2,082850	2,023978	2,211832	9,405399	11,381481	11,653195	15,738331	15,397827	18,350627	14,075527	16,820581	9,935712	11,834628	0,932253	0,994911	1,498233	1,092993	1,714420	1,397214	1,502256	1,186485	1,088200	1,019234
222,00	100,249910	100,239956	35,051128	35,139710	35,250819	35,328743	99,998838	99,971461	2,148922	2,099419	2,035626	2,209298	9,505497	11,473540	11,810582	15,908369	15,653816	18,514676	14,352107	16,971491	10,020456	11,966603	0,956908	1,002180	1,525486	1,124459	1,755091	1,404830	1,551371	1,206124	1,122353	1,049596
223,00	100,286365	100,138700	35,120165	35,209140	35,315293	35,262161	99,865580	99,941808	2,164543	2,112269	2,039060	2,226436	9,643218	11,607678	11,971733	16,050684	15,830249	18,603516	14,590660	17,136270	10,076141	12,091453	0,981226	1,013796	1,562790	1,148428	1,788886	1,449698	1,579283	1,233589	1,148374	1,068323
224,00	100,225437	99,925232	35,217378	35,344419	35,361314	35,317296	99,855745	100,002265	2,190998	2,143067	2,056023	2,250899	9,738402	11,717957	12,150070	16,171312	15,994263	18,740445	14,785050	17,312440	10,235412	12,237532	1,008687	1,034267	1,594313	1,170914	1,811703	1,497621	1,622138	1,270763	1,171767	1,088120
225,00	100,042689	99,948120	35,305890	35,423276	35,450923	35,437664	99,861425	99,934608	2,214847	2,149189	2,071871	2,278855	9,807502	11,822940	12,291091	16,320251	16,184157	18,829359	14,981595	17,505598	10,373446	12,353887	1,031950	1,054672	1,625899	1,193907	1,833745	1,530058	1,649815	1,298326	1,203779	1,106298
226,00	99,823976	99,973297	35,417235	35,553682	35,464025	35,518473	99,972343	99,964416	2,252176	2,176737	2,106505	2,301971	9,865232	11,912221	12,433553	16,469678	16,403419	18,969461	15,181388	17,722130	10,530076	12,472613	1,061153	1,079864	1,653272	1,213281	1,869329	1,540036	1,687496	1,334517	1,234124	1,125111
227,00	99,776924	100,049329	35,592744	35,591403	35,554889	35,603103	100,029564	99,944979	2,283641	2,196245	2,130151	2,329254	9,999046	12,021249	12,600982	16,642508	16,662134	19,137636	15,376791	17,925772	10,581107	12,554494	1,084932	1,099628	1,680154	1,246232	1,916178	1,565686	1,710864	1,367639	1,267864	1,150339
228,00	99,880213	99,989969	35,721684	35,786074	35,664722	35,750416	100,015521	99,994653	2,320421	2,239056	2,172732	2,389312	10,134366	12,170856	12,768736	16,763662	16,915905	19,340225	15,591408	18,124221	10,672623	12,702413	1,106538	1,142242	1,703100	1,279972	1,953819	1,603449	1,739475	1,410183	1,287776	1,173387
229,00	100,088525	99,976724	35,863605	35,911068	35,833246	35,910839	100,058353	99,909818	2,353176	2,282738	2,200112	2,415877	10,261934	12,292415	12,950729	16,880205	17,169249	19,492106	15,811406	18,318532	10,766879	12,838402	1,118850	1,158286	1,734480	1,314307	1,980092	1,654886	1,762121	1,434429	1,310138	1,201251
230,00	100,006092	99,997854	35,927922	36,099228	36,011234	36,064938	100,056338	99,939018	2,408568	2,336980	2,240531	2,451218	10,311054	12,387647	13,040090	17,010655	17,336005	19,662485	16,004424	18,467575	10,864086	12,977032	1,131527	1,193464	1,749041	1,341251	1,988362	1,693850	1,776163	1,478983	1,321096	1,232766
231,00	100,010681	100,067532	36,101323	36,158451	36,152485	36,163917	100,104976	100,027156	2,463589	2,384484	2,296310	2,489026	10,375664	12,500453	13,165417	17,197414	17,562708	19,862694	16,184448	18,656267	10,964302	13,077247	1,145563	1,226966	1,767122	1,377309	2,002425	1,741407	1,793193	1,523987	1,338057	1,263311
232,00	100,006902	99,973696	36,276886	36,295834	36,397502	36,317715	100,028265	100,064492	2,520015	2,427549	2,343563	2,558049	10,441671	12,601040	13,276395	17,320174	17,744280	20,050547	16,367853	18,756562	11,059686	13,187233	1,159465	1,276166	1,776452	1,405786	2,018737	1,780241	1,802381	1,570279	1,351829	1,291595
233,00	100,108075	99,997079	36,477071	36,405331	36,589542	36,468777	99,963462	100,059783	2,564927	2,476016	2,397551	2,635033	10,546384	12,715998	13,435365	17,536286	17,978074	20,248207	16,590445	18,959405	11,168105	13,317172	1,170704	1,320340	1,797938	1,450167	2,036163	1,829611	1,813607	1,606268	1,363547	1,334533
234,00	100,132990	99,845880	36,649960	36,641383	36,755526	36,686030	99,895668	99,994588	2,621114	2,528780	2,438740	2,698136	10,642665	12,824173	13,603412	17,669499	18,165146	20,364951	16,766581	19,165136	11,250556	13,418102	1,175987	1,347499	1,810826	1,491967	2,056013	1,871462	1,822892	1,634282	1,378520	1,379718
235,00	100,116086	99,851954	36,789569	36,793247	36,888087	36,848581	99,906981	99,994898	2,666135	2,577846	2,492872	2,751466	10,730815	12,953359	13,749439	17,832288	18,374704	20,529470	16,936943	19,404989	11,328743	13,528451	1,184885	1,385259	1,830507	1,548656	2,075165	1,922113	1,836056	1,680225	1,398810	1,426829
236,00	100,069094	99,928975	36,970136	37,050101	37,040028	37,078243	99,926412	99,954069	2,725341	2,621079	2,540868	2,802460	10,792866	13,068432	13,902254	17,935163	18,558088	20,666496	17,088786	19,587736	11,378953	13,622586	1,199345	1,427563	1,847658	1,596534	2,099494	1,957369	1,855604	1,723056	1,422618	1,458125
237,00	100,022411	100,114655	37,098351	37,229061	37,221742	37,246001	99,939913	99,968940	2,783933	2,673626	2,585939	2,860615	10,863244	13,142326	13,973707	18,039255	18,739000	20,861225	17,219156	19,766372	11,444344	13,734846	1,212463	1,474174	1,878439	1,646122	2,120659	2,010840	1,873871	1,786944	1,442722	1,488109
238,00	99,960214	100,320697	37,262252	37,478405	37,352073	37,484387	99,950099	100,021422	2,846637	2,741170	2,638676	2,932453	10,907506	13,212241	14,088452	18,197794	18,880498	21,029413	17,364021	19,929871	11,504933	13,841406	1,231511	1,518549	1,906919	1,702904	2,156851	2,073129	1,896008	1,841645	1,464119	1,525142
239,00	99,927908	100,321877	37,427464	37,649691	37,520322	37,623447	99,905372	100,032115	2,910643	2,815982	2,714795	3,003427	10,990483	13,299619	14,163567	18,321730	19,008002	21,191370	17,444502	20,108457	11,570003	13,922994	1,246064	1,555104	1,944526	1,744974	2,188137	2,146005	1,926028	1,899127	1,490947	1,572673
240,00	99,852484	100,221479	37,651929	37,789062	37,714833	37,748292	99,846351	100,047851	2,978242	2,903001	2,798530	3,068417	11,049420	13,400219	14,250827	18,462434	19,151190	21,294083	17,568731	20,262614	11,602125	14,014792	1,267047	1,596107	1,975120	1,787918	2,222975	2,198875	1,955124	1,949127	1,523777	1,623844
241,00	99,781066	100,231886	37,813389	37,947902	37,862775	37,877637	99,910116	100,052977	3,066028	2,984636	2,881466	3,148258	11,086290	13,483462	14,281285	18,571103	19,244513	21,421278	17,633440	20,391478	11,625835	14,109920	1,285793	1,647697	2,010319	1,826794	2,260246	2,249701	1,989212	2,004459	1,554470	1,677216
242,00	99,929786	100,053775	38,026533	38,026822	38,040629	38,025352	99,995977	99,983376	3,142426	3,060498	2,935954	3,218883	11,134387	13,546897	14,352974	18,651477	19,358470	21,561342	17,733695	20,502701	11,677113	14,213836	1,316173	1,696042	2,046052	1,879137	2,306712	2,301661	2,021866	2,053965	1,582467	1,726208
243,00	100,011563	100,084770	38,217869	38,168362	38,221696	38,222718	100,078487	99,992269	3,227710	3,121031	3,000022	3,308701	11,145233	13,631980	14,419083	18,770212	19,438459	21,700963	17,813994	20,645986	11,695231	14,332634	1,339400	1,762492	2,083795	1,934536	2,350639	2,368416	2,064553	2,121314	1,608653	1,774101
244,00	100,049603	99,908692	38,410431	38,272899	38,434884	38,334313	100,023472	99,919760	3,308104	3,189361	3,063408	3,391831	11,205655	13,722984	14,508587	18,910456	19,523451	21,829709	17,899631	20,784800	11,724377	14,413723	1,368255	1,810785	2,123705	1,997786	2,395464	2,438305	2,104349	2,193614	1,639093	1,823649
245,00	99,971068	100,059080	38,565296	38,491359	38,616261	38,534072	100,021791	99,903196	3,400998	3,270905	3,153808	3,481638	11,206368	13,832691	14,519893	19,100055	19,589472	22,002716	17,951380	20,958163	11,711276	14,506887	1,389945	1,862691	2,167660	2,058466	2,444340	2,518913	2,147896	2,280929	1,681316	1,875834
246,00	99,977392	100,023079	38,723522	38,719296	38,826075	38,667428	100,024724	99,927521	3,501045	3,376614	3,234330	3,570253	11,287022	13,912421	14,553654	19,184846	19,641851	22,198533	18,003769	21,098343	11,735481	14,564750	1,427301	1,910698	2,210524	2,127723	2,500800	2,593899	2,193934	2,353693	1,727226	1,945761
247,00	100,013471	100,055420	38,943118	38,953984	39,051002	38,900515	100,025916	99,872339	3,592935	3,475123	3,329168	3,663657	11,317688	14,005101	14,565586	19,274160	19,705172	22,379240	18,026987	21,282536	11,756951	14,647628	1,465539	1,975973	2,262286	2,190674	2,559064	2,669802	2,240495	2,425469	1,776521	2,011052
248,00	99,996436	99,931121	39,175868	39,183497	39,277387	39,054313	100,049233	99,944741	3,701778	3,577083	3,426066	3,777432	11,354426	14,114299	14,642724	19,371419	19,771875	22,535636	18,075182	21,441346	11,811511	14,744027	1,504539	2,044359	2,311858	2,264243	2,622044	2,739914	2,291975	2,499242	1,818930	2,079807
249,00	100,002897	99,868399	39,411318	39,343509	39,519751	39,337733	100,087583	99,901205	3,809151	3,676521	3,528970	3,892813	11,340462	14,230423	14,709821	19,537359	19,869649	22,706115	18,138856	21,614733	11,840430	14,857601	1,538355	2,114723	2,371982	2,335045	2,690963	2,830980	2,343757	2,582916	1,862301	2,140392
250,00	100,014520	99,965364	39,673406	39,596450	39,782882	39,636481	100,090182	99,935067	3,929513	3,791962	3,638742	4,018164	11,350608	14,359057	14,779577	19,745409	19,967768	22,926210	18,216093	21,800432	11,878384	14,996068	1,574631	2,178835	2,426530	2,413490	2,763197	2,922206	2,406789	2,673621	1,906617	2,205874
251,00	100,045741	100,000155	39,953601	39,825666	40,020776	39,967024	100,057495	100,000334	4,056661	3,933765	3,761872	4,155257	11,370706	14,491154	14,845598	19,893694	20,081683	23,145540	18,321291	21,980491	11,901807	15,131970	1,620187	2,254037	2,487458	2,488805	2,831688	3,030894	2,468497	2,762502	1,957466	2,287569
252,00	100,054669	100,050390	40,248978	40,133867	40,304142	40,235442	100,027275	100,017118	4,189841	4,068806	3,891565	4,305702	11,419525	14,602204	14,896326	20,063461	20,147948	23,322235	18,383148	22,177541	11,959911	15,275390	1,667690	2,327022	2,558037	2,576998	2,911575	3,132692	2,534206	2,863022	2,011275	2,368129
253,00	100,096464	100,004458	40,568805	40,414983	40,616170	40,492317	100,036716	100,106895	4,348666	4,229035	4,027900	4,464363	11,491681	14,742352	14,943928	20,186976	20,260377	23,525904	18,467414	22,376679	12,015694	15,410189	1,722238	2,409617	2,641781	2,673037	2,997590	3,252541	2,605220	2,953506	2,073718	2,474500
254,00	100,182581	100,003052	40,920490	40,757805	41,014802	40,802896	100,117242	100,017428	4,502745	4,362366	4,172141	4,622171	11,557527	14,891191	15,010299	20,371233	20,374194	23,714814	18,554674	22,629690	12,095731	15,546143	1,772998	2,503733	2,733682	2,788240	3,103758	3,374962	2,686133	3,065846	2,141893	2,565164
255,00	100,109339	99,989897	41,270870	41,137645	41,310695	41,158608	100,105381	99,973124	4,673571	4,532143	4,344900	4,783305	11,624753	15,060970	15,087730	20,593405	20,485798	24,002045	18,660928	22,899796	12,157188	15,686698	1,838028	2,604590	2,827406	2,895314	3,210269	3,499447	2,772330	3,174472	2,216236	2,671605
256,00	100,016546	100,019801	41,599256	41,476858	41,647723	41,550511	100,068426	99,988139	4,841373	4,695214	4,520318	4,946545	11,683379	15,210648	15,197103	20,804045	20,641166	24,267119	18,777964	23,144996	12,242341	15,860829	1,900233	2,710146	2,919687	2,996229	3,321170	3,632763	2,862362	3,307964	2,291142	2,767386
257,00	99,916929	100,046122	41,900203	41,881979	41,997799	41,945460	99,970818	99,963647	5,024082	4,879753	4,700644	5,126045	11,770844	15,366144	15,299797	21,035665	20,765054	24,573974	18,881513	23,376828	12,310150	16,031229	1,967340	2,814399	3,016291	3,117218	3,434239	3,764609	2,953999	3,423767	2,367630	2,887618
258,00	99,994498	100,216877	42,252934	42,269990	42,418659	42,349425	99,965477	100,038850	5,226877	5,071989	4,880387	5,323282	11,876743	15,547308	15,433197	21,246833	20,944209	24,847758	19,024114	23,639531	12,417146	16,240813	2,035258	2,936457	3,127973	3,243226	3,557255	3,918484	3,054059	3,555534	2,454919	3,015523
259,00	100,003767	100,182915	42,678791	42,748469	42,833951	42,753828	99,997991	99,962431	5,443030	5,270109	5,084495	5,545225	11,954556	15,730412	15,543556	21,491821	21,058396	25,123474	19,168466	23,963106	12,504081	16,429177	2,115830	3,059430	3,239841	3,379997	3,681550	4,070358	3,164369	3,704779	2,547044	3,150794
260,00	100,021708	100,181484	43,153310	43,172497	43,226832	43,171558	100,040722	100,070179	5,671141	5,502020	5,294056	5,771932	12,060716	15,923294	15,673274	21,761756	21,237932	25,396854	19,364835	24,268393	12,609392	16,642258	2,201225	3,197877	3,366645	3,513642	3,820361	4,240397	3,285100	3,868693	2,646662	3,279700
261,00	100,001001	100,025570	43,648791	43,577927	43,676788	43,591809	100,047779	100,030327	5,899096	5,739962	5,537985	6,002973	12,161140	16,116846	15,814424	22,035141	21,453483	25,691092	19,537665	24,545494	12,727019	16,813470	2,286277	3,318371	3,488953	3,657191	3,961015	4,417047	3,413223	4,051503	2,742528	3,419696
262,00	100,036192	100,020075	44,129726	43,981823	44,175231	44,070125	100,028348	100,033104	6,146210	5,983625	5,773558	6,245006	12,314773	16,327667	15,969938	22,324423	21,718368	26,001799	19,752276	24,832377	12,864774	17,032264	2,378244	3,460224	3,627288	3,813712	4,120636	4,613799	3,550403	4,216142	2,851527	3,564321
263,00	99,956918	100,039530	44,588375	44,454646	44,670746	44,573802	99,996829	99,961698	6,408018	6,216461	6,031799	6,499600	12,418287	16,560018	16,127218	22,609048	21,935721	26,318488	19,956547	25,142509	13,012855	17,261626	2,478560	3,598045	3,769345	3,969472	4,281670	4,818128	3,686698	4,412397	2,962836	3,732409
264,00	99,992639	100,038826	45,073560	44,971088	45,148274	45,084462	100,016582	99,905550	6,687148	6,468887	6,283967	6,770308	12,557633	16,792555	16,276298	22,910745	22,161239	26,668614	20,179252	25,474304	13,165401	17,524092	2,592763	3,757018	3,922277	4,138803	4,461075	5,001278	3,836545	4,590705	3,092199	3,894146
265,00	100,032544	100,018287	45,575988	45,523986	45,618901	45,584840	99,949217	99,830514	6,964047	6,745586	6,548498	7,043908	12,707144	17,034116	16,459382	23,196106	22,417197	27,046168	20,411718	25,805125	13,340114	17,756502	2,701758	3,925251	4,079862	4,306848	4,642741	5,196241	3,988905	4,788859	3,221429	4,058155
266,00	100,065804	100,073957	46,108535	46,066025	46,149781	46,100861	99,970365	99,813759	7,256065	7,043920	6,825580	7,339916	12,901588	17,284584	16,653948	23,523843	22,693443	27,494529	20,659398	26,200122	13,511820	18,041945	2,820390	4,116618	4,241277	4,493013	4,837764	5,408437	4,156491	4,980036	3,361784	4,237976
267,00	100,038016	100,051641	46,639049	46,614757	46,710908	46,596241	99,937338	99,844092	7,557739	7,344190	7,120550	7,671465	13,089424	17,537089	16,907410	23,844877	22,972707	27,864707	20,947190	26,579341	13,701978	18,297073	2,948619	4,315779	4,425297	4,693442	5,036695	5,663763	4,339390	5,194062	3,507172	4,446643
268,00	100,034559	100,027919	47,211933	47,159439	47,293401	47,129548	99,976313	99,903655	7,881376	7,671934	7,443481	8,012867	13,273351	17,792711	17,158438	24,217072	23,229986	28,245628	21,234940	26,950493	13,896324	18,593483	3,083778	4,506670	4,616323	4,911205	5,244371	5,930053	4,527580	5,431284	3,666828	4,676392
269,00	100,077975	99,903589	47,809917	47,700489	47,896007	47,699842	99,947304	99,941689	8,220860	8,003074	7,786541	8,366363	13,473396	18,055624	17,399332	24,562795	23,595184	28,614709	21,520996	27,324143	14,122632	18,851206	3,227963	4,700372	4,830715	5,136753	5,462291	6,199433	4,726334	5,677896	3,829114	4,897419
270,00	100,014317	99,877036	48,429993	48,263347	48,509166	48,285657	99,949408	99,976683	8,574381	8,358844	8,134952	8,708512	13,674937	18,354803	17,635882	24,945444	23,890114	29,030666	21,825713	27,724037	14,345776	19,168302	3,370157	4,907026	5,036899	5,346781	5,695130	6,465238	4,930129	5,937630	3,997017	5,125893
271,00	99,950051	99,884766	48,991272	48,877063	49,103597	48,936522	99,991298	100,037146	8,945117	8,720306	8,497562	9,064129	13,886228	18,675490	17,882735	25,320184	24,280645	29,446962	22,121377	28,172457	14,589354	19,470809	3,533388	5,142914	5,260965	5,576479	5,954429	6,747708	5,146749	6,207769	4,176601	5,352890
272,00	99,965638	99,910408	49,599713	49,519134	49,746168	49,545735	100,033104	100,057089	9,332862	9,105672	8,865091	9,445748	14,110623	18,981634	18,166848	25,721776	24,615608	29,885551	22,499003	28,619334	14,831935	19,826071	3,706987	5,369648	5,487080	5,810018	6,226641	7,029722	5,378112	6,489507	4,372859	5,602570
273,00	100,012457	99,932408	50,243247	50,175363	50,363845	50,214368	100,047982	100,026762	9,733053	9,492666	9,246320	9,840663	14,354149	19,303423	18,439056	26,133308	25,032043	30,323774	22,859807	29,106504	15,093511	20,189446	3,887681	5,593794	5,731084	6,071979	6,500912	7,324688	5,613796	6,766418	4,581671	5,859639
274,00	100,015473	100,002754	50,903684	50,823170	51,033539	50,852734	100,026774	100,004160	10,133053	9,880896	9,619464	10,254874	14,612876	19,633070	18,763590	26,551902	25,415286	30,810222	23,257276	29,598689	15,370286	20,573877	4,074390	5,831182	5,982387	6,333938	6,774385	7,617556	5,863827	7,058159	4,786994	6,134405
275,00	99,918425	99,972320	51,505238	51,494753	51,611185	51,510143	100,059247	99,953115	10,545328	10,273753	10,034519	10,674108	14,862622	19,989158	19,065900	26,961622	25,792602	31,247589	23,617853	30,075082	15,660404	20,910248	4,269504	6,068932	6,248007	6,595024	7,062867	7,947574	6,132073	7,345723	5,008661	6,410185
276,00	99,950266	99,976230	52,179241	52,157098	52,255893	52,174860	100,093746	99,946684	10,948188	10,687947	10,460821	11,100769	15,148005	20,341390	19,426252	27,393290	26,219946	31,770587	24,056618	30,523062	15,961911	21,268156	4,479716	6,332592	6,530066	6,883197	7,364535	8,296493	6,405905	7,654638	5,233389	6,708265
277,00	100,004542	99,880880	52,827239	52,758545	52,901715	52,780390	100,090790	99,922633	11,386668	11,116600	10,892583	11,538459	15,455392	20,698781	19,782938	27,820572	26,665345	32,254696	24,483339	30,970216	16,254479	21,645685	4,697429	6,601804	6,812949	7,183658	7,687178	8,638395	6,696198	7,964703	5,467820	7,009388
278,00	100,011146	99,920541	53,489441	53,346455	53,562522	53,426969	99,982911	100,046909	11,817639	11,568853	11,312352	11,962774	15,745656	21,057051	20,154260	28,287598	27,131134	32,791519	24,917229	31,452361	16,574721	22,048157	4,915860	6,910191	7,100756	7,492879	8,015603	8,972882	6,984190	8,289804	5,710531	7,307756
279,00	100,021696	99,882120	54,112178	53,979069	54,243898	54,099762	99,964911	100,038707	12,277313	12,025532	11,726274	12,425965	16,062103	21,421285	20,526901	28,738442	27,609551	33,289778	25,372952	31,941316	16,918844	22,453539	5,149322	7,213251	7,400169	7,779604	8,362730	9,316535	7,294905	8,622614	5,961895	7,609707
280,00	100,074804	99,952722	54,795694	54,669827	54,852480	54,773682	99,963933	100,110662	12,733643	12,484360	12,178067	12,887064	16,349198	21,811417	20,877770	29,206321	28,069413	33,803618	25,858536	32,483047	17,275633	22,860731	5,389761	7,502732	7,720348	8,072305	8,701069	9,686612	7,597701	8,958268	6,224062	7,924864
281,00	100,141132	99,986666	55,437773	55,352002	55,479872	55,385423	100,003040	99,981761	13,193262	12,928329	12,615182	13,367461	16,682027	22,191416	21,235277	29,682750	28,549865	34,320390	26,375571	33,019674	17,599778	23,299494	5,633574	7,781680	8,048549	8,363429	9,048816	10,059020	7,911899	9,299703	6,483863	8,242963
282,00	100,158107	99,954224	56,045187	55,920279	56,061476	55,970007	99,949527	99,988729	13,660650	13,400522	13,069069	13,824168	17,018183	22,564743	21,624924	30,155620	29,037276	34,798637	26,837373	33,527359	17,972916	23,717766	5,880832	8,071651	8,377167	8,684190	9,386443	10,415286	8,239041	9,650578	6,767765	8,572982
283,00	100,137568	99,969977	56,668019	56,515098	56,777525	56,570083	99,999422	99,920535	14,111820	13,878326	13,531959	14,275807	17,384753	22,942673	22,052027	30,644044	29,543319	35,293007	27,340937	33,994105	18,358058	24,107161	6,147920	8,369374	8,714499	9,004292	9,751544	10,762203	8,586082	9,999970	7,054395	8,886342
284,00	100,126958	99,865758	57,274663	57,096577	57,399249	57,224375	100,030339	99,929267	14,590907	14,371026	14,019614	14,747044	17,784891	23,332900	22,510064	31,070796	30,074471	35,754475	27,852184	34,476930	18,778670	24,499582	6,428681	8,686996	9,061351	9,345093	10,133174	11,133561	8,941242	10,360765	7,350868	9,220557
285,00	100,026524	99,983704	57,884157	57,784331	58,060628	57,878232	100,078237	99,941522	15,057279	14,814273	14,512080	15,217724	18,165171	23,749733	22,919431	31,560123	30,609733	36,258072	28,391826	35,005173	19,158800	24,940600	6,716315	9,008628	9,409037	9,658370	10,549392	11,511483	9,312770	10,718524	7,642154	9,554557
286,00	100,024807	99,924988	58,465499	58,381724	58,581293	58,478993	100,015318	99,961489	15,539870	15,282139	14,994194	15,722072	18,579012	24,142335	23,374832	32,000408	31,194943	36,747402	28,957710	35,521975	19,559562	25,394538	6,997051	9,340282	9,759845	9,982064	10,959042	11,906459	9,684192	11,076558	7,941236	9,914789
287,00	99,952388	99,934179	59,024078	58,972806	59,173101	59,097308	99,964195	99,980223	15,999989	15,739414	15,478645	16,203402	18,958247	24,583496	23,803717	32,488614	31,794703	37,246513	29,504663	36,002120	19,995812	25,839639	7,287929	9,651329	10,115024	10,300521	11,356215	12,264668	10,060910	11,432320	8,243935	10,282730
288,00	99,934053	99,886018	59,556204	59,584528	59,708941	59,662402	99,941063	99,988961	16,481429	16,215867	15,957761	16,672750	19,367214	24,971247	24,294260	32,923436	32,367107	37,748364	30,064803	36,521438	20,433234	26,220307	7,587250	9,962889	10,479875	10,633945	11,747566	12,655158	10,433024	11,805412	8,560938	10,602263
289,00	99,867409	99,879873	60,130703	60,156769	60,308194	60,280216	99,979210	100,050688	16,960424	16,684814	16,426112	17,139442	19,779241	25,394800	24,759986	33,426556	32,965207	38,237232	30,625257	37,012455	20,877928	26,635650	7,891014	10,276410	10,860339	10,948089	12,152686	13,024898	10,819130	12,175027	8,896340	10,939422
290,00	99,990904	99,879080	60,783422	60,679579	60,863709	60,724688	99,982399	100,127554	17,432259	17,151766	16,901371	17,601274	20,250443	25,731015	25,276545	33,863407	33,589497	38,719058	31,205368	37,524056	21,323150	27,019697	8,193555	10,580596	11,233022	11,272433	12,577859	13,419515	11,210614	12,542281	9,230603	11,285390
291,00	99,992025	99,896848	61,386323	61,177218	61,388183	61,264646	99,991602	100,142121	17,890023	17,622259	17,371255	18,077715	20,711151	26,149610	25,761220	34,304112	34,211689	39,180860	31,780919	37,961513	21,783891	27,455431	8,496158	10,887443	11,609875	11,592290	12,986039	13,766389	11,597714	12,888454	9,550441	11,631677
292,00	100,043821	99,916720	61,983979	61,691391	61,963660	61,783338	100,009739	100,006509	18,358885	18,074928	17,850107	18,537031	21,170288	26,552343	26,259696	34,715584	34,795988	39,683521	32,398519	38,470596	22,242865	27,893621	8,797036	11,176788	11,977314	11,912289	13,408832	14,106496	11,995912	13,214868	9,873696	11,974734
293,00	99,940270	99,943972	62,483364	62,195218	62,562299	62,355816	100,047970	99,925148	18,816674	18,517542	18,279421	18,985613	21,616349	26,997137	26,758340	35,172930	35,351589	40,184870	33,046505	38,927898	22,702903	28,359064	9,089778	11,503063	12,364283	12,226246	13,826011	14,471515	12,395587	13,558732	10,211858	12,271500
294,00	100,038218	99,888247	63,002008	62,646079	63,092518	62,831104	100,040507	99,927855	19,256468	18,934073	18,690304	19,415894	22,075272	27,401757	27,279174	35,615322	35,963374	40,659970	33,684319	39,393672	23,169579	28,774765	9,387077	11,789917	12,733959	12,533748	14,238478	14,857265	12,798774	13,898072	10,546897	12,618734
295,00	99,954832	99,853796	63,443601	63,123316	63,558054	63,284624	99,993980	99,959874	19,653422	19,359119	19,100374	19,835576	22,516066	27,809587	27,775925	36,041409	36,574131	41,136447	34,238786	39,822310	23,644166	29,198867	9,678272	12,102185	13,090757	12,849659	14,621696	15,239158	13,183874	14,270955	10,849950	12,955089
296,00	99,946463	99,915403	64,011455	63,618773	63,990480	63,796908	99,919432	99,979490	20,079993	19,782667	19,530714	20,245782	22,968835	28,234872	28,263146	36,499706	37,186027	41,574052	34,830382	40,301251	24,102533	29,626378	9,981471	12,396058	13,429871	13,153829	14,994563	15,575668	13,560185	14,605632	11,156562	13,295107
297,00	99,929869	99,957573	64,472651	64,091420	64,485812	64,255363	99,948448	100,043988	20,499380	20,209298	19,957332	20,685242	23,377030	28,623810	28,742057	36,972600	37,764409	42,012027	35,432979	40,736851	24,520853	30,080172	10,256148	12,736462	13,754429	13,479348	15,381476	15,899305	13,926730	14,934701	11,461884	13,601857
298,00	100,039005	99,949491	64,992034	64,537901	64,911002	64,716178	99,946558	100,084257	20,931205	20,607364	20,371786	21,086051	23,834442	29,021764	29,199484	37,433025	38,359630	42,421615	36,003482	41,172999	25,003570	30,513895	10,540017	13,022509	14,096484	13,787617	15,755546	16,227981	14,281833	15,258583	11,782593	13,916178
299,00	100,110090	99,946290	65,354270	65,003550	65,304166	65,118670	99,961036	100,061488	21,312232	20,981909	20,743215	21,478951	24,256651	29,429910	29,594579	37,878263	38,875329	42,870098	36,491594	41,587132	25,453910	30,914590	10,805005	13,291125	14,398137	14,109191	16,097598	16,575949	14,627220	15,565284	12,077416	14,214785
300,00	100,081396	99,921304	65,765494	65,488732	65,657634	65,518516	99,970400	99,991065	21,702765	21,373025	21,124975	21,837005	24,703760	29,832795	30,001879	38,255021	39,348012	43,277940	36,968160	42,042720	25,905037	31,303304	11,066838	13,559237	14,709485	14,392047	16,430570	16,880660	14,966138	15,885752	12,369301	14,541726
301,00	99,955070	100,033236	66,058207	65,948206	66,005170	65,956873	99,985260	99,957281	22,060981	21,735656	21,515737	22,225702	25,077677	30,221984	30,395243	38,688105	39,711586	43,700001	37,408817	42,524394	26,263312	31,669164	11,311501	13,850677	14,993355	14,668533	16,756842	17,206933	15,286948	16,172993	12,648110	14,841881
302,00	99,854094	99,930429	66,423714	66,269928	66,374260	66,281074	100,074077	99,972808	22,445488	22,117156	21,884836	22,631425	25,462136	30,567569	30,799180	38,992366	40,096509	44,011950	37,823123	42,937621	26,636386	32,059109	11,550884	14,152312	15,287273	14,941567	17,069066	17,480512	15,611304	16,486610	12,930982	15,166700
303,00	99,876779	100,021303	66,775697	66,628182	66,744906	66,676301	100,050509	99,983758	22,793593	22,436762	22,245188	23,003760	25,813094	30,954713	31,091926	39,408866	40,481290	44,457492	38,209456	43,340695	27,022865	32,468119	11,785801	14,429730	15,551023	15,200427	17,367439	17,792867	15,907344	16,786151	13,208425	15,448020
304,00	99,876124	100,008726	67,184043	66,929841	67,053258	66,969544	100,044441	100,093412	23,162122	22,782126	22,566360	23,347642	26,182717	31,322789	31,421086	39,746094	40,903920	44,812429	38,623309	43,695572	27,404067	32,879567	11,995392	14,702234	15,799023	15,487476	17,638826	18,086168	16,197737	17,071192	13,466977	15,740146
305,00	99,923015	100,104809	67,505026	67,335230	67,367792	67,319155	100,000966	100,069118	23,500346	23,120221	22,925913	23,661123	26,493758	31,694555	31,764182	40,188453	41,298604	45,221683	39,024317	44,062901	27,796224	33,291596	12,208873	14,970638	16,044261	15,730253	17,910308	18,402772	16,475260	17,340767	13,726039	16,008855
306,00	99,883240	100,031710	67,873269	67,574990	67,639947	67,639959	100,003994	100,088048	23,822373	23,511010	23,236877	23,988551	26,838866	32,021084	32,138085	40,524352	41,679120	45,573521	39,421290	44,438538	28,154069	33,629757	12,407016	15,216430	16,285230	16,013926	18,156424	18,677911	16,743174	17,607138	13,970250	16,313405
307,00	100,003314	99,964905	68,194520	67,834020	67,991632	67,931294	100,025845	100,044858	24,126099	23,829782	23,555426	24,305059	27,184340	32,362348	32,437620	40,901279	42,018455	45,911774	39,733684	44,782394	28,506315	33,995286	12,621589	15,474437	16,500950	16,260408	18,414757	18,943693	17,002793	17,871946	14,216386	16,567367
308,00	100,037074	99,951744	68,486547	68,107581	68,328589	68,272692	100,032890	100,110447	24,425958	24,133697	23,864146	24,588919	27,531159	32,691634	32,742810	41,235992	42,301789	46,260607	40,073079	45,171407	28,825364	34,306011	12,827381	15,711510	16,711465	16,523117	18,654989	19,159758	17,240685	18,140610	14,444640	16,821775
309,00	100,015032	99,916619	68,663323	68,371582	68,627405	68,435448	100,114524	100,104296	24,726515	24,392569	24,184103	24,861276	27,835572	33,049366	33,028179	41,576302	42,591745	46,526623	40,298903	45,450622	29,142615	34,611416	13,036500	15,969726	16,932200	16,766043	18,908371	19,381815	17,463602	18,392338	14,667775	17,034899
310,00	99,950951	99,938577	68,911093	68,701714	68,879819	68,710792	100,110042	100,056922	25,006494	24,669738	24,453115	25,096273	28,146693	33,374557	33,339787	41,916156	42,868978	46,846133	40,645084	45,787534	29,466170	34,979317	13,232076	16,164455	17,157288	16,983050	19,123903	19,596797	17,705278	18,629022	14,882329	17,252570
311,00	99,965453	99,977040	69,194818	68,946248	69,058722	68,888479	100,090635	100,076139	25,249985	24,922369	24,705179	25,400513	28,443396	33,717594	33,577892	42,267093	43,130767	47,178224	40,921649	46,100703	29,780722	35,291255	13,413002	16,377291	17,340326	17,210758	19,336450	19,861260	17,914750	18,867876	15,067565	17,495340
312,00	100,014508	100,099516	69,451934	69,165856	69,272214	69,145513	100,012934	100,018120	25,500157	25,148910	24,958810	25,665724	28,750089	34,036648	33,832812	42,563140	43,319473	47,483075	41,236669	46,447891	30,114076	35,663098	13,578503	16,572893	17,510170	17,382759	19,509862	20,095970	18,134069	19,077665	15,262716	17,717527
313,00	100,001287	100,087619	69,570678	69,395423	69,434029	69,344497	100,011373	100,086272	25,760362	25,384572	25,244111	25,930530	28,992173	34,362108	34,040019	42,850536	43,524632	47,785020	41,481003	46,738464	30,389905	35,951701	13,747323	16,815229	17,668259	17,609033	19,702521	20,318392	18,338592	19,298117	15,457851	17,954881
314,00	99,982661	100,034022	69,741583	69,554102	69,694066	69,543886	100,010014	100,081348	26,010025	25,647348	25,509730	26,153353	29,254237	34,661639	34,302831	43,166170	43,776652	48,014271	41,707763	46,995595	30,665788	36,335331	13,916279	17,032106	17,856215	17,840748	19,894741	20,526490	18,548398	19,506525	15,663418	18,178362
315,00	99,993813	99,983788	69,956851	69,771552	69,865537	69,774812	100,004232	100,105369	26,236123	25,898826	25,739205	26,417983	29,545715	34,951305	34,520602	43,503648	44,009641	48,315307	41,940168	47,268161	30,934951	36,674154	14,102215	17,232817	18,033265	18,068230	20,077240	20,708273	18,737419	19,718039	15,835334	18,392037
316,00	99,926901	99,955809	70,102441	69,852328	70,006102	69,933355	100,009418	99,975896	26,449636	26,115113	25,949231	26,662669	29,817155	35,263243	34,727871	43,765515	44,214618	48,525029	42,159835	47,507679	31,217858	36,949304	14,273782	17,414047	18,204506	18,254489	20,245783	20,883995	18,892969	19,919066	16,020852	18,595724
317,00	99,891549	99,910617	70,198143	69,985628	70,104289	70,029074	100,063360	99,968237	26,682651	26,314992	26,182449	26,879644	30,076325	35,494319	34,931323	43,932790	44,408444	48,717472	42,415437	47,753987	31,492925	37,152943	14,450260	17,624700	18,376662	18,413973	20,402110	21,059021	19,063465	20,132364	16,202348	18,807063
318,00	99,864846	99,957758	70,312262	70,162386	70,275199	70,183504	100,115597	99,964178	26,934114	26,536986	26,423293	27,066857	30,322358	35,800365	35,124588	44,170868	44,633901	48,866409	42,636570	47,991666	31,741202	37,410763	14,624217	17,795853	18,538193	18,608153	20,573598	21,292768	19,228041	20,333189	16,384928	19,009507
319,00	99,948794	99,963325	70,523149	70,280617	70,446295	70,301110	100,056577	100,087750	27,135172	26,754868	26,629090	27,279535	30,590460	36,011922	35,381591	44,443789	44,824475	49,115643	42,872632	48,251769	32,001859	37,684169	14,796844	18,006155	18,694018	18,800233	20,745575	21,511506	19,406889	20,553850	16,550092	19,230030
320,00	100,028837	100,034630	70,702302	70,475042	70,599341	70,446825	99,980998	100,064313	27,331564	26,962736	26,837212	27,478877	30,868921	36,329225	35,586849	44,715571	45,024106	49,416828	43,078205	48,525006	32,267472	37,967119	14,963356	18,165886	18,847744	18,980798	20,914461	21,696268	19,590212	20,719011	16,720834	19,385841
321,00	100,049090	100,038612	70,869559	70,648122	70,758218	70,613760	99,951577	100,080931	27,509019	27,137008	27,015144	27,698910	31,091443	36,607242	35,778522	44,967076	45,219296	49,704275	43,311924	48,814410	32,503602	38,256159	15,129161	18,363774	18,998222	19,185370	21,088319	21,868773	19,775009	20,889503	16,878328	19,568834
322,00	100,056553	99,937135	70,975775	70,743769	70,845342	70,661896	99,935311	100,025463	27,699083	27,332881	27,224559	27,929869	31,327546	36,867565	36,018285	45,170835	45,378327	49,897754	43,520993	48,972309	32,752827	38,497254	15,308522	18,522234	19,159335	19,358678	21,255358	22,027914	19,944373	21,059296	17,030863	19,743676
323,00	99,983865	99,858522	71,057528	70,771617	70,868415	70,793974	99,933630	100,028265	27,896523	27,531591	27,398577	28,141481	31,535894	37,063912	36,202720	45,422375	45,542714	50,124681	43,735263	49,155757	32,958969	38,762966	15,493974	18,689501	19,310071	19,562791	21,429694	22,210294	20,103811	21,251740	17,186281	19,971155
324,00	99,928445	99,849463	71,122748	70,812982	70,961905	70,815909	99,876714	100,027978	28,059813	27,724111	27,582335	28,315610	31,760612	37,302381	36,463407	45,671588	45,740232	50,333601	43,943909	49,362090	33,215809	38,984194	15,672654	18,857794	19,474429	19,744587	21,592066	22,367437	20,269231	21,460968	17,362791	20,155492
325,00	99,958092	100,033343	71,211267	70,907348	71,130270	70,959830	99,932700	100,033808	28,252801	27,939078	27,773255	28,476772	31,986424	37,547383	36,618817	45,985553	46,014327	50,568438	44,145480	49,644181	33,445185	39,272380	15,829551	19,003959	19,630022	19,948821	21,781051	22,562890	20,428596	21,645445	17,529058	20,320100
326,00	99,966645	100,071049	71,363401	70,977139	71,269643	71,035022	99,973851	99,987429	28,406373	28,082919	27,944177	28,634301	32,253903	37,830058	36,842051	46,232876	46,246663	50,755221	44,389659	49,833485	33,719707	39,534107	16,015360	19,160248	19,777155	20,099770	21,960305	22,734927	20,593804	21,803991	17,673835	20,461221
327,00	100,030577	100,045490	71,512568	71,004492	71,308953	71,033639	100,059915	99,986613	28,586188	28,237745	28,104705	28,806081	32,515973	38,061413	37,013853	46,452150	46,404481	50,918430	44,587392	50,013518	33,916292	39,732236	16,207969	19,321333	19,924232	20,246963	22,136271	22,868942	20,758452	21,923737	17,813872	20,635480
328,00	100,037396	99,939799	71,647424	71,091497	71,371442	71,064293	100,110102	100,019991	28,738993	28,383774	28,252882	28,916389	32,761586	38,331670	37,212941	46,607301	46,589431	51,082045	44,788480	50,191057	34,141132	39,953440	16,398950	19,488275	20,090118	20,376211	22,294100	22,993600	20,934218	22,053884	17,958659	20,802416
329,00	99,993980	99,932075	71,643454	71,163827	71,481138	71,115994	100,102949	100,036311	28,895253	28,519952	28,409058	29,020575	32,927617	38,553202	37,379730	46,802449	46,699098	51,199371	44,925159	50,387037	34,338734	40,197903	16,540535	19,631292	20,254926	20,509917	22,436836	23,091696	21,087246	22,169052	18,094544	20,964256
330,00	99,981713	99,852759	71,663415	71,205252	71,575689	71,251786	100,037622	100,049400	29,027840	28,658545	28,552607	29,135278	33,101505	38,758785	37,557402	47,002304	46,829388	51,388663	45,068601	50,537324	34,570998	40,483287	16,684286	19,752626	20,408536	20,638093	22,564153	23,255943	21,221721	22,326447	18,220259	21,087600
331,00	99,894571	99,926293	71,636528	71,260858	71,597272	71,309435	100,010920	100,013864	29,161313	28,734735	28,691292	29,267246	33,252385	38,952035	37,710381	47,208735	46,898511	51,571810	45,199534	50,692797	34,722415	40,691435	16,818596	19,878012	20,533714	20,763096	22,671854	23,375361	21,361795	22,455190	18,352441	21,211599
332,00	100,023675	99,875021	71,772867	71,295869	71,620238	71,298403	100,032222	99,962133	29,290795	28,853568	28,817955	29,386908	33,442253	39,152217	37,917739	47,354066	47,080526	51,757342	45,362422	50,861883	34,895077	40,846297	16,966742	20,001441	20,660815	20,911081	22,774306	23,511490	21,478851	22,603354	18,489799	21,310480
333,00	99,996793	99,939615	71,792185	71,357232	71,602380	71,315885	100,065947	99,906045	29,406556	28,952041	28,949061	29,474652	33,587769	39,390263	38,094708	47,501236	47,221074	51,879376	45,512286	51,046568	35,057721	41,002929	17,090836	20,135355	20,782180	21,012919	22,895424	23,631296	21,600151	22,727129	18,616164	21,443787
334,00	100,083804	99,908262	71,904379	71,365356	71,663290	71,310365	100,043952	99,863982	29,491407	29,060107	29,029715	29,556924	33,770126	39,566174	38,275960	47,619039	47,378787	52,000034	45,677722	51,198554	35,287738	41,168094	17,237264	20,266439	20,913149	21,163259	23,013572	23,745844	21,720475	22,860242	18,716288	21,584894
335,00	100,031042	99,959838	71,902734	71,347231	71,668875	71,331859	100,025845	99,943143	29,572150	29,173884	29,141212	29,657489	33,960265	39,739487	38,419870	47,781190	47,462255	52,106214	45,802563	51,315212	35,453263	41,361678	17,363407	20,403828	21,044418	21,272673	23,125450	23,868093	21,833853	22,966939	18,811002	21,742028
336,00	100,031304	99,956381	71,866536	71,320504	71,687067	71,354043	99,975222	99,984199	29,663238	29,287097	29,223669	29,753426	34,167680	39,858046	38,545039	47,961971	47,562656	52,216965	45,911029	51,408380	35,625112	41,562322	17,485401	20,528311	21,169037	21,432093	23,225655	23,982687	21,957758	23,063706	18,915708	21,886607
337,00	99,920595	99,995875	71,805400	71,349692	71,622771	71,398169	99,960077	99,997216	29,752883	29,396540	29,314911	29,854083	34,312525	40,044421	38,705325	48,171246	47,624791	52,336699	45,999074	51,515943	35,759676	41,770428	17,589523	20,645623	21,284063	21,554871	23,317324	24,091372	22,065760	23,180383	19,027036	21,988298
338,00	99,954230	100,064051	71,806419	71,431208	71,638489	71,473849	99,927849	100,029325	29,837814	29,475152	29,359168	29,952064	34,476054	40,241200	38,860357	48,357564	47,736844	52,472687	46,113750	51,682377	35,884833	41,958103	17,713425	20,769019	21,399546	21,692161	23,438741	24,209686	22,196189	23,318695	19,142091	22,071989
339,00	99,899465	100,067210	71,837026	71,447420	71,620810	71,460032	99,952215	100,069308	29,923773	29,542306	29,450652	30,004862	34,601605	40,468943	39,019921	48,479548	47,848496	52,574545	46,270284	51,843089	36,030146	42,126033	17,831725	20,887540	21,533129	21,786791	23,569140	24,288663	22,305930	23,439421	19,267309	22,182779
340,00	99,965918	100,031245	71,830499	71,471870	71,656126	71,464640	99,997735	100,076389	30,023631	29,618117	29,532045	30,100557	34,773526	40,653837	39,171597	48,632517	47,989950	52,696234	46,403000	52,028280	36,206004	42,326370	17,963436	20,984390	21,689315	21,870653	23,714645	24,413408	22,425148	23,548856	19,389187	22,310385
341,00	99,889100	99,963343	71,800578	71,429169	71,604949	71,416342	100,043666	99,980873	30,121839	29,660773	29,644495	30,136058	34,892949	40,851876	39,322957	48,752379	48,101848	52,798539	46,520093	52,144980	36,397529	42,499694	18,076871	21,067205	21,820246	21,948837	23,846331	24,475023	22,548525	23,624563	19,512279	22,414781
342,00	99,970239	99,942505	71,778452	71,421331	71,620524	71,379209	100,050271	99,930543	30,199468	29,749879	29,744339	30,227998	35,077041	40,978107	39,503565	48,914325	48,268098	52,947402	46,640259	52,254605	36,576298	42,681122	18,194889	21,161844	21,961920	22,057684	23,953873	24,574041	22,671980	23,726064	19,629487	22,499399
343,00	99,986875	100,023794	71,793675	71,398193	71,634817	71,399516	100,031519	99,979609	30,251169	29,800603	29,792988	30,289838	35,243347	41,136852	39,665467	49,045101	48,414594	53,028780	46,767902	52,349359	36,702037	42,844239	18,292665	21,283141	22,080298	22,201593	24,052866	24,649796	22,777151	23,827600	19,739251	22,581469
344,00	100,044978	100,044012	71,770078	71,367669	71,628630	71,361750	100,024557	100,027227	30,317637	29,900151	29,859328	30,384654	35,436437	41,288269	39,882350	49,205443	48,602140	53,152162	46,885091	52,467573	36,901751	43,005231	18,403585	21,398011	22,242990	22,325186	24,170725	24,744919	22,895607	23,946191	19,851527	22,685038
345,00	100,102496	100,123501	71,778321	71,387845	71,631533	71,409363	100,023532	99,993080	30,382299	29,933044	29,910257	30,446374	35,584670	41,489476	40,101588	49,317110	48,717570	53,262937	47,012833	52,608836	37,067890	43,165669	18,514504	21,520463	22,383784	22,424789	24,288675	24,838562	23,025343	24,048319	19,958720	22,788689
346,00	100,119662	100,027311	71,780294	71,297693	71,569628	71,334177	100,007999	100,003362	30,454743	30,015382	29,998201	30,487487	35,759658	41,646612	40,331066	49,373066	48,889768	53,347796	47,122025	52,686578	37,278819	43,285686	18,626668	21,616785	22,532982	22,499350	24,417460	24,913332	23,151854	24,135190	20,078203	22,894058
347,00	100,020504	100,014257	71,730995	71,253151	71,506280	71,329492	100,029755	99,995887	30,515081	30,067578	30,039430	30,552527	35,910302	41,800705	40,496022	49,465221	48,986202	53,434038	47,198269	52,753359	37,368450	43,458936	18,734434	21,731985	22,667992	22,591238	24,531509	24,993445	23,285131	24,225374	20,202704	23,009880
348,00	99,931175	99,999881	71,703607	71,168554	71,409965	71,234924	100,043774	100,063634	30,581111	30,130780	30,099207	30,602318	36,073086	41,941890	40,652701	49,578562	49,146226	53,517622	47,292721	52,844739	37,518677	43,593383	18,857355	21,828011	22,815409	22,700663	24,654779	25,075912	23,397887	24,328478	20,322798	23,101859
349,00	99,903756	100,055110	71,619689	71,168494	71,349663	71,198219	100,059879	100,019336	30,649781	30,171004	30,172271	30,655465	36,205101	42,092487	40,790993	49,749494	49,262202	53,627825	47,415051	53,005815	37,662089	43,780640	18,983495	21,932770	22,965261	22,780401	24,758279	25,153008	23,514929	24,407004	20,435631	23,204733
350,00	99,967933	100,139034	71,600652	71,195441	71,367347	71,171957	100,010347	100,010860	30,697060	30,225652	30,242789	30,689847	36,388630	42,231792	40,963459	49,880686	49,396715	53,716415	47,585115	53,171015	37,853023	43,932971	19,078255	22,013053	23,102576	22,887258	24,848296	25,257683	23,608011	24,497706	20,547301	23,293051
351,00	99,995965	100,127757	71,576482	71,173316	71,376669	71,135062	99,979699	99,944884	30,739987	30,280128	30,280095	30,734673	36,545804	42,373639	41,188625	50,001276	49,488583	53,801864	47,713289	53,268421	38,023061	44,075739	19,165772	22,091813	23,227820	22,970124	24,933785	25,352693	23,716803	24,573174	20,660418	23,385940
352,00	99,968356	100,098240	71,520722	71,133476	71,303284	71,095437	99,940115	99,955481	30,786362	30,319756	30,320528	30,786338	36,677006	42,533478	41,356051	50,087816	49,562100	53,865117	47,775096	53,342986	38,113829	44,184294	19,247115	22,178495	23,352788	23,084658	25,035042	25,432083	23,810300	24,678655	20,767546	23,471719
353,00	99,972314	100,050914	71,483022	71,063405	71,243209	71,046835	99,944144	99,992639	30,831096	30,361664	30,352280	30,844629	36,776134	42,666841	41,537887	50,171655	49,649158	53,952265	47,841278	53,387636	38,242885	44,296703	19,342288	22,295782	23,475301	23,184091	25,138563	25,510919	23,900725	24,768229	20,860159	23,558493
354,00	99,961936	100,036860	71,451807	71,009374	71,175355	70,972002	99,969095	100,037146	30,873230	30,427042	30,406746	30,909413	36,887914	42,808300	41,659740	50,263578	49,743623	54,016370	47,896764	53,468150	38,352048	44,460705	19,424209	22,399107	23,579666	23,283350	25,239503	25,572392	23,975883	24,856354	20,952408	23,664647
355,00	99,965209	100,018084	71,431249	70,955694	71,174002	70,891654	99,983770	100,053000	30,934328	30,495518	30,459869	30,968919	37,037382	42,918232	41,815418	50,352037	49,848083	54,081696	47,987163	53,520125	38,499814	44,588038	19,508864	22,490831	23,670624	23,369165	25,332803	25,669068	24,065241	24,934128	21,040380	23,743144
356,00	99,910605	100,013804	71,401930	70,903146	71,122569	70,873880	100,014520	100,023389	30,989963	30,526748	30,496818	31,012490	37,151197	43,064091	41,933736	50,457859	49,943057	54,123503	48,044127	53,602338	38,604736	44,722936	19,598341	22,557808	23,758501	23,450492	25,421181	25,710893	24,146371	25,016326	21,127883	23,834643
357,00	99,938208	99,996829	71,344733	70,869654	71,097755	70,873624	100,005472	99,998993	31,052786	30,557778	30,534166	31,035408	37,259692	43,192166	42,026061	50,557375	50,024629	54,176742	48,130581	53,636891	38,723710	44,818661	19,677122	22,632760	23,862439	23,536505	25,511780	25,775626	24,238463	25,103843	21,206360	23,880216
358,00	99,943292	100,061834	71,342111	70,863366	71,067518	70,883584	100,007808	99,981803	31,086335	30,593336	30,577874	31,092966	37,375900	43,341827	42,119929	50,675356	50,080186	54,256213	48,211244	53,760314	38,814819	44,951373	19,749981	22,727503	23,959787	23,605321	25,575784	25,828621	24,317719	25,184929	21,289991	23,957588
359,00	99,990118	100,061655	71,308744	70,833951	71,035737	70,832282	100,023091	100,026631	31,141356	30,661726	30,656230	31,149444	37,518734	43,469799	42,226911	50,786853	50,129151	54,340041	48,275346	53,895825	38,914752	45,077342	19,823352	22,826006	24,064997	23,687202	25,645205	25,927341	24,394684	25,278708	21,365152	24,051757
360,00	99,985802	100,093269	71,277100	70,792598	70,992315	70,774603	100,024152	99,991518	31,184572	30,684751	30,733877	31,191960	37,634587	43,590912	42,351100	50,881559	50,209951	54,382861	48,294231	53,980875	38,991582	45,232028	19,903497	22,905672	24,152140	23,766144	25,722787	26,001382	24,472971	25,342730	21,435997	24,148895
361,00	99,982584	100,083411	71,181887	70,756799	70,920843	70,697629	100,029874	99,944192	31,227577	30,725086	30,790427	31,202307	37,729192	43,714032	42,444775	50,940341	50,225109	54,467058	48,326033	54,028243	39,127716	45,358449	19,986734	22,988319	24,230021	23,856680	25,803405	26,078531	24,551813	25,412482	21,516904	24,230748
362,00	99,995184	100,072598	71,106577	70,707762	70,876229	70,647806	99,999368	99,864316	31,253165	30,744210	30,826059	31,224504	37,819442	43,834057	42,522037	51,023823	50,291067	54,506105	48,328930	54,051828	39,224088	45,468646	20,056362	23,050928	24,295920	23,931389	25,860149	26,145905	24,617125	25,478968	21,587045	24,269247
363,00	99,934286	99,998534	71,044624	70,647836	70,775640	70,595247	99,980772	99,897009	31,290346	30,798307	30,839998	31,289130	37,893307	43,922207	42,580348	51,074296	50,300449	54,550576	48,366788	54,107726	39,309269	45,536777	20,121479	23,146567	24,355049	24,018839	25,899673	26,218933	24,665757	25,560907	21,659102	24,358658
364,00	99,882239	99,967867	71,015006	70,551413	70,723569	70,586693	99,989629	99,935174	31,315240	30,841944	30,867669	31,347519	37,969252	44,053468	42,639026	51,170123	50,343305	54,589081	48,380360	54,173106	39,373806	45,649028	20,179519	23,230989	24,421127	24,126714	25,936270	26,298016	24,705316	25,648317	21,732157	24,454635
365,00	99,814111	100,000370	70,976877	70,515680	70,635813	70,517248	99,989134	99,942851	31,377396	30,881155	30,920556	31,392741	38,019368	44,162953	42,701930	51,244313	50,369567	54,676205	48,396978	54,230404	39,464596	45,764965	20,243950	23,325461	24,488387	24,212328	25,999105	26,364982	24,774292	25,728568	21,806045	24,558164
366,00	99,864447	100,024676	70,940834	70,487070	70,605987	70,473886	100,015438	99,931371	31,423217	30,937582	30,979806	31,416941	38,142070	44,301498	42,771930	51,350164	50,433487	54,733932	48,425487	54,321581	39,577180	45,887241	20,319483	23,398569	24,558569	24,303941	26,059195	26,435044	24,838881	25,824323	21,877195	24,629633
367,00	99,884790	100,037348	70,894670	70,455301	70,532465	70,422536	100,006258	99,899727	31,481612	30,957627	31,040251	31,446198	38,263103	44,431171	42,849597	51,444548	50,495893	54,755229	48,448756	54,406524	39,667195	45,990276	20,394592	23,472978	24,629836	24,369082	26,132834	26,491344	24,910735	25,876147	21,937743	24,690893
368,00	99,924284	100,011313	70,868433	70,384401	70,514262	70,413119	99,991369	99,963492	31,518102	31,004646	31,077775	31,476262	38,390255	44,580096	42,928863	51,537627	50,550747	54,808086	48,504627	54,504371	39,761943	46,115407	20,464350	23,550577	24,687922	24,456528	26,175401	26,561365	24,957052	25,936761	21,997023	24,777991
369,00	99,928933	100,077784	70,822024	70,354307	70,422393	70,402497	99,987149	99,975473	31,567922	31,019127	31,114426	31,510994	38,486940	44,722751	43,003955	51,614970	50,557280	54,961008	48,522222	54,590535	39,799961	46,266392	20,529489	23,647766	24,760385	24,525869	26,228485	26,654872	25,013825	25,999105	22,069842	24,871916
370,00	99,958962	100,084782	70,776510	70,302969	70,435083	70,331502	100,030506	100,012171	31,630921	31,070167	31,160447	31,523699	38,572761	44,854903	43,082494	51,701623	50,562513	55,032980	48,528793	54,653549	39,874566	46,386334	20,611952	23,729783	24,843454	24,623495	26,282278	26,718909	25,075042	26,094455	22,142981	24,956994
371,00	99,939656	100,082541	70,724791	70,294327	70,373911	70,288938	100,071800	100,019503	31,673497	31,096658	31,207907	31,576779	38,646713	44,950238	43,132055	51,784945	50,545299	55,102891	48,514134	54,694617	39,945033	46,503726	20,695305	23,813315	24,912713	24,707039	26,356295	26,789606	25,160655	26,167887	22,231531	25,032577
372,00	99,960333	100,040662	70,681524	70,221472	70,390207	70,180738	100,078833	100,026417	31,715754	31,149980	31,241223	31,633690	38,751957	45,067883	43,217790	51,947492	50,607091	55,146021	48,588851	54,812986	40,086383	46,623555	20,771608	23,907915	24,977952	24,816282	26,419261	26,852280	25,217271	26,235345	22,312286	25,114813
373,00	100,023425	100,012362	70,664346	70,181030	70,343244	70,153016	100,040400	100,054908	31,742835	31,221366	31,255579	31,703302	38,856846	45,192641	43,329194	52,097058	50,679296	55,275214	48,667938	54,900599	40,217239	46,776447	20,842722	24,031134	25,044352	24,912971	26,476410	26,940283	25,269592	26,317137	22,385186	25,222465
374,00	100,068402	99,979615	70,609593	70,098215	70,312017	70,060831	100,036395	100,030398	31,787741	31,282747	31,267157	31,754148	38,989657	45,364690	43,444002	52,263212	50,740600	55,363113	48,741513	55,009401	40,332308	46,934545	20,914954	24,143769	25,134164	25,013852	26,520160	27,008006	25,303546	26,410449	22,456014	25,323004
375,00	100,052738	100,004506	70,567131	70,054591	70,268798	70,028418	100,063109	100,079072	31,844553	31,320703	31,314233	31,801194	39,100277	45,532703	43,563375	52,362436	50,751054	55,434465	48,758617	55,076921	40,427068	47,090349	21,003065	24,243782	25,228891	25,095901	26,574636	27,074510	25,371185	26,517531	22,543396	25,400466
376,00	100,029325	100,007868	70,509005	70,010859	70,237559	69,968194	100,064707	100,106263	31,886473	31,330106	31,353819	31,848577	39,221737	45,689881	43,651840	52,463168	50,788534	55,496562	48,783994	55,158436	40,511626	47,237790	21,079727	24,324249	25,300384	25,185272	26,615897	27,146554	25,432086	26,621863	22,630303	25,483468
377,00	100,072300	99,998748	70,503855	69,977057	70,212716	69,885123	100,054216	100,124395	31,931475	31,362626	31,396347	31,888193	39,347416	45,830441	43,751952	52,562314	50,848299	55,544329	48,849013	55,251080	40,635547	47,388905	21,165770	24,429847	25,376543	25,261909	26,678073	27,226281	25,505280	26,695195	22,716552	25,571594
378,00	100,044513	99,971473	70,442861	69,915551	70,149958	69,847810	100,035703	100,108397	31,952941	31,394106	31,442380	31,913528	39,445350	45,972413	43,801299	52,675313	50,846601	55,624545	48,858416	55,329114	40,730953	47,554982	21,253447	24,517637	25,438890	25,350457	26,727986	27,296096	25,570658	26,756492	22,782530	25,669158
379,00	100,036561	99,938834	70,407128	69,857275	70,107859	69,817787	100,083876	100,079811	32,003915	31,435007	31,498918	31,943917	39,561036	46,114522	43,886921	52,816004	50,897837	55,722034	48,890975	55,421740	40,854663	47,721356	21,352102	24,608499	25,517112	25,426522	26,801249	27,365914	25,649735	26,809916	22,858377	25,758582
380,00	99,993795	99,948633	70,324105	69,809622	70,064521	69,808769	100,081265	100,020015	32,038212	31,473786	31,541228	31,952432	39,661896	46,288097	43,967289	52,934873	50,917816	55,842322	48,904735	55,514151	40,931377	47,871876	21,438782	24,682817	25,591117	25,508538	26,854432	27,422988	25,710729	26,880240	22,920540	25,820801
381,00	100,020361	99,945855	70,317721	69,782531	70,039392	69,768310	100,031030	100,023282	32,071468	31,507033	31,571573	31,992927	39,802796	46,456975	44,080815	53,050345	51,015067	55,918372	48,955095	55,611646	41,050571	48,026806	21,503372	24,779709	25,662261	25,584054	26,899412	27,495587	25,763604	26,957551	22,985566	25,901517
382,00	100,015867	99,959648	70,271188	69,753164	69,982600	69,704854	99,981570	100,011706	32,099307	31,546211	31,587440	32,027990	39,911526	46,611157	44,164631	53,122967	51,032960	55,990082	48,993939	55,693197	41,157317	48,177472	21,575998	24,870010	25,737548	25,665128	26,937523	27,552396	25,817201	27,035239	23,049448	25,978792
383,00	100,014734	99,945718	70,254552	69,667643	69,919777	69,664896	99,998754	100,073755	32,154614	31,603128	31,629670	32,084933	40,029317	46,739686	44,284070	53,197008	51,098406	56,046724	49,074614	55,747026	41,295758	48,311523	21,665293	24,967840	25,814188	25,780785	27,000818	27,637342	25,884384	27,150896	23,133947	26,100686
384,00	99,992883	99,921715	70,177031	69,597632	69,864583	69,621789	100,059605	100,080776	32,211423	31,661874	31,681907	32,141423	40,128270	46,857589	44,368625	53,301603	51,100737	56,117839	49,142793	55,772400	41,407472	48,442230	21,772303	25,058538	25,913087	25,887382	27,083611	27,707314	25,969076	27,256119	23,220907	26,199856
385,00	100,005102	99,939209	70,132416	69,540578	69,837183	69,613105	100,074065	100,096130	32,258439	31,726357	31,733072	32,200757	40,244442	47,013184	44,477069	53,423721	51,136965	56,201547	49,227008	55,858445	41,533521	48,566148	21,864538	25,149512	25,989532	25,982964	27,145684	27,809596	26,036736	27,346551	23,303926	26,294884
386,00	100,011504	99,981630	70,077330	69,530034	69,807059	69,596255	100,068820	100,026727	32,288295	31,731418	31,778011	32,230100	40,366593	47,183117	44,562733	53,565431	51,158434	56,286275	49,271587	55,958521	41,666469	48,723942	21,946564	25,229615	26,079378	26,039544	27,206650	27,867061	26,103488	27,402139	23,384878	26,351532
387,00	100,000501	99,981344	70,032477	69,514930	69,754386	69,575906	100,039053	99,998331	32,327199	31,766611	31,814891	32,253706	40,474850	47,361651	44,649565	53,670979	51,214254	56,356341	49,321014	56,075013	41,781306	48,893192	22,029625	25,312766	26,150256	26,115313	27,254382	27,940148	26,166859	27,464256	23,465627	26,431432
388,00	99,924248	99,993223	69,966507	69,501001	69,677275	69,521749	100,055969	99,995333	32,369840	31,796584	31,871283	32,284772	40,575105	47,505444	44,738376	53,765535	51,239383	56,411916	49,353778	56,154734	41,883799	49,038005	22,113653	25,404477	26,237810	26,204202	27,333277	27,989855	26,240966	27,551010	23,554248	26,518014
389,00	99,860746	99,978113	69,904810	69,501090	69,610250	69,465613	100,051415	100,007260	32,417333	31,862542	31,912234	32,342055	40,658525	47,624710	44,812411	53,858125	51,246089	56,476599	49,415743	56,240356	41,964477	49,172732	22,195229	25,500634	26,304194	26,310313	27,386943	28,072912	26,298869	27,638066	23,634325	26,606888
390,00	99,901271	99,993891	69,862437	69,428426	69,605833	69,397867	100,057197	100,014460	32,468536	31,899881	31,928492	32,390645	40,777123	47,748965	44,927734	53,958535	51,290119	56,548309	49,486667	56,315202	42,094991	49,281108	22,267929	25,596821	26,358429	26,389274	27,446860	28,140661	26,364103	27,718702	23,717463	26,688769
391,00	99,962074	99,975288	69,862592	69,403219	69,609827	69,366777	100,041807	100,003970	32,514492	31,935731	31,959355	32,428509	40,891761	47,867218	45,033315	54,077035	51,363158	56,633109	49,560046	56,386721	42,199445	49,414554	22,346415	25,680670	26,415455	26,459193	27,495134	28,210977	26,428521	27,780905	23,794639	26,772180
392,00	100,022924	100,009179	69,839746	69,368327	69,592714	69,354057	100,030792	100,034964	32,555822	31,978244	31,988418	32,448730	40,988618	48,037472	45,126033	54,159516	51,420772	56,723326	49,630356	56,466329	42,324477	49,561751	22,427663	25,762492	26,479247	26,530823	27,551934	28,281167	26,513344	27,859476	23,867339	26,847941
393,00	99,998659	100,025320	69,829291	69,376093	69,534981	69,327283	100,022972	99,982816	32,585719	32,017404	32,041606	32,481143	41,093379	48,172987	45,211732	54,222262	51,447886	56,798899	49,679944	56,557620	42,436141	49,683869	22,506577	25,834891	26,555994	26,624802	27,611873	28,345984	26,577729	27,920207	23,935318	26,924118
394,00	99,979430	100,040340	69,784296	69,323462	69,452852	69,276154	100,016069	99,938500	32,624134	32,043293	32,078168	32,524788	41,178486	48,307648	45,272750	54,275483	51,466191	56,852990	49,729702	56,605053	42,524475	49,807739	22,583261	25,919276	26,620340	26,706934	27,669898	28,407845	26,643050	28,003013	24,007840	26,996809
395,00	99,971128	100,053096	69,756246	69,260097	69,427407	69,250101	100,021517	99,932718	32,666856	32,074764	32,127798	32,581374	41,288817	48,414525	45,359004	54,372895	51,503193	56,905442	49,766704	56,647205	42,614731	49,908906	22,654493	26,003349	26,683599	26,788136	27,730751	28,477415	26,702216	28,069228	24,079992	27,085239
396,00	99,957335	100,044215	69,692087	69,193453	69,396228	69,219643	100,023794	99,981046	32,709423	32,122099	32,170108	32,608068	41,380388	48,530734	45,411101	54,482973	51,543719	56,946748	49,806732	56,694895	42,683181	50,018191	22,728461	26,096624	26,744482	26,851794	27,783281	28,541610	26,770541	28,151003	24,147896	27,167693
397,00	100,005269	100,036132	69,671321	69,149119	69,378150	69,162893	100,013471	100,011683	32,749996	32,175827	32,212079	32,644787	41,473946	48,645937	45,462477	54,578167	51,564455	57,016069	49,848852	56,779218	42,791325	50,111586	22,803682	26,171753	26,811591	26,934230	27,833736	28,608215	26,827186	28,233594	24,211869	27,250013
398,00	99,983972	100,004578	69,639772	69,099337	69,340551	69,104350	100,037849	100,001884	32,801929	32,215688	32,237682	32,671842	41,551900	48,737240	45,518765	54,665506	51,594090	57,044047	49,883586	56,839889	42,882401	50,225300	22,875951	26,251474	26,876521	27,010095	27,890503	28,662246	26,873365	28,304061	24,288087	27,332389
399,00	100,001585	99,998546	69,611502	69,076246	69,310278	69,065797	100,032568	99,964476	32,838887	32,243955	32,264245	32,704636	41,607907	48,833454	45,567858	54,727578	51,604402	57,118708	49,932158	56,895304	42,973053	50,325012	22,947966	26,321694	26,930955	27,090463	27,932096	28,717268	26,912630	28,379190	24,354853	27,391055
400,00	100,006068	99,993569	69,579184	69,023889	69,279325	69,041985	100,064373	99,981421	32,879603	32,276431	32,286870	32,719371	41,682354	48,925996	45,630783	54,813784	51,641554	57,152426	49,957708	56,939405	43,050095	50,423342	23,013052	26,401338	26,981246	27,168155	27,978677	28,789455	26,962882	28,421393	24,418388	27,453038
401,00	100,076437	100,014126	69,564253	68,993646	69,263768	69,000596	100,057793	99,984378	32,901886	32,312524	32,342228	32,759345	41,760784	49,046111	45,672256	54,872632	51,680315	57,218897	49,969500	57,011640	43,120331	50,527757	23,080915	26,480117	27,022448	27,251366	28,008983	28,856337	27,018461	28,481805	24,470550	27,510515
402,00	100,097966	99,997032	69,543558	68,946373	69,220948	68,979174	100,062680	100,001097	32,943195	32,335582	32,386580	32,794479	41,830036	49,147251	45,722622	54,951274	51,689029	57,269210	49,966115	57,069850	43,173146	50,650203	23,137574	26,552963	27,068421	27,327973	28,051543	28,925368	27,066758	28,524274	24,528976	27,593592
403,00	100,078273	99,990845	69,499505	68,901724	69,168878	68,912089	100,052226	99,930537	32,975036	32,357970	32,432520	32,835892	41,856349	49,259204	45,747134	55,010664	51,668292	57,310331	49,963227	57,124919	43,213451	50,771016	23,189311	26,628059	27,111945	27,397314	28,087121	28,965789	27,106091	28,590614	24,576491	27,665365
404,00	100,038874	99,983764	69,418931	68,879080	69,070864	68,857241	100,020480	99,928671	33,001995	32,382306	32,453901	32,868612	41,882497	49,362895	45,770368	55,078870	51,630920	57,346958	49,946445	57,162136	43,248180	50,841421	23,234634	26,698950	27,151084	27,454531	28,120202	29,021001	27,137038	28,657562	24,617760	27,739045
405,00	100,055981	100,003088	69,416589	68,854833	69,035226	68,792886	100,033176	99,895787	33,036664	32,424220	32,485902	32,894450	41,921878	49,453506	45,793682	55,159932	51,628995	57,396328	49,952698	57,220191	43,290529	50,930101	23,282064	26,758635	27,201521	27,519441	28,153071	29,071450	27,175710	28,720284	24,668927	27,801251
406,00	100,045407	100,038874	69,364005	68,849373	69,003272	68,789983	100,043762	99,928719	33,075851	32,455394	32,524884	32,913995	41,968751	49,545857	45,818421	55,221206	51,627117	57,452273	49,945149	57,269430	43,322277	50,993341	23,325159	26,820174	27,239645	27,590066	28,184384	29,140046	27,219522	28,790078	24,714747	27,863562
407,00	100,030184	100,007689	69,339347	68,806154	68,996221	68,741298	100,053382	99,927706	33,118713	32,496402	32,561097	32,953525	42,007858	49,633372	45,849502	55,297577	51,628923	57,515472	49,945423	57,318312	43,358171	51,093668	23,375449	26,888511	27,274758	27,671480	28,212252	29,191345	27,262235	28,856245	24,767901	27,934179
408,00	100,014007	99,997538	69,254768	68,742996	68,971491	68,705231	100,043476	99,956483	33,138013	32,532874	32,596928	33,004162	42,030701	49,733379	45,881867	55,344880	51,624179	57,551730	49,918392	57,384670	43,398204	51,155454	23,417868	26,969528	27,304161	27,745888	28,242731	29,251838	27,291641	28,940544	24,808733	28,002143
409,00	100,028157	99,980468	69,206214	68,679178	68,944985	68,656296	100,007904	99,992025	33,161518	32,577458	32,614806	33,052236	42,051563	49,820301	45,905781	55,425173	51,616514	57,590503	49,925125	57,448584	43,440053	51,253110	23,462188	27,057245	27,337581	27,820790	28,265846	29,317987	27,309087	29,010388	24,852373	28,082514
410,00	100,064206	100,021458	69,153142	68,636835	68,885320	68,655038	100,010884	99,993306	33,188817	32,604152	32,650608	33,078468	42,084357	49,916324	45,915166	55,492926	51,597428	57,607156	49,926442	57,518721	43,481183	51,335186	23,497763	27,125967	27,378786	27,886650	28,297156	29,383355	27,339083	29,081792	24,899262	28,150192
411,00	100,069737	100,066996	69,111747	68,624395	68,827051	68,603724	99,985814	99,999148	33,229893	32,635850	32,687190	33,113384	42,122054	50,015539	45,929295	55,583358	51,581079	57,670778	49,932480	57,562387	43,511108	51,432192	23,546082	27,211815	27,419105	27,958617	28,326160	29,453218	27,381179	29,145834	24,941565	28,214702
412,00	100,062561	100,082028	69,108993	68,613702	68,769830	68,562335	100,007999	99,967164	33,265758	32,665631	32,737294	33,142093	42,167178	50,116163	45,947850	55,655944	51,573831	57,731646	49,935243	57,617372	43,556476	51,528800	23,599197	27,260554	27,466089	28,018478	28,369731	29,499137	27,439535	29,199663	24,993612	28,267893
413,00	100,022638	100,071681	69,076681	68,558282	68,734092	68,502164	100,015497	99,968958	33,301950	32,699698	32,767865	33,161640	42,190740	50,202638	45,970654	55,710596	51,557940	57,803482	49,931118	57,646590	43,602115	51,629871	23,655729	27,336341	27,515399	28,085133	28,407958	29,549858	27,480838	29,252604	25,038621	28,335750
414,00	100,010717	100,039554	69,036871	68,509543	68,698722	68,466073	100,034487	99,969703	33,333549	32,732883	32,791489	33,174789	42,247212	50,304687	46,006915	55,748630	51,550889	57,826608	49,942902	57,693684	43,661198	51,739317	23,712558	27,389339	27,556145	28,155312	28,449813	29,593042	27,513352	29,316187	25,090608	28,409049
415,00	99,998319	100,042939	68,948913	68,449408	68,656319	68,437940	100,059724	99,941313	33,362910	32,746300	32,816851	33,190814	42,315459	50,399381	46,042126	55,800945	51,559937	57,867163	49,940309	57,744873	43,714488	51,828879	23,765266	27,455366	27,599403	28,213277	28,488016	29,644755	27,546567	29,378158	25,147501	28,471187
416,00	99,999243	100,060701	68,904907	68,416655	68,609095	68,382257	100,066447	99,943030	33,386716	32,763886	32,863110	33,223751	42,383039	50,510663	46,094665	55,870086	51,588929	57,912129	49,951717	57,809329	43,761912	51,926446	23,814353	27,512443	27,642846	28,274506	28,538728	29,704729	27,584237	29,444781	25,203574	28,533033
417,00	99,979186	100,089109	68,855840	68,371767	68,541801	68,355346	100,081480	99,969786	33,417693	32,790333	32,914793	33,254397	42,425525	50,597185	46,115190	55,956388	51,594567	57,988226	49,955383	57,871652	43,818405	52,020204	23,864296	27,595282	27,693498	28,332794	28,584152	29,768255	27,624193	29,504097	25,260982	28,597391
418,00	99,925685	100,087690	68,804985	68,324411	68,478739	68,293005	100,050962	100,028098	33,443984	32,815483	32,945538	33,301499	42,462149	50,704986	46,145177	56,044054	51,574630	58,025545	49,953035	57,939738	43,862385	52,130938	23,907082	27,687949	27,737933	28,422147	28,629586	29,838279	27,661481	29,573548	25,305915	28,664961
419,00	99,910182	100,067759	68,750656	68,271327	68,434507	68,243754	100,027049	100,029325	33,474702	32,851356	32,973525	33,338782	42,514312	50,800216	46,176451	56,131518	51,584065	58,071351	49,963573	58,008081	43,929708	52,224195	23,958696	27,768332	27,782929	28,506672	28,663567	29,899719	27,701098	29,648530	25,357157	28,724480
420,00	99,924529	100,027752	68,741614	68,234718	68,404412	68,194330	100,011635	99,986356	33,500463	32,871372	32,995036	33,384830	42,583722	50,920147	46,246928	56,199938	51,603669	58,101702	49,994418	58,051789	43,999615	52,322072	24,009542	27,846655	27,828130	28,589445	28,701660	29,960108	27,744141	29,717126	25,403503	28,789267
421,00	99,970007	100,014532	68,715537	68,179208	68,378848	68,157554	100,027514	99,953246	33,531967	32,908157	33,019397	33,406985	42,667496	51,021439	46,325633	56,248981	51,643854	58,165926	50,042540	58,105135	44,088668	52,424777	24,072540	27,920100	27,874246	28,659067	28,742009	30,011481	27,788705	29,782364	25,463563	28,857008
422,00	99,976653	100,021982	68,698174	68,157983	68,341058	68,137610	100,038123	99,967593	33,562943	32,934734	33,043644	33,430248	42,755941	51,151091	46,402088	56,304705	51,657236	58,213222	50,087631	58,157146	44,167724	52,536744	24,127655	28,004166	27,925673	28,731135	28,789756	30,068612	27,843404	29,844260	25,527361	28,926629
423,00	99,938929	100,046694	68,618768	68,123466	68,280709	68,108696	100,047576	99,980825	33,596280	32,963374	33,072281	33,449176	42,815521	51,276141	46,450835	56,383657	51,677817	58,273959	50,107592	58,230418	44,214359	52,659965	24,181971	28,059387	27,981779	28,793624	28,837052	30,130631	27,902144	29,906484	25,601822	28,986871
424,00	99,911356	100,026333	68,563604	68,107009	68,231606	68,093020	100,059390	100,006437	33,634052	32,997692	33,109853	33,481288	42,870221	51,397574	46,492630	56,471211	51,693070	58,342403	50,132978	58,295166	44,272232	52,772582	24,243265	28,127143	28,046685	28,858113	28,881955	30,194646	27,957168	29,964599	25,672552	29,059583
425,00	99,928254	100,010371	68,505061	68,066353	68,191713	68,062109	100,058043	100,022709	33,670455	33,053005	33,134791	33,533040	42,941177	51,506692	46,538737	56,563705	51,716983	58,413905	50,153577	58,370167	44,324493	52,878648	24,304983	28,193742	28,099594	28,930321	28,924850	30,271849	28,003377	30,030343	25,737670	29,134217
426,00	99,959695	99,976504	68,473762	68,007207	68,154454	67,992395	100,065219	100,026309	33,700067	33,077502	33,156437	33,568886	43,016607	51,597708	46,598649	56,651562	51,746887	58,433324	50,171983	58,407640	44,414750	52,969509	24,370264	28,270540	28,148451	28,995347	28,963137	30,324331	28,051841	30,094707	25,795493	29,207540
427,00	99,983770	99,964803	68,459344	67,944926	68,127298	67,931670	100,064981	100,033391	33,716893	33,116955	33,185786	33,608121	43,105558	51,698452	46,663311	56,718534	51,791888	58,450776	50,197339	58,448690	44,481480	53,046000	24,433145	28,351977	28,192708	29,071280	28,999364	30,391493	28,102514	30,168739	25,848854	29,279345
428,00	99,990183	99,954748	68,437678	67,892945	68,096429	67,883629	100,084102	100,013685	33,745265	33,123899	33,218229	33,611041	43,167144	51,792723	46,715093	56,785709	51,813537	58,495164	50,224811	58,503246	44,553176	53,152865	24,494791	28,426883	28,240240	29,138860	29,039657	30,433333	28,151438	30,238399	25,900161	29,345977
429,00	100,013483	99,969941	68,425101	67,856932	68,079793	67,877012	100,100958	100,016642	33,774006	33,173189	33,254826	33,635929	43,238300	51,914853	46,763164	56,850290	51,836002	58,574206	50,253278	58,575761	44,616821	53,273112	24,548216	28,504053	28,292850	29,220214	29,083374	30,496582	28,199464	30,308270	25,949708	29,425225
430,00	100,031435	100,028646	68,386114	67,834878	68,040431	67,837900	100,104856	100,017118	33,815932	33,196917	33,285823	33,667088	43,294284	52,053249	46,801457	56,937307	51,829696	58,660722	50,265902	58,659762	44,689953	53,416288	24,593353	28,581017	28,339204	29,285705	29,122543	30,546656	28,241572	30,379584	25,998589	29,490775
431,00	100,021851	100,039303	68,342447	67,801332	67,984653	67,791647	100,120509	100,012600	33,848506	33,214885	33,325765	33,711910	43,337527	52,175218	46,822053	57,023275	51,825887	58,720547	50,266099	58,713114	44,739819	53,532332	24,642235	28,659579	28,388175	29,351264	29,162621	30,605614	28,283492	30,439270	26,056588	29,565290
432,00	100,023460	100,056505	68,285471	67,780524	67,946267	67,741185	100,119174	100,022137	33,886355	33,241948	33,354747	33,745071	43,382171	52,297515	46,858081	57,083547	51,839358	58,791125	50,274104	58,784604	44,800508	53,659743	24,694158	28,742930	28,426945	29,429755	29,196686	30,667228	28,318298	30,504623	26,117292	29,623130
433,00	100,026894	100,031102	68,258017	67,739052	67,901987	67,701823	100,092471	100,001538	33,912578	33,261597	33,386868	33,771497	43,449861	52,408588	46,895993	57,162273	51,854211	58,828843	50,291353	58,850199	44,869813	53,760266	24,739550	28,812805	28,463784	29,509771	29,228860	30,733120	28,354543	30,567804	26,171005	29,688048
434,00	100,062716	100,018740	68,224692	67,698449	67,894286	67,648268	100,049198	99,999076	33,927551	33,304963	33,402309	33,803532	43,526912	52,510482	46,955228	57,229435	51,881415	58,881509	50,314254	58,916897	44,958445	53,858823	24,783920	28,886518	28,496480	29,589158	29,254746	30,793539	28,386909	30,625406	26,221856	29,762781
435,00	100,048900	99,998194	68,178076	67,658126	67,845553	67,585325	100,022054	99,996340	33,940420	33,342221	33,427793	33,838901	43,609127	52,605021	47,004196	57,316107	51,882279	58,947223	50,332713	58,977979	45,029134	53,948122	24,830790	28,972223	28,536263	29,654267	29,294670	30,851236	28,420696	30,699408	26,270768	29,842651
436,00	100,059783	99,996924	68,129641	67,641670	67,816621	67,557287	100,002658	99,988484	33,966973	33,376175	33,448732	33,867383	43,667817	52,718717	47,063732	57,409817	51,919645	59,011763	50,360048	59,038740	45,089787	54,053634	24,886842	29,046461	28,581116	29,727700	29,339153	30,904740	28,459996	30,758584	26,337770	29,917902
437,00	100,045276	99,966949	68,070793	67,614192	67,766571	67,550385	100,021076	100,004971	34,013867	33,413193	33,489773	33,902156	43,744031	52,835512	47,132564	57,495219	51,956648	59,055686	50,404400	59,093523	45,159832	54,157889	24,948630	29,124564	28,635788	29,808867	29,404038	30,971467	28,519142	30,842215	26,408961	29,981270
438,00	100,051022	99,958861	68,030769	67,578512	67,734039	67,528635	100,022626	100,004911	34,062526	33,438045	33,522800	33,938068	43,823734	52,967143	47,209063	57,572192	52,002561	59,092641	50,456238	59,150052	45,249066	54,258519	25,019568	29,192519	28,695995	29,881671	29,461238	31,026980	28,591344	30,899563	26,481837	30,048808
439,00	100,057495	99,967551	68,001825	67,529714	67,707270	67,490083	100,038373	99,991792	34,098858	33,467677	33,561626	33,959225	43,946284	53,069162	47,299129	57,631022	52,067190	59,152871	50,525135	59,183580	45,362246	54,367405	25,091684	29,271474	28,757507	29,944590	29,519254	31,084740	28,658739	30,965850	26,554155	30,109558
440,00	100,058353	100,016963	67,981100	67,491114	67,674619	67,453176	100,023615	99,978983	34,126681	33,490354	33,582249	33,969998	44,080952	53,192931	47,384679	57,699198	52,146566	59,212351	50,618577	59,243876	45,487991	54,490662	25,170326	29,342046	28,816900	30,009151	29,574153	31,137770	28,722548	31,020600	26,624867	30,167672
441,00	100,077808	100,025105	67,937958	67,448634	67,626625	67,431396	100,004244	99,984384	34,154770	33,516568	33,620375	33,995029	44,220722	53,295302	47,483549	57,764584	52,237797	59,257704	50,707912	59,276080	45,596847	54,599595	25,248298	29,404348	28,880551	30,086493	29,640546	31,195414	28,792581	31,089225	26,701820	30,230668
442,00	100,064969	100,046873	67,873162	67,434746	67,558044	67,409515	100,012457	99,988139	34,189677	33,556613	33,655304	34,036800	44,342467	53,397256	47,586501	57,831007	52,302897	59,314299	50,789034	59,342945	45,700654	54,696423	25,336057	29,471603	28,955129	30,170861	29,713145	31,256774	28,877202	31,154451	26,781821	30,300224
443,00	100,058162	100,046313	67,824036	67,402124	67,519158	67,360419	100,027120	99,962747	34,222180	33,590022	33,701473	34,068668	44,476321	53,477764	47,725436	57,897943	52,370530	59,376496	50,876355	59,393358	45,842406	54,770201	25,420797	29,542089	29,040113	30,229846	29,786962	31,309754	28,962004	31,216314	26,866281	30,363306
444,00	100,016177	100,039911	67,779803	67,364204	67,488122	67,311496	100,058353	99,977332	34,249198	33,630717	33,738461	34,102553	44,623387	53,547168	47,852558	57,982266	52,464813	59,433979	50,985247	59,460145	45,991120	54,864907	25,505149	29,620582	29,125875	30,296820	29,862899	31,366411	29,047549	31,275636	26,963410	30,429381
445,00	99,997443	100,005710	67,748511	67,295462	67,451853	67,254430	100,051033	99,978757	34,276783	33,661267	33,778200	34,132221	44,756165	53,632331	47,981921	58,035523	52,562016	59,459788	51,103896	59,492481	46,163768	54,951382	25,587928	29,695937	29,207245	30,364093	29,939479	31,416291	29,126588	31,329176	27,056718	30,494469
446,00	99,963498	99,985832	67,698789	67,250466	67,400718	67,209905	100,041354	99,983710	34,296998	33,690837	33,796260	34,171060	44,876984	53,715914	48,085666	58,093518	52,670825	59,489363	51,202190	59,525824	46,296254	55,060679	25,669199	29,775572	29,283410	30,436188	30,008730	31,473216	29,213318	31,398278	27,149618	30,555299
447,00	99,952245	100,013804	67,653447	67,221826	67,335963	67,200845	100,030279	99,987102	34,316844	33,722827	33,821201	34,198636	45,010602	53,835082	48,199463	58,160889	52,757186	59,543031	51,294392	59,589458	46,435070	55,144697	25,747058	29,850531	29,358459	30,512705	30,070689	31,540909	29,294693	31,457508	27,230790	30,615914
448,00	99,927223	100,017035	67,604029	67,185903	67,297179	67,151254	100,029111	100,016201	34,340832	33,749884	33,836034	34,224397	45,158905	53,941274	48,326877	58,239764	52,844638	59,594768	51,408279	59,656572	46,569794	55,228335	25,823939	29,923737	29,433620	30,571711	30,137330	31,601527	29,379785	31,528413	27,320987	30,678838
449,00	99,926549	100,028181	67,588449	67,130911	67,233908	67,112178	100,032020	100,041020	34,373081	33,782089	33,860505	34,253314	45,308715	54,026592	48,456359	58,290023	52,931142	59,647721	51,510435	59,710968	46,710169	55,307329	25,902152	29,983014	29,506278	30,638015	30,210313	31,652161	29,456100	31,589013	27,402678	30,741608
450,00	99,912316	100,006449	67,570657	67,076784	67,210585	67,039430	100,036228	100,003779	34,408188	33,793882	33,882520	34,267199	45,426530	54,096812	48,586273	58,325839	53,025222	59,684312	51,623720	59,738410	46,853238	55,367750	25,979608	30,031097	29,574746	30,694559	30,281103	31,690878	29,524949	31,648934	27,481180	30,786219
451,00	99,914008	100,010121	67,533320	67,042243	67,181939	67,037195	100,048792	99,991971	34,435549	33,820021	33,913785	34,285733	45,547074	54,167235	48,693588	58,382863	53,109300	59,745359	51,694554	59,786654	46,966785	55,462223	26,054114	30,086508	29,640618	30,764017	30,346075	31,732875	29,591572	31,704497	27,554810	30,838478
452,00	99,925071	100,013363	67,478341	67,023253	67,169166	67,016482	100,052333	99,981964	34,464413	33,839276	33,954167	34,306529	45,665237	54,245448	48,799312	58,447754	53,198278	59,790772	51,808554	59,837878	47,076663	55,526704	26,130167	30,149293	29,702565	30,836004	30,412364	31,782991	29,659131	31,751731	27,631384	30,894408
453,00	99,938232	100,021827	67,441261	66,982645	67,129874	66,983366	100,038004	99,980199	34,491405	33,872578	33,976895	34,339511	45,782644	54,325640	48,882672	58,509660	53,273010	59,826809	51,909655	59,886926	47,184718	55,600369	26,205656	30,221671	29,769486	30,885443	30,475867	31,834060	29,732013	31,809998	27,711770	30,955440
454,00	99,954253	100,030398	67,422515	66,954827	67,078185	66,937315	100,023568	99,994141	34,524074	33,896545	34,004542	34,370595	45,893657	54,405504	48,971573	58,557725	53,353578	59,849298	52,006173	59,916043	47,291458	55,660033	26,283994	30,285546	29,836741	30,928811	30,546749	31,900167	29,800904	31,864926	27,786052	31,015182
455,00	99,963778	100,025177	67,408228	66,921419	67,042375	66,886985	100,017238	100,017071	34,555453	33,928385	34,026322	34,399688	45,985472	54,494965	49,046066	58,610356	53,400266	59,893811	52,078855	59,965914	47,403216	55,729371	26,356986	30,348837	29,902047	30,986479	30,608878	31,961128	29,874009	31,932762	27,858835	31,072465
456,00	99,991971	100,012362	67,387277	66,874230	67,016274	66,842043	100,038552	100,038457	34,602997	33,947849	34,061095	34,416142	46,098423	54,560488	49,131301	58,645231	53,459233	59,920210	52,145356	59,987080	47,500506	55,788088	26,432332	30,402106	29,961783	31,058142	30,677545	32,013240	29,949516	31,975180	27,930430	31,123969
457,00	99,982971	99,989748	67,354667	66,819549	66,996795	66,779155	100,043452	100,028908	34,639588	33,986890	34,092849	34,450653	46,175763	54,616773	49,202159	58,691210	53,496939	59,941882	52,210194	60,008848	47,588453	55,834699	26,499972	30,458039	30,016008	31,131303	30,738693	32,056370	30,013812	32,034528	27,997130	31,174254
458,00	99,982625	100,003672	67,329162	66,779870	66,955221	66,733927	100,064039	100,022137	34,682474	34,021291	34,126401	34,479302	46,255723	54,693800	49,266818	58,726323	53,569627	59,960353	52,260381	60,037428	47,661999	55,890459	26,568171	30,523393	30,079886	31,199256	30,798158	32,109702	30,076972	32,083476	28,063500	31,228957
459,00	99,957490	100,006104	67,291075	66,761625	66,910625	66,697240	100,043309	99,997008	34,709576	34,059155	34,166828	34,525296	46,317977	54,766458	49,341884	58,761770	53,637224	60,005766	52,297771	60,085964	47,748265	55,966592	26,627892	30,584851	30,129066	31,261957	30,855867	32,169342	30,132231	32,154724	28,126496	31,289315
460,00	99,983805	100,030649	67,269439	66,728920	66,881102	66,666341	100,042415	99,993736	34,746948	34,089062	34,204760	34,550187	46,405137	54,834509	49,428695	58,790028	53,722668	60,053116	52,349818	60,129958	47,836089	56,032395	26,691118	30,652556	30,194199	31,328374	30,913657	32,222798	30,199450	32,224095	28,199327	31,346291
461,00	100,003314	100,049806	67,239189	66,684705	66,858536	66,660422	100,014448	99,972832	34,764728	34,116185	34,232265	34,575984	46,494740	54,888308	49,510694	58,845609	53,781801	60,090452	52,385998	60,155094	47,924531	56,095415	26,746261	30,705985	30,240554	31,366658	30,971915	32,257751	30,254823	32,275143	28,262770	31,395453
462,00	100,040185	100,047719	67,220652	66,642523	66,842824	66,626441	100,019634	99,964148	34,792918	34,147418	34,259084	34,598505	46,572497	54,930383	49,589619	58,896899	53,842181	60,112864	52,442545	60,169786	47,991970	56,135243	26,809758	30,770528	30,313981	31,425929	31,027293	32,310557	30,304626	32,323781	28,330928	31,457436
463,00	100,027871	100,040352	67,185873	66,602838	66,808891	66,596532	100,033140	99,959618	34,817615	34,176728	34,280488	34,625652	46,650940	54,990542	49,656677	58,939564	53,891432	60,140824	52,482390	60,191733	48,062915	56,177205	26,861420	30,823058	30,369928	31,475198	31,080139	32,361710	30,358493	32,362854	28,385353	31,508183
464,00	100,012410	100,029576	67,152768	66,578346	66,783386	66,546386	100,033045	99,979365	34,843129	34,209287	34,311694	34,656870	46,737301	55,050665	49,738708	58,975238	53,946257	60,158986	52,535427	60,220248	48,125121	56,214648	26,916665	30,890036	30,422440	31,539816	31,133449	32,434827	30,409652	32,405701	28,443536	31,564745
465,00	100,001001	100,034177	67,102271	66,550636	66,738945	66,536337	100,028706	100,005555	34,859085	34,235352	34,330478	34,693891	46,811998	55,121958	49,793559	59,004819	53,986645	60,178870	52,587205	60,242903	48,202211	56,256193	26,968658	30,936208	30,465019	31,596684	31,182536	32,480299	30,468073	32,455385	28,499877	31,612548
466,00	100,027490	100,024259	67,062479	66,527808	66,696841	66,520166	99,998254	100,015950	34,874439	34,254223	34,354022	34,726298	46,887615	55,174410	49,859756	59,056550	54,045427	60,203344	52,652973	60,270536	48,270467	56,295574	27,036774	30,995741	30,520490	31,661391	31,237328	32,529774	30,519664	32,507646	28,563714	31,664199
467,00	100,062859	100,005591	67,031074	66,503960	66,660684	66,491747	99,993050	99,999583	34,898150	34,273633	34,371677	34,758762	46,966732	55,223542	49,947071	59,104216	54,108155	60,235655	52,733260	60,290790	48,362422	56,346285	27,106461	31,051150	30,589557	31,726304	31,289968	32,574189	30,581796	32,569820	28,623682	31,726876
468,00	100,063133	100,016820	66,994613	66,465658	66,645777	66,455436	100,014806	99,982280	34,932727	34,296143	34,408826	34,774095	47,056442	55,268401	50,043231	59,144801	54,168612	60,267133	52,795929	60,322863	48,439488	56,398112	27,184668	31,115705	30,657631	31,786335	31,354570	32,614696	30,650559	32,615149	28,689462	31,778687
469,00	100,078440	100,018525	66,971105	66,431314	66,630232	66,407341	100,046027	99,952644	34,967923	34,319073	34,443736	34,803212	47,155589	55,321217	50,132793	59,166181	54,230535	60,285461	52,874804	60,336840	48,538890	56,460506	27,254823	31,162682	30,723548	31,833017	31,418577	32,654819	30,721682	32,654202	28,759813	31,832230
470,00	100,098324	100,017595	66,953605	66,388887	66,606039	66,375834	100,056064	99,959254	35,002971	34,341618	34,477398	34,826869	47,260436	55,350447	50,214243	59,175801	54,321367	60,288835	52,932072	60,350859	48,634288	56,482607	27,323762	31,217194	30,789834	31,878754	31,479970	32,688001	30,791560	32,708696	28,839087	31,868923
471,00	100,127888	100,029016	66,940033	66,368735	66,578555	66,333890	100,027287	99,969816	35,029987	34,374219	34,507886	34,857625	47,361600	55,390000	50,281668	59,213543	54,396009	60,297990	53,005952	60,379332	48,726547	56,519735	27,383444	31,280890	30,847737	31,920776	31,546563	32,744434	30,861053	32,764858	28,908056	31,923422
472,00	100,098300	100,013125	66,878784	66,334975	66,543370	66,311210	100,026667	100,019789	35,072163	34,413975	34,540367	34,880736	47,441208	55,423236	50,364071	59,231281	54,456300	60,314077	53,052247	60,397571	48,810413	56,541216	27,457300	31,351373	30,909050	31,973106	31,612653	32,790646	30,933684	32,823712	28,985575	31,976765
473,00	100,051510	100,009310	66,817415	66,291314	66,498721	66,276032	100,027382	100,033975	35,111126	34,453624	34,574187	34,917045	47,505572	55,472660	50,423545	59,251589	54,488569	60,327822	53,114760	60,410571	48,866779	56,591535	27,532431	31,409422	30,969936	32,040429	31,683129	32,840687	31,006256	32,867351	29,065558	32,036224
474,00	99,991798	99,988246	66,760856	66,249990	66,444951	66,243738	100,048673	100,029659	35,153440	34,479389	34,603518	34,944478	47,587386	55,513966	50,486553	59,269595	54,526675	60,334063	53,155702	60,406870	48,937485	56,608957	27,603731	31,456316	31,028977	32,099208	31,743211	32,865942	31,079423	32,907808	29,144061	32,081890
475,00	99,994206	100,000346	66,730386	66,205180	66,409689	66,199702	100,040102	100,026572	35,178059	34,512872	34,630698	34,982803	47,686279	55,568004	50,558990	59,306997	54,593366	60,343885	53,227955	60,416472	49,015838	56,657290	27,664208	31,516525	31,083852	32,172012	31,802446	32,929021	31,151149	32,956037	29,213226	32,138652
476,00	99,996549	99,985808	66,686040	66,180098	66,388357	66,173208	100,047886	100,010669	35,207722	34,526837	34,669033	34,999248	47,790387	55,602539	50,647128	59,344614	54,646182	60,359401	53,280073	60,447955	49,107134	56,701982	27,730590	31,565070	31,140602	32,214543	31,857070	32,974315	31,224817	32,998821	29,275727	32,181835
477,00	100,036740	99,962497	66,662806	66,140753	66,365659	66,146028	100,028408	100,010693	35,231259	34,548751	34,699944	35,033253	47,880062	55,645323	50,738978	59,363276	54,711467	60,381311	53,363562	60,461283	49,190983	56,752962	27,794030	31,624323	31,199941	32,277530	31,920221	33,040431	31,287614	33,050960	29,345727	32,235241
478,00	100,035679	99,946386	66,635001	66,109306	66,320121	66,120905	100,018835	100,003660	35,258374	34,563649	34,734267	35,052642	47,953534	55,686969	50,798732	59,393835	54,774016	60,401064	53,418690	60,477519	49,254608	56,785685	27,861398	31,677160	31,260949	32,327586	31,985605	33,081159	31,353956	33,101779	29,412839	32,284451
479,00	100,004268	99,953580	66,593289	66,073585	66,259545	66,075236	99,995577	100,011325	35,279521	34,592804	34,763020	35,089961	48,020825	55,728316	50,854814	59,410882	54,826540	60,425609	53,480697	60,471314	49,320203	56,824255	27,923897	31,735450	31,316268	32,386735	32,048053	33,124378	31,411988	33,148682	29,475698	32,341462
480,00	99,984491	99,952662	66,559303	66,045707	66,213447	66,038328	100,003827	100,061750	35,306835	34,630284	34,783831	35,121617	48,088607	55,774575	50,920272	59,442872	54,888582	60,450959	53,536177	60,492921	49,398792	56,873780	27,995822	31,802592	31,373572	32,439315	32,109651	33,171359	31,476110	33,201259	29,538542	32,400393
481,00	99,972749	99,991125	66,544914	66,019899	66,194743	66,001475	100,003386	100,068152	35,332090	34,651017	34,812072	35,147339	48,175502	55,829620	51,001358	59,461808	54,925197	60,475934	53,602105	60,516417	49,495605	56,909502	28,062034	31,854504	31,421110	32,491726	32,164946	33,220017	31,531692	33,239761	29,595935	32,446027
482,00	99,973124	99,993628	66,515946	65,994161	66,167539	65,978694	100,005949	100,049901	35,359141	34,678093	34,829783	35,162857	48,259708	55,894482	51,067454	59,496981	54,978836	60,496992	53,671640	60,541433	49,580443	56,947339	28,122109	31,907171	31,472149	32,533020	32,220581	33,265713	31,587338	33,282265	29,660431	32,497379
483,00	99,969828	100,019920	66,473854	65,980196	66,130990	65,952218	100,013828	100,014901	35,387406	34,705001	34,861308	35,187623	48,343459	55,962068	51,143008	59,541458	55,018872	60,530990	53,720540	60,559976	49,657619	56,999242	28,185278	31,945857	31,530276	32,585680	32,271931	33,304816	31,642139	33,317864	29,721040	32,539463
484,00	99,966097	99,981177	66,425484	65,940511	66,071188	65,922242	100,018954	99,987024	35,415804	34,725484	34,887540	35,219693	48,416629	56,002092	51,206005	59,565836	55,059344	60,546875	53,768778	60,580540	49,725696	57,046330	28,250280	31,990770	31,591070	32,626164	32,326326	33,344272	31,703460	33,362842	29,787251	32,594815
485,00	99,972743	99,972838	66,395324	65,890175	66,036034	65,880865	100,028110	100,004065	35,445049	34,757903	34,921986	35,259283	48,484790	56,039518	51,284963	59,588683	55,100447	60,553759	53,812420	60,601026	49,798524	57,083070	28,318545	32,049620	31,652930	32,690281	32,383007	33,393794	31,765288	33,413693	29,855210	32,645923
486,00	99,961245	99,947459	66,373360	65,840417	66,006923	65,837514	100,014460	99,996787	35,470599	34,770954	34,955546	35,289857	48,577541	56,063366	51,346666	59,593761	55,157167	60,542345	53,871840	60,620809	49,875823	57,108891	28,379431	32,111797	31,705165	32,733646	32,430938	33,432037	31,821677	33,463985	29,917830	32,695270
487,00	99,954414	99,951440	66,351473	65,808052	65,974945	65,801263	100,004125	100,011384	35,492802	34,802991	34,988064	35,314509	48,681426	56,120801	51,426011	59,618068	55,224031	60,554242	53,923613	60,632998	49,964508	57,152581	28,439116	32,173556	31,763712	32,792264	32,482731	33,477023	31,877685	33,511859	29,985085	32,736191
488,00	99,976295	99,952090	66,342980	65,775657	65,940177	65,760368	100,011945	100,034726	35,515541	34,834427	35,016927	35,340688	48,786637	56,173277	51,498049	59,641832	55,295300	60,576659	53,986925	60,652483	50,050777	57,201654	28,497925	32,236549	31,820732	32,848465	32,538936	33,521548	31,943277	33,563578	30,054730	32,796824
489,00	99,986506	99,952781	66,319484	65,736306	65,912730	65,730774	100,018978	100,059640	35,537586	34,868100	35,034284	35,366976	48,882130	56,233931	51,582509	59,676784	55,356199	60,604846	54,037589	60,656279	50,144404	57,248217	28,558150	32,285708	31,878346	32,905579	32,597858	33,572075	32,008085	33,618572	30,125093	32,852483
490,00	99,981862	99,950719	66,297942	65,699798	65,893066	65,679967	100,021815	100,070930	35,561177	34,901372	35,043725	35,395664	48,976666	56,267726	51,656663	59,700054	55,424696	60,601133	54,106611	60,674179	50,235021	57,284147	28,615132	32,333010	31,931323	32,952869	32,648313	33,608559	32,078350	33,660653	30,188742	32,903790
491,00	99,986106	99,945581	66,275388	65,673423	65,883368	65,638131	100,019312	100,065601	35,595593	34,922954	35,069239	35,423124	49,092960	56,317717	51,744568	59,739047	55,501711	60,603738	54,169393	60,676026	50,345987	57,329291	28,685063	32,380387	31,986821	32,992920	32,709077	33,646682	32,144746	33,707494	30,257043	32,936233
492,00	99,971718	99,953103	66,241109	65,638214	65,839213	65,594202	100,026369	100,041437	35,631299	34,949207	35,099217	35,451779	49,193099	56,369674	51,823407	59,764147	55,570447	60,609072	54,248488	60,703677	50,438714	57,385087	28,755742	32,435119	32,050341	33,041492	32,773224	33,689153	32,214442	33,753550	30,327430	32,977122
493,00	100,014770	99,958414	66,224426	65,617853	65,821600	65,576303	100,046170	100,023317	35,671937	34,978640	35,135686	35,491183	49,310654	56,419176	51,916224	59,805959	55,644208	60,633284	54,330164	60,721678	50,560498	57,444483	28,836769	32,490349	32,122150	33,096418	32,843471	33,733630	32,286915	33,807248	30,406311	33,031631
494,00	100,007260	99,963933	66,185510	65,579253	65,768927	65,547067	100,045657	99,999511	35,704890	35,003898	35,158193	35,521907	49,411219	56,455064	52,001059	59,804571	55,696684	60,638547	54,397196	60,739797	50,642306	57,466871	28,909683	32,529119	32,186091	33,155853	32,904235	33,775485	32,347256	33,856121	30,479339	33,084348
495,00	100,015569	99,968588	66,164583	65,547895	65,733510	65,513492	100,041008	100,011301	35,740781	35,042876	35,182536	35,558724	49,526873	56,487286	52,090877	59,820873	55,767429	60,648698	54,470658	60,750413	50,752026	57,489687	28,988731	32,583827	32,251292	33,210942	32,966599	33,818394	32,412234	33,905879	30,553862	33,138290
496,00	99,985129	99,979675	66,132468	65,524572	65,695500	65,481895	100,033665	100,020182	35,773885	35,074711	35,216060	35,590687	49,631271	56,519908	52,182627	59,832197	55,843645	60,658514	54,544139	60,766089	50,854391	57,526338	29,069474	32,637542	32,313827	33,261311	33,033428	33,864141	32,473889	33,960110	30,627775	33,187360
497,00	99,986720	99,980807	66,092950	65,500224	65,668458	65,455246	100,022054	100,039589	35,805115	35,110691	35,243666	35,624111	49,751300	56,569028	52,272451	59,867269	55,940461	60,682589	54,643917	60,785508	50,986052	57,581663	29,151839	32,688800	32,385376	33,303288	33,101359	33,913004	32,550511	33,999988	30,701476	33,239421
498,00	99,997675	99,988961	66,054666	65,475458	65,646017	65,440363	100,021362	100,046480	35,836422	35,134524	35,280544	35,642800	49,882466	56,620198	52,380311	59,904099	56,036615	60,699946	54,724181	60,805601	51,107830	57,630414	29,237875	32,725278	32,456914	33,349210	33,175534	33,954990	32,631806	34,043080	30,777276	33,285075
499,00	100,003517	99,976599	66,003531	65,436929	65,619379	65,412843	100,004399	100,059962	35,868144	35,161781	35,303664	35,661274	50,012022	56,669635	52,483726	59,928912	56,123370	60,720259	54,814559	60,818458	51,226056	57,669300	29,316634	32,770488	32,526755	33,400166	33,242133	33,994099	32,713664	34,086400	30,854502	33,328998
500,00	99,991983	99,983007	65,960830	65,412903	65,588129	65,390933	100,023425	100,045776	35,899913	35,188922	35,336933	35,681996	50,143528	56,713986	52,597606	59,947455	56,208831	60,738218	54,898119	60,832340	51,343232	57,704991	29,400551	32,819852	32,606018	33,451280	33,324322	34,032241	32,799259	34,138602	30,945575	33,366179
501,00	99,979895	99,972540	65,918612	65,378016	65,569657	65,364593	100,022519	100,053251	35,931888	35,216963	35,364455	35,719404	50,265837	56,754351	52,702564	59,970260	56,293875	60,735679	54,999918	60,840911	51,461607	57,729948	29,481760	32,881120	32,680035	33,502060	33,399945	34,071946	32,878721	34,186190	31,037027	33,414695
502,00	99,973208	99,977475	65,883279	65,339613	65,526527	65,337837	100,033212	100,056148	35,967487	35,236371	35,395244	35,743958	50,400925	56,795806	52,804196	60,002947	56,381410	60,741448	55,081332	60,835469	51,583505	57,759291	29,565930	32,932863	32,753423	33,549926	33,479580	34,110475	32,957447	34,237945	31,128442	33,457077
503,00	100,011587	99,975413	65,881312	65,302336	65,507352	65,327054	100,012791	100,047123	36,001155	35,257289	35,431775	35,770589	50,551724	56,838602	52,933198	60,036159	56,494766	60,757804	55,193394	60,843021	51,723307	57,800078	29,647076	32,976127	32,820460	33,598998	33,547550	34,146869	33,033684	34,276113	31,210753	33,498189
504,00	100,040805	99,999046	65,868628	65,288597	65,471435	65,314347	100,016367	100,019169	36,029065	35,283223	35,458583	35,789317	50,687748	56,892651	53,050965	60,067767	56,591445	60,789359	55,299926	60,859025	51,850909	57,835722	29,725215	33,013371	32,892609	33,646077	33,620921	34,187222	33,114293	34,322372	31,295812	33,541840
505,00	100,045562	100,001240	65,839523	65,271705	65,450025	65,292418	100,032330	100,005770	36,052173	35,312650	35,497269	35,813740	50,817472	56,946665	53,175336	60,079986	56,692183	60,796052	55,416226	60,891604	51,975513	57,860941	29,804513	33,050510	32,965809	33,693808	33,695042	34,232736	33,192313	34,362072	31,380883	33,581585
506,00	100,033855	99,990815	65,807253	65,241003	65,411842	65,240961	100,061464	100,018215	36,075771	35,349461	35,524693	35,840812	50,918865	56,973666	53,266281	60,090637	56,773907	60,792142	55,513740	60,894144	52,093065	57,878709	29,883161	33,104935	33,038789	33,744156	33,770981	34,274709	33,274853	34,418014	31,455439	33,633038
507,00	100,029469	99,989319	65,774018	65,197515	65,382224	65,202159	100,069177	100,020504	36,096877	35,379338	35,552830	35,862133	51,028079	57,007158	53,378361	60,098827	56,875890	60,797489	55,610871	60,901892	52,220786	57,914048	29,961264	33,161601	33,104023	33,791798	33,840397	34,315202	33,354655	34,463215	31,532612	33,679101
508,00	100,053501	100,004482	65,759552	65,169108	65,356141	65,170687	100,080609	99,988943	36,124939	35,414562	35,569781	35,881960	51,144242	57,026088	53,475708	60,117072	56,961942	60,813844	55,695951	60,893828	52,333212	57,952803	30,039811	33,214763	33,170551	33,847606	33,913663	34,350377	33,430430	34,503579	31,606776	33,729985
509,00	100,030172	100,024295	65,702432	65,136480	65,322959	65,155542	100,094426	99,965495	36,149475	35,443085	35,593480	35,899615	51,264864	57,060266	53,578150	60,137039	57,028669	60,830843	55,771768	60,908812	52,425796	57,975894	30,119964	33,261928	33,236140	33,898744	33,985305	34,393513	33,504272	34,544536	31,684440	33,771801
510,00	100,014830	100,011754	65,637368	65,102804	65,273583	65,110999	100,102031	99,954039	36,173168	35,474461	35,619009	35,920319	51,370406	57,075316	53,654814	60,142285	57,089579	60,830075	55,827469	60,906386	52,521425	57,997501	30,193293	33,297729	33,300439	33,946639	34,053075	34,436473	33,567792	34,589145	31,747046	33,811614
511,00	99,990880	99,993247	65,598840	65,069526	65,226448	65,062106	100,085270	99,968547	36,191615	35,505605	35,644910	35,946912	51,466578	57,122141	53,749585	60,149598	57,161063	60,836262	55,904347	60,927629	52,624905	58,018368	30,272371	33,341131	33,370000	33,981648	34,114444	34,482774	33,632213	34,625942	31,807342	33,857295
512,00	99,997556	100,003445	65,576416	65,052056	65,192604	65,041357	100,055051	99,975806	36,207828	35,530418	35,670039	35,974357	51,558989	57,174832	53,832752	60,181212	57,246459	60,854316	55,976605	60,951191	52,729458	58,060473	30,339295	33,385196	33,431506	34,019187	34,172648	34,521362	33,693972	34,669280	31,872183	33,898330
513,00	99,986506	100,002933	65,554500	65,035176	65,157008	65,020561	100,040460	99,986839	36,233914	35,554123	35,705411	36,004737	51,672041	57,221788	53,933644	60,206324	57,324934	60,863173	56,066710	60,967177	52,815098	58,082366	30,423170	33,432484	33,505538	34,070435	34,240887	34,573272	33,770999	34,710377	31,947792	33,940229
514,00	99,992561	100,019598	65,503877	65,034568	65,135276	65,019548	100,019300	99,974334	36,263856	35,581681	35,741007	36,036190	51,779616	57,257211	54,032153	60,242575	57,410789	60,887235	56,145430	60,970175	52,906907	58,117962	30,495512	33,484989	33,575144	34,120044	34,312314	34,615955	33,848709	34,765095	32,026213	33,971843
515,00	99,986458	100,015950	65,460992	65,002799	65,089899	64,981073	100,020075	99,999166	36,299163	35,618275	35,772920	36,073497	51,880628	57,275957	54,124469	60,242313	57,474947	60,880864	56,215262	60,961777	53,000945	58,129621	30,575424	33,534992	33,651105	34,182480	34,389633	34,667587	33,922744	34,812835	32,107177	34,022546
516,00	100,006962	100,025821	65,436584	64,977664	65,072083	64,951742	100,002325	99,989015	36,326841	35,646400	35,795316	36,098462	51,976061	57,304531	54,217219	60,264802	57,561219	60,889894	56,284761	60,971361	53,099936	58,159125	30,636573	33,585250	33,713618	34,224609	34,455898	34,698442	33,986846	34,859326	32,183659	34,065679
517,00	100,000143	100,021315	65,397531	64,930075	65,026146	64,920175	99,998266	99,993932	36,345166	35,678715	35,815480	36,126909	52,061838	57,334089	54,274321	60,275280	57,610339	60,887253	56,345117	60,972953	53,170252	58,174634	30,700454	33,628178	33,773229	34,281692	34,515995	34,743485	34,048921	34,902087	32,247585	34,115204
518,00	100,018620	100,031412	65,373236	64,898330	65,008360	64,888418	99,985832	99,946898	36,371091	35,701111	35,839772	36,140063	52,154309	57,372600	54,348344	60,302061	57,672012	60,903442	56,416881	60,980546	53,239506	58,209765	30,763182	33,665371	33,829361	34,311077	34,567735	34,762302	34,108916	34,938291	32,307628	34,144840
519,00	100,037837	100,035346	65,355903	64,866263	64,987540	64,864945	99,979860	99,952662	36,397439	35,729581	35,863820	36,175868	52,263141	57,404226	54,425925	60,316545	57,730043	60,911143	56,496340	60,982883	53,315961	58,233160	30,824414	33,704463	33,887386	34,354526	34,616485	34,796712	34,170780	34,971696	32,372403	34,183353
520,00	100,041425	100,041938	65,336585	64,814878	64,962977	64,824259	99,997884	99,966025	36,430737	35,750031	35,892898	36,203444	52,355283	57,420975	54,492861	60,335630	57,796812	60,903031	56,559354	60,978246	53,386825	58,250016	30,877802	33,754987	33,944049	34,393996	34,669009	34,833375	34,239686	35,013562	32,439956	34,223941
521,00	100,043368	100,023127	65,307218	64,790827	64,933997	64,782053	99,996275	99,978799	36,454090	35,768545	35,908934	36,234191	52,454776	57,444489	54,568076	60,340750	57,861173	60,894817	56,608886	60,975397	53,465629	58,261806	30,933923	33,795536	33,995911	34,444758	34,721142	34,880939	34,302449	35,050336	32,502729	34,269151
522,00	100,010908	100,006986	65,276587	64,751780	64,883947	64,740914	100,013018	99,992287	36,480948	35,802609	35,935009	36,259517	52,523446	57,455730	54,609084	60,342848	57,895505	60,891038	56,649226	60,977316	53,523189	58,274931	30,997255	33,846718	34,052673	34,495696	34,782699	34,931117	34,366852	35,098237	32,555699	34,320110
523,00	100,019372	100,009418	65,254706	64,738929	64,841348	64,709204	100,002432	99,974024	36,507905	35,829499	35,956439	36,283273	52,605885	57,485247	54,680383	60,349756	57,947582	60,898829	56,706804	60,986269	53,596193	58,305395	31,067088	33,885783	34,108874	34,536910	34,845477	34,968406	34,424320	35,140803	32,614529	34,360805
524,00	100,021625	100,014460	65,228295	64,703959	64,809030	64,687639	100,014520	99,997771	36,535019	35,867068	35,988164	36,329025	52,671987	57,511479	54,730225	60,367835	57,994282	60,895669	56,766957	60,994035	53,658712	58,332247	31,134582	33,948767	34,167629	34,586850	34,907699	35,020244	34,483701	35,193181	32,676578	34,409824
525,00	100,024509	100,014162	65,222138	64,661807	64,798576	64,649528	100,009692	99,963307	36,562175	35,884571	36,009493	36,343724	52,743495	57,539678	54,803348	60,379267	58,052564	60,904574	56,820858	60,985500	53,730786	58,346373	31,199446	33,988130	34,221286	34,611633	34,962544	35,044706	34,542012	35,230103	32,732987	34,435618
526,00	100,035632	100,005209	65,207881	64,625245	64,790273	64,612222	100,003994	99,982762	36,587611	35,915619	36,040181	36,371800	52,804428	57,558656	54,872346	60,387599	58,099508	60,889876	56,850588	60,980487	53,784919	58,357829	31,262460	34,028766	34,273770	34,655753	35,008091	35,083446	34,595859	35,271972	32,791108	34,484923
527,00	100,020182	99,994326	65,179133	64,582407	64,779109	64,555353	100,003171	99,976218	36,620122	35,947019	36,071241	36,392835	52,865005	57,577085	54,935485	60,379702	58,148557	60,891485	56,895018	60,957396	53,841144	58,355927	31,326875	34,056446	34,325114	34,695691	35,062459	35,118100	34,656337	35,311717	32,843578	34,525540
528,00	100,020897	99,994504	65,144801	64,569020	64,737159	64,515495	100,025678	99,995857	36,652416	35,973972	36,109507	36,428425	52,933216	57,598585	54,977214	60,398489	58,184558	60,886586	56,933779	60,961670	53,887188	58,383131	31,385177	34,103909	34,382018	34,746459	35,121197	35,163739	34,712026	35,348770	32,909957	34,568810
529,00	100,020325	100,003266	65,130478	64,543569	64,728785	64,489204	100,039494	99,992037	36,686724	35,992435	36,141887	36,459881	53,003615	57,628328	55,055094	60,411572	58,226055	60,911703	57,002616	60,964417	53,960937	58,403063	31,443846	34,150365	34,428158	34,789699	35,181749	35,190994	34,765148	35,390469	32,966653	34,603941
530,00	100,023878	100,009465	65,107977	64,514333	64,693117	64,481193	100,042820	99,988711	36,719906	36,008990	36,177066	36,474106	53,059465	57,652617	55,117756	60,434389	58,259428	60,916173	57,041794	60,987628	54,020923	58,430636	31,497467	34,198105	34,483749	34,829783	35,228223	35,225558	34,820628	35,425976	33,030283	34,635609
531,00	100,034034	100,039268	65,069741	64,502615	64,676172	64,468193	100,024235	99,986267	36,747226	36,033785	36,205158	36,503872	53,116709	57,686293	55,181056	60,458422	58,299547	60,923946	57,082814	60,984915	54,096204	58,446980	31,554908	34,239793	34,530956	34,876373	35,275373	35,261354	34,875119	35,465014	33,088291	34,678304
532,00	100,035465	100,051785	65,028077	64,482999	64,614618	64,445549	100,039577	100,012851	36,777341	36,063808	36,226863	36,542401	53,181154	57,709306	55,213457	60,484213	58,321154	60,928106	57,100874	61,018199	54,140055	58,469570	31,610689	34,293309	34,586239	34,929234	35,330817	35,314715	34,930798	35,501939	33,148330	34,714973
533,00	100,032997	100,076008	65,008932	64,472717	64,560485	64,425802	100,049233	100,042379	36,803883	36,091900	36,255971	36,583173	53,240019	57,734609	55,261248	60,506898	58,347017	60,946250	57,123160	61,015499	54,186296	58,506602	31,663507	34,338367	34,633037	34,989315	35,389638	35,342982	34,976673	35,550174	33,207357	34,766400
534,00	100,011897	100,060833	64,977270	64,416987	64,516044	64,387923	100,068259	100,059569	36,839619	36,123645	36,286366	36,616382	53,276175	57,748598	55,306947	60,494494	58,367229	60,946226	57,140708	61,007875	54,209751	58,528250	31,719589	34,386373	34,690526	35,027909	35,443214	35,373732	35,036880	35,596013	33,268270	34,805447
535,00	100,000894	100,045991	64,953822	64,354730	64,504951	64,344567	100,056851	100,028288	36,864290	36,144421	36,316213	36,629069	53,321123	57,761687	55,351990	60,475940	58,411252	60,932028	57,175577	60,980237	54,242802	58,533537	31,767470	34,417638	34,742999	35,051876	35,483485	35,397190	35,091245	35,632810	33,324176	34,839824
536,00	99,991971	100,024784	64,899147	64,306277	64,491689	64,309424	100,045598	99,998593	36,887676	36,170506	36,324656	36,657229	53,366739	57,780927	55,383456	60,467803	58,434260	60,923135	57,195479	60,967851	54,266697	58,529240	31,812918	34,461758	34,788722	35,083604	35,522258	35,438016	35,147214	35,666886	33,365780	34,874755
537,00	100,004506	100,036991	64,848661	64,282507	64,476919	64,302820	100,015509	99,990326	36,906475	36,190143	36,334884	36,684337	53,410494	57,806522	55,413401	60,483336	58,464164	60,928023	57,217848	60,983187	54,305995	58,538538	31,849605	34,506652	34,825116	35,137695	35,549977	35,478124	35,183868	35,702378	33,402237	34,919071
538,00	99,980712	100,049722	64,781952	64,260238	64,417094	64,280421	99,997866	99,990267	36,925182	36,216965	36,350417	36,717451	53,430402	57,815778	55,430204	60,493112	58,462632	60,935187	57,212675	60,975003	54,335225	58,549500	31,895575	34,551013	34,866238	35,181931	35,588023	35,505840	35,229492	35,738632	33,441317	34,960788
539,00	99,966818	100,046742	64,743638	64,233238	64,363456	64,252144	99,962533	100,011432	36,942002	36,240909	36,381191	36,746892	53,475660	57,825255	55,462843	60,502374	58,489877	60,921538	57,241201	60,975707	54,380870	58,555925	31,943202	34,600544	34,907427	35,218090	35,624516	35,544026	35,269374	35,775992	33,483112	35,000405
540,00	99,950159	100,035429	64,713472	64,196479	64,324427	64,200401	99,953550	100,005221	36,969319	36,262286	36,409914	36,763218	53,522730	57,830507	55,494022	60,494596	58,502722	60,910267	57,264596	60,949278	54,418916	58,562982	32,000431	34,636897	34,955546	35,247463	35,674563	35,573566	35,315087	35,806400	33,531377	35,029343
541,00	99,933982	100,027871	64,676291	64,171934	64,288706	64,173311	99,947119	100,018430	37,000999	36,287948	36,446583	36,778614	53,572822	57,851744	55,523229	60,505694	58,521497	60,894597	57,285386	60,949129	54,445314	58,579028	32,057056	34,673184	35,005733	35,294300	35,718441	35,616252	35,358596	35,845146	33,581313	35,060444
542,00	99,934334	100,046992	64,649165	64,152992	64,269018	64,141488	99,968344	100,012052	37,035024	36,309016	36,474702	36,795530	53,603047	57,868040	55,549002	60,510713	58,530825	60,904300	57,304323	60,965061	54,476625	58,605731	32,112628	34,700924	35,059154	35,338604	35,768452	35,651961	35,408854	35,881886	33,634141	35,094532
543,00	99,946320	100,093114	64,626932	64,145362	64,239591	64,120275	99,975485	100,003064	37,066329	36,338437	36,506376	36,825496	53,653657	57,896757	55,585599	60,519850	58,563840	60,917383	57,320559	60,987353	54,520738	58,631003	32,162389	34,733525	35,107380	35,380676	35,822177	35,687578	35,457200	35,918438	33,689168	35,131314
544,00	99,972636	100,118613	64,614540	64,124751	64,223462	64,102912	99,989939	99,986684	37,095788	36,355099	36,529079	36,850488	53,712523	57,913697	55,625409	60,525072	58,591747	60,929948	57,366085	60,993451	54,588795	58,645260	32,205859	34,772250	35,156539	35,415295	35,873988	35,720408	35,506755	35,951030	33,739081	35,167983
545,00	99,978638	100,120115	64,601326	64,087790	64,187646	64,067167	100,009215	99,961060	37,125164	36,383450	36,559337	36,869967	53,782511	57,914263	55,669445	60,520613	58,619905	60,909277	57,400757	60,968477	54,643202	58,644289	32,256246	34,809893	35,205027	35,445744	35,916951	35,743457	35,560712	35,978085	33,792982	35,192966
546,00	99,990672	100,074279	64,579993	64,027703	64,150184	64,020193	100,045478	99,953878	37,153444	36,407766	36,589909	36,894894	53,841758	57,904828	55,713362	60,509962	58,641219	60,881877	57,438684	60,942763	54,687238	58,627093	32,311931	34,849271	35,256088	35,482463	35,961151	35,775986	35,615879	36,012849	33,847642	35,222331
547,00	100,008571	100,073063	64,556974	64,001739	64,119881	63,991284	100,054932	99,947172	37,178859	36,448491	36,619952	36,929190	53,890085	57,910889	55,770826	60,502028	58,666503	60,865861	57,470471	60,942084	54,732138	58,624083	32,366979	34,887540	35,302678	35,520121	36,006573	35,808986	35,666543	36,045682	33,906648	35,259053
548,00	100,027490	100,051892	64,522332	63,962251	64,102775	63,959932	100,057375	99,936318	37,207782	36,468327	36,643517	36,952344	53,931749	57,917005	55,806834	60,498887	58,689147	60,864949	57,492930	60,937029	54,777259	58,618915	32,416293	34,928486	35,348821	35,546947	36,056247	35,849294	35,720348	36,074084	33,968952	35,293198
549,00	100,041807	100,037384	64,504850	63,945150	64,084327	63,941866	100,041234	99,944884	37,228301	36,495197	36,673537	36,982396	53,987944	57,920825	55,846745	60,496670	58,717418	60,849369	57,543302	60,932690	54,843521	58,625531	32,464474	34,972727	35,388717	35,583034	36,106828	35,892060	35,773051	36,117020	34,021389	35,332108
550,00	100,067806	100,036359	64,498734	63,917327	64,093512	63,906461	100,041330	99,949563	37,262055	36,509144	36,701569	37,004024	54,069835	57,928282	55,897063	60,496181	58,771616	60,855365	57,597047	60,912931	54,908282	58,638060	32,519063	35,012460	35,432002	35,632014	36,159664	35,934299	35,830158	36,164144	34,077349	35,365304
551,00	100,084817	100,043643	64,477575	63,905227	64,079094	63,884491	100,050640	99,969625	37,285477	36,538312	36,733323	37,036550	54,150492	57,952195	55,957019	60,490948	58,809400	60,856807	57,651156	60,903764	54,971069	58,651376	32,574314	35,047054	35,479060	35,686246	36,208951	35,973921	35,884583	36,202317	34,132153	35,406277
552,00	100,076139	100,067663	64,443707	63,883561	64,059198	63,864911	100,052941	99,958974	37,317836	36,562625	36,754930	37,049916	54,200125	57,964015	55,998874	60,501134	58,833385	60,873789	57,681596	60,906667	55,022317	58,675933	32,629883	35,082379	35,530317	35,726765	36,259145	36,008605	35,943341	36,232239	34,192598	35,442078
553,00	100,057518	100,031126	64,403939	63,842696	64,002818	63,823706	100,045323	99,972814	37,340823	36,588359	36,782983	37,080789	54,231662	57,962984	56,014299	60,492909	58,833307	60,864091	57,700205	60,888368	55,059922	58,669001	32,684848	35,128298	35,581425	35,763410	36,305317	36,037964	36,001527	36,267659	34,245232	35,475802
554,00	100,044596	100,025427	64,377707	63,806427	63,976347	63,784790	100,025153	99,969262	37,367049	36,612767	36,806637	37,103724	54,277086	57,979482	56,049436	60,508072	58,852381	60,856730	57,732314	60,880828	55,116087	58,680522	32,737637	35,171208	35,628942	35,807714	36,352038	36,065388	36,053878	36,316043	34,292817	35,506094
555,00	100,054669	100,001550	64,355433	63,770586	63,956875	63,742042	100,006735	100,004995	37,383160	36,640567	36,827192	37,138164	54,329562	57,981688	56,103933	60,506153	58,881986	60,837793	57,767195	60,854691	55,157745	58,664447	32,782841	35,212362	35,670456	35,856196	36,384201	36,099038	36,102295	36,361623	34,334624	35,545036
556,00	100,051749	100,025129	64,329314	63,753110	63,937747	63,722736	100,009513	100,001061	37,404191	36,673614	36,839762	37,158680	54,380250	58,009654	56,151748	60,525531	58,899975	60,827345	57,794416	60,861301	55,211896	58,678615	32,830706	35,239971	35,712129	35,893390	36,425480	36,134553	36,157227	36,396664	34,382305	35,580599
557,00	100,048363	100,029790	64,318013	63,724369	63,899207	63,700396	100,004351	100,016391	37,426481	36,702773	36,863828	37,186620	54,430437	57,997251	56,209826	60,521346	58,922333	60,821152	57,829195	60,859144	55,257082	58,672023	32,881841	35,280991	35,754958	35,925487	36,466658	36,176407	36,204728	36,429062	34,431964	35,622531
558,00	100,041568	100,051332	64,296240	63,698763	63,852143	63,676584	100,021791	99,990135	37,451527	36,729488	36,887103	37,204039	54,486859	58,014280	56,245005	60,514492	58,931947	60,827869	57,852703	60,869199	55,302083	58,685035	32,942536	35,312855	35,804492	35,957080	36,516294	36,209407	36,252716	36,457807	34,492871	35,656190
559,00	100,047529	100,021970	64,272034	63,664687	63,835067	63,641250	100,018251	99,983454	37,465352	36,751804	36,921376	37,230343	54,539782	58,010465	56,299728	60,497653	58,967721	60,810637	57,893574	60,851628	55,360705	58,688551	32,998550	35,358334	35,847703	35,987973	36,555409	36,241546	36,291370	36,489597	34,548336	35,693097
560,00	100,046349	100,018620	64,242142	63,655120	63,806307	63,609970	100,035214	99,985391	37,491071	36,784619	36,946020	37,257001	54,580832	58,020216	56,314272	60,495543	58,994651	60,801923	57,919902	60,834247	55,402386	58,692443	33,057714	35,396713	35,894492	36,032078	36,606151	36,274934	36,347789	36,527279	34,608462	35,727015
561,00	100,045109	100,003386	64,218688	63,631135	63,782620	63,590711	100,034249	99,996889	37,513778	36,811709	36,969686	37,285766	54,627383	58,018649	56,339937	60,492933	59,032935	60,789627	57,947648	60,818595	55,458802	58,688343	33,107647	35,436422	35,938016	36,065799	36,644077	36,305070	36,396915	36,561206	34,659046	35,758916
562,00	100,032413	100,017262	64,179224	63,598847	63,733125	63,564914	100,039363	99,989438	37,544459	36,840454	36,985630	37,317035	54,651886	58,025557	56,351459	60,499287	59,049952	60,791492	57,964492	60,804522	55,484730	58,680934	33,158040	35,465190	35,985470	36,099696	36,687851	36,346236	36,448148	36,590549	34,713382	35,796040
563,00	100,023794	100,018227	64,143199	63,567275	63,707471	63,543439	100,027347	99,982017	37,565860	36,856842	37,008703	37,335098	54,679310	58,036041	56,388187	60,489917	59,073716	60,793209	57,983947	60,814375	55,524182	58,697551	33,208239	35,493821	36,030400	36,132815	36,720416	36,371270	36,483413	36,622629	34,764326	35,832173
564,00	100,027859	100,038064	64,102560	63,545030	63,683367	63,507664	100,019038	100,001228	37,591216	36,882332	37,033847	37,366271	54,696584	58,060193	56,422836	60,496700	59,084606	60,795879	58,003157	60,815197	55,546695	58,704191	33,256611	35,534227	36,083919	36,186993	36,765563	36,403522	36,529812	36,656284	34,825030	35,878792
565,00	100,018883	100,010645	64,092553	63,516021	63,671035	63,458759	100,009155	100,028288	37,619281	36,904523	37,062541	37,391597	54,740947	58,052808	56,460905	60,475719	59,115529	60,779697	58,016157	60,813493	55,578595	58,695507	33,303618	35,574871	36,134732	36,238739	36,809108	36,425716	36,581159	36,695644	34,884235	35,920009
566,00	100,013041	100,001705	64,067507	63,479704	63,642710	63,431120	100,014365	100,019109	37,647304	36,929768	37,092602	37,412816	54,770857	58,054155	56,468648	60,468924	59,121352	60,764635	58,014208	60,803801	55,592078	58,671975	33,350033	35,610363	36,184171	36,267522	36,859432	36,459431	36,636463	36,724797	34,940514	35,954008
567,00	99,980474	99,964070	64,027220	63,420641	63,596541	63,400471	100,034821	100,019813	37,676457	36,956650	37,122041	37,432060	54,782224	58,028716	56,472963	60,432005	59,125048	60,736603	58,006728	60,772806	55,595899	58,662385	33,396176	35,647976	36,225361	36,299732	36,907029	36,492878	36,688504	36,760244	34,988376	35,987431
568,00	99,990135	99,975824	63,990808	63,386583	63,565886	63,402957	100,046360	100,002623	37,700617	36,972806	37,145326	37,445587	54,794812	58,033037	56,492430	60,414708	59,123749	60,736746	58,015430	60,760862	55,610281	58,642751	33,440343	35,686815	36,267278	36,334080	36,952034	36,518964	36,737669	36,776111	35,031223	36,019376
569,00	99,991006	99,977499	63,958532	63,350749	63,538921	63,378477	100,049067	100,010562	37,729564	36,995342	37,156022	37,470937	54,809386	58,021337	56,505698	60,391003	59,111255	60,701829	58,014357	60,720122	55,629015	58,635867	33,483350	35,723171	36,307850	36,376452	36,992097	36,548421	36,789531	36,799228	35,071790	36,059177
570,00	99,996012	99,971586	63,944691	63,322568	63,535053	63,355142	100,029635	100,003624	37,756440	37,014008	37,174851	37,489241	54,840070	58,016020	56,525469	60,400808	59,126681	60,680836	58,021700	60,711151	55,651945	58,614099	33,527383	35,757291	36,346149	36,407742	37,025052	36,574200	36,833575	36,835712	35,109755	36,095065
571,00	99,979311	99,956441	63,907671	63,292998	63,506043	63,307160	100,050092	100,010502	37,781686	37,042481	37,198433	37,505254	54,857451	57,995588	56,514609	60,414743	59,116465	60,650557	58,012116	60,684222	55,660170	58,604670	33,571792	35,788020	36,381328	36,436000	37,068969	36,600634	36,878452	36,872840	35,152870	36,130035
572,00	99,989343	99,953955	63,880354	63,266987	63,477647	63,278866	100,056660	100,030851	37,802660	37,067088	37,227267	37,534922	54,880857	57,999784	56,518126	60,411501	59,123880	60,663652	58,024180	60,688215	55,670571	58,590531	33,611423	35,835084	36,418778	36,483246	37,106922	36,627492	36,913195	36,914563	35,199296	36,163265
573,00	99,991518	99,965340	63,849115	63,248843	63,445568	63,258499	100,064766	100,022912	37,828639	37,088445	37,251088	37,550446	54,886985	58,005393	56,518465	60,412711	59,097731	60,649770	58,024579	60,677922	55,690426	58,582258	33,651403	35,866672	36,455467	36,520082	37,152904	36,654550	36,952487	36,934516	35,246241	36,192089
574,00	99,975687	99,971980	63,824278	63,219577	63,402045	63,243663	100,041509	100,028765	37,847081	37,115803	37,265721	37,574941	54,897666	58,004165	56,519586	60,393631	59,092945	60,634196	58,029628	60,683805	55,687213	58,585924	33,683455	35,900867	36,490452	36,561725	37,179905	36,681935	36,982983	36,961773	35,290539	36,235201
575,00	99,979228	99,931467	63,802844	63,172853	63,382143	63,198048	100,026667	100,020480	37,874949	37,130892	37,286317	37,588778	54,913425	57,974088	56,526518	60,379475	59,094012	60,588336	58,031785	60,648376	55,700064	58,564794	33,722401	35,915619	36,518314	36,583683	37,209919	36,711302	37,025911	36,981076	35,331702	36,267135
576,00	99,984503	99,921602	63,777757	63,138807	63,346434	63,173848	100,018191	100,042152	37,894765	37,152845	37,300038	37,615097	54,930449	57,969272	56,528300	60,359836	59,095752	60,571247	58,041185	60,627866	55,698651	58,561540	33,751416	35,953537	36,543193	36,623079	37,236115	36,744604	37,068039	37,012178	35,368943	36,309510
577,00	100,002658	99,918908	63,756818	63,112670	63,336641	63,143045	100,012207	100,035036	37,922314	37,164351	37,324798	37,635639	54,940248	57,969433	56,543303	60,351419	59,078264	60,563231	58,041704	60,605109	55,715716	58,557308	33,792329	35,984173	36,574963	36,651307	37,271845	36,783344	37,110755	37,040865	35,408524	36,341354
578,00	99,990022	99,951071	63,718998	63,097674	63,323087	63,133943	99,987620	100,028837	37,939921	37,190753	37,345836	37,661457	54,931408	57,986712	56,546724	60,347331	59,054077	60,558850	58,031905	60,594678	55,701983	58,571988	33,828151	36,027509	36,607525	36,687624	37,301305	36,810634	37,141377	37,072459	35,449275	36,385196
579,00	99,978125	99,945742	63,676530	63,080347	63,298422	63,101840	99,962240	100,009799	37,963933	37,207386	37,378797	37,683484	54,923719	57,972896	56,546068	60,347515	59,028476	60,551095	58,018428	60,577840	55,699736	58,564776	33,869782	36,054334	36,644277	36,712253	37,331250	36,832660	37,171280	37,095928	35,490108	36,416015
580,00	99,984258	99,956018	63,647294	63,061380	63,272429	63,093722	99,954432	100,010097	37,990814	37,232730	37,406939	37,702289	54,919046	57,975310	56,553143	60,341704	59,016252	60,542101	58,013320	60,557115	55,697513	58,559161	33,911991	36,082321	36,683133	36,747274	37,363082	36,855617	37,207532	37,125760	35,531512	36,451194
581,00	99,994361	99,957299	63,624704	63,040924	63,230848	63,079941	99,967140	100,025654	38,017410	37,264916	37,433362	37,727925	54,928243	57,965881	56,557047	60,339415	59,016514	60,536528	58,005160	60,547453	55,709559	58,550322	33,944857	36,119547	36,716682	36,784825	37,398350	36,894181	37,240070	37,162721	35,566464	36,493152
582,00	100,001311	99,947029	63,604748	63,014811	63,201678	63,053936	99,982119	100,036275	38,045669	37,291735	37,455234	37,755498	54,943371	57,969898	56,560624	60,306102	59,005433	60,516882	58,003038	60,522693	55,705243	58,541757	33,982328	36,151591	36,751020	36,823964	37,431744	36,931461	37,274581	37,203479	35,601947	36,529592
583,00	100,024045	99,934024	63,580275	62,994951	63,174754	63,016927	99,988830	100,055027	38,072437	37,312916	37,479323	37,790698	54,955655	57,951444	56,546247	60,283130	58,992296	60,495418	57,986271	60,499495	55,715966	58,527738	34,017715	36,197513	36,775005	36,855334	37,457994	36,977473	37,298951	37,234727	35,630566	36,570290
584,00	100,039864	99,913490	63,563246	62,948990	63,155824	62,981337	99,996424	100,036776	38,098186	37,318149	37,510979	37,802643	54,956555	57,931501	56,539685	60,256684	58,961600	60,468656	57,970017	60,475779	55,717027	58,504462	34,054881	36,222896	36,802304	36,881283	37,481263	37,001798	37,327129	37,254179	35,658917	36,590439
585,00	100,057447	99,906349	63,549763	62,911105	63,134122	62,951344	100,017285	100,037432	38,124809	37,340450	37,537450	37,827128	54,951781	57,906801	56,528789	60,234874	58,951795	60,448194	57,948273	60,459912	55,718821	58,490139	34,094536	36,252511	36,831370	36,907429	37,506118	37,043872	37,353873	37,278989	35,686803	36,624354
586,00	100,045192	99,892211	63,537478	62,866473	63,109475	62,914038	100,028014	100,047648	38,154742	37,368071	37,569794	37,850255	54,953980	57,896149	56,536603	60,204077	58,944875	60,421908	57,937819	60,428852	55,706531	58,465135	34,120637	36,272222	36,858454	36,936763	37,532741	37,072209	37,385818	37,308499	35,719761	36,643064
587,00	100,061488	99,923128	63,519132	62,858552	63,079900	62,895429	100,040948	100,062072	38,183281	37,397885	37,592360	37,885886	54,965121	57,883197	56,542736	60,197949	58,949888	60,414147	57,936001	60,418975	55,701309	58,470416	34,151515	36,306486	36,886966	36,966962	37,568438	37,107641	37,413090	37,340394	35,751748	36,670899
588,00	100,067782	99,947274	63,496155	62,845725	63,069201	62,872428	100,038838	100,045860	38,206220	37,418383	37,622121	37,911665	54,970241	57,888412	56,545001	60,195029	58,939022	60,410964	57,926512	60,419178	55,697817	58,469176	34,173784	36,337930	36,909580	36,993378	37,600681	37,127414	37,439713	37,360203	35,772893	36,686054
589,00	100,064659	99,983484	63,454998	62,833756	63,043517	62,859637	100,035334	100,018251	38,225701	37,437797	37,637538	37,934148	54,966038	57,904863	56,524950	60,197783	58,924192	60,416806	57,909548	60,426772	55,690324	58,485019	34,199733	36,367312	36,930016	37,019032	37,627330	37,147266	37,459412	37,389800	35,794052	36,709490
590,00	100,041687	99,963105	63,427103	62,816054	63,025415	62,825453	100,035548	100,011873	38,242954	37,462589	37,653810	37,957275	54,956609	57,911539	56,519324	60,182691	58,903104	60,406488	57,890117	60,413712	55,681741	58,479249	34,221393	36,391103	36,958110	37,040517	37,652361	37,164977	37,493464	37,417355	35,823154	36,725003
591,00	100,037348	99,949914	63,392168	62,787992	62,997234	62,799031	100,034428	100,016797	38,260019	37,478915	37,662154	37,975347	54,947555	57,911342	56,509858	60,175204	58,888227	60,379428	57,874584	60,386950	55,680907	58,471650	34,238705	36,419201	36,982763	37,073621	37,676129	37,186658	37,522891	37,444553	35,856888	36,758697
592,00	100,017095	99,927574	63,364697	62,758315	62,958884	62,771720	100,040340	100,035954	38,288426	37,506884	37,685856	38,002589	54,932559	57,891124	56,491488	60,160273	58,872586	60,358828	57,849425	60,363638	55,660081	58,460462	34,263173	36,450300	37,017995	37,100619	37,714040	37,213376	37,555531	37,466159	35,887837	36,789128
593,00	100,008631	99,920875	63,338286	62,722301	62,923068	62,734890	100,045049	100,034702	38,318470	37,527862	37,714908	38,021562	54,912066	57,888430	56,461656	60,137677	58,862871	60,319990	57,831776	60,343194	55,645770	58,442169	34,290591	36,474168	37,050524	37,129909	37,745419	37,238026	37,584928	37,491634	35,919198	36,817333
594,00	99,995023	99,925351	63,316745	62,703228	62,880343	62,710053	100,050128	100,050509	38,346878	37,560040	37,753937	38,046113	54,905409	57,878649	56,458652	60,124826	58,859837	60,306817	57,820433	60,326135	55,634475	58,435267	34,330481	36,495137	37,083480	37,147808	37,785792	37,262195	37,618762	37,515652	35,960987	36,838719
595,00	100,010729	99,921900	63,301075	62,677723	62,865907	62,667561	100,052035	100,040948	38,365877	37,572271	37,789592	38,066483	54,898268	57,862467	56,455845	60,098928	58,863008	60,266107	57,824850	60,312182	55,644518	58,431685	34,368110	36,518833	37,111172	37,183881	37,811235	37,284741	37,660068	37,544784	36,002538	36,859453
596,00	100,004184	99,928075	63,269818	62,656492	62,851393	62,656826	100,028789	100,020266	38,384381	37,587601	37,817228	38,083726	54,898131	57,850361	56,467074	60,093713	58,857679	60,278356	57,827222	60,310596	55,658984	58,441854	34,403682	36,541381	37,135112	37,207484	37,841266	37,305203	37,693587	37,563068	36,032304	36,882833
597,00	100,005889	99,937767	63,251650	62,639719	62,835330	62,629318	100,037777	100,003254	38,408595	37,617025	37,845707	38,113758	54,905170	57,842618	56,454730	60,075384	58,840173	60,269332	57,815951	60,302377	55,661291	58,439505	34,437245	36,571711	37,168121	37,238801	37,868732	37,332004	37,732300	37,598118	36,062032	36,914226
598,00	99,990290	99,933130	63,214934	62,616831	62,794065	62,611192	100,034237	99,995118	38,437861	37,651932	37,877044	38,139278	54,918694	57,830018	56,454390	60,065103	58,817422	60,257113	57,809657	60,291189	55,662036	58,417219	34,469751	36,599350	37,205932	37,262926	37,903619	37,359509	37,769908	37,623966	36,095104	36,943558
599,00	99,971807	99,931437	63,182342	62,599957	62,755191	62,580347	100,055003	100,012159	38,471308	37,684616	37,908900	38,165131	54,925829	57,818747	56,446916	60,065389	58,797669	60,220534	57,798445	60,278898	55,657917	58,404726	34,504768	36,623958	37,240842	37,297440	37,936553	37,390241	37,807044	37,658238	36,136380	36,981574
600,00	99,975425	99,923712	63,153654	62,565839	62,724179	62,542880	100,039816	100,014925	38,502160	37,691775	37,936768	38,173038	54,921371	57,806373	56,457478	60,058439	58,793610	60,197645	57,801229	60,263342	55,657977	58,380568	34,534213	36,650068	37,270477	37,322831	37,961563	37,405002	37,840882	37,678838	36,167175	36,994874
601,00	99,969363	99,965692	63,133240	62,540650	62,699628	62,527907	100,021601	100,029004	38,519406	37,707210	37,939450	38,200232	54,911405	57,816720	56,444699	60,062772	58,771712	60,193384	57,798117	60,248655	55,649030	58,373761	34,561765	36,673358	37,290394	37,344661	37,982774	37,426361	37,862197	37,704062	36,180913	37,022471
602,00	99,971551	99,956703	63,100183	62,490231	62,662828	62,487471	99,986780	100,017846	38,531131	37,719756	37,954605	38,232908	54,894686	57,805735	56,420904	60,024703	58,743715	60,164738	57,785892	60,206407	55,638009	58,340514	34,587613	36,703953	37,315434	37,368655	37,995997	37,449336	37,887195	37,730977	36,195371	37,039074
603,00	99,955374	99,984902	63,056487	62,455213	62,642986	62,472624	99,953246	100,002098	38,542801	37,748754	37,960529	38,265565	54,903674	57,798678	56,411916	60,018313	58,713782	60,150892	57,779771	60,195684	55,635530	58,348703	34,615254	36,722288	37,333500	37,393406	38,014725	37,477553	37,904546	37,755069	36,212513	37,067935
604,00	99,962705	99,958855	63,011980	62,420988	62,625295	62,421930	99,931437	99,972224	38,554275	37,766135	37,988487	38,282040	54,893452	57,770896	56,401193	59,993726	58,686137	60,113376	57,753736	60,162002	55,620301	58,329356	34,645221	36,741298	37,360856	37,414402	38,031974	37,501213	37,929219	37,784442	36,240357	37,085429
605,00	99,962759	99,986815	62,978643	62,405413	62,613225	62,404752	99,939299	99,988645	38,583955	37,795246	38,011867	38,298801	54,887861	57,766497	56,384158	60,002667	58,664840	60,115540	57,729214	60,166615	55,602163	58,326691	34,675616	36,763746	37,385860	37,445027	38,063890	37,536323	37,956798	37,810171	36,269775	37,114394
606,00	99,976265	99,961084	62,957168	62,388659	62,590551	62,371683	99,953437	99,992400	38,608441	37,814036	38,044795	38,326192	54,857802	57,740116	56,352878	59,963340	58,631396	60,095400	57,698131	60,140443	55,583006	58,299506	34,704167	36,792508	37,416631	37,476039	38,095477	37,565094	37,986737	37,845722	36,295456	37,135959
607,00	99,950564	99,953735	62,928563	62,374628	62,555850	62,361938	99,992561	100,005460	38,645259	37,850153	38,071823	38,348094	54,846072	57,727087	56,338072	59,948373	58,607149	60,092473	57,664716	60,134083	55,571884	58,286017	34,733856	36,822355	37,454736	37,513638	38,135216	37,596104	38,016781	37,870610	36,328542	37,164730
608,00	99,949098	99,949408	62,897831	62,351942	62,513429	62,322599	100,016630	100,009394	38,670856	37,874782	38,096508	38,379565	54,836226	57,707995	56,324553	59,920704	58,571672	60,056186	57,646650	60,112172	55,557281	58,267558	34,764749	36,854360	37,485427	37,538770	38,161790	37,618375	38,038304	37,897736	36,360538	37,194911
609,00	99,904174	99,984950	62,862283	62,326968	62,459069	62,303668	100,041723	100,022221	38,701969	37,900981	38,116559	38,399655	54,828811	57,718164	56,301332	59,924048	58,548617	60,034764	57,620484	60,094035	55,528277	58,256030	34,792653	36,883828	37,517115	37,565064	38,185230	37,645110	38,057369	37,923676	36,395207	37,223998
610,00	99,936312	100,012517	62,841243	62,287885	62,431723	62,274259	100,058079	100,030637	38,732076	37,926909	38,147801	38,423076	54,818958	57,724559	56,286484	59,911275	58,530539	60,014266	57,598174	60,075533	55,525583	58,251971	34,817395	36,914772	37,539825	37,591508	38,214040	37,672389	38,078073	37,956482	36,433446	37,249294
611,00	99,950838	100,038493	62,837863	62,274337	62,413162	62,266982	100,084710	100,005293	38,759768	37,949902	38,176328	38,440701	54,814470	57,728696	56,279081	59,904981	58,523065	60,021377	57,573056	60,063893	55,525011	58,236480	34,839875	36,936551	37,570602	37,615985	38,247299	37,695462	38,106596	37,981233	36,471301	37,262210
612,00	99,984378	100,043821	62,818646	62,254101	62,394166	62,246454	100,087261	100,028408	38,779721	37,983790	38,205090	38,470244	54,795188	57,718933	56,259179	59,894824	58,514720	60,017353	57,548505	60,060704	55,523211	58,220643	34,862027	36,969528	37,591153	37,646037	38,281476	37,737763	38,130280	38,020203	36,502802	37,295663
613,00	99,975950	100,041676	62,797761	62,232912	62,366045	62,221968	100,073469	100,030911	38,803211	38,009179	38,227752	38,502461	54,783654	57,698560	56,230420	59,875286	58,494562	59,997672	57,530910	60,047245	55,500418	58,202463	34,885526	36,997798	37,614363	37,680575	38,306218	37,767234	38,157475	38,053721	36,526656	37,331727
614,00	99,966359	100,030565	62,756145	62,194109	62,329519	62,194043	100,056338	100,032437	38,818315	38,036501	38,246030	38,525200	54,757559	57,684422	56,204480	59,849346	58,474153	59,966815	57,504338	60,020143	55,460733	58,186948	34,909108	37,022805	37,634224	37,707928	38,325104	37,790868	38,172576	38,079026	36,540675	37,364376
615,00	99,965453	100,029516	62,724936	62,143445	62,303209	62,160599	100,043988	100,017309	38,840726	38,061917	38,267460	38,547587	54,751229	57,662374	56,181985	59,812498	58,433795	59,932309	57,474029	59,995317	55,428743	58,167171	34,925929	37,047765	37,652954	37,740949	38,338196	37,811950	38,197857	38,103825	36,563110	37,388545
616,00	99,970216	100,041604	62,696189	62,115479	62,274617	62,142080	100,043368	100,002468	38,851455	38,080078	38,285199	38,572586	54,748493	57,648486	56,164187	59,800142	58,399320	59,918493	57,452041	59,978527	55,403942	58,141184	34,945163	37,069753	37,667605	37,772864	38,342300	37,836024	38,216722	38,120830	36,579472	37,405530
617,00	99,994057	100,042379	62,685293	62,092882	62,265468	62,116593	100,024509	100,017285	38,875163	38,112485	38,311771	38,606578	54,739362	57,630414	56,128615	59,781694	58,374524	59,905547	57,436907	59,967119	55,386263	58,126575	34,966183	37,101749	37,686309	37,806562	38,356349	37,876999	38,238439	38,159394	36,603010	37,435383
618,00	100,034976	100,039911	62,677395	62,077671	62,253267	62,096030	100,015891	100,015390	38,895935	38,133681	38,341853	38,641372	54,723221	57,619321	56,116652	59,777772	58,370382	59,900004	57,426512	59,947950	55,370176	58,121127	34,997603	37,129414	37,716126	37,831023	38,372639	37,900013	38,258517	38,181171	36,620972	37,462080
619,00	100,058079	100,030243	62,675142	62,040967	62,246430	62,063813	99,996513	100,023615	38,919476	38,158578	38,365668	38,665226	54,710948	57,605481	56,113142	59,761930	58,359039	59,879571	57,424778	59,919906	55,357921	58,113843	35,014531	37,157810	37,736484	37,856472	38,395423	37,924999	38,278258	38,212842	36,640894	37,483785
620,00	100,056005	100,025845	62,648606	62,019384	62,209231	62,046391	99,968386	100,011349	38,938770	38,172925	38,381183	38,685566	54,689860	57,601124	56,106478	59,743398	58,340746	59,863704	57,397074	59,890413	55,341429	58,114856	35,024142	37,178543	37,757695	37,885389	38,408646	37,954652	38,295537	38,231274	36,651272	37,506822
621,00	100,043142	100,006473	62,634677	62,003821	62,179446	62,019712	99,956155	100,011325	38,962817	38,197505	38,401344	38,704160	54,674131	57,589376	56,077212	59,725231	58,311677	59,831661	57,375032	59,866273	55,333322	58,098096	35,045204	37,204468	37,777919	37,915730	38,430163	37,983295	38,316381	38,260692	36,666816	37,535894
622,00	100,024939	100,003457	62,599742	61,983347	62,142831	61,990267	99,946046	99,999446	38,992822	38,223720	38,424495	38,722783	54,637653	57,561433	56,040782	59,709573	58,292794	59,811258	57,337207	59,843808	55,312663	58,086956	35,077751	37,224019	37,805402	37,940779	38,461027	38,007283	38,344619	38,281921	36,684537	37,564334
623,00	100,032449	100,016999	62,578583	61,951864	62,117738	61,975008	99,952722	100,019681	39,019498	38,260281	38,452262	38,755539	54,630816	57,546312	56,017756	59,704089	58,274150	59,778243	57,328790	59,823495	55,302292	58,076078	35,119385	37,259388	37,836072	37,969926	38,495708	38,030791	38,379589	38,322040	36,707836	37,597728
624,00	100,004053	100,034547	62,538385	61,925781	62,080932	61,949557	99,981481	100,031888	39,051837	38,284501	38,477337	38,779941	54,611206	57,534659	56,009400	59,686792	58,256179	59,768689	57,301927	59,813243	55,286849	58,071536	35,155919	37,279147	37,867707	37,999690	38,528737	38,062012	38,409734	38,351765	36,738968	37,617657
625,00	100,022578	100,043452	62,510008	61,925149	62,047392	61,939377	100,013316	100,037158	39,088309	38,301426	38,513047	38,794631	54,605973	57,544994	56,010252	59,667170	58,224010	59,755230	57,274950	59,818852	55,274320	58,068866	35,191506	37,305772	37,900463	38,022777	38,564113	38,090450	38,435960	38,377988	36,780179	37,635872
626,00	100,016069	100,030756	62,479895	61,901236	62,022108	61,907458	100,049376	100,019491	39,125386	38,310009	38,552943	38,800415	54,594117	57,524902	56,000972	59,642184	58,184630	59,744859	57,245618	59,801972	55,248964	58,046430	35,216808	37,325200	37,928998	38,045615	38,592634	38,113707	38,461795	38,392949	36,816883	37,657031
627,00	100,039089	100,018895	62,454587	61,880553	62,011045	61,892778	100,062692	99,990296	39,156517	38,323072	38,583893	38,807940	54,575819	57,500446	55,982709	59,621191	58,156222	59,712481	57,235438	59,783751	55,227435	58,029616	35,240462	37,343886	37,960896	38,070819	38,623533	38,136742	38,487560	38,411137	36,850443	37,674940
628,00	100,042260	100,017881	62,427431	61,855143	62,006944	61,858886	100,065386	100,006855	39,178386	38,344955	38,611954	38,841861	54,557371	57,494998	55,958754	59,619981	58,134997	59,701151	57,231182	59,757447	55,204576	58,024365	35,255662	37,371862	37,984708	38,100803	38,641468	38,162342	38,507357	38,437307	36,866811	37,712109
629,00	100,046086	100,010347	62,405896	61,838979	61,974835	61,818713	100,061119	100,013649	39,203122	38,368744	38,624939	38,866237	54,531932	57,483268	55,943340	59,611982	58,113462	59,673238	57,204580	59,747040	55,199188	58,005756	35,282543	37,404978	38,008496	38,127092	38,667375	38,185066	38,528827	38,460958	36,893693	37,734082
630,00	100,040734	100,023854	62,376738	61,815351	61,936927	61,790174	100,059235	100,021505	39,236110	38,389820	38,647842	38,891387	54,505885	57,488668	55,920810	59,614623	58,073682	59,672040	57,163614	59,732288	55,172575	57,996321	35,301480	37,445009	38,029739	38,154235	38,692731	38,195011	38,553074	38,485321	36,922246	37,762696
631,00	100,018191	100,025046	62,350827	61,785114	61,894119	61,755860	100,089574	100,008953	39,263654	38,415036	38,667402	38,907772	54,485327	57,471454	55,895364	59,590489	58,032763	59,632641	57,120502	59,697866	55,146044	57,967681	35,336411	37,469569	38,061446	38,175067	38,719112	38,226560	38,577151	38,514560	36,961293	37,787175
632,00	100,015748	100,053096	62,329662	61,772341	61,886913	61,740339	100,086915	100,014532	39,287242	38,449126	38,685453	38,934815	54,457510	57,468456	55,883831	59,575194	58,003122	59,625566	57,103199	59,681875	55,125308	57,968259	35,355732	37,490132	38,085201	38,216335	38,743508	38,250309	38,599133	38,554233	36,984307	37,809312
633,00	100,007176	100,051427	62,293321	61,751157	61,870801	61,710155	100,090516	99,986136	39,297864	38,475469	38,695705	38,957471	54,450560	57,448870	55,871004	59,553355	57,977682	59,609485	57,081342	59,661847	55,104798	57,953066	35,377452	37,506047	38,106847	38,236102	38,757786	38,280758	38,613632	38,578594	37,000713	37,831584
634,00	100,000226	100,030398	62,270582	61,715871	61,834794	61,686599	100,069797	99,956459	39,319444	38,488048	38,714093	38,986051	54,427230	57,426906	55,851042	59,521788	57,963198	59,601015	57,058352	59,641463	55,091488	57,941312	35,395008	37,538266	38,132328	38,270578	38,775516	38,297999	38,632110	38,599545	37,021646	37,850273
635,00	99,967653	100,029027	62,234771	61,691105	61,793780	61,672342	100,085461	99,939138	39,344066	38,503978	38,739869	39,003384	54,423749	57,414675	55,825675	59,505016	57,937509	59,586084	57,019937	59,625274	55,074084	57,938647	35,415119	37,565649	38,161224	38,285267	38,789642	38,324794	38,646328	38,616496	37,050939	37,877721
636,00	99,968499	100,012326	62,217200	61,671633	61,767530	61,654234	100,072932	99,975699	39,363423	38,525733	38,768300	39,041355	54,405534	57,413286	55,806124	59,491271	57,920194	59,570634	57,001269	59,601527	55,074573	57,929152	35,442975	37,593552	38,184163	38,316971	38,805604	38,351810	38,667789	38,644046	37,078884	37,911144
637,00	99,960577	100,020254	62,197614	61,647582	61,755198	61,639148	100,043523	99,989831	39,378300	38,548160	38,781619	39,060166	54,391170	57,414854	55,803412	59,495085	57,916391	59,548062	56,986541	59,596407	55,060291	57,925367	35,458633	37,614116	38,207829	38,330868	38,821504	38,370961	38,694775	38,671032	37,094498	37,937459
638,00	99,997640	99,997222	62,164754	61,616665	61,746842	61,609495	100,025141	99,978232	39,398456	38,556835	38,798130	39,087692	54,387206	57,405001	55,791360	59,464842	57,919830	59,520555	56,984639	59,577823	55,051845	57,898486	35,489732	37,636265	38,230366	38,350171	38,848156	38,395321	38,728267	38,692120	37,120870	37,970120
639,00	99,994934	100,015020	62,146556	61,579132	61,727530	61,576009	100,009382	99,989969	39,419210	38,589847	38,819036	39,101741	54,395676	57,387757	55,790395	59,431255	57,930207	59,498048	56,984037	59,552503	55,038410	57,870531	35,512683	37,666562	38,259175	38,378775	38,874176	38,424709	38,748991	38,717774	37,145057	37,996167
640,00	99,990302	100,015676	62,099504	61,567074	61,689574	61,557835	99,995667	100,022006	39,438033	38,628343	38,856602	39,126262	54,385990	57,366276	55,752563	59,405041	57,898009	59,486085	56,959933	59,542191	55,018502	57,859039	35,543758	37,699893	38,273147	38,416371	38,895434	38,461649	38,764682	38,747895	37,166092	38,038808
641,00	99,966711	100,020444	62,079877	61,523730	61,650425	61,524558	99,955618	100,042093	39,447209	38,671389	38,877353	39,147007	54,376638	57,335591	55,731875	59,395957	57,875288	59,468782	56,942046	59,520507	54,983395	57,840484	35,565856	37,740582	38,287473	38,452026	38,910604	38,482106	38,779068	38,781041	37,173405	38,071179
642,00	99,952430	100,022173	62,051642	61,509752	61,597198	61,503035	99,931115	100,025678	39,463919	38,687456	38,895643	39,165500	54,336661	57,317209	55,694121	59,389877	57,824039	59,448385	56,911153	59,519881	54,948944	57,836688	35,589468	37,764522	38,302177	38,474911	38,937810	38,509414	38,812596	38,806278	37,190548	38,094497
643,00	99,957985	100,019836	62,051558	61,487323	61,584479	61,481100	99,933589	99,990517	39,484555	38,694200	38,907146	39,178342	54,337794	57,305211	55,690563	59,385550	57,805556	59,437382	56,912059	59,503579	54,936510	57,822782	35,618511	37,781617	38,334483	38,485000	38,979733	38,516486	38,847178	38,818800	37,214938	38,104111
644,00	99,965698	100,020146	62,032795	61,463815	61,556673	61,443144	99,963534	99,967349	39,517888	38,696182	38,943192	39,186156	54,313463	57,289618	55,662310	59,372967	57,767320	59,412730	56,896251	59,482360	54,924762	57,803196	35,656551	37,797761	38,368922	38,506129	39,024451	38,526294	38,885990	38,831007	37,244770	38,115960
645,00	99,959099	99,984586	62,004101	61,428112	61,536807	61,425596	99,991846	99,970174	39,549854	38,718379	38,974926	39,207593	54,313678	57,267958	55,647486	59,354550	57,741117	59,394515	56,878191	59,448832	54,901844	57,794189	35,696223	37,830094	38,399360	38,535675	39,056873	38,540268	38,918868	38,862202	37,274915	38,157451
646,00	99,954259	99,988991	61,974180	61,390620	61,505920	61,383486	100,013852	100,005102	39,579022	38,750684	39,005280	39,247531	54,293627	57,257032	55,627990	59,321618	57,721144	59,365362	56,865686	59,415913	54,892749	57,765746	35,728467	37,868777	38,422289	38,578281	39,081040	38,586742	38,954484	38,891354	37,301716	38,186237
647,00	99,955869	100,001991	61,941868	61,374211	61,483634	61,366749	100,021541	100,022984	39,601520	38,784283	39,019653	39,283451	54,286379	57,260251	55,620015	59,300280	57,700491	59,367490	56,864870	59,390032	54,880160	57,757413	35,750189	37,890980	38,443401	38,601345	39,101678	38,624001	38,989329	38,925222	37,335941	38,208234
648,00	99,978209	100,018430	61,924231	61,349750	61,462229	61,323535	100,030637	100,022054	39,625341	38,804623	39,043549	39,305010	54,273623	57,252306	55,609876	59,278148	57,679456	59,352130	56,852967	59,366381	54,872227	57,736868	35,776272	37,912902	38,472173	38,620359	39,130375	38,657486	39,014173	38,936478	37,362102	38,216022
649,00	100,008106	100,026739	61,901724	61,345506	61,441433	61,314076	100,045145	100,015569	39,654812	38,834545	39,062840	39,325765	54,255646	57,235706	55,592000	59,270680	57,637757	59,345251	56,816542	59,352231	54,852587	57,730407	35,800785	37,935990	38,499272	38,648343	39,154759	38,666478	39,036331	38,965902	37,398282	38,243741
650,00	99,993861	100,007784	61,877120	61,319441	61,410189	61,282855	100,074041	100,014544	39,684612	38,856700	39,104477	39,356896	54,233098	57,205158	55,558813	59,250903	57,595462	59,325314	56,762677	59,342366	54,833972	57,724500	35,823771	37,960118	38,526523	38,681191	39,181596	38,692078	39,057341	38,979158	37,427321	38,273215
651,00	99,988037	99,994349	61,855984	61,285567	61,386293	61,258364	100,094354	100,006962	39,713028	38,885939	39,136875	39,385441	54,221362	57,191205	55,530459	59,225309	57,567304	59,303033	56,716043	59,332275	54,814196	57,696408	35,843343	37,991595	38,549802	38,715306	39,195827	38,715515	39,085996	39,007762	37,460175	38,304532
652,00	99,970925	99,993324	61,826354	61,250824	61,353660	61,232203	100,103831	100,005281	39,743057	38,912171	39,164996	39,400309	54,190457	57,173842	55,513507	59,198016	57,530802	59,279895	56,682950	59,317899	54,779500	57,670563	35,856822	38,013610	38,567838	38,734508	39,211917	38,753006	39,108738	39,033970	37,481126	38,343379
653,00	100,004327	99,988306	61,827570	61,229140	61,350530	61,234254	100,094259	100,021458	39,768001	38,946551	39,181221	39,424476	54,163653	57,167125	55,509681	59,187847	57,533050	59,270036	56,668550	59,293073	54,769301	57,639390	35,873342	38,044247	38,576940	38,754153	39,217269	38,784191	39,115971	39,073414	37,494051	38,379148
654,00	100,027966	100,017154	61,812425	61,210752	61,340725	61,224824	100,078070	100,003636	39,789468	38,963231	39,192837	39,444953	54,122347	57,151049	55,501211	59,189487	57,519948	59,248871	56,654024	59,280914	54,744506	57,631278	35,884082	38,056564	38,590747	38,765681	39,235291	38,810971	39,126179	39,100283	37,506911	38,402316
655,00	100,041533	100,011659	61,788982	61,174327	61,334765	61,193740	100,069010	99,983215	39,810425	38,977626	39,220211	39,463216	54,082227	57,131666	55,446005	59,176528	57,500285	59,231055	56,612718	59,253007	54,715377	57,606739	35,908335	38,072288	38,598689	38,782269	39,239043	38,820693	39,133209	39,118713	37,522984	38,406265
656,00	100,010037	100,013554	61,739272	61,140573	61,286157	61,137539	100,074053	99,981284	39,831483	39,007786	39,243057	39,491284	54,001480	57,104659	55,372423	59,143817	57,432479	59,189641	56,541693	59,213090	54,637784	57,576048	35,931927	38,100258	38,620776	38,805553	39,258578	38,853246	39,145726	39,141393	37,548029	38,429850
657,00	100,004029	99,995446	61,710125	61,121446	61,265069	61,099577	100,083745	100,014460	39,859155	39,041957	39,259601	39,516753	53,927225	57,089931	55,300444	59,099311	57,358921	59,166658	56,472611	59,171927	54,569018	57,545024	35,947147	38,133675	38,630351	38,843954	39,265186	38,881749	39,144638	39,173946	37,557238	38,462144
658,00	100,029337	99,985647	61,696362	61,090606	61,249906	61,070299	100,072050	100,035787	39,878085	39,073306	39,290699	39,547032	53,868693	57,071745	55,230123	59,069520	57,291871	59,135365	56,400126	59,141290	54,500860	57,525390	35,951039	38,158131	38,640407	38,872182	39,276135	38,921306	39,137089	39,208424	37,555718	38,492894
659,00	100,036645	99,990416	61,669087	61,087543	61,239851	61,072183	100,057375	100,033140	39,907077	39,084485	39,318430	39,565480	53,809130	57,068563	55,142605	59,045881	57,209611	59,121811	56,313586	59,153277	54,428929	57,523108	35,940501	38,172275	38,635540	38,898790	39,275470	38,946453	39,119053	39,233944	37,544984	38,508350
660,00	100,051177	99,999017	61,640704	61,061019	61,217332	61,049074	100,040042	100,047386	39,927778	39,105758	39,352351	39,594728	53,705341	57,043195	55,040121	59,036899	57,132781	59,108698	56,203091	59,149265	54,346454	57,492495	35,933268	38,188964	38,623828	38,918072	39,271256	38,964549	39,097661	39,256519	37,534717	38,535130
661,00	100,050581	100,004983	61,605376	61,052644	61,181551	61,020780	100,011873	100,058901	39,944470	39,123172	39,360818	39,620635	53,583890	57,038254	54,916430	59,018648	57,027495	59,098369	56,084043	59,142852	54,234284	57,489669	35,916317	38,219914	38,608429	38,949111	39,259824	38,994929	39,068967	39,287597	37,513652	38,564706
662,00	100,083470	100,001276	61,596644	61,010283	61,151320	60,979033	99,983215	100,062644	39,961013	39,138538	39,383808	39,641666	53,462094	57,003206	54,806155	59,009928	56,924152	59,075522	55,960119	59,110093	54,128271	57,484263	35,897401	38,241109	38,595721	38,976887	39,243898	39,009240	39,045715	39,321434	37,488514	38,596222
663,00	100,094891	99,983573	61,576128	60,979116	61,120301	60,958219	99,965566	100,054502	39,980352	39,165971	39,407283	39,667347	53,344667	56,973726	54,688913	58,979797	56,788164	59,024352	55,847126	59,075761	54,024357	57,480043	35,872635	38,269642	38,574088	39,013195	39,228302	39,046696	39,015302	39,349186	37,460482	38,617963
664,00	100,077450	99,985576	61,550462	60,956818	61,096203	60,946673	99,979711	100,059772	39,997593	39,186671	39,432421	39,692497	53,204304	56,933618	54,569012	58,954799	56,671190	59,006715	55,714786	59,054166	53,894407	57,442814	35,840836	38,295954	38,554078	39,036006	39,198607	39,060262	38,985923	39,361125	37,428337	38,634032
665,00	100,048125	99,988401	61,535323	60,954499	61,082166	60,935163	99,986994	100,062370	40,009990	39,218602	39,446971	39,720210	53,064650	56,905246	54,417789	58,927572	56,524062	58,979833	55,586761	59,035730	53,747362	57,395321	35,808155	38,326049	38,527253	39,070278	39,168498	39,099216	38,944814	39,388156	37,393245	38,666126
666,00	100,038612	100,009310	61,519116	60,934728	61,061770	60,931325	99,991858	100,056279	40,032893	39,242518	39,473820	39,740902	52,920020	56,884980	54,253161	58,904022	56,402969	58,984512	55,426800	59,015352	53,579021	57,378566	35,780644	38,339359	38,513529	39,094734	39,136109	39,120433	38,905364	39,423054	37,363130	38,691121
667,00	100,065303	99,994880	61,520934	60,892683	61,043185	60,895950	100,010395	100,048006	40,067235	39,268410	39,498729	39,765653	52,788198	56,861448	54,125732	58,878756	56,276703	58,943439	55,298096	58,990353	53,472835	57,365692	35,761577	38,359401	38,500613	39,126638	39,111385	39,142463	38,874894	39,457127	37,340778	38,728535
668,00	100,066626	100,009561	61,487424	60,856843	61,020565	60,878658	100,040615	100,031924	40,096653	39,286229	39,519471	39,778113	52,652234	56,847459	54,016799	58,862680	56,153578	58,916783	55,154014	58,975768	53,348333	57,366818	35,752964	38,365528	38,496211	39,144886	39,084494	39,146236	38,847837	39,474350	37,314951	38,733932
669,00	100,060308	100,008035	61,466920	60,843718	61,007565	60,849184	100,049567	100,017905	40,119129	39,300764	39,527690	39,790574	52,540934	56,822550	53,905916	58,844465	56,029576	58,884352	55,054659	58,954787	53,235078	57,345563	35,728046	38,382077	38,478875	39,155909	39,055789	39,159283	38,825399	39,479351	37,284410	38,739806
670,00	100,013697	100,017095	61,426985	60,824412	60,983235	60,845548	100,034547	99,989921	40,135652	39,329040	39,540932	39,804518	52,429432	56,812805	53,801328	58,826214	55,891567	58,845770	54,938149	58,927459	53,093415	57,338065	35,705939	38,387868	38,464177	39,166981	39,035648	39,186752	38,794857	39,491475	37,265155	38,743594
671,00	100,042534	100,022554	61,423278	60,796672	60,976338	60,816270	99,998313	100,004816	40,154707	39,359960	39,558011	39,823979	52,343225	56,797051	53,696901	58,798194	55,803305	58,819950	54,853940	58,877748	53,000236	57,316828	35,684314	38,421890	38,445613	39,199492	39,020172	39,213115	38,775223	39,517799	37,251925	38,783145
672,00	100,001574	100,010502	61,384135	60,776091	60,927212	60,799474	99,998498	99,990481	40,174007	39,380780	39,587739	39,842770	52,235311	56,791645	53,618485	58,781302	55,704236	58,805966	54,744714	58,859617	52,906400	57,313281	35,682255	38,450444	38,445646	39,227313	39,008573	39,235139	38,759586	39,538544	37,252223	38,817838
673,00	100,030947	100,006735	61,376506	60,761350	60,906661	60,787338	100,003362	100,008154	40,201813	39,395398	39,610612	39,863631	52,176577	56,775260	53,560996	58,774912	55,662936	58,801591	54,691172	58,850169	52,845258	57,289088	35,681781	38,486972	38,451505	39,264533	39,005527	39,252391	38,749391	39,566296	37,256652	38,846424
674,00	99,994451	99,982238	61,345595	60,739362	60,858268	60,762179	100,027108	99,997312	40,230572	39,411655	39,643574	39,882049	52,118504	56,746829	53,511798	58,763784	55,600429	58,786345	54,630780	58,861452	52,782065	57,272506	35,694858	38,501388	38,472521	39,277720	39,016873	39,268261	38,750324	39,582372	37,274453	38,859609
675,00	100,023222	99,978447	61,334056	60,707188	60,863554	60,719669	100,026608	100,021946	40,257990	39,442417	39,656231	39,917317	52,107060	56,705141	53,478408	58,738297	55,579501	58,745390	54,618829	58,843535	52,750772	57,248473	35,715017	38,520694	38,485768	39,308041	39,041042	39,291918	38,755950	39,613995	37,291530	38,888210
676,00	100,004923	99,969703	61,298448	60,682631	60,841447	60,662532	100,019491	100,022364	40,277222	39,454389	39,674625	39,939272	52,099776	56,661123	53,452426	58,702463	55,536044	58,708221	54,583019	58,800822	52,725559	57,221311	35,742763	38,531715	38,499135	39,332843	39,067349	39,324841	38,780469	39,641607	37,306625	38,918090
677,00	100,017130	99,969077	61,273420	60,659260	60,828596	60,644358	100,016248	100,007856	40,296632	39,472181	39,685926	39,965507	52,125382	56,642151	53,467363	58,681196	55,545211	58,676851	54,585433	58,762968	52,731949	57,203633	35,776600	38,549992	38,518310	39,359143	39,099157	39,356944	38,813138	39,664871	37,340146	38,933697
678,00	99,999082	99,969828	61,242920	60,631692	60,794908	60,618150	100,004065	100,017428	40,312889	39,478913	39,715993	39,982441	52,161264	56,647569	53,477985	58,681822	55,536962	58,661610	54,580057	58,740121	52,760822	57,183623	35,811570	38,576573	38,556892	39,387390	39,137599	39,376411	38,853699	39,699382	37,372437	38,951477
679,00	99,981046	99,972868	61,226177	60,610300	60,769176	60,596234	99,995667	100,005198	40,329543	39,505923	39,740947	40,001911	52,204180	56,643319	53,499025	58,651948	55,566448	58,647692	54,609203	58,737600	52,800703	57,176143	35,860291	38,604096	38,613132	39,398244	39,186290	39,385056	38,895199	39,716008	37,420046	38,970616
680,00	99,980080	99,981809	61,208892	60,596400	60,749531	60,577959	99,977571	100,032604	40,353057	39,530563	39,762607	40,026486	52,261174	56,642503	53,543317	58,645493	55,618519	58,634126	54,642463	58,718431	52,878177	57,165778	35,921818	38,645762	38,669622	39,420745	39,243180	39,405745	38,947019	39,743793	37,472305	39,012879
681,00	99,970132	99,993873	61,176503	60,570604	60,717458	60,552973	99,980474	100,020170	40,383929	39,562425	39,797986	40,038916	52,329099	56,639189	53,634769	58,620656	55,700457	58,622772	54,723477	58,696383	52,936739	57,160121	35,994706	38,664818	38,738689	39,442980	39,307237	39,423490	39,022675	39,757812	37,547246	39,029866
682,00	99,997503	99,995077	61,136150	60,556400	60,694456	60,530478	99,985236	100,032127	40,418851	39,593464	39,836583	40,063977	52,442884	56,659269	53,743529	58,624786	55,804503	58,615375	54,819703	58,673429	53,044033	57,153296	36,077935	38,704419	38,811734	39,480770	39,378387	39,459664	39,112949	39,784089	37,632373	39,054218
683,00	100,007629	99,983978	61,101377	60,508943	60,663968	60,491240	99,992067	100,022662	40,440491	39,608344	39,860016	40,080297	52,574587	56,671166	53,883672	58,588773	55,915946	58,600062	54,953909	58,656919	53,150064	57,134891	36,161244	38,722107	38,888982	39,508361	39,451247	39,475247	39,208192	39,811614	37,721789	39,061517
684,00	100,017810	99,974215	61,078268	60,480100	60,633606	60,464221	99,980307	99,993742	40,454227	39,613461	39,875394	40,098423	52,720094	56,657118	53,996903	58,566105	56,053650	58,596402	55,072695	58,653736	53,301007	57,115340	36,251503	38,745868	38,962272	39,518589	39,521676	39,504483	39,296570	39,818752	37,805921	39,074153
685,00	100,013494	99,980134	61,060667	60,437328	60,608763	60,449237	99,997962	99,975473	40,478083	39,632189	39,909753	40,117595	52,869982	56,635392	54,138982	58,554119	56,182939	58,584780	55,208135	58,655477	53,442895	57,106107	36,360005	38,753644	39,043927	39,537933	39,615649	39,524260	39,406246	39,847386	37,911060	39,095876
686,00	100,002074	99,996257	61,031508	60,439187	60,578364	60,432482	100,016177	99,946737	40,501773	39,643615	39,946952	40,133500	53,024065	56,624490	54,259795	58,546549	56,278521	58,579588	55,341554	58,663481	53,600389	57,083863	36,468306	38,769653	39,132386	39,546597	39,706042	39,557970	39,516941	39,852092	38,006946	39,116359
687,00	100,004268	100,014949	61,005670	60,443389	60,560226	60,442209	100,052941	99,975950	40,542421	39,678439	39,969027	40,176541	53,185391	56,637102	54,410356	58,562243	56,382102	58,566713	55,482531	58,655959	53,753346	57,082647	36,584905	38,815653	39,225990	39,594209	39,818135	39,597064	39,643461	39,892274	38,115069	39,171970
688,00	100,008023	100,005162	60,983598	60,436517	60,535008	60,427237	100,061369	99,980348	40,559509	39,694941	39,975190	40,197459	53,342271	56,640989	54,562193	58,558005	56,492871	58,543873	55,637246	58,636993	53,916234	57,058674	36,687419	38,852274	39,316845	39,621505	39,911947	39,622441	39,756611	39,908284	38,210517	39,207920
689,00	100,007832	99,995369	60,963917	60,414094	60,530847	60,423791	100,048614	100,026178	40,575978	39,738700	39,992154	40,224278	53,486013	56,644559	54,710984	58,567870	56,624186	58,533859	55,791414	58,620679	54,068148	57,062674	36,796656	38,901433	39,401829	39,672059	40,003857	39,643565	39,861104	39,946026	38,307744	39,254978
690,00	100,013733	99,974638	60,938996	60,367113	60,517019	60,378772	100,035608	99,982852	40,585873	39,739046	40,016407	40,217671	53,644186	56,620359	54,845196	58,549362	56,727427	58,492655	55,940127	58,589083	54,213828	57,047331	36,893734	38,909289	39,480686	39,679569	40,083691	39,653742	39,970851	39,954898	38,409960	39,264980
691,00	99,982351	99,999601	60,913581	60,333914	60,495806	60,348082	100,011206	99,953622	40,605941	39,748809	40,032777	40,249386	53,759885	56,607038	54,969311	58,541989	56,819767	58,478284	56,056947	58,573109	54,330355	57,036054	36,978641	38,922217	39,543256	39,702418	40,155229	39,670780	40,064174	39,970312	38,501766	39,277181
692,00	99,945527	99,992442	60,887986	60,291010	60,448849	60,285389	100,013399	99,927187	40,642682	39,749813	40,064412	40,274277	53,862292	56,595051	55,065799	58,516234	56,899351	58,447802	56,141406	58,547688	54,419404	57,018965	37,060791	38,945785	39,611039	39,723262	40,228957	39,704952	40,168017	39,984477	38,586396	39,296764
693,00	99,990672	100,010884	60,894239	60,290760	60,426533	60,267293	100,001132	99,957520	40,666839	39,787266	40,094265	40,299931	53,959256	56,598115	55,172437	58,507043	57,002228	58,449858	56,239045	58,556020	54,520327	57,002705	37,140515	38,981357	39,664143	39,745179	40,296200	39,739665	40,241840	40,003341	38,652444	39,310855
694,00	100,045145	100,000131	60,890573	60,266608	60,414720	60,249025	100,024223	99,963379	40,704632	39,797717	40,134212	40,299043	54,060674	56,593466	55,257356	58,483058	57,085115	58,438092	56,332928	58,529162	54,623461	56,993651	37,213969	39,013049	39,732945	39,758494	40,362519	39,773914	40,320262	40,032452	38,726285	39,334348
695,00	100,072169	100,034273	60,899019	60,246015	60,415006	60,241842	100,025022	99,951017	40,735275	39,832044	40,142485	40,316775	54,142386	56,578463	55,342221	58,473957	57,168323	58,429646	56,429958	58,529925	54,703724	56,978750	37,273082	39,028913	39,791989	39,780858	40,416843	39,790046	40,386096	40,059459	38,794887	39,349216
696,00	100,045300	100,022209	60,884893	60,213667	60,416454	60,214257	100,030088	99,946135	40,763259	39,857227	40,150174	40,338805	54,204834	56,579870	55,429733	58,460432	57,224959	58,407778	56,492364	58,513081	54,755491	56,968749	37,320250	39,054403	39,844990	39,822614	40,466213	39,807841	40,455112	40,094844	38,859883	39,382470
697,00	100,033259	100,027394	60,872287	60,197127	60,400289	60,199541	100,027859	99,959666	40,788805	39,893025	40,170324	40,364629	54,259115	56,583381	55,470431	58,456987	57,274431	58,400899	56,542009	58,510602	54,802656	56,962568	37,376156	39,089447	39,885226	39,861599	40,517008	39,834720	40,518802	40,121201	38,903368	39,403683
698,00	100,020289	99,996877	60,832769	60,172921	60,376281	60,182905	100,026166	99,955869	40,800625	39,911696	40,198413	40,383130	54,316437	56,587374	55,516374	58,425307	57,304746	58,380961	56,586498	58,482492	54,843271	56,959867	37,423962	39,120761	39,927760	39,872059	40,556544	39,859408	40,568176	40,135142	38,943049	39,420378
699,00	100,014317	100,004041	60,800982	60,149151	60,344279	60,167867	100,039876	99,946618	40,814245	39,932007	40,223512	40,408915	54,365754	56,564116	55,530912	58,399451	57,320356	58,359891	56,628764	58,456194	54,886073	56,967723	37,459645	39,139697	39,972341	39,876464	40,591687	39,883909	40,607870	40,162480	38,977978	39,442387
700,00	99,998266	100,006604	60,779494	60,145324	60,314924	60,154635	100,032985	99,948609	40,827808	39,958912	40,219823	40,435290	54,397070	56,550676	55,565524	58,391631	57,336551	58,351046	56,654489	58,442181	54,903567	56,961119	37,491074	39,172703	40,005490	39,901534	40,614977	39,906478	40,643969	40,187317	39,014545	39,468369
701,00	100,024259	99,983948	60,760087	60,137087	60,296184	60,106200	100,042951	99,946016	40,846044	39,976934	40,232649	40,454090	54,441965	56,523037	55,579984	58,383501	57,345045	58,330584	56,670362	58,410293	54,939073	56,931520	37,523884	39,200842	40,032536	39,941287	40,652302	39,940602	40,692639	40,222672	39,047757	39,494047
702,00	99,998754	99,969119	60,769224	60,133678	60,261691	60,090929	100,064397	99,949974	40,874770	40,008488	40,247822	40,483570	54,461801	56,531680	55,602527	58,369279	57,361484	58,332610	56,677306	58,400160	54,948258	56,913269	37,581930	39,234361	40,068147	39,982057	40,688396	39,976090	40,741441	40,259105	39,095229	39,524791
703,00	99,975961	99,953252	60,739988	60,124314	60,234755	60,069537	100,051165	99,938172	40,894467	40,035373	40,275380	40,518266	54,494035	56,539923	55,606180	58,363420	57,357806	58,326030	56,685007	58,399397	54,955351	56,920534	37,630460	39,247572	40,107456	40,000355	40,729314	39,990687	40,776631	40,284535	39,137742	39,552048
704,00	99,951261	99,997377	60,745984	60,119933	60,213500	60,081500	100,065851	99,955225	40,917292	40,057153	40,305543	40,539604	54,491818	56,541592	55,631822	58,377260	57,372087	58,328474	56,688344	58,404660	54,955751	56,947237	37,683567	39,264172	40,152463	40,026107	40,776947	39,998037	40,818039	40,303928	39,185688	39,573726
705,00	99,981117	99,989831	60,714650	60,083407	60,216790	60,060465	100,038302	99,934745	40,932015	40,047622	40,338650	40,543002	54,513383	56,527269	55,645406	58,379239	57,378763	58,295774	56,689054	58,389455	54,981351	56,921256	37,707415	39,263561	40,188062	40,028724	40,811214	39,999515	40,846202	40,314007	39,215970	39,575273
706,00	99,983269	99,991798	60,698837	60,045028	60,212386	60,045791	100,050664	99,916738	40,953770	40,049249	40,356731	40,543520	54,521149	56,501096	55,659622	58,375752	57,381076	58,277345	56,707960	58,368242	54,988205	56,898999	37,729442	39,288548	40,215862	40,052220	40,846267	40,020007	40,880343	40,350392	39,244252	39,588013
707,00	100,008929	99,982148	60,674763	60,036212	60,207671	60,040343	100,025439	99,921316	40,964592	40,087962	40,366781	40,564787	54,552919	56,488460	55,660653	58,355993	57,370019	58,267039	56,696111	58,354533	54,997075	56,879151	37,746346	39,316264	40,225449	40,083736	40,865526	40,045252	40,891391	40,390432	39,264053	39,623556
708,00	99,997365	100,001836	60,667616	60,033983	60,202479	60,027283	100,024927	99,923396	40,984684	40,139183	40,368077	40,602311	54,572523	56,490976	55,657732	58,353502	57,368582	58,262116	56,714511	58,344454	54,987884	56,887770	37,774852	39,367923	40,248597	40,116763	40,892985	40,063778	40,914288	40,426910	39,295492	39,665294
709,00	99,999213	99,980468	60,654694	60,025132	60,183930	60,003781	100,028133	99,953467	40,999806	40,187153	40,398443	40,624928	54,576504	56,484759	55,667907	58,318985	57,381064	58,228880	56,710660	58,314472	54,989523	56,875163	37,817764	39,393574	40,284473	40,144780	40,911305	40,082827	40,945938	40,436190	39,332053	39,712039
710,00	99,987692	99,963522	60,624331	59,995633	60,149246	59,973389	100,023198	99,930358	41,032869	40,195969	40,416890	40,643206	54,562807	56,477797	55,657327	58,289224	57,383788	58,201903	56,735992	58,314085	54,990405	56,854522	37,859726	39,419571	40,338194	40,151608	40,939075	40,097672	40,981126	40,445831	39,379650	39,728320
711,00	99,978483	99,933696	60,577637	59,989893	60,108060	59,950286	100,019979	99,957573	41,056859	40,220401	40,447068	40,647593	54,556131	56,460601	55,641615	58,279985	57,372391	58,186781	56,714743	58,305770	54,994482	56,837881	37,898365	39,450482	40,367398	40,190339	40,965557	40,132138	41,007277	40,471858	39,408863	39,754212
712,00	99,998504	99,946111	60,554862	59,981322	60,083055	59,944111	100,002837	99,943411	41,084877	40,225315	40,461856	40,668419	54,565167	56,458318	55,638433	58,270109	57,351762	58,168292	56,690997	58,314532	54,989827	56,833053	37,925935	39,476898	40,392268	40,230086	40,998158	40,149692	41,042271	40,502644	39,433339	39,770770
713,00	100,019026	99,959010	60,549945	59,974349	60,085613	59,954089	100,010717	99,952185	41,109115	40,253222	40,496296	40,703049	54,584396	56,487089	55,646992	58,301008	57,335675	58,168811	56,677526	58,322245	55,000228	56,857932	37,948963	39,497700	40,417898	40,261090	41,028515	40,178350	41,071779	40,541381	39,454347	39,812756
714,00	100,020230	99,965638	60,531163	59,969944	60,062009	59,959131	100,017822	99,931175	41,152582	40,255550	40,520534	40,728301	54,573780	56,493175	55,659986	58,291930	57,312608	58,169729	56,681031	58,320129	54,984778	56,873381	37,983754	39,512843	40,456796	40,265277	41,056591	40,194321	41,120955	40,549439	39,484462	39,825898
715,00	100,021791	99,995178	60,532427	59,976709	60,073841	59,970140	100,013673	99,937898	41,177419	40,275753	40,534183	40,750873	54,587358	56,503534	55,685121	58,308792	57,314664	58,183563	56,703717	58,317059	55,006886	56,892902	38,009655	39,537075	40,481892	40,280780	41,078585	40,233475	41,142136	40,562394	39,511159	39,835632
716,00	100,004089	100,007749	60,500354	59,979647	60,059249	59,966338	100,009131	99,952006	41,192937	40,289357	40,554342	40,762401	54,588914	56,504297	55,700177	58,296812	57,324678	58,196759	56,704283	58,283275	54,986387	56,888640	38,024661	39,577442	40,494138	40,315270	41,092822	40,259963	41,180164	40,583435	39,538959	39,830083
717,00	100,043643	100,038862	60,515106	59,964979	60,074389	59,978926	100,040710	99,949676	41,206348	40,309465	40,580913	40,779647	54,620433	56,511045	55,729181	58,291656	57,356018	58,189225	56,727159	58,297956	55,015653	56,897277	38,049638	39,602339	40,510601	40,368286	41,116908	40,278894	41,209102	40,599382	39,561656	39,854762
718,00	100,036621	100,032675	60,482782	59,961283	60,064769	59,967256	100,052309	99,934089	41,217342	40,327328	40,611911	40,781933	54,611385	56,521761	55,717945	58,281159	57,363284	58,216619	56,724149	58,306438	55,016261	56,903440	38,066253	39,640561	40,535426	40,394971	41,145462	40,292361	41,242912	40,624604	39,583170	39,876446
719,00	100,077617	100,027370	60,497403	59,959006	60,067868	59,955829	100,052273	99,926353	41,239512	40,345386	40,631318	40,806371	54,614699	56,523991	55,727661	58,276302	57,370335	58,214647	56,765592	58,315337	55,045152	56,905836	38,093922	39,656267	40,558642	40,406284	41,174367	40,313205	41,260907	40,627435	39,604938	39,922881
720,00	100,071192	100,020730	60,505903	59,958863	60,079193	59,944540	100,014853	99,949074	41,248798	40,355304	40,628722	40,822941	54,597330	56,533694	55,712557	58,272189	57,346022	58,221650	56,768513	58,302325	55,043894	56,907135	38,099986	39,674103	40,590480	40,406376	41,194898	40,325916	41,276219	40,642902	39,626309	39,946911
721,00	100,115430	99,996775	60,537565	59,927398	60,085332	59,918272	100,023127	99,953425	41,265810	40,379578	40,647817	40,842420	54,615557	56,515640	55,712420	58,254027	57,356858	58,193296	56,780094	58,295208	55,066365	56,897831	38,122970	39,669618	40,611675	40,426132	41,215545	40,341514	41,291958	40,663111	39,645314	39,969483
722,00	100,108838	99,959046	60,524446	59,911072	60,076129	59,920114	100,049925	99,965858	41,282964	40,389451	40,657124	40,842628	54,645276	56,519979	55,724549	58,263123	57,364255	58,160353	56,784177	58,304715	55,070943	56,896544	38,152179	39,679158	40,647030	40,451434	41,237700	40,360096	41,322383	40,684471	39,671379	39,983612
723,00	100,132990	99,951822	60,496926	59,912020	60,065323	59,903830	100,040376	99,974096	41,284740	40,410733	40,685529	40,873936	54,654604	56,526142	55,734831	58,268863	57,396036	58,151686	56,789166	58,296359	55,081671	56,894398	38,177311	39,706776	40,656075	40,478268	41,254383	40,393484	41,336223	40,724015	39,696431	40,004748
724,00	100,103605	99,953115	60,481936	59,909517	60,060680	59,896475	100,035083	100,040340	41,297725	40,437904	40,692538	40,925416	54,650939	56,530458	55,743986	58,288389	57,390493	58,161086	56,791490	58,299905	55,067778	56,896710	38,204724	39,752060	40,677506	40,497744	41,272205	40,440264	41,349536	40,761331	39,725849	40,042362
725,00	100,039244	99,960989	60,477173	59,891200	60,046369	59,894609	100,019526	100,065148	41,318426	40,461436	40,707326	40,971240	54,631001	56,498432	55,727774	58,272833	57,344252	58,172941	56,746674	58,276933	55,056733	56,896871	38,228917	39,792836	40,680024	40,519348	41,283813	40,461215	41,370326	40,794572	39,744374	40,073499
726,00	99,974602	99,948519	60,474944	59,864014	60,029936	59,893560	100,037909	100,055194	41,336700	40,476653	40,699977	40,978879	54,653275	56,466460	55,729383	58,261836	57,319456	58,164483	56,749815	58,272213	55,047220	56,880778	38,253540	39,812133	40,692937	40,535146	41,293567	40,473613	41,384900	40,814832	39,751437	40,092432
727,00	99,940944	99,968302	60,451740	59,879172	60,014749	59,924161	100,036073	99,986899	41,359252	40,485218	40,710330	40,965611	54,649800	56,477839	55,737174	58,287477	57,295287	58,151942	56,742537	58,280450	55,034089	56,886178	38,278461	39,817441	40,710843	40,540665	41,294238	40,454590	41,409546	40,814799	39,773533	40,091565
728,00	99,958855	99,993628	60,468996	59,893858	60,006166	59,927601	100,007451	99,971139	41,375792	40,505478	40,728062	40,955675	54,653376	56,508535	55,749798	58,301711	57,332355	58,168900	56,758630	58,310837	55,039126	56,886792	38,290226	39,818519	40,731350	40,554920	41,302776	40,463778	41,413569	40,812421	39,783436	40,093464
729,00	99,972206	100,011635	60,482466	59,899110	60,006392	59,926999	100,029457	100,007963	41,403401	40,516186	40,781024	40,973386	54,652357	56,555325	55,762815	58,323663	57,332402	58,191884	56,752753	58,322680	55,054998	56,904775	38,320005	39,837819	40,765557	40,581954	41,335401	40,485233	41,453022	40,826717	39,811525	40,131912
730,00	99,958211	99,962014	60,491729	59,855723	59,988528	59,909421	100,032008	99,999583	41,419765	40,516809	40,812320	40,988952	54,685098	56,574708	55,768895	58,284003	57,346296	58,206236	56,758547	58,298236	55,079591	56,887448	38,341901	39,845699	40,782318	40,596896	41,365883	40,513340	41,477922	40,856609	39,828780	40,163365
731,00	99,940604	99,972022	60,490400	59,881377	59,974045	59,899461	100,061262	100,001216	41,437435	40,526962	40,836006	41,011044	54,714632	56,599766	55,773914	58,306211	57,335168	58,211839	56,778288	58,300489	55,090481	56,895947	38,374051	39,864665	40,797848	40,615353	41,405866	40,546304	41,507694	40,887466	39,846924	40,185425
732,00	99,923849	99,953431	60,473835	59,878325	59,961718	59,889513	100,047529	99,960053	41,465732	40,553731	40,844196	41,020080	54,732066	56,592929	55,755514	58,296525	57,333773	58,209383	56,785464	58,317614	55,111307	56,888014	38,392848	39,877620	40,809703	40,635803	41,416356	40,556842	41,519338	40,894589	39,869538	40,177891
733,00	99,966162	99,985540	60,479343	59,922194	59,985960	59,909892	100,039113	100,012147	41,483098	40,580121	40,873536	41,050392	54,749715	56,605333	55,784988	58,312863	57,356203	58,208126	56,806231	58,357543	55,153012	56,884813	38,407794	39,912185	40,831494	40,672955	41,432506	40,577000	41,536805	40,914533	39,886433	40,218717
734,00	99,981773	99,997306	60,468066	59,934145	60,023922	59,920669	100,044227	99,983573	41,511607	40,587565	40,900207	41,062677	54,778898	56,623548	55,813599	58,308196	57,376760	58,209085	56,806201	58,364260	55,184436	56,906354	38,428622	39,934114	40,864122	40,677670	41,450870	40,577886	41,562131	40,936291	39,922947	40,220818
735,00	99,998075	100,000715	60,497403	59,956098	60,036057	59,948844	100,016332	100,015926	41,510770	40,608704	40,914920	41,090956	54,820120	56,641465	55,872613	58,326191	57,395571	58,220476	56,838411	58,395565	55,185300	56,923187	38,444746	39,952022	40,876377	40,700543	41,477636	40,604261	41,584596	40,959343	39,943400	40,257794
736,00	100,004351	99,996674	60,525829	59,956431	60,036892	59,934461	100,035703	99,989343	41,535708	40,608135	40,932152	41,086957	54,842877	56,649858	55,880022	58,348203	57,394606	58,240610	56,855685	58,397412	55,187368	56,965864	38,475522	39,968258	40,900463	40,697449	41,504058	40,614483	41,613087	40,953386	39,980558	40,237579
737,00	99,999595	99,971718	60,544467	59,931153	60,047442	59,930712	100,015950	100,023019	41,552001	40,634724	40,952605	41,110027	54,852951	56,636369	55,888677	58,343863	57,389700	58,254480	56,890059	58,390665	55,208498	56,970519	38,496086	39,986694	40,921786	40,741444	41,529384	40,634415	41,642880	40,954450	40,009195	40,279543
738,00	100,016832	99,995935	60,557586	59,951079	60,107893	59,917819	100,034368	100,030434	41,595796	40,652204	40,979481	41,127378	54,907286	56,647766	55,925202	58,353710	57,436723	58,287966	56,906056	58,392012	55,253541	57,010156	38,517058	40,020120	40,952468	40,741318	41,553915	40,648443	41,666257	40,965572	40,032879	40,275890
739,00	100,006163	100,005269	60,566366	59,966218	60,104132	59,933108	99,998754	100,066769	41,610962	40,696061	40,974212	41,175419	54,944736	56,663501	55,963427	58,344573	57,472235	58,306772	56,933504	58,408237	55,266118	57,018179	38,513061	40,040696	40,966403	40,777358	41,572186	40,688375	41,691121	40,976560	40,041837	40,326035
740,00	99,997437	99,973822	60,568643	59,992433	60,097408	59,942341	99,994487	100,056636	41,627446	40,708202	40,975893	41,178823	54,974300	56,696516	55,995584	58,367127	57,493085	58,325380	56,936246	58,456683	55,251706	57,030213	38,525569	40,058076	40,975690	40,786365	41,588834	40,699020	41,704029	40,989879	40,043536	40,352184
741,00	99,963742	99,938875	60,587293	60,005832	60,106272	59,930277	99,996215	100,030875	41,634411	40,713367	40,987748	41,198272	54,963857	56,726700	56,019235	58,390325	57,498664	58,331877	56,959581	58,466554	55,277401	57,037783	38,549760	40,067250	40,994984	40,817815	41,604915	40,717068	41,727534	41,025111	40,061232	40,391681
742,00	99,945760	99,939781	60,592031	60,040861	60,133368	59,944844	100,018179	99,998665	41,655767	40,723601	41,028225	41,208598	54,997730	56,754977	56,035107	58,432114	57,514739	58,346659	56,965470	58,488578	55,320942	57,085204	38,590556	40,083209	41,010177	40,837261	41,635224	40,726322	41,755378	41,069478	40,077716	40,402833
743,00	99,957907	99,930024	60,637438	60,068464	60,146409	59,964204	100,049818	100,002766	41,669872	40,752757	41,060975	41,242817	55,009890	56,796569	56,074828	58,446252	57,564312	58,369368	57,012892	58,482587	55,378217	57,120901	38,618854	40,097287	41,030827	40,855581	41,655114	40,760711	41,781971	41,119662	40,110600	40,411827
744,00	99,972987	99,971718	60,654753	60,102499	60,140973	60,037094	100,041234	99,994689	41,686642	40,787899	41,070983	41,252622	55,038911	56,828320	56,100309	58,473790	57,579374	58,416808	57,045847	58,507764	55,407882	57,163805	38,637814	40,116465	41,042638	40,870175	41,667393	40,764323	41,799822	41,117299	40,130156	40,430501
745,00	100,004482	99,983621	60,721201	60,135281	60,180879	60,080385	100,044835	99,996012	41,708440	40,807638	41,084182	41,264585	55,072904	56,865311	56,135297	58,520216	57,595730	58,480245	57,101583	58,546847	55,461347	57,209247	38,662654	40,137777	41,053516	40,900788	41,687000	40,787733	41,830212	41,152799	40,164199	40,451732
746,00	100,027227	99,997193	60,732502	60,178870	60,243136	60,127258	100,004947	99,967963	41,718918	40,822667	41,085342	41,283721	55,124694	56,892031	56,180990	58,557618	57,620937	58,508414	57,139999	58,595920	55,508089	57,230377	38,689902	40,173453	41,078174	40,929943	41,691002	40,801525	41,848069	41,167206	40,183657	40,474018
747,00	100,035560	99,953860	60,754192	60,203624	60,258931	60,137862	99,986541	99,993873	41,728181	40,839291	41,101873	41,327420	55,152106	56,920779	56,184953	58,574265	57,658815	58,507603	57,170224	58,611196	55,525625	57,246274	38,717088	40,224454	41,086969	40,964040	41,710311	40,842083	41,881987	41,232127	40,217540	40,511566
748,00	100,029397	99,906850	60,724849	60,186625	60,255098	60,101974	99,973023	99,992621	41,750795	40,840685	41,119739	41,340715	55,163461	56,934339	56,220323	58,548695	57,699633	58,473772	57,176870	58,618730	55,514419	57,237124	38,744777	40,246257	41,133076	40,980762	41,724569	40,869674	41,893470	41,231021	40,253052	40,536487
749,00	100,076592	99,966574	60,759538	60,194123	60,264117	60,123610	100,008917	100,017202	41,787457	40,867612	41,162568	41,365719	55,201143	56,970370	56,226182	58,582133	57,732534	58,493578	57,197756	58,642966	55,554044	57,316035	38,780990	40,261692	41,168538	40,992618	41,767776	40,893143	41,925550	41,237587	40,303284	40,579528
750,00	100,125933	99,990821	60,783565	60,225403	60,284531	60,163569	100,030911	100,013089	41,835064	40,887219	41,212499	41,377392	55,223113	57,031786	56,278080	58,617634	57,755953	58,510405	57,217526	58,670092	55,600071	57,363737	38,829273	40,263677	41,227031	41,020009	41,819575	40,924275	41,963103	41,238359	40,346789	40,589908
751,00	100,108814	100,052214	60,829008	60,274225	60,315824	60,236239	100,095415	99,997932	41,872177	40,925461	41,245475	41,422731	55,245239	57,033008	56,300610	58,687425	57,772905	58,568937	57,269496	58,707702	55,657732	57,427061	38,870248	40,289783	41,272753	41,049847	41,864350	40,924901	41,993344	41,267672	40,376362	40,607020
752,00	100,091529	100,022900	60,856265	60,297596	60,353965	60,246050	100,099206	99,990499	41,909352	40,949330	41,259646	41,470066	55,270553	57,053065	56,339246	58,702391	57,821214	58,615631	57,313043	58,726239	55,700654	57,437992	38,899553	40,331954	41,295040	41,095805	41,894898	40,950009	42,020839	41,326404	40,385783	40,629485
753,00	100,073910	100,046039	60,888475	60,298753	60,393983	60,260069	100,110352	99,956602	41,935101	40,970567	41,283610	41,480666	55,309862	57,040209	56,386763	58,736354	57,865465	58,658677	57,364583	58,785355	55,744493	57,473344	38,933009	40,336394	41,317683	41,105786	41,925216	40,979752	42,031482	41,341686	40,397725	40,630221
754,00	100,116241	100,027990	60,910046	60,338712	60,444361	60,299754	100,080180	99,967188	41,959056	40,993756	41,320240	41,478312	55,360138	57,118988	56,423277	58,771384	57,895643	58,705735	57,380933	58,845752	55,756766	57,515019	38,962659	40,357032	41,328171	41,128442	41,952461	41,006565	42,063689	41,375911	40,427589	40,654248
755,00	100,061834	100,080538	60,931963	60,376263	60,466325	60,360199	100,077212	99,948907	41,965061	40,981182	41,347623	41,471478	55,398589	57,164276	56,475168	58,833998	57,872927	58,734655	57,408416	58,899820	55,763763	57,546908	38,990891	40,360188	41,353834	41,147318	41,971898	41,021740	42,090961	41,371360	40,455201	40,665889
756,00	100,029278	100,018346	60,947514	60,423541	60,496598	60,393506	100,057888	99,944037	41,984528	40,996057	41,362274	41,490498	55,441499	57,211423	56,481928	58,844900	57,875675	58,742076	57,427961	58,918101	55,788499	57,562160	39,007419	40,380099	41,388661	41,197354	41,984692	41,025540	42,117557	41,405869	40,477398	40,696552
757,00	99,980569	99,973458	60,990393	60,422498	60,514450	60,393465	100,059140	99,910057	41,990936	41,000235	41,364971	41,531602	55,472791	57,215375	56,527078	58,815026	57,921827	58,732343	57,480854	58,891970	55,844682	57,533419	39,031446	40,390530	41,424122	41,208783	42,010432	41,053161	42,133233	41,409644	40,492573	40,708038
758,00	99,936104	99,944603	60,975420	60,444993	60,494781	60,412294	100,038850	99,900299	42,006940	41,060451	41,363108	41,562682	55,473012	57,256693	56,521028	58,845931	57,928026	58,754897	57,462561	58,944499	55,850428	57,564867	39,050171	40,413806	41,465056	41,246822	42,028660	41,071332	42,148548	41,438702	40,508235	40,730703
759,00	99,900091	99,958646	60,972017	60,440695	60,481048	60,420096	100,044012	99,893916	42,021084	41,092235	41,369808	41,603944	55,498213	57,284826	56,525058	58,877534	57,965153	58,818144	57,484633	58,967423	55,853820	57,588613	39,079723	40,450850	41,483304	41,261405	42,047688	41,092259	42,177609	41,461003	40,541989	40,770322
760,00	99,895608	100,022459	60,977310	60,484433	60,457677	60,481554	99,994200	99,979919	42,044085	41,146588	41,375265	41,635305	55,518264	57,354861	56,528443	58,952594	57,979065	58,880526	57,464528	59,041089	55,876803	57,671630	39,099300	40,489307	41,500270	41,312587	42,043263	41,119930	42,187840	41,496029	40,565181	40,821812
761,00	99,989402	100,026643	61,057192	60,501921	60,541701	60,511911	99,967325	99,979126	42,051938	41,139725	41,405898	41,633335	55,599046	57,384139	56,601053	58,946484	58,087939	58,923429	57,554942	59,058744	55,961549	57,701373	39,109012	40,522850	41,503033	41,322327	42,066807	41,146210	42,204702	41,512913	40,594608	40,843219
762,00	99,976808	100,011599	61,109936	60,525137	60,588771	60,555822	99,961710	99,994439	42,076793	41,170573	41,438064	41,638699	55,626142	57,417643	56,658220	58,983684	58,109897	58,959353	57,570875	59,084690	55,998600	57,738221	39,128712	40,558437	41,527954	41,356805	42,093578	41,204083	42,235225	41,563234	40,631345	40,880284
763,00	99,957496	100,032938	61,121577	60,589266	60,646534	60,583526	99,998754	99,926394	42,108062	41,181219	41,472888	41,629696	55,642611	57,460892	56,734896	59,034556	58,130831	59,008890	57,629949	59,139925	56,021684	57,781434	39,155623	40,598294	41,547909	41,356605	42,122525	41,240606	42,287123	41,583171	40,668157	40,881070
764,00	99,893361	100,019050	61,144757	60,620391	60,631043	60,601819	100,054204	99,945992	42,162740	41,196689	41,512716	41,653287	55,665213	57,469296	56,763625	59,079319	58,148158	59,001422	57,641143	59,151077	56,002301	57,790256	39,201450	40,608704	41,575551	41,369167	42,151952	41,261169	42,340228	41,598541	40,708816	40,886635
765,00	99,971002	100,066960	61,178851	60,691512	60,667968	60,645604	100,094378	99,948204	42,195481	41,213447	41,528061	41,659737	55,739385	57,504195	56,830233	59,150892	58,215529	59,003329	57,677823	59,193408	56,071764	57,810283	39,237595	40,626496	41,600293	41,384351	42,180339	41,261685	42,380971	41,586018	40,727130	40,896195
766,00	100,013185	100,039983	61,221826	60,659254	60,719377	60,675901	100,082922	99,958169	42,211974	41,222686	41,541386	41,693288	55,818903	57,502234	56,866491	59,140319	58,274627	59,021699	57,744956	59,181947	56,103617	57,825792	39,268374	40,639269	41,621467	41,420415	42,197311	41,260844	42,391652	41,610447	40,739501	40,918073
767,00	100,087690	100,045407	61,275464	60,688978	60,795969	60,708284	100,079954	99,929941	42,211667	41,271260	41,544056	41,714999	55,877346	57,545489	56,898481	59,140134	58,330905	59,099001	57,825011	59,206837	56,191427	57,881290	39,286855	40,687695	41,643798	41,453207	42,217803	41,276205	42,405146	41,641957	40,761501	40,938365
768,00	100,049007	100,024128	61,274505	60,674763	60,807210	60,723662	100,032830	99,947137	42,217991	41,291550	41,563979	41,764179	55,903792	57,593828	56,945860	59,119052	58,298844	59,134877	57,868910	59,227920	56,192124	57,926083	39,293721	40,712905	41,645756	41,462982	42,227238	41,308579	42,404786	41,650036	40,788648	40,968692
769,00	100,052941	99,985319	61,304712	60,699171	60,825014	60,711074	100,040078	99,960673	42,232212	41,334066	41,576797	41,784787	55,933672	57,601470	56,969744	59,141308	58,313775	59,105515	57,864392	59,243006	56,224215	57,903886	39,295009	40,723106	41,671017	41,486481	42,259297	41,358018	42,427182	41,679782	40,808791	41,014647
770,00	100,035143	99,928892	61,281830	60,708529	60,834688	60,685933	100,031793	99,987793	42,266291	41,338933	41,592652	41,810727	55,954242	57,608163	57,023126	59,177428	58,332902	59,106350	57,865691	59,258986	56,248838	57,896638	39,332393	40,729341	41,684875	41,528043	42,272189	41,403389	42,447856	41,718623	40,830261	41,060498
771,00	100,057733	99,963677	61,344349	60,762990	60,875261	60,729200	100,021505	99,968833	42,282990	41,362980	41,613513	41,841537	55,988008	57,636392	57,035816	59,229803	58,424908	59,136218	57,925618	59,311503	56,330490	57,938093	39,353994	40,764895	41,708282	41,561359	42,299381	41,415432	42,476314	41,753826	40,851793	41,071698
772,00	100,025058	99,965429	61,360902	60,792345	60,879660	60,789979	100,038600	99,956721	42,310628	41,351986	41,637799	41,870761	56,022269	57,710409	57,067907	59,275556	58,460039	59,217650	57,994127	59,344721	56,390440	58,008993	39,387855	40,820229	41,726491	41,578677	42,342967	41,424030	42,513612	41,793346	40,900958	41,070068
773,00	100,019741	99,979186	61,383986	60,788542	60,905474	60,884511	100,015271	99,930501	42,322463	41,367710	41,681644	41,877094	56,064838	57,749742	57,062835	59,315187	58,471483	59,242290	58,013785	59,399813	56,428266	58,077961	39,402285	40,850246	41,762218	41,586545	42,380688	41,451457	42,526671	41,816670	40,920746	41,085780
774,00	100,036645	99,956822	61,416644	60,793704	60,906994	60,882229	100,050473	99,928033	42,362612	41,368076	41,706496	41,880006	56,072772	57,769811	57,101452	59,315151	58,479238	59,267169	58,010495	59,405965	56,463850	58,087522	39,434880	40,858692	41,793033	41,611680	42,417419	41,472051	42,542991	41,850063	40,962592	41,107681
775,00	100,046694	99,990577	61,449033	60,869902	60,953623	60,906851	99,998313	99,917793	42,380771	41,399395	41,736791	41,883409	56,099302	57,798308	57,121748	59,361422	58,487761	59,284043	58,029723	59,450364	56,491929	58,119035	39,464939	40,870321	41,815913	41,637096	42,425010	41,504085	42,545605	41,849530	40,983734	41,126880
776,00	100,026786	99,980307	61,489803	60,941303	60,975188	60,914397	99,999887	99,964547	42,413098	41,423115	41,737872	41,917565	56,109542	57,851148	57,170725	59,388369	58,509517	59,312862	58,059275	59,502482	56,486791	58,136708	39,488888	40,882856	41,829792	41,691032	42,437366	41,540939	42,567077	41,874301	41,016850	41,177312
777,00	100,014484	99,989128	61,511517	61,005151	61,046630	60,945797	99,993354	99,943197	42,422816	41,423488	41,758069	41,926858	56,144857	57,880247	57,192844	59,398741	58,537304	59,373170	58,112401	59,534353	56,485862	58,196747	39,513752	40,915990	41,869617	41,697636	42,469868	41,561458	42,603675	41,886026	41,029653	41,192383
778,00	100,035572	99,970770	61,560625	61,007494	61,066586	60,985565	100,027812	99,938536	42,468026	41,429815	41,791260	41,949975	56,188172	57,934034	57,224649	59,412855	58,580273	59,437639	58,118349	59,609252	56,517410	58,273578	39,530048	40,939552	41,910404	41,715106	42,506254	41,574496	42,668152	41,894093	41,071609	41,217393
779,00	100,076580	100,018322	61,574668	61,048877	61,111647	61,019862	100,042272	99,931711	42,495552	41,444695	41,817451	41,988111	56,229854	57,990831	57,270771	59,444731	58,596539	59,494382	58,171618	59,651679	56,579101	58,316481	39,556929	40,986836	41,939580	41,719127	42,543662	41,588059	42,710614	41,909856	41,105205	41,208541
780,00	100,091863	100,016057	61,578256	61,051744	61,120558	61,025512	100,017178	99,933267	42,536440	41,501606	41,851178	41,992939	56,270587	58,033079	57,319713	59,494948	58,641553	59,505689	58,217925	59,681940	56,626642	58,319736	39,593619	41,006741	41,971496	41,741589	42,555603	41,607514	42,733952	41,916889	41,127917	41,233960
781,00	100,079155	100,003779	61,583036	61,076373	61,180574	61,018145	100,035453	99,984580	42,563006	41,537690	41,887906	42,030594	56,324697	58,024138	57,358599	59,536654	58,679003	59,481734	58,277851	59,647512	56,666005	58,277696	39,650548	41,032383	42,006290	41,768575	42,592257	41,624805	42,768803	41,947436	41,157818	41,270217
782,00	100,059056	99,986857	61,615509	61,099696	61,207640	61,015630	100,060916	99,975199	42,586175	41,566822	41,936436	42,052034	56,372416	58,012468	57,381332	59,580821	58,753347	59,480172	58,321077	59,667838	56,708419	58,304840	39,692628	41,052261	42,054507	41,779447	42,639434	41,631469	42,824626	41,955960	41,200203	41,274524
783,00	100,035954	99,991798	61,681169	61,137515	61,240405	61,071265	100,099254	99,991447	42,616352	41,579849	41,953167	42,094272	56,437653	58,024794	57,396746	59,645033	58,750784	59,496063	58,338189	59,703243	56,726348	58,362913	39,713243	41,078311	42,097205	41,831234	42,677227	41,636482	42,865416	41,987979	41,250938	41,281909
784,00	100,069296	99,974477	61,685038	61,158216	61,229879	61,081100	100,079679	99,997377	42,619324	41,615218	41,952419	42,109177	56,442094	58,068609	57,405090	59,650195	58,750093	59,548706	58,318484	59,748483	56,692463	58,416915	39,723095	41,104481	42,107242	41,883814	42,682704	41,659915	42,868745	42,024863	41,264087	41,323435
785,00	100,064993	100,001740	61,696589	61,170924	61,250842	61,115950	100,044489	100,021791	42,630437	41,639012	41,942081	42,129561	56,465471	58,129907	57,456619	59,672254	58,725613	59,570235	58,297163	59,762198	56,724489	58,449709	39,736220	41,125736	42,133892	41,903773	42,668915	41,695040	42,878667	42,044574	41,272736	41,371098
786,00	100,047648	99,973440	61,676484	61,178660	61,267316	61,170733	100,071478	100,024641	42,643693	41,638470	41,954777	42,132986	56,459624	58,174425	57,515317	59,669596	58,727276	59,595472	58,306593	59,812796	56,728196	58,448893	39,795503	41,143271	42,156750	41,913590	42,691907	41,730610	42,908996	42,081329	41,304427	41,412079
787,00	100,024426	99,984992	61,724424	61,208600	61,305785	61,181891	100,089574	100,021517	42,682445	41,648060	41,980115	42,166114	56,507909	58,175790	57,591510	59,698856	58,768708	59,596366	58,354098	59,856260	56,793821	58,489263	39,832458	41,161564	42,189416	41,921940	42,717651	41,762736	42,933667	42,105448	41,338336	41,389933
788,00	99,944580	99,924475	61,721498	61,206663	61,285585	61,167097	100,106561	100,032866	42,711580	41,673663	41,994447	42,162475	56,510401	58,149737	57,565463	59,719008	58,766741	59,571916	58,349741	59,867340	56,783628	58,503461	39,861929	41,201746	42,201221	41,955632	42,756948	41,781157	42,953128	42,154995	41,369274	41,422147
789,00	99,919730	99,901736	61,760801	61,221743	61,314911	61,140412	100,058901	100,086093	42,721254	41,725391	42,024219	42,211747	56,528372	58,179474	57,567060	59,752458	58,808869	59,578174	58,353925	59,900635	56,797129	58,567089	39,856902	41,275245	42,200384	42,023849	42,761186	41,823369	42,946079	42,178860	41,386431	41,467953
790,00	99,915719	99,864465	61,758822	61,243153	61,345476	61,166769	100,048339	100,055993	42,702854	41,763020	42,046452	42,200923	56,560075	58,200192	57,589918	59,756970	58,830255	59,558350	58,398181	59,880006	56,844163	58,558422	39,884290	41,281310	42,224941	42,028362	42,765582	41,847333	42,954883	42,177716	41,395891	41,498429
791,00	99,988014	99,868685	61,795378	61,277670	61,411160	61,229521	100,045288	100,049162	42,717829	41,785276	42,086256	42,229873	56,611270	58,239043	57,671893	59,735662	58,898807	59,636372	58,458883	59,872484	56,886959	58,584690	39,922333	41,305417	42,260119	42,079625	42,772076	41,875279	42,967060	42,168859	41,439715	41,497135
792,00	99,967897	99,896890	61,752522	61,325473	61,392939	61,240095	100,014460	100,085688	42,729264	41,820103	42,096221	42,262456	56,631863	58,264554	57,671362	59,756446	58,929193	59,686911	58,497572	59,831131	56,909841	58,584535	39,936841	41,331908	42,282286	42,081678	42,787731	41,911733	42,989868	42,225647	41,450298	41,540840
793,00	99,964929	99,902427	61,726505	61,308688	61,408192	61,254942	99,982297	100,086737	42,764241	41,826811	42,102009	42,315406	56,615126	58,334428	57,695520	59,768176	58,980101	59,745431	58,529979	59,845287	56,876779	58,590597	39,948189	41,344288	42,279738	42,132637	42,815608	41,924027	43,006063	42,239669	41,491073	41,598606
794,00	99,935770	99,878138	61,729342	61,347604	61,392027	61,259055	99,930906	100,017846	42,793125	41,835377	42,104459	42,341462	56,616044	58,365893	57,718396	59,805238	58,983827	59,749156	58,573568	59,884387	56,881928	58,574587	39,955536	41,327518	42,290065	42,116496	42,829028	41,917190	43,030125	42,254865	41,477203	41,619876
795,00	99,970865	99,895841	61,764449	61,366212	61,407471	61,289048	99,992472	99,928129	42,828980	41,809583	42,113632	42,321494	56,670427	58,405107	57,770771	59,825134	59,017467	59,790063	58,612657	59,927744	56,908697	58,599591	40,012655	41,298991	42,332897	42,128962	42,872116	41,924053	43,083465	42,224294	41,525456	41,588840
796,00	99,947655	99,876523	61,840266	61,381805	61,361986	61,328083	100,018597	99,919546	42,871961	41,821948	42,136493	42,326903	56,721258	58,406264	57,746524	59,875858	59,022582	59,805161	58,595520	59,970152	56,928343	58,648854	40,049788	41,336381	42,370814	42,121679	42,905274	41,933396	43,123057	42,260787	41,547137	41,590169
797,00	100,023365	99,923605	61,911160	61,386257	61,382461	61,325186	100,076962	99,935728	42,905620	41,858581	42,175660	42,358443	56,760180	58,433717	57,763869	59,922761	59,076577	59,832418	58,647078	59,990907	56,989253	58,719969	40,083730	41,360900	42,393780	42,158687	42,925182	41,989326	43,155986	42,311832	41,600502	41,637042
798,00	100,090384	99,883115	62,009734	61,382222	61,443686	61,317122	100,068521	99,943125	42,936328	41,890350	42,225751	42,399409	56,801558	58,435422	57,816929	59,904248	59,104258	59,812045	58,710188	59,997106	57,086772	58,725423	40,112969	41,386744	42,401516	42,174730	42,948315	41,998371	43,182158	42,338669	41,641170	41,661870
799,00	100,101435	99,904561	61,999601	61,403060	61,502093	61,336350	100,058234	99,959666	42,941803	41,920149	42,263117	42,408085	56,798488	58,446521	57,889205	59,901363	59,099346	59,800386	58,758962	60,035533	57,154834	58,758956	40,138873	41,423634	42,440581	42,230770	42,963836	42,036211	43,220738	42,392480	41,661006	41,689542
800,00	100,039494	99,856114	61,964649	61,382216	61,517161	61,368531	100,036621	99,986476	42,939150	41,928446	42,286527	42,399251	56,802136	58,441073	57,907182	59,881979	59,073651	59,775722	58,736682	60,060805	57,144606	58,756822	40,160668	41,457641	42,470399	42,257231	42,995083	42,039430	43,245640	42,424357	41,671276	41,696614
