Wavelength nm.	SSC_Leitura_R_Ar_1	SSC_Leitura_R_Ar_1_ext	SSC_Leitura_R_Branco_1	SSC_Leitura_R_Branco_1_ext	SSC_Leitura_R_Branco_2	SSC_Leitura_R_Branco_2_ext	SSC_Leitura_T_Ar_1	SSC_Leitura_T_Ar_1_ext	SSC_Leitura_T_Branco_1	SSC_Leitura_T_Branco_1_ext	SSC_Leitura_T_Branco_2	SSC_Leitura_T_Branco_2_ext	SSC_Leitura_T_Branco_3	SSC_Leitura_T_Branco_4	SSC_R_Amostra_008_JAN2025	SSC_R_Amostra_008_JAN2025_ext	SSC_R_Amostra_009_JAN2025	SSC_R_Amostra_009_JAN2025_ext	SSC_R_Amostra_010_JAN2025	SSC_R_Amostra_010_JAN2025_ext	SSC_T_Amostra_008_JAN2025	SSC_T_Amostra_008_JAN2025_ext	SSC_T_Amostra_009_JAN2025	SSC_T_Amostra_009_JAN2025_ext	SSC_T_Amostra_010_JAN2025	SSC_T_Amostra_010_JAN2025_ext
220,00	99,870878	99,806178	33,545130	33,896163	34,091142	34,447387	99,958491	99,909067	1,284065	1,889041	1,421675	1,889562	1,692555	1,552615	14,306554	17,828196	19,506550	22,030492	13,371469	17,363080	1,428367	1,143313	1,927579	1,662900	1,377491	0,958992
221,00	99,963832	99,976569	33,580485	33,963820	34,154683	34,483409	100,020123	99,879760	1,276716	1,895938	1,424420	1,890989	1,696235	1,556695	14,479871	17,947687	19,745351	22,134523	13,537869	17,479780	1,454540	1,158831	1,961691	1,679882	1,402861	0,958767
222,00	99,994934	100,055325	33,626226	34,017238	34,192851	34,523311	100,050175	99,873024	1,268233	1,896948	1,422809	1,897977	1,696891	1,558706	14,706185	18,104224	20,080471	22,318238	13,762149	17,619666	1,493176	1,180848	2,017276	1,690491	1,443209	0,965729
223,00	100,016022	99,970919	33,703628	34,084928	34,260091	34,586960	100,044191	99,875760	1,276605	1,911012	1,426867	1,913696	1,707452	1,575930	14,918703	18,217324	20,391768	22,495885	13,986480	17,742704	1,525997	1,200366	2,061775	1,708867	1,495184	0,981255
224,00	99,896842	99,991262	33,783460	34,132069	34,360531	34,718579	99,924827	99,885315	1,284069	1,927851	1,432124	1,928582	1,720867	1,574585	15,159416	18,380193	20,740488	22,707117	14,223427	17,876713	1,563244	1,215474	2,114669	1,721034	1,548118	1,004048
225,00	99,917239	100,026667	33,892453	34,266436	34,512195	34,843841	99,857551	99,916017	1,298688	1,951776	1,444863	1,954746	1,737429	1,590144	15,385661	18,534999	21,015486	22,919989	14,462738	18,034071	1,589777	1,233447	2,159356	1,748117	1,587355	1,032701
226,00	99,909055	100,150669	34,022155	34,407026	34,644318	34,932622	99,838495	99,956053	1,306785	1,975786	1,458222	1,979125	1,758995	1,603524	15,633054	18,742365	21,332793	23,105232	14,707857	18,200287	1,629985	1,254456	2,200860	1,779104	1,616159	1,053251
227,00	99,878258	100,036252	34,143344	34,523526	34,758115	34,966719	99,908072	99,979162	1,320581	1,992819	1,483005	2,008606	1,786886	1,641313	15,836224	18,842818	21,572801	23,304206	14,961594	18,323191	1,651006	1,281765	2,230001	1,824420	1,634510	1,082524
228,00	99,890685	99,992788	34,345984	34,630695	34,892574	35,092208	100,013423	99,993593	1,340596	2,017856	1,503846	2,033389	1,815772	1,668707	16,071355	19,014844	21,914198	23,494135	15,203246	18,457861	1,686091	1,307973	2,253440	1,873375	1,656924	1,106961
229,00	99,821901	99,952918	34,485459	34,771046	35,044706	35,285717	99,973196	99,856299	1,359229	2,051588	1,522915	2,068997	1,855013	1,704678	16,251457	19,188805	22,178970	23,691078	15,384839	18,605837	1,705201	1,347135	2,260664	1,921142	1,673299	1,129388
230,00	99,871987	99,954534	34,660977	34,889948	35,204273	35,468951	99,849343	99,830663	1,375550	2,084011	1,537075	2,110642	1,884601	1,725899	16,445962	19,395392	22,523092	23,903669	15,584183	18,786517	1,726490	1,385420	2,270515	1,958505	1,680202	1,156389
231,00	99,852514	99,968445	34,800303	35,042480	35,400403	35,618043	99,773932	99,771112	1,389462	2,119721	1,565719	2,145848	1,921937	1,763253	16,659574	19,552535	22,835068	24,095099	15,826355	18,979670	1,735431	1,428675	2,277342	2,003665	1,681425	1,184186
232,00	99,973154	99,984384	35,021275	35,214874	35,609069	35,803777	99,889189	99,887735	1,415777	2,151218	1,601055	2,191295	1,957612	1,796876	16,914238	19,697858	23,216859	24,310373	16,108856	19,123937	1,750608	1,463357	2,289911	2,055347	1,675456	1,221042
233,00	100,022280	100,015223	35,259342	35,417253	35,818341	35,978970	99,971670	99,963766	1,443237	2,189944	1,636927	2,239839	1,999735	1,839812	17,137720	19,863012	23,512399	24,508737	16,390349	19,301644	1,755792	1,498701	2,300049	2,107867	1,669133	1,251686
234,00	100,014687	99,958748	35,456437	35,563242	36,014462	36,152130	99,997783	100,060225	1,469651	2,231768	1,673237	2,294211	2,044867	1,873576	17,350164	20,018353	23,825163	24,737610	16,649012	19,436771	1,771841	1,531117	2,299096	2,163854	1,663284	1,282174
235,00	100,003052	99,987090	35,684329	35,727260	36,246139	36,302167	99,909544	100,056541	1,500641	2,282912	1,705103	2,333096	2,086368	1,910955	17,532150	20,152631	24,117464	24,931440	16,898364	19,610059	1,786413	1,575848	2,302315	2,225392	1,658930	1,315198
236,00	100,090039	99,964041	35,916093	35,899693	36,451587	36,472797	99,961418	100,063729	1,537984	2,331242	1,737127	2,373124	2,120229	1,955680	17,732260	20,299652	24,435304	25,110939	17,107649	19,734478	1,809094	1,619721	2,304368	2,286101	1,651745	1,352888
237,00	100,094700	100,013995	36,158642	36,077040	36,673275	36,628643	99,915731	99,989539	1,575862	2,379545	1,765717	2,416183	2,167109	2,005424	17,894869	20,464136	24,712962	25,286043	17,297874	19,894053	1,821531	1,675542	2,316983	2,346016	1,645625	1,391654
238,00	100,082529	99,993652	36,374116	36,249653	36,857396	36,746216	99,965239	100,012422	1,606251	2,420671	1,801551	2,474876	2,209803	2,065110	18,037181	20,629333	24,944168	25,474462	17,494215	20,038381	1,841642	1,723921	2,342630	2,414114	1,654877	1,432494
239,00	99,954873	99,994504	36,562076	36,419764	37,067890	36,900741	99,971801	99,972129	1,640152	2,472616	1,837956	2,525325	2,267231	2,118080	18,165098	20,774063	25,178879	25,656143	17,674895	20,189783	1,864452	1,778056	2,372376	2,479872	1,672041	1,471920
240,00	99,885768	99,952638	36,747757	36,533311	37,250528	37,035570	100,026488	100,048888	1,683243	2,533588	1,883232	2,593643	2,317828	2,173104	18,290120	20,893003	25,364512	25,823730	17,867891	20,286566	1,900445	1,827253	2,410427	2,561172	1,691829	1,517264
241,00	99,854165	99,966788	36,960065	36,700505	37,469220	37,217304	99,959874	100,035143	1,725434	2,598186	1,924427	2,652157	2,373200	2,227208	18,413313	21,031508	25,564253	26,012838	17,996694	20,402700	1,932771	1,883131	2,441552	2,622218	1,711931	1,562108
242,00	99,867249	99,993032	37,219119	36,855668	37,705150	37,385529	99,916679	99,969995	1,779365	2,660736	1,977002	2,717108	2,424985	2,289960	18,510315	21,181326	25,731415	26,203912	18,124716	20,520538	1,974327	1,937142	2,483931	2,695390	1,730315	1,606411
243,00	99,893790	100,024319	37,465069	37,057388	37,916139	37,563649	99,804652	99,969566	1,831681	2,715428	2,027905	2,771929	2,479820	2,352569	18,581091	21,306261	25,892615	26,390228	18,217364	20,690843	2,011015	1,996186	2,523664	2,759121	1,757608	1,653078
244,00	99,875635	99,981147	37,718421	37,169415	38,111675	37,733260	99,913210	99,952340	1,900057	2,778474	2,086828	2,835951	2,540900	2,426280	18,632254	21,429473	25,989363	26,547202	18,301713	20,820488	2,057946	2,053436	2,575865	2,839234	1,785174	1,706268
245,00	99,933374	99,986547	37,957883	37,323132	38,303685	37,879071	99,944824	100,034630	1,961663	2,846261	2,142155	2,913340	2,600011	2,502568	18,681443	21,549934	26,073056	26,732409	18,378150	20,981753	2,105933	2,118134	2,627531	2,922416	1,816330	1,764900
246,00	99,999541	100,016725	38,240525	37,522674	38,552368	38,078693	100,023115	99,972415	2,026218	2,927413	2,203426	2,994546	2,671047	2,585857	18,757547	21,717529	26,184502	26,918858	18,448891	21,127672	2,151984	2,182967	2,684861	3,018178	1,846922	1,823065
247,00	99,981058	100,068879	38,495761	37,730500	38,804790	38,284639	99,969542	99,957925	2,091640	3,012139	2,272199	3,088504	2,742275	2,660813	18,809821	21,862841	26,320338	27,113578	18,529893	21,305604	2,200217	2,254182	2,743405	3,110309	1,880339	1,881148
248,00	99,894679	100,052977	38,738117	37,948883	39,060056	38,513529	99,997294	99,987173	2,158067	3,109686	2,346420	3,175150	2,835535	2,742940	18,887693	22,035708	26,439860	27,291289	18,581392	21,483183	2,248015	2,326758	2,801009	3,204889	1,920696	1,938335
249,00	99,854589	100,034761	39,012814	38,154668	39,307925	38,721126	100,036967	99,970418	2,236632	3,202429	2,421598	3,267035	2,917407	2,845962	18,936005	22,177580	26,560295	27,504912	18,639673	21,669097	2,309249	2,404921	2,877921	3,301696	1,965823	2,002116
250,00	99,905580	100,034630	39,335096	38,395143	39,582524	38,970631	100,055385	99,967653	2,314001	3,303538	2,500425	3,361334	3,011491	2,953804	19,014306	22,361511	26,670656	27,735183	18,693352	21,863298	2,367574	2,489730	2,952334	3,409772	2,010477	2,067646
251,00	99,964976	100,033259	39,643425	38,651317	39,827564	39,226899	100,010037	99,935669	2,402833	3,398244	2,584319	3,468024	3,115083	3,062863	19,078812	22,549161	26,773301	27,964839	18,784767	22,046132	2,439179	2,578457	3,030675	3,523050	2,060727	2,145928
252,00	99,974859	100,026572	39,948112	38,893998	40,105599	39,512861	100,024641	99,981445	2,500440	3,519122	2,680888	3,585674	3,218568	3,171893	19,167444	22,760458	26,888362	28,201181	18,873483	22,246124	2,515896	2,671208	3,113352	3,646754	2,112552	2,225782
253,00	99,995857	99,980378	40,297008	39,189082	40,402466	39,762875	100,049853	99,965113	2,603461	3,642752	2,778441	3,710568	3,334034	3,287301	19,256414	22,974268	27,044252	28,464839	18,976526	22,458328	2,600215	2,764807	3,206233	3,774449	2,174265	2,316021
254,00	100,011778	99,969965	40,662631	39,495045	40,759444	40,082493	100,077450	99,992651	2,712088	3,787801	2,889504	3,857079	3,450223	3,417900	19,365472	23,170640	27,227148	28,769532	19,078031	22,696829	2,678230	2,870670	3,314136	3,926277	2,238064	2,405040
255,00	100,041556	100,032759	41,044962	39,874279	41,116470	40,443191	100,039709	100,030339	2,820793	3,923138	3,000696	4,000007	3,592138	3,554587	19,489188	23,400162	27,420348	29,084340	19,185789	22,948675	2,761522	2,985109	3,415846	4,076662	2,310764	2,505689
256,00	100,084543	100,032926	41,419733	40,239030	41,481572	40,829888	100,020170	100,069201	2,941382	4,076517	3,126905	4,165341	3,732891	3,705123	19,636405	23,622984	27,603209	29,394385	19,294535	23,198667	2,852981	3,115381	3,521838	4,238837	2,381816	2,609266
257,00	100,083554	99,992257	41,840741	40,601528	41,878188	41,168517	99,950582	100,039303	3,070169	4,239369	3,261006	4,320632	3,887415	3,866333	19,784139	23,847228	27,783024	29,705954	19,404779	23,452124	2,952325	3,244987	3,640973	4,399971	2,460006	2,730799
258,00	100,067210	99,942666	42,240223	40,969494	42,276463	41,548541	99,952477	99,980927	3,212797	4,414535	3,409741	4,505533	4,052453	4,032549	19,927046	24,119085	27,983996	30,026984	19,525637	23,715271	3,060433	3,380684	3,763358	4,564219	2,541369	2,844931
259,00	99,998140	99,898648	42,618671	41,362569	42,682239	41,942933	99,949670	100,025368	3,356615	4,598800	3,563922	4,683764	4,236237	4,210047	20,083548	24,385840	28,205645	30,368081	19,667794	23,999956	3,168502	3,522692	3,902968	4,748392	2,627572	2,973353
260,00	99,994773	99,950022	43,031025	41,772527	43,094620	42,385048	100,015104	100,009334	3,511218	4,793030	3,729916	4,880247	4,415084	4,395630	20,259550	24,688232	28,443044	30,722007	19,810860	24,284872	3,296087	3,671784	4,045318	4,948562	2,723425	3,094254
261,00	100,000620	99,967718	43,491882	42,221496	43,539977	42,828837	100,065851	100,000584	3,662199	5,001138	3,896247	5,083257	4,613522	4,583568	20,471816	24,968702	28,699392	31,087899	19,978485	24,596441	3,420984	3,838146	4,200720	5,154298	2,818619	3,239902
262,00	99,914271	100,016367	43,954164	42,681611	43,984777	43,280470	100,058377	99,957186	3,829585	5,215678	4,076793	5,301864	4,818116	4,789728	20,675941	25,277391	28,947595	31,479734	20,138848	24,920954	3,562511	4,004468	4,361463	5,360927	2,921344	3,388231
263,00	99,927491	100,032187	44,417766	43,176040	44,431806	43,778461	100,069189	99,989921	4,014382	5,434095	4,256087	5,539594	5,035247	4,999253	20,903024	25,601852	29,245546	31,871012	20,317474	25,250208	3,708940	4,178450	4,532840	5,567639	3,029963	3,546936
264,00	99,944758	100,015378	44,912702	43,650863	44,920716	44,252881	100,037539	99,996436	4,203144	5,672171	4,449325	5,781401	5,253416	5,234169	21,150535	25,942090	29,547974	32,282069	20,510249	25,581732	3,863389	4,361648	4,716745	5,805515	3,147380	3,706436
265,00	100,010741	100,022984	45,441467	44,175008	45,404163	44,779629	100,052392	100,031865	4,396250	5,922113	4,657415	6,034308	5,481708	5,467746	21,412726	26,307103	29,875436	32,693905	20,741989	25,921127	4,023584	4,558729	4,906387	6,054265	3,276187	3,876069
266,00	99,992043	100,046909	45,940936	44,707379	45,874980	45,294642	100,046992	100,021124	4,587639	6,189375	4,871371	6,292257	5,732148	5,717667	21,693191	26,692769	30,204040	33,160862	20,966391	26,295033	4,193384	4,772923	5,111647	6,320172	3,409085	4,055890
267,00	99,940664	100,089669	46,452710	45,303690	46,365693	45,867372	100,035000	100,023043	4,802490	6,470039	5,107565	6,571343	5,996221	5,970814	21,966742	27,098894	30,559379	33,615771	21,211456	26,662371	4,381644	4,992652	5,326960	6,588194	3,557692	4,246021
268,00	99,950922	100,075650	46,985629	45,832458	46,928346	46,440643	99,991244	100,013208	5,027419	6,767865	5,357510	6,870771	6,277370	6,238423	22,255762	27,491921	30,945262	34,071255	21,473870	27,049088	4,576937	5,226903	5,564100	6,873382	3,707343	4,447252
269,00	99,888647	100,047934	47,570512	46,379766	47,506359	47,001800	99,983847	100,042987	5,261761	7,066546	5,623775	7,197204	6,574305	6,509974	22,551870	27,874541	31,346259	34,531143	21,753983	27,434394	4,778961	5,463660	5,804924	7,175307	3,866726	4,655587
270,00	99,956155	100,078583	48,133361	46,968076	48,083711	47,561219	99,987632	100,100994	5,504597	7,379626	5,881352	7,500814	6,883532	6,791598	22,880958	28,263608	31,740037	35,024449	22,029924	27,844483	4,986287	5,715266	6,069512	7,486342	4,024789	4,872821
271,00	99,942422	100,055325	48,676899	47,549793	48,635241	48,152190	100,019836	100,093126	5,743222	7,689284	6,144841	7,820439	7,192997	7,088356	23,234901	28,693131	32,145175	35,540542	22,311819	28,243896	5,209621	5,968819	6,337369	7,810154	4,194055	5,096850
272,00	99,964684	100,015962	49,216750	48,167464	49,197033	48,748231	99,974269	100,106716	5,997112	8,025930	6,424502	8,145519	7,500464	7,388659	23,595373	29,124796	32,549694	36,047420	22,603770	28,652763	5,448169	6,245594	6,613953	8,145274	4,380603	5,338901
273,00	99,928957	99,927545	49,754781	48,704541	49,762812	49,301952	99,998713	100,033998	6,252484	8,353662	6,731918	8,507681	7,817402	7,709334	23,974098	29,568335	32,988298	36,536053	22,924757	29,036233	5,701521	6,519423	6,903902	8,486187	4,584711	5,593212
274,00	99,919248	99,898684	50,326115	49,326763	50,324655	49,865323	100,006771	100,023031	6,540869	8,707462	7,034578	8,861879	8,145724	8,026297	24,377176	30,009475	33,482251	37,059879	23,249109	29,457182	5,951786	6,808226	7,207344	8,834571	4,782932	5,845629
275,00	99,951291	99,935251	50,908083	49,938259	50,942564	50,466543	100,059426	99,991953	6,815333	9,069426	7,342220	9,217842	8,486579	8,356133	24,804880	30,471471	34,007969	37,609708	23,634949	29,913840	6,217653	7,113587	7,539082	9,191693	4,986627	6,113730
276,00	99,965739	99,965608	51,508963	50,562680	51,540267	51,135385	100,082552	100,010145	7,106620	9,452645	7,655765	9,599306	8,831310	8,682778	25,236228	30,961490	34,564266	38,185769	24,028143	30,385518	6,495108	7,424427	7,868603	9,566913	5,198288	6,389262
277,00	100,015688	100,036740	52,091247	51,162475	52,146697	51,814604	100,064492	99,960917	7,400949	9,827127	7,983182	9,985505	9,199654	9,028798	25,674286	31,452149	35,082322	38,763773	24,434839	30,854499	6,787112	7,744759	8,222917	9,951264	5,422868	6,680361
278,00	100,015283	100,045192	52,661633	51,769030	52,710962	52,438307	100,082278	99,975401	7,718961	10,209294	8,316728	10,384914	9,565531	9,383601	26,138985	31,966200	35,591939	39,317870	24,831739	31,317857	7,079880	8,068445	8,580100	10,356127	5,661132	6,971183
279,00	99,949342	100,035095	53,228128	52,424693	53,289121	53,068554	100,019383	99,952430	8,029924	10,588589	8,660670	10,760036	9,954359	9,756908	26,608527	32,449591	36,132249	39,865825	25,236079	31,819618	7,380948	8,394974	8,949548	10,758992	5,901903	7,280511
280,00	99,872154	99,991053	53,808320	53,036571	53,886557	53,655452	100,051367	99,987793	8,359151	10,991874	9,013325	11,172318	10,339566	10,127810	27,100816	32,957661	36,700544	40,404788	25,670144	32,313070	7,705756	8,740970	9,325851	11,165847	6,167513	7,601970
281,00	99,860144	99,966913	54,408842	53,649676	54,500091	54,278308	99,980843	99,946105	8,682225	11,402812	9,365914	11,574768	10,746697	10,517392	27,579707	33,460560	37,317073	40,965220	26,103657	32,777035	8,031224	9,087697	9,704871	11,582185	6,423859	7,925356
282,00	99,927938	99,979585	55,034941	54,243720	55,134559	54,890555	99,995947	99,992824	9,023837	11,826505	9,724263	12,016803	11,137176	10,897885	28,094468	33,991882	37,939036	41,577336	26,551637	33,239409	8,353725	9,459527	10,115827	12,017703	6,698434	8,248374
283,00	99,995643	100,018978	55,651170	54,883653	55,732286	55,535400	99,982154	99,995494	9,353596	12,250079	10,086890	12,432292	11,549599	11,296493	28,615445	34,525281	38,554943	42,181155	27,025706	33,716547	8,682483	9,820642	10,531941	12,441307	6,967207	8,576924
284,00	100,074184	100,046790	56,269056	55,524659	56,347090	56,192732	99,954408	99,967194	9,712029	12,662232	10,492409	12,864770	11,958694	11,706014	29,175863	35,039669	39,198533	42,791921	27,545023	34,219322	9,031694	10,184474	10,963647	12,866028	7,257116	8,910779
285,00	100,038302	100,031614	56,873029	56,130326	56,901193	56,763369	99,900228	99,991858	10,062519	13,095312	10,874611	13,295636	12,386981	12,133537	29,744589	35,541791	39,827988	43,356934	28,075317	34,723237	9,398314	10,550305	11,387073	13,293098	7,557026	9,248990
286,00	100,035167	99,986726	57,486409	56,734258	57,502276	57,348162	99,924314	99,954873	10,445224	13,503292	11,275111	13,726719	12,809429	12,564157	30,322236	36,032334	40,537122	43,883178	28,617299	35,224238	9,768643	10,925552	11,817469	13,729809	7,882795	9,589055
287,00	99,976599	99,973077	58,070886	57,296264	58,051378	57,922548	99,977690	100,031185	10,817024	13,940956	11,642180	14,165829	13,230649	12,999645	30,897963	36,557606	41,243881	44,414738	29,178569	35,698196	10,132725	11,304542	12,261741	14,165355	8,212049	9,945522
288,00	99,987239	99,958795	58,634722	57,837391	58,627343	58,539230	100,024235	99,963593	11,204255	14,361267	12,039490	14,581813	13,649134	13,442692	31,480926	37,037936	41,980866	44,935566	29,771486	36,179107	10,502406	11,681699	12,701927	14,580016	8,545570	10,295912
289,00	99,994624	99,954039	59,223998	58,362472	59,151995	59,079438	99,993187	99,992186	11,569463	14,799663	12,435150	15,024014	14,047849	13,883165	32,081649	37,515935	42,644715	45,466587	30,368227	36,651677	10,875931	12,043820	13,145894	15,012245	8,883669	10,633826
290,00	99,979919	99,968892	59,794283	58,929181	59,712005	59,591711	100,008237	99,975133	11,947564	15,218055	12,824690	15,448909	14,466281	14,311472	32,719091	37,997991	43,322581	46,013927	30,965966	37,154087	11,265908	12,408028	13,584951	15,427272	9,235021	10,971078
291,00	99,995536	99,972707	60,371822	59,496754	60,228044	60,111481	100,002110	100,015652	12,324191	15,632771	13,211209	15,876853	14,885391	14,746617	33,344087	38,514706	43,989089	46,553314	31,573990	37,629414	11,656567	12,773322	14,044808	15,861228	9,589498	11,312809
292,00	99,945289	100,065649	60,871977	60,055661	60,751218	60,638547	99,993372	100,035000	12,705605	16,040289	13,584262	16,290407	15,313216	15,169711	33,947513	39,059949	44,687000	47,099245	32,193568	38,109806	12,047145	13,145965	14,500794	16,276610	9,954223	11,663651
293,00	99,937129	100,020134	61,371964	60,554367	61,198109	61,164182	99,961364	100,032127	13,071586	16,461959	13,976575	16,699122	15,724735	15,587085	34,540078	39,531171	45,384806	47,588563	32,809848	38,563770	12,439170	13,512866	14,954378	16,702653	10,325523	12,004436
294,00	99,880469	100,045657	61,800599	61,051285	61,645144	61,673552	99,921209	100,014889	13,431142	16,866791	14,358486	17,107064	16,134401	15,990715	35,138762	39,989895	46,082523	48,088825	33,417439	39,004421	12,824193	13,860489	15,376382	17,099924	10,704807	12,333018
295,00	99,891138	99,987143	62,283975	61,532623	62,126720	62,158573	99,929929	100,017214	13,775177	17,279333	14,723946	17,514168	16,554664	16,387354	35,764650	40,404660	46,782109	48,588136	34,058055	39,456135	13,209030	14,202103	15,787132	17,502002	11,093620	12,665968
296,00	99,902838	100,002170	62,704867	62,034851	62,600785	62,638742	99,904215	100,022006	14,134488	17,665786	15,094681	17,908286	16,945510	16,763665	36,374053	40,878600	47,457856	49,091426	34,668857	39,907193	13,581020	14,530739	16,190772	17,878670	11,483777	12,992765
297,00	99,971312	99,985802	63,169008	62,491494	63,098997	63,082659	99,922568	100,034451	14,466731	18,052821	15,432772	18,307298	17,336363	17,132860	36,978534	41,312355	48,095113	49,587369	35,275218	40,358058	13,953029	14,863987	16,580795	18,265493	11,860810	13,322583
298,00	100,001228	100,012434	63,589334	62,936091	63,527113	63,542998	99,943727	100,037932	14,814156	18,431738	15,786701	18,687445	17,688368	17,504807	37,525737	41,778210	48,700392	50,047201	35,814744	40,800366	14,304928	15,197639	16,967264	18,628700	12,240509	13,630916
299,00	100,017607	100,000858	64,013308	63,314772	63,973612	63,954204	99,986970	99,994731	15,131229	18,802424	16,120195	19,064012	18,062688	17,874154	38,029605	42,162079	49,265778	50,474524	36,337841	41,211915	14,639699	15,530285	17,317989	18,998171	12,596256	13,933353
300,00	99,990499	100,047648	64,434314	63,733113	64,379740	64,399725	100,028288	100,024569	15,472694	19,182882	16,460393	19,424202	18,422279	18,218020	38,512975	42,596513	49,802387	50,878310	36,821324	41,628611	14,952520	15,856200	17,671698	19,363554	12,971547	14,238755
301,00	99,981141	100,039029	64,816129	64,144617	64,774436	64,807165	100,050747	100,041234	15,792429	19,551596	16,799189	19,792280	18,786936	18,560293	39,007175	42,966062	50,299305	51,287335	37,294930	42,000762	15,276304	16,194443	17,997940	19,737951	13,329227	14,547928
302,00	99,970770	100,068140	65,162086	64,555824	65,153605	65,228182	100,039816	100,036573	16,113664	19,910118	17,112778	20,158967	19,133842	18,905863	39,447773	43,394908	50,756776	51,740247	37,737429	42,402577	15,595058	16,518022	18,305473	20,074478	13,686170	14,847079
303,00	99,989891	100,045037	65,494293	64,937437	65,530205	65,605325	100,013030	100,003040	16,432734	20,251994	17,454092	20,511064	19,471052	19,244455	39,881310	43,812329	51,201612	52,174515	38,172859	42,794800	15,914173	16,823189	18,591446	20,407015	14,044303	15,127628
304,00	100,002766	100,062132	65,832651	65,312922	65,884954	66,001868	99,967164	99,962610	16,756780	20,603773	17,784800	20,842834	19,793938	19,577213	40,281421	44,246933	51,621503	52,586383	38,590008	43,201539	16,203669	17,107894	18,855894	20,710482	14,382637	15,399659
305,00	99,995238	100,007021	66,202730	65,640390	66,230971	66,333216	99,981570	100,009739	17,085403	20,962477	18,107188	21,189873	20,120651	19,907100	40,686461	44,623196	52,022183	52,970243	38,987026	43,574420	16,503870	17,401884	19,102079	21,036324	14,734143	15,675376
306,00	100,034821	99,943411	66,556633	65,950418	66,589868	66,621011	100,029683	100,065649	17,406221	21,315300	18,414144	21,520880	20,447470	20,245253	41,094640	44,951236	52,396089	53,277326	39,371449	43,914506	16,781895	17,685255	19,364648	21,340951	15,038444	15,935160
307,00	100,021672	99,952614	66,885108	66,242629	66,938806	66,870880	100,033307	100,105691	17,731027	21,653734	18,694530	21,852189	20,760429	20,550196	41,448855	45,283282	52,719402	53,634584	39,687389	44,231212	17,039976	17,960848	19,610435	21,657133	15,348652	16,190039
308,00	100,046837	100,030088	67,183757	66,590172	67,277235	67,177528	100,049686	100,078952	18,045568	21,974081	18,978575	22,145776	21,074049	20,863260	41,780949	45,637116	53,029013	53,933030	40,013108	44,567382	17,274870	18,222250	19,854908	21,917786	15,627633	16,436508
309,00	100,028813	100,079250	67,452353	66,897714	67,566127	67,477393	99,958640	100,013304	18,336630	22,274664	19,252321	22,444230	21,353476	21,135923	42,053631	45,971420	53,294897	54,290009	40,257049	44,867894	17,489916	18,496427	20,057043	22,172593	15,890415	16,682684
310,00	100,035787	100,044215	67,704046	67,171180	67,860961	67,764944	99,982351	100,006831	18,624660	22,551423	19,520864	22,750665	21,628442	21,428360	42,353606	46,273831	53,535861	54,577148	40,541813	45,172176	17,722414	18,738066	20,270452	22,425313	16,130510	16,913432
311,00	100,023782	100,021648	68,001038	67,414314	68,118805	68,047005	99,971491	99,999946	18,912685	22,848716	19,797815	23,024401	21,883583	21,676415	42,666858	46,587163	53,804922	54,862899	40,798047	45,453385	17,938605	18,975966	20,470238	22,678711	16,371645	17,125632
312,00	99,974906	100,018728	68,251991	67,650002	68,374449	68,281156	100,052798	99,961752	19,216819	23,127121	20,079389	23,329453	22,159903	21,967405	42,933100	46,893016	54,012072	55,147910	41,080996	45,728290	18,165325	19,192490	20,663530	22,914721	16,609855	17,333864
313,00	99,935693	100,016773	68,463534	67,874116	68,601936	68,489563	100,080788	99,923617	19,493975	23,431300	20,339090	23,581851	22,439331	22,237404	43,172002	47,180068	54,246032	55,414110	41,306713	45,979995	18,360254	19,430044	20,848113	23,132792	16,826287	17,533274
314,00	99,940485	100,025964	68,706673	68,052238	68,872702	68,722171	100,084805	99,883276	19,795318	23,715094	20,591813	23,883781	22,715326	22,538346	43,403712	47,421247	54,422992	55,639631	41,530368	46,237198	18,577643	19,655022	21,034241	23,362325	17,018336	17,743963
315,00	99,973243	100,002265	68,964827	68,265361	69,114876	68,982625	100,087368	99,911833	20,096457	24,010305	20,816900	24,133843	22,961181	22,803377	43,657452	47,679484	54,672092	55,882877	41,741577	46,489608	18,781054	19,907331	21,230820	23,604232	17,181723	17,960909
316,00	100,044978	100,083232	69,272023	68,527442	69,362915	69,257790	100,043845	99,934816	20,382471	24,286735	21,074785	24,409081	23,213109	23,079443	43,903118	47,956955	54,877913	56,123775	41,937026	46,754962	18,981968	20,115423	21,389502	23,847280	17,358696	18,170236
317,00	100,043094	100,068080	69,490534	68,780726	69,598943	69,424385	100,013614	99,945647	20,636599	24,566977	21,311910	24,672522	23,453970	23,326738	44,143024	48,204732	55,024356	56,365860	42,083895	46,983323	19,134344	20,326357	21,554305	24,078660	17,496499	18,371432
318,00	100,039387	100,123692	69,767493	69,015902	69,842583	69,623017	100,030923	99,879056	20,881715	24,857719	21,564376	24,938166	23,694153	23,574525	44,399488	48,466006	55,149120	56,585145	42,228776	47,251019	19,314791	20,515436	21,702875	24,282004	17,673202	18,553872
319,00	99,989045	100,028872	69,981694	69,166756	70,062178	69,819099	100,051427	99,869728	21,132408	25,138131	21,799538	25,203514	23,920722	23,825999	44,616455	48,687604	55,295461	56,768179	42,395908	47,523940	19,479422	20,724478	21,881415	24,471708	17,812341	18,730181
320,00	99,930662	100,003576	70,183980	69,308341	70,251554	69,980651	100,091314	99,866796	21,389757	25,402999	22,010630	25,443166	24,126863	24,043490	44,832593	48,960832	55,481076	56,965953	42,546219	47,730723	19,654378	20,921564	22,055374	24,659660	17,963320	18,920034
321,00	99,889243	99,971700	70,352691	69,459558	70,409662	70,113885	100,017297	99,962831	21,632172	25,654462	22,185028	25,725204	24,345002	24,282858	44,979003	49,176106	55,672228	57,116491	42,661244	47,944823	19,807313	21,114546	22,233434	24,850136	18,082224	19,099556
322,00	99,921936	99,997675	70,607573	69,644380	70,621562	70,226318	100,007784	99,943382	21,888281	25,916895	22,377871	25,979486	24,544455	24,502005	45,212558	49,416411	55,873626	57,350194	42,785853	48,129162	19,959150	21,306066	22,384185	25,037476	18,219003	19,305442
323,00	100,007141	100,033712	70,840818	69,904381	70,815283	70,394033	99,976492	99,968821	22,088547	26,192597	22,603637	26,234969	24,773276	24,759203	45,394486	49,611157	56,071943	57,582134	42,932963	48,357865	20,126386	21,510597	22,584936	25,189829	18,369117	19,491234
324,00	100,078678	100,050712	71,077120	70,081079	71,033394	70,586425	99,973387	99,957484	22,291489	26,443079	22,825128	26,461959	25,008857	24,981070	45,608824	49,833363	56,253588	57,832003	43,135488	48,544902	20,290278	21,703583	22,760676	25,331399	18,518595	19,673614
325,00	100,055170	100,031197	71,185404	70,215523	71,133959	70,738661	99,966985	100,004494	22,482294	26,700813	23,006876	26,698568	25,228018	25,204000	45,741108	50,033361	56,371671	57,975900	43,253827	48,738170	20,481500	21,868871	22,981071	25,455341	18,635902	19,844922
326,00	100,006962	99,967110	71,332735	70,274484	71,234202	70,836782	99,998099	100,106287	22,695646	26,898652	23,187935	26,927319	25,418726	25,405410	45,908588	50,197631	56,524676	58,098716	43,345231	48,889211	20,637101	22,025618	23,142885	25,619105	18,747529	19,983992
327,00	99,879813	99,946564	71,456182	70,368505	71,331400	70,922995	100,059021	100,124586	22,887222	27,135864	23,366654	27,123958	25,576141	25,582907	46,050504	50,360417	56,634611	58,213907	43,378571	49,060291	20,792888	22,177622	23,328774	25,788319	18,860310	20,128024
328,00	99,881530	99,950290	71,607107	70,487589	71,489012	71,048546	100,087130	100,121951	23,058222	27,335998	23,545969	27,312240	25,738847	25,739354	46,232450	50,520331	56,793505	58,366871	43,467700	49,174267	20,925766	22,353263	23,483002	25,959197	18,989882	20,278242
329,00	99,907959	99,991262	71,762311	70,611310	71,621442	71,236360	100,072849	100,062788	23,219736	27,536026	23,692657	27,471331	25,887689	25,906900	46,407759	50,725937	56,892151	58,560193	43,603954	49,356174	21,078293	22,505727	23,658296	26,100469	19,103533	20,433342
330,00	100,018609	99,977422	71,892053	70,698935	71,755880	71,312964	100,075459	99,997383	23,383704	27,710968	23,830530	27,640304	26,046509	26,073897	46,583995	50,905359	57,014340	58,713645	43,726239	49,514863	21,210642	22,641967	23,828745	26,224801	19,217630	20,571786
331,00	100,012732	99,996096	72,048241	70,781279	71,817625	71,393675	100,041103	99,976468	23,518801	27,870262	23,957667	27,796143	26,186860	26,233914	46,720386	51,082224	57,112318	58,866644	43,824282	49,710572	21,322325	22,768690	23,987532	26,336598	19,320905	20,688647
332,00	100,012851	100,014675	72,099936	70,877862	71,878946	71,419525	100,030148	99,918467	23,646300	28,032982	24,091470	27,950448	26,340678	26,360658	46,835384	51,226914	57,207811	58,949006	43,877864	49,859318	21,430002	22,896302	24,130465	26,438057	19,419324	20,813397
333,00	99,992406	100,022864	72,166681	70,909518	71,886450	71,464956	99,994659	99,933904	23,761904	28,190601	24,210335	28,106269	26,457709	26,475167	46,960235	51,348203	57,313693	59,045804	43,941334	49,989086	21,544236	23,016188	24,269356	26,564595	19,505936	20,943323
334,00	99,997282	100,020778	72,207916	70,930243	71,935272	71,512604	100,005984	99,921346	23,900452	28,326240	24,323736	28,215834	26,566187	26,576960	47,097170	51,452523	57,413286	59,148031	43,987763	50,079560	21,673495	23,142365	24,420999	26,688150	19,597158	21,064125
335,00	99,955100	99,986368	72,277224	70,949012	71,940565	71,541131	100,025415	99,970025	24,011897	28,452107	24,425232	28,360677	26,666909	26,707083	47,217926	51,584142	57,487243	59,290451	44,025391	50,217223	21,772341	23,253527	24,554403	26,816690	19,688933	21,200399
336,00	99,929118	99,983239	72,297430	71,007597	71,970922	71,598029	99,980384	100,020182	24,113977	28,555498	24,520378	28,476089	26,747230	26,824442	47,298947	51,721048	57,538557	59,387612	44,081745	50,366288	21,872604	23,386282	24,694304	26,926017	19,794533	21,320513
337,00	99,945074	99,973238	72,311836	71,060526	71,987480	71,599543	100,007641	100,038874	24,200250	28,682816	24,595357	28,632548	26,856467	26,942435	47,413701	51,858461	57,617718	59,462470	44,159195	50,533175	21,983889	23,491445	24,826202	27,040797	19,881724	21,443228
338,00	100,016868	100,011349	72,328973	71,093786	72,068995	71,646768	100,014806	100,058901	24,294233	28,799352	24,662796	28,734463	26,951379	27,026597	47,515279	51,982504	57,735372	59,508806	44,274983	50,661814	22,118051	23,617111	24,956565	27,157196	19,987756	21,556880
339,00	100,069189	99,984580	72,328240	71,108168	72,126770	71,651757	100,055718	100,087464	24,379328	28,900781	24,756235	28,837740	27,060255	27,125558	47,650716	52,097529	57,828283	59,581435	44,391465	50,755405	22,227211	23,732935	25,074545	27,261609	20,090254	21,685091
340,00	100,063801	99,940008	72,352022	71,117669	72,139472	71,628881	100,029516	100,093567	24,471542	29,009616	24,854894	28,914794	27,150914	27,207452	47,760573	52,205449	57,916045	59,650451	44,496140	50,877166	22,341509	23,849066	25,202930	27,360564	20,216879	21,803625
341,00	99,998987	99,923700	72,345954	71,111470	72,107816	71,637017	99,987692	100,090528	24,542952	29,105905	24,942380	29,001847	27,225506	27,300116	47,873372	52,304828	57,980788	59,721762	44,589660	50,988656	22,433916	23,953371	25,330764	27,446622	20,351484	21,906397
342,00	99,987739	99,941736	72,357863	71,114647	72,087461	71,631670	100,022256	100,047946	24,627024	29,212165	25,003847	29,072779	27,294624	27,373803	48,001912	52,420908	58,092886	59,792972	44,684124	51,108122	22,549479	24,040395	25,476617	27,538607	20,486891	22,009183
343,00	99,973297	99,961609	72,321266	71,093106	72,113013	71,657944	100,013435	100,038826	24,695191	29,266158	25,063190	29,147273	27,379110	27,451980	48,109311	52,514970	58,180207	59,879804	44,807187	51,199877	22,652587	24,141909	25,607002	27,626801	20,616210	22,106919
344,00	99,977267	99,937952	72,290397	71,052390	72,118872	71,629161	100,000393	99,989939	24,765091	29,346666	25,126418	29,227456	27,453941	27,517471	48,248059	52,601361	58,267629	59,950221	44,948170	51,305807	22,761244	24,243337	25,755036	27,720919	20,766416	22,207814
345,00	99,959558	99,939668	72,231758	71,011788	72,097421	71,619844	99,962837	99,970001	24,811289	29,413244	25,187719	29,308477	27,534974	27,586344	48,348704	52,660614	58,302897	60,024410	45,083648	51,401323	22,869734	24,337293	25,906074	27,817905	20,910835	22,308065
346,00	99,982536	99,979126	72,188288	71,009332	72,067285	71,611023	99,958986	99,993968	24,869771	29,489601	25,252104	29,389083	27,592421	27,647424	48,464084	52,777487	58,352613	60,082364	45,191252	51,518786	22,989823	24,426295	26,053977	27,892730	21,046974	22,418422
347,00	100,034404	100,005698	72,170562	71,011019	72,073275	71,556306	100,011206	99,993074	24,932806	29,552042	25,316745	29,461095	27,651653	27,703089	48,586574	52,879041	58,441377	60,147524	45,307422	51,613659	23,108618	24,506058	26,194298	27,981147	21,180387	22,511786
348,00	100,014806	100,043213	72,158450	71,067208	72,047698	71,570885	100,023699	100,003505	25,001189	29,632795	25,380957	29,520759	27,716604	27,751192	48,691586	53,019148	58,539915	60,241598	45,430419	51,753145	23,224463	24,610677	26,311618	28,051019	21,319214	22,604150
349,00	99,983007	100,009966	72,136039	71,051633	72,022241	71,515501	100,039518	99,965912	25,054374	29,715347	25,452602	29,570961	27,786675	27,823901	48,819965	53,108227	58,630633	60,297489	45,559880	51,841033	23,316409	24,702638	26,460418	28,131360	21,477166	22,698873
350,00	99,933165	99,934715	72,125024	70,999956	71,968788	71,505183	100,016272	99,965048	25,104371	29,787046	25,513610	29,617107	27,860406	27,889368	48,898542	53,180730	58,689439	60,330087	45,673722	51,922137	23,431361	24,788684	26,592010	28,211710	21,605302	22,794783
351,00	99,949318	99,905908	72,093302	70,929360	71,972048	71,435201	100,042176	99,990880	25,165045	29,849210	25,566351	29,681283	27,917102	27,970490	49,015933	53,235525	58,754545	60,338789	45,768633	51,991701	23,530975	24,868815	26,728478	28,296280	21,712151	22,893471
352,00	99,967527	99,900597	72,068548	70,889872	71,933281	71,425527	100,059032	100,019598	25,208864	29,911795	25,604063	29,753172	27,981475	28,030914	49,072683	53,315765	58,804148	60,377699	45,859662	52,067542	23,637792	24,960203	26,819178	28,383040	21,821478	22,985624
353,00	100,001073	99,938667	72,023702	70,868498	71,905214	71,402830	100,096416	100,059164	25,253603	29,978183	25,650457	29,827005	28,029013	28,075957	49,164531	53,405744	58,842349	60,446620	45,928451	52,160990	23,717889	25,050780	26,910815	28,468055	21,917269	23,075293
354,00	100,021505	99,934214	72,029519	70,846772	71,880251	71,386683	100,054324	100,055814	25,288048	30,043975	25,707683	29,890314	28,095230	28,128126	49,238452	53,491122	58,897477	60,510910	45,994768	52,252847	23,807403	25,135601	26,978621	28,537863	22,019538	23,171198
355,00	100,025225	99,985677	72,029603	70,849741	71,881080	71,380776	100,053763	100,075138	25,343832	30,108672	25,759402	29,958087	28,148049	28,177890	49,340579	53,559387	58,915651	60,575044	46,050861	52,363265	23,886544	25,202921	27,069703	28,620607	22,097689	23,254272
356,00	99,981451	100,017738	72,000635	70,855731	71,898711	71,346283	100,063372	100,072169	25,396273	30,171132	25,809348	30,016801	28,219596	28,238761	49,403760	53,645903	58,924001	60,635513	46,095872	52,462786	23,972601	25,286707	27,158663	28,676409	22,173385	23,337792
357,00	99,953389	100,060940	71,976626	70,850366	71,880150	71,339774	100,112891	100,075305	25,428042	30,220786	25,856546	30,069783	28,279817	28,293526	49,475017	53,719312	58,935231	60,676026	46,120533	52,537900	24,036294	25,354812	27,236876	28,747138	22,235443	23,409301
358,00	99,965364	100,016081	71,947640	70,798570	71,880209	71,293390	100,093365	100,067115	25,438955	30,275819	25,907868	30,117968	28,328231	28,340560	49,537507	53,774858	58,972186	60,701984	46,153045	52,605700	24,092463	25,438735	27,276450	28,803325	22,293429	23,488989
359,00	99,984980	100,021565	71,947503	70,775855	71,875548	71,289271	100,069141	100,078535	25,477087	30,327240	25,966573	30,159348	28,373593	28,396064	49,596772	53,837430	58,972842	60,733229	46,169087	52,686292	24,148482	25,487497	27,335724	28,868440	22,349656	23,563883
360,00	99,999082	99,987310	71,939504	70,751929	71,883249	71,234876	100,036585	100,065577	25,520045	30,380362	26,019439	30,195990	28,412527	28,463277	49,659362	53,897369	58,953136	60,771197	46,177447	52,756673	24,210657	25,567129	27,389461	28,932562	22,402205	23,647299
361,00	100,004375	100,009775	71,953821	70,714837	71,880800	71,199656	100,000691	100,050509	25,572756	30,425513	26,079032	30,241409	28,476962	28,535792	49,703443	53,958774	58,927530	60,818541	46,168855	52,822965	24,273857	25,644359	27,459815	28,994212	22,453634	23,723893
362,00	100,020504	99,990135	71,978027	70,650518	71,889824	71,123725	99,990088	100,035739	25,614879	30,469882	26,127395	30,292833	28,553674	28,612861	49,774686	53,999674	58,934224	60,828853	46,152481	52,855283	24,344780	25,737575	27,492964	29,063949	22,508699	23,814112
363,00	100,008929	100,019538	71,987540	70,586234	71,900386	71,092796	99,935973	99,996650	25,653142	30,506933	26,188406	30,338594	28,623381	28,678712	49,806687	54,078817	58,898455	60,863036	46,157596	52,929091	24,405526	25,810727	27,536154	29,125878	22,560842	23,875479
364,00	99,991119	100,022161	71,968848	70,546496	71,911901	71,068490	99,961954	99,986786	25,700796	30,553740	26,248381	30,388924	28,672019	28,749532	49,846208	54,157853	58,859301	60,893780	46,145687	52,998233	24,469854	25,873953	27,576286	29,193106	22,603220	23,953192
365,00	99,995828	100,047588	71,922565	70,523828	71,882081	71,092588	99,969697	99,947023	25,739008	30,587611	26,309848	30,440119	28,724319	28,810105	49,862498	54,243112	58,791494	60,952818	46,118146	53,104085	24,526101	25,939134	27,639970	29,249230	22,630775	24,016382
366,00	99,978721	100,017369	71,887487	70,469701	71,844637	71,062684	100,024188	99,968725	25,792035	30,643684	26,355216	30,505347	28,792375	28,868929	49,870855	54,283255	58,726603	60,963255	46,069491	53,166479	24,602549	26,016486	27,702248	29,309413	22,661202	24,103028
367,00	99,955755	100,022364	71,882766	70,428628	71,803594	71,055061	100,023699	99,927855	25,826633	30,685434	26,391760	30,560353	28,855741	28,925446	49,861360	54,345083	58,669806	61,015081	46,023378	53,238589	24,666488	26,098564	27,761993	29,371935	22,691697	24,192069
368,00	99,985802	99,959898	71,928650	70,363927	71,841985	70,993894	100,025105	99,924523	25,865477	30,747437	26,438472	30,598852	28,906545	29,007289	49,877155	54,397154	58,667296	61,040205	46,006703	53,278917	24,718340	26,172942	27,794564	29,431993	22,726426	24,285485
369,00	100,000262	99,924070	71,923137	70,321321	71,832389	70,935929	100,018156	99,915212	25,906307	30,796236	26,495248	30,655709	28,954780	29,077920	49,907836	54,478365	58,638012	61,061311	45,977733	53,341174	24,759863	26,247260	27,819559	29,507759	22,763772	24,363485
370,00	100,001180	99,923676	71,913099	70,281792	71,852469	70,904815	100,021446	99,923635	25,945058	30,844459	26,564565	30,695108	29,028711	29,168236	49,950436	54,566938	58,621234	61,089402	45,935130	53,422338	24,818854	26,310015	27,862492	29,564360	22,795267	24,415947
371,00	99,934393	99,963289	71,853018	70,244837	71,813607	70,882058	100,038028	99,921834	25,976685	30,882975	26,610404	30,759329	29,084593	29,223111	50,000674	54,660779	58,511740	61,109102	45,888415	53,508753	24,874991	26,382565	27,919626	29,627526	22,817627	24,479553
372,00	99,916440	99,995399	71,855372	70,216095	71,865392	70,832247	100,015652	99,959803	26,007202	30,932224	26,673308	30,806702	29,148996	29,290566	49,989453	54,716522	58,449125	61,146176	45,839635	53,580850	24,930346	26,455024	27,965453	29,686350	22,843908	24,550669
373,00	99,912405	99,993157	71,861106	70,176202	71,924126	70,746911	100,025487	99,999350	26,051077	30,986372	26,722068	30,853751	29,196593	29,338720	49,990499	54,777414	58,374697	61,152089	45,796514	53,640860	24,978226	26,537207	28,008232	29,770377	22,865148	24,646348
374,00	99,980581	100,016594	71,916687	70,135421	71,981317	70,669901	99,998713	100,069880	26,092169	31,058508	26,786986	30,894595	29,263291	29,404977	49,977306	54,846650	58,349890	61,178327	45,756683	53,706312	25,034896	26,627082	28,046849	29,849634	22,896658	24,731894
375,00	100,000548	100,042057	71,946406	70,102239	71,983451	70,641500	100,016034	100,015628	26,135126	31,096366	26,845750	30,920008	29,326674	29,484090	50,020140	54,958302	58,310801	61,221385	45,705959	53,793806	25,103691	26,698363	28,099132	29,906514	22,923505	24,809264
376,00	100,017273	100,026679	71,961951	70,069867	71,950740	70,586938	99,993593	100,016153	26,161259	31,144008	26,903322	30,961990	29,384059	29,560655	50,048846	55,040598	58,265442	61,250764	45,669901	53,861797	25,171012	26,779711	28,139365	29,959792	22,959289	24,880819
377,00	99,974132	100,007105	71,962684	70,042771	71,914643	70,549226	99,986994	99,985480	26,198506	31,185603	26,949599	31,007329	29,438868	29,627669	50,069314	55,110013	58,226895	61,290991	45,634106	53,933704	25,242019	26,847556	28,188956	30,022943	22,994697	24,959558
378,00	99,994957	99,996763	71,951222	70,000249	71,920401	70,503229	99,980563	100,031018	26,238739	31,242511	27,000800	31,058192	29,492539	29,683131	50,095248	55,185014	58,213800	61,314225	45,605451	54,007268	25,300130	26,930314	28,234345	30,099493	23,030558	25,049487
379,00	99,991661	100,017357	71,948457	69,947588	71,935034	70,482481	99,972224	100,008845	26,281783	31,289110	27,050781	31,105620	29,552621	29,739678	50,129640	55,256999	58,202177	61,350667	45,576930	54,085654	25,362685	27,003205	28,280827	30,170110	23,065637	25,126660
380,00	99,975687	99,993867	71,952951	69,893789	71,946752	70,435578	99,992532	100,001180	26,323527	31,332436	27,107924	31,152979	29,615197	29,793724	50,162488	55,334777	58,174336	61,383283	45,555440	54,164118	25,420037	27,092814	28,331318	30,242106	23,106584	25,204900
381,00	99,966604	99,987268	71,952611	69,860166	71,927917	70,402694	100,037074	99,983388	26,351187	31,381622	27,145037	31,199473	29,657802	29,850921	50,220853	55,404633	58,156443	61,416841	45,571288	54,230273	25,484574	27,174264	28,389201	30,304757	23,150140	25,287485
382,00	99,979132	99,956208	71,967614	69,812447	71,939385	70,332778	100,072491	100,016201	26,391807	31,435207	27,186576	31,240317	29,710221	29,901016	50,303990	55,477262	58,160323	61,439496	45,589122	54,302621	25,544786	27,260381	28,452781	30,364075	23,196243	25,368795
383,00	100,010622	99,960244	71,960157	69,773000	71,939719	70,292181	100,035334	100,004387	26,421377	31,475160	27,231324	31,275403	29,765189	29,967523	50,374967	55,557603	58,180356	61,456907	45,600328	54,374564	25,609845	27,330095	28,504929	30,428436	23,243821	25,444442
384,00	100,046360	99,950105	71,991056	69,734991	71,992677	70,274770	100,022221	99,985880	26,459944	31,516984	27,284724	31,329224	29,826468	30,024642	50,458568	55,631775	58,207285	61,510313	45,624074	54,453462	25,674471	27,400675	28,559518	30,497131	23,287478	25,517708
385,00	100,049961	99,943209	72,002023	69,723457	71,992701	70,277077	100,007510	99,942237	26,500630	31,552613	27,338716	31,373537	29,883918	30,091852	50,525045	55,717027	58,217043	61,549425	45,654476	54,537737	25,740224	27,471390	28,610167	30,560157	23,349039	25,591445
386,00	100,068295	99,947047	72,017342	69,692588	72,036856	70,272607	100,008869	99,951696	26,536202	31,601378	27,389765	31,437469	29,934388	30,152437	50,619406	55,810744	58,249170	61,587721	45,693386	54,625642	25,793609	27,553260	28,668639	30,610418	23,403290	25,671935
387,00	100,038421	99,933898	71,993411	69,642854	71,999109	70,222509	99,974895	99,967593	26,572058	31,632394	27,433616	31,475443	29,983062	30,212334	50,675565	55,891943	58,255947	61,605221	45,715412	54,688430	25,848302	27,631193	28,714931	30,668381	23,470469	25,743484
388,00	100,040066	99,951291	71,968919	69,599539	71,999764	70,179403	99,942505	99,963015	26,591557	31,678504	27,479628	31,528816	30,026627	30,263865	50,739539	55,969363	58,274370	61,629558	45,738888	54,752612	25,905034	27,701163	28,756896	30,732092	23,524618	25,816819
389,00	100,023222	99,977499	71,968400	69,590735	71,988440	70,135045	99,942994	99,968445	26,626229	31,725082	27,520347	31,570473	30,075586	30,316505	50,816202	56,053591	58,278835	61,661124	45,761159	54,832888	25,970060	27,779657	28,797570	30,803278	23,586050	25,890428
390,00	99,998713	99,983209	71,974975	69,582635	71,994048	70,117688	99,956185	99,940974	26,663804	31,771508	27,564275	31,606683	30,130070	30,365407	50,893831	56,124395	58,289260	61,690748	45,798260	54,915679	26,044810	27,851331	28,853935	30,858365	23,642059	25,969291
391,00	99,994206	99,958557	71,987122	69,555169	71,992320	70,071429	99,990731	99,950355	26,710302	31,817603	27,607200	31,645268	30,178744	30,414256	50,975263	56,198126	58,305365	61,723065	45,838681	54,986966	26,113424	27,933702	28,909934	30,907640	23,705770	26,043737
392,00	99,983758	99,936861	71,947378	69,512975	71,958303	70,049322	100,024176	99,945444	26,753509	31,855860	27,651504	31,682810	30,219200	30,466431	51,014078	56,256664	58,320546	61,760449	45,860890	55,037612	26,182190	27,994666	28,971025	30,955383	23,751038	26,114753
393,00	99,981362	99,944037	71,939433	69,477594	71,923578	70,019007	100,006890	99,970245	26,780269	31,905591	27,690428	31,740895	30,262434	30,517262	51,077443	56,333584	58,336943	61,772108	45,877665	55,107147	26,241052	28,071982	29,029033	31,017426	23,801717	26,181114
394,00	99,974608	99,971527	71,917212	69,446391	71,885622	70,004052	99,991059	99,995363	26,808161	31,961709	27,724952	31,792796	30,305159	30,572259	51,126844	56,387341	58,355802	61,787343	45,887181	55,165279	26,312581	28,145203	29,068625	31,084880	23,837756	26,262712
395,00	99,984914	99,968934	71,938509	69,410437	71,879268	69,962412	99,979150	100,010741	26,841167	32,025129	27,755496	31,844461	30,351526	30,621529	51,197433	56,449008	58,379155	61,790037	45,921186	55,221844	26,376587	28,224543	29,096437	31,146443	23,884635	26,335639
396,00	100,000787	99,978495	71,913457	69,370627	71,884835	69,929051	99,983644	100,026977	26,875344	32,083857	27,792090	31,888857	30,396777	30,661070	51,247817	56,519592	58,396316	61,820292	45,933414	55,273074	26,426688	28,290138	29,129258	31,194854	23,923242	26,408637
397,00	99,998301	99,978942	71,887064	69,337988	71,876317	69,874328	99,987638	100,048649	26,909164	32,122761	27,832282	31,928837	30,449954	30,710933	51,284653	56,602263	58,380830	61,824453	45,934346	55,330002	26,466554	28,352639	29,178935	31,247762	23,969835	26,473358
398,00	99,958277	99,993736	71,851903	69,301575	71,853113	69,831961	99,994087	100,058019	26,944903	32,164332	27,883211	31,977168	30,497125	30,751663	51,301283	56,645793	58,357286	61,835265	45,916656	55,397737	26,514930	28,411454	29,225510	31,301537	24,014509	26,548111
399,00	99,946588	99,998742	71,849304	69,265532	71,830606	69,792223	99,996918	100,060117	26,983577	32,205394	27,922815	32,017705	30,536422	30,800578	51,328570	56,689245	58,347178	61,839449	45,905164	55,467886	26,571068	28,478318	29,264948	31,356215	24,054731	26,617098
400,00	99,964195	100,003779	71,857023	69,218147	71,814936	69,764411	100,010812	100,028217	27,025697	32,242203	27,961940	32,059082	30,574113	30,834588	51,363343	56,734663	58,328903	61,857980	45,904887	55,514127	26,622534	28,540027	29,307336	31,397673	24,086718	26,683939
401,00	99,995857	100,013447	71,852052	69,163573	71,816003	69,740540	99,982238	100,027430	27,057457	32,281423	27,986860	32,090655	30,605346	30,874214	51,397949	56,797868	58,319944	61,877519	45,901641	55,555052	26,666474	28,599694	29,340988	31,448266	24,107911	26,740626
402,00	99,998999	100,026751	71,829993	69,123572	71,808738	69,703925	99,993980	100,029147	27,094018	32,320926	28,025758	32,129073	30,644557	30,904409	51,430166	56,843853	58,279341	61,911279	45,874128	55,597979	26,699960	28,654662	29,375336	31,500581	24,123415	26,798302
403,00	100,001872	100,039041	71,798736	69,093442	71,808237	69,669592	99,989665	100,021887	27,123079	32,355160	28,062046	32,166561	30,679697	30,946103	51,447845	56,882495	58,250409	61,923987	45,832837	55,662292	26,736745	28,710333	29,396972	31,555480	24,135040	26,863638
404,00	99,985725	100,039470	71,757483	69,082671	71,767843	69,631279	100,048184	99,992424	27,160409	32,387421	28,106737	32,200503	30,716276	30,989176	51,465517	56,936145	58,197522	61,939561	45,766345	55,731112	26,784593	28,766051	29,423133	31,597078	24,142046	26,927745
405,00	99,999166	100,024104	71,736664	69,047391	71,752566	69,591576	100,046074	99,961996	27,191886	32,419896	28,129256	32,228392	30,753207	31,039435	51,480329	56,990570	58,158004	61,927921	45,692334	55,779272	26,826027	28,816596	29,444167	31,648183	24,146006	26,989001
406,00	100,007224	100,009358	71,705604	69,009829	71,707815	69,557226	100,027609	99,950218	27,218592	32,462189	28,159279	32,265931	30,783722	31,072783	51,480073	57,043481	58,104879	61,945742	45,622632	55,832702	26,868394	28,873274	29,464403	31,696275	24,156448	27,051643
407,00	100,039101	100,018680	71,669841	68,980479	71,692759	69,526237	99,986947	99,953318	27,238518	32,500210	28,189278	32,301632	30,822289	31,103849	51,489592	57,084870	58,055025	61,961198	45,546460	55,869812	26,898512	28,939018	29,479811	31,748164	24,170755	27,112576
408,00	100,037396	100,041282	71,623778	68,958229	71,644521	69,503093	99,972075	99,982458	27,255833	32,541046	28,235805	32,349357	30,853468	31,132069	51,493317	57,141542	57,991076	61,996120	45,474914	55,926710	26,938909	29,011825	29,496706	31,794360	24,182640	27,184859
409,00	100,033545	100,056577	71,575594	68,918556	71,615624	69,471765	99,974996	100,000489	27,278295	32,574001	28,264228	32,391438	30,888641	31,163552	51,505643	57,184023	57,949728	61,996847	45,387128	55,971342	26,973456	29,079795	29,507849	31,846267	24,174803	27,244490
410,00	100,026155	100,027478	71,550071	68,848002	71,573532	69,423014	99,975854	100,023353	27,304757	32,612792	28,284621	32,433933	30,917096	31,195259	51,508212	57,237959	57,895428	61,986542	45,316204	56,022811	27,004462	29,141295	29,526579	31,903496	24,165136	27,311602
411,00	100,038612	99,990106	71,513647	68,792063	71,548271	69,361633	99,975914	100,028872	27,334353	32,643276	28,298157	32,474396	30,946374	31,232408	51,505667	57,265317	57,849503	61,967695	45,230731	56,060958	27,033603	29,201689	29,541120	31,951073	24,156494	27,375162
412,00	100,056577	99,966550	71,489662	68,747270	71,522683	69,309598	99,986207	100,027728	27,365336	32,680953	28,328162	32,500726	30,976942	31,270644	51,518649	57,315052	57,807600	61,985171	45,168275	56,113738	27,066827	29,257241	29,567900	31,996459	24,162735	27,436277
413,00	100,058889	99,990845	71,460319	68,723673	71,492887	69,280756	99,967283	100,009406	27,384949	32,704529	28,360930	32,526171	31,007499	31,307912	51,540422	57,363504	57,776827	62,005037	45,114514	56,169498	27,098024	29,306999	29,582664	32,043484	24,175614	27,492559
414,00	100,067377	100,016963	71,439016	68,694460	71,464598	69,242316	99,965996	99,999368	27,410498	32,733518	28,396618	32,552120	31,040099	31,334999	51,559985	57,429546	57,742083	62,026781	45,085937	56,233978	27,141541	29,356211	29,597032	32,083642	24,188370	27,545583
415,00	100,016367	100,025630	71,405655	68,648618	71,423441	69,220674	99,972504	100,021458	27,437890	32,765344	28,421235	32,580674	31,071946	31,364533	51,572847	57,488084	57,686347	62,030649	45,052394	56,290126	27,182364	29,410619	29,609114	32,128891	24,204732	27,610937
416,00	100,025415	100,030065	71,393973	68,625987	71,409661	69,192237	99,977422	100,016332	27,470341	32,786980	28,445336	32,615939	31,102681	31,388581	51,592225	57,531673	57,651967	62,038374	45,040923	56,359130	27,228960	29,467285	29,636353	32,159039	24,230376	27,674392
417,00	100,015831	100,024760	71,366012	68,593973	71,398520	69,168264	99,987572	100,009382	27,491906	32,821399	28,460297	32,652882	31,132871	31,424850	51,624972	57,581061	57,618713	62,034655	45,041779	56,423783	27,270731	29,527628	29,665959	32,205582	24,258170	27,743703
418,00	100,040448	100,028074	71,341002	68,575495	71,392000	69,130361	99,990022	100,001216	27,515948	32,848164	28,485158	32,691410	31,153467	31,450281	51,671308	57,637662	57,607698	62,031686	45,046452	56,491762	27,323371	29,584000	29,703352	32,245076	24,292655	27,799308
419,00	100,007677	100,027406	71,293265	68,529963	71,346587	69,084078	100,016809	100,019991	27,542466	32,883480	28,511420	32,727182	31,184515	31,487572	51,696962	57,692796	57,568532	62,041014	45,038927	56,544477	27,375451	29,643348	29,731807	32,284859	24,322702	27,859291
420,00	99,973631	100,030267	71,251655	68,473697	71,298826	69,048119	100,038433	100,029552	27,572295	32,910481	28,540221	32,749256	31,212673	31,518418	51,731324	57,734317	57,539845	62,055731	45,034179	56,600040	27,429545	29,697359	29,762000	32,326880	24,356209	27,919447
421,00	99,956292	100,044882	71,204782	68,435907	71,265328	69,009227	100,045681	100,033545	27,600646	32,949436	28,567544	32,784367	31,247503	31,555703	51,747495	57,777172	57,511187	62,073141	45,041463	56,659406	27,478135	29,761460	29,793042	32,376239	24,380623	27,986902
422,00	99,952948	100,041997	71,152383	68,385726	71,238565	68,953520	100,062108	100,028861	27,628127	32,988659	28,597644	32,809922	31,273755	31,589776	51,789713	57,823104	57,488120	62,068218	45,059568	56,714869	27,534315	29,820976	29,825678	32,429564	24,409276	28,058037
423,00	99,981791	100,052309	71,121806	68,356591	71,203649	68,922335	100,076091	100,053072	27,667817	33,025396	28,640535	32,848343	31,314537	31,622168	51,821584	57,875437	57,462066	62,078583	45,074505	56,785405	27,592415	29,897225	29,862320	32,476071	24,449287	28,127146
424,00	99,998873	100,032771	71,096426	68,299997	71,165538	68,864298	100,088799	100,069797	27,698433	33,062744	28,675860	32,879227	31,350610	31,659830	51,867157	57,913744	57,421523	62,076908	45,084870	56,835759	27,645075	29,961136	29,889849	32,524154	24,490282	28,198394
425,00	100,008214	100,035453	71,071047	68,249148	71,121955	68,821251	100,073886	100,083113	27,725890	33,097431	28,707865	32,915425	31,383622	31,687081	51,895010	57,970202	57,416081	62,092477	45,071292	56,900191	27,692765	30,031434	29,912367	32,570535	24,527732	28,267893
426,00	100,004101	99,992269	71,031350	68,183237	71,101350	68,752557	100,059175	100,071311	27,742493	33,127734	28,732195	32,941151	31,401795	31,714049	51,921976	58,015329	57,400221	62,082613	45,052612	56,941354	27,727965	30,093387	29,918009	32,623768	24,549736	28,336537
427,00	100,011563	99,992526	70,992988	68,131846	71,061671	68,715119	100,046873	100,057697	27,760413	33,145031	28,759554	32,961163	31,418777	31,735504	51,943785	58,075815	57,377332	62,103558	45,029438	57,015550	27,766275	30,146581	29,925185	32,662579	24,570109	28,396261
428,00	100,024629	99,985814	70,956910	68,113005	71,036142	68,684280	100,033772	100,051081	27,780572	33,180296	28,786597	32,994625	31,442544	31,765702	51,964462	58,129531	57,332784	62,112260	44,996259	57,087260	27,808505	30,202919	29,932043	32,709882	24,584451	28,461221
429,00	100,025547	100,025713	70,919067	68,081474	70,994234	68,656349	100,023067	100,033998	27,798110	33,214000	28,823441	33,025092	31,476557	31,793407	51,989758	58,197188	57,284892	62,124652	44,954300	57,168198	27,851114	30,252120	29,944137	32,753566	24,598971	28,517756
430,00	100,016725	100,037932	70,880228	68,056643	70,966887	68,620980	100,000858	100,007546	27,822524	33,244932	28,852952	33,062068	31,510130	31,823191	52,012831	58,252871	57,248318	62,120807	44,901565	57,235551	27,889425	30,313525	29,955977	32,804555	24,610303	28,583992
431,00	100,004697	100,034535	70,847893	68,010539	70,939046	68,576849	100,008643	99,990815	27,837905	33,267730	28,876817	33,083463	31,540099	31,857243	52,038485	58,320743	57,193899	62,124103	44,855464	57,307392	27,925321	30,377176	29,980272	32,853532	24,619406	28,646725
432,00	100,008786	100,005984	70,816940	67,975485	70,902014	68,520701	100,009120	99,986207	27,856719	33,303082	28,896078	33,120617	31,565642	31,895646	52,061200	58,354014	57,152593	62,129581	44,813579	57,372439	27,965409	30,446783	30,007374	32,905880	24,626657	28,719914
433,00	100,002265	99,996948	70,787817	67,926168	70,878845	68,488008	99,997413	99,992150	27,868715	33,335629	28,915265	33,151066	31,599963	31,933501	52,079409	58,410782	57,106614	62,148607	44,771901	57,454515	28,006014	30,515850	30,028883	32,947716	24,633285	28,785288
434,00	100,019848	99,993044	70,776588	67,875618	70,857733	68,447900	100,007439	99,992228	27,895278	33,362702	28,941950	33,183044	31,630075	31,958312	52,115417	58,449036	57,073057	62,162948	44,756469	57,528079	28,048170	30,576384	30,056167	32,986337	24,649709	28,851059
435,00	100,024116	99,997354	70,752299	67,825401	70,836496	68,412417	100,018895	99,999535	27,927771	33,382720	28,958708	33,200550	31,650767	31,977355	52,151674	58,516693	57,039165	62,181395	44,748661	57,610488	28,097478	30,632424	30,083856	33,023870	24,670736	28,913918
436,00	100,037241	99,985236	70,726120	67,783439	70,797426	68,356395	100,049496	100,001943	27,952111	33,406612	28,986168	33,228993	31,670552	31,996205	52,194291	58,560884	57,012784	62,180936	44,763499	57,660049	28,155005	30,690196	30,117163	33,071986	24,704176	28,982821
437,00	100,041056	99,985957	70,678794	67,748332	70,754886	68,331194	100,033212	99,985451	27,973846	33,434650	29,013145	33,250988	31,696731	32,016712	52,230394	58,612686	56,995088	62,178379	44,779500	57,719195	28,212357	30,745092	30,138266	33,118930	24,739073	29,043263
438,00	100,044560	99,996603	70,657182	67,707664	70,718938	68,302041	100,013149	99,975985	27,996013	33,467549	29,042777	33,286268	31,728095	32,049438	52,287275	58,659971	56,993794	62,183064	44,838819	57,783496	28,265846	30,806008	30,167282	33,164477	24,790239	29,110503
439,00	100,042880	99,997711	70,643216	67,661798	70,684332	68,276536	100,001121	99,963599	28,028861	33,508095	29,068726	33,314124	31,763387	32,084614	52,347201	58,722883	57,017541	62,194568	44,911602	57,853091	28,329796	30,863342	30,196610	33,216816	24,848531	29,178888
440,00	100,044763	99,974608	70,628351	67,611063	70,656413	68,221110	99,992371	99,973607	28,052750	33,546382	29,092789	33,354092	31,789637	32,124957	52,417070	58,768022	57,061201	62,197554	45,025176	57,915545	28,388953	30,928317	30,241051	33,271825	24,920784	29,252967
441,00	100,029778	99,953210	70,589960	67,569864	70,621008	68,180323	100,011778	99,995726	28,081778	33,581027	29,118747	33,385471	31,815034	32,155353	52,489561	58,818525	57,099456	62,195468	45,142567	57,971072	28,459981	30,987412	30,293512	33,328447	24,992888	29,324213
442,00	100,028896	99,946386	70,549530	67,540777	70,577669	68,131751	100,027156	100,033605	28,112563	33,615789	29,141945	33,426091	31,850711	32,185918	52,584720	58,859861	57,144839	62,200511	45,308429	58,038127	28,526145	31,051236	30,360398	33,382210	25,081590	29,394400
443,00	100,008261	99,973780	70,504427	67,513955	70,536345	68,100715	100,053310	100,041676	28,149423	33,644047	29,165331	33,453488	31,884149	32,217649	52,685940	58,916128	57,199156	62,211365	45,480072	58,095592	28,607798	31,108233	30,423617	33,430913	25,180253	29,460746
444,00	100,025952	100,004482	70,465797	67,480040	70,502490	68,064523	100,039601	100,034463	28,169662	33,663234	29,188704	33,483660	31,919351	32,246280	52,795553	58,960128	57,279950	62,218219	45,673168	58,159995	28,682473	31,155357	30,476218	33,468857	25,297728	29,517344
445,00	100,022483	100,014579	70,405424	67,449224	70,450777	68,037087	100,026512	100,006688	28,186378	33,684227	29,216576	33,504322	31,941643	32,278910	52,893567	59,005535	57,352138	62,222201	45,863843	58,217204	28,754690	31,203812	30,527070	33,502132	25,407296	29,570201
446,00	100,002742	100,021362	70,358008	67,416567	70,409727	68,010259	100,002527	99,997169	28,202537	33,711392	29,244837	33,532086	31,969085	32,301682	53,002304	59,056681	57,430863	62,234867	46,072909	58,288348	28,829965	31,259298	30,579743	33,538339	25,521302	29,634216
447,00	99,949068	100,008118	70,305932	67,379099	70,359308	67,983681	99,978667	99,985403	28,222844	33,738309	29,275334	33,565372	31,997719	32,335705	53,083342	59,108508	57,491660	62,240082	46,282306	58,347136	28,901964	31,314868	30,640420	33,585137	25,636825	29,698288
448,00	99,938536	100,029325	70,293558	67,344493	70,359820	67,957848	99,960107	99,961209	28,239259	33,757499	29,307470	33,595002	32,026511	32,360598	53,214341	59,157115	57,578510	62,257338	46,495026	58,416539	28,977209	31,365463	30,702907	33,625275	25,763351	29,765645
449,00	99,940103	100,009072	70,250481	67,297465	70,328635	67,914087	99,960876	99,961877	28,256655	33,785489	29,345262	33,629107	32,054341	32,391423	53,317004	59,184891	57,634032	62,248212	46,680406	58,460730	29,048228	31,413704	30,757526	33,667296	25,885972	29,823083
450,00	99,966401	100,013983	70,232445	67,271280	70,301610	67,884558	99,979955	99,951416	28,276128	33,812946	29,369819	33,657277	32,074237	32,412112	53,436726	59,224963	57,709354	62,265384	46,865052	58,515090	29,123586	31,467748	30,810797	33,701974	25,991708	29,875815
451,00	99,964011	100,020909	70,190269	67,238635	70,257181	67,849261	99,988550	99,981821	28,294745	33,852696	29,398370	33,692482	32,096681	32,439005	53,521496	59,273279	57,756138	62,269378	47,023574	58,562106	29,201820	31,525213	30,859634	33,747432	26,091096	29,940063
452,00	99,971831	100,046360	70,174468	67,205489	70,241952	67,813700	99,994487	99,996179	28,324485	33,889428	29,423785	33,725858	32,118812	32,457989	53,618652	59,320116	57,815284	62,293535	47,183979	58,636963	29,274935	31,583619	30,915037	33,789563	26,181239	30,001879
453,00	99,990088	100,046301	70,143926	67,176300	70,215952	67,768556	99,994814	100,020933	28,346771	33,935505	29,458037	33,765081	32,159224	32,492524	53,709215	59,378773	57,850760	62,309444	47,314587	58,702791	29,351738	31,646708	30,968049	33,840138	26,268095	30,072421
454,00	99,992532	100,015271	70,096260	67,128164	70,172971	67,721093	100,010538	100,024951	28,379151	33,967930	29,487097	33,798313	32,189846	32,523197	53,783339	59,409410	57,888532	62,313008	47,433910	58,748311	29,420233	31,702250	31,020829	33,883515	26,347163	30,132610
455,00	100,009203	100,007284	70,058191	67,099261	70,128214	67,682165	100,025487	100,027645	28,396976	33,992893	29,510820	33,828327	32,226858	32,559070	53,849185	59,460235	57,927966	62,307596	47,536960	58,790100	29,484674	31,757385	31,074682	33,922878	26,424780	30,189532
456,00	100,008142	100,017619	70,023870	67,059690	70,105082	67,645043	100,019109	100,031781	28,415114	34,025991	29,540694	33,854645	32,252520	32,584614	53,912008	59,483784	57,951725	62,299860	47,638732	58,824557	29,540193	31,809980	31,122968	33,963513	26,498756	30,251437
457,00	100,026464	100,020480	70,031220	67,023200	70,101768	67,608857	100,012982	100,045466	28,449580	34,063399	29,562652	33,887717	32,289058	32,619601	53,979582	59,520584	57,983285	62,289715	47,717631	58,871996	29,596299	31,868294	31,172663	34,007207	26,564655	30,304334
458,00	100,039411	99,999976	70,018607	66,995561	70,098329	67,587435	100,002468	100,050902	28,481504	34,109089	29,594880	33,923733	32,319099	32,651913	54,044878	59,550321	58,015990	62,296265	47,781307	58,909851	29,648772	31,921327	31,220713	34,053203	26,621613	30,363670
459,00	100,052619	99,982750	70,020676	66,955167	70,083565	67,562258	100,020540	100,054634	28,518447	34,143847	29,620004	33,961955	32,353917	32,683644	54,112208	59,587812	58,067548	62,295741	47,839367	58,964753	29,697621	31,971410	31,264737	34,095386	26,670957	30,413049
460,00	100,046241	99,987280	69,991130	66,912878	70,054656	67,529273	100,015807	100,043726	28,536665	34,176803	29,645944	33,991545	32,385617	32,705081	54,162347	59,617674	58,088320	62,290019	47,893465	59,006959	29,750350	32,019332	31,306291	34,135243	26,719964	30,470377
461,00	100,041413	99,999762	69,973350	66,869819	70,032656	67,489594	100,007653	100,022340	28,554344	34,199008	29,668158	34,014216	32,419494	32,736003	54,224855	59,644735	58,118558	62,286633	47,968739	59,046972	29,805887	32,072875	31,337205	34,174350	26,771325	30,525255
462,00	100,031590	100,001955	69,924021	66,844535	70,006722	67,445892	99,990946	99,991697	28,575265	34,223408	29,694498	34,031427	32,455733	32,769093	54,268992	59,671682	58,120894	62,277269	48,022130	59,070295	29,858771	32,123542	31,378564	34,206960	26,829463	30,575109
463,00	100,027895	100,023103	69,904900	66,834569	69,990808	67,423958	100,006688	99,973941	28,594285	34,245479	29,720813	34,059733	32,483232	32,805037	54,321170	59,712315	58,149189	62,282896	48,084778	59,103888	29,920813	32,172349	31,419572	34,242383	26,881820	30,628976
464,00	100,007200	100,049686	69,871473	66,809332	69,952613	67,400551	100,014424	99,983406	28,623971	34,270462	29,740196	34,088826	32,519513	32,837814	54,355788	59,743941	58,155215	62,284392	48,136958	59,140825	29,978645	32,212356	31,468818	34,277272	26,936248	30,676484
465,00	100,007343	100,058031	69,849157	66,769743	69,918191	67,361814	100,030363	99,987274	28,650320	34,294650	29,757789	34,118137	32,535768	32,865077	54,389840	59,762585	58,185053	62,271565	48,212469	59,169084	30,050170	32,257175	31,518722	34,317797	26,996833	30,732942
466,00	100,003552	100,041842	69,809049	66,724718	69,890970	67,314416	100,024235	99,984080	28,678828	34,327334	29,772148	34,148538	32,565048	32,893178	54,421651	59,761506	58,201325	62,252748	48,303559	59,195507	30,103019	32,306546	31,564307	34,355527	27,061838	30,781028
467,00	99,994963	100,026464	69,761962	66,681147	69,858301	67,260796	100,022769	99,976647	28,696027	34,362721	29,796621	34,190890	32,585812	32,917324	54,460865	59,764785	58,234537	62,231821	48,402146	59,213251	30,164075	32,365361	31,612641	34,401676	27,130035	30,834392
468,00	99,968421	100,039673	69,720572	66,647142	69,835627	67,236471	100,006258	99,980563	28,712484	34,393284	29,818228	34,222543	32,616121	32,946149	54,507905	59,775388	58,269298	62,224567	48,504090	59,235132	30,222350	32,417312	31,657961	34,447831	27,200052	30,882820
469,00	99,973869	100,057447	69,693762	66,614950	69,801307	67,204154	100,003767	99,990350	28,725034	34,419614	29,849023	34,257740	32,640201	32,972774	54,561996	59,810102	58,312452	62,221038	48,613769	59,259909	30,292100	32,467315	31,710362	34,501326	27,279723	30,934080
470,00	99,996865	100,066352	69,664651	66,595030	69,779700	67,194968	99,994081	99,990326	28,741419	34,449863	29,874861	34,285459	32,667041	32,995793	54,622984	59,843069	58,362412	62,228924	48,734587	59,294814	30,352792	32,511920	31,759912	34,549934	27,364558	30,989501
471,00	100,012660	100,068235	69,635874	66,565114	69,753957	67,173868	100,002646	100,008082	28,763464	34,487683	29,901800	34,326106	32,687694	33,023620	54,680634	59,871250	58,415043	62,224817	48,866853	59,325933	30,419648	32,564366	31,818146	34,600231	27,446347	31,049174
472,00	100,006568	100,055814	69,594061	66,527247	69,722205	67,147875	99,995726	100,009882	28,780541	34,526610	29,927033	34,357539	32,710698	33,047557	54,740465	59,887850	58,478725	62,221479	49,002734	59,346408	30,472732	32,612324	31,875327	34,640178	27,536887	31,103516
473,00	100,002408	100,050843	69,567847	66,484290	69,688016	67,099947	99,999046	100,018072	28,804886	34,551379	29,952326	34,388122	32,728931	33,073971	54,795462	59,898591	58,532465	62,197000	49,158722	59,364820	30,532902	32,660037	31,934091	34,677857	27,629197	31,152174
474,00	100,008297	100,051486	69,540995	66,455191	69,660497	67,061323	100,003290	99,993658	28,830537	34,574357	29,986134	34,417072	32,759720	33,102673	54,858720	59,921002	58,595127	62,199479	49,309522	59,393239	30,585420	32,706773	31,995770	34,707597	27,725890	31,191686
475,00	100,020063	100,053287	69,519645	66,431421	69,635201	67,029327	100,007749	99,995947	28,860033	34,588897	30,019635	34,442151	32,781115	33,128107	54,909170	59,932292	58,645582	62,189716	49,475643	59,416258	30,645990	32,751596	32,048053	34,744096	27,819502	31,235945
476,00	100,016165	100,052893	69,490206	66,408110	69,617087	66,999471	100,001943	100,015438	28,881532	34,622133	30,049399	34,474003	32,805377	33,150345	54,954851	59,949464	58,694410	62,191123	49,637207	59,441859	30,704376	32,798281	32,104215	34,787074	27,916473	31,283736
477,00	100,015926	100,038934	69,461787	66,373110	69,593078	66,950959	99,986386	100,027728	28,896117	34,650806	30,077943	34,505340	32,815564	33,168697	54,998994	59,951448	58,736634	62,165540	49,808303	59,457636	30,763444	32,843295	32,148141	34,827599	28,013527	31,338891
478,00	99,996865	100,055909	69,432241	66,346979	69,571286	66,915435	99,968773	100,034237	28,910607	34,687060	30,110586	34,542108	32,838452	33,194706	55,052501	59,972125	58,787304	62,168372	49,966037	59,488308	30,817649	32,899764	32,203466	34,869680	28,114495	31,388885
479,00	100,003755	100,050271	69,418144	66,307414	69,547850	66,876215	99,957728	100,017583	28,927729	34,709013	30,141547	34,573686	32,866654	33,231282	55,118787	59,986204	58,830774	62,163591	50,119632	59,504521	30,872384	32,946670	32,247463	34,903482	28,203934	31,435826
480,00	99,998301	100,032628	69,395483	66,267985	69,522023	66,841674	99,971914	100,022709	28,953668	34,733286	30,165789	34,600434	32,904017	33,267224	55,173582	59,999281	58,871031	62,169605	50,266993	59,531265	30,929667	32,989848	32,301190	34,939116	28,295311	31,472564
481,00	100,012541	100,011110	69,368380	66,226172	69,507861	66,802925	99,985015	100,015056	28,977981	34,752351	30,188245	34,620258	32,929957	33,293059	55,239350	59,998530	58,913171	62,155515	50,414479	59,552479	30,987954	33,030760	32,348964	34,976336	28,379607	31,518450
482,00	100,002718	99,996978	69,348931	66,190606	69,489723	66,768491	99,986231	100,013912	28,997523	34,785616	30,210817	34,647694	32,950002	33,316952	55,293059	60,008496	58,964151	62,135559	50,547761	59,571749	31,049424	33,080378	32,397097	35,013911	28,462714	31,560799
483,00	99,994719	100,000632	69,332457	66,160530	69,470710	66,744268	99,977028	100,024927	29,014939	34,823886	30,237418	34,684682	32,972059	33,336899	55,353731	60,025835	59,021300	62,119955	50,665772	59,589463	31,104231	33,132604	32,439956	35,056630	28,541100	31,613478
484,00	99,993050	99,989837	69,323725	66,130805	69,445658	66,711748	99,982888	100,021148	29,038689	34,849641	30,261406	34,713826	33,003086	33,369347	55,399263	60,054076	59,068918	62,109160	50,770253	59,604365	31,164056	33,176044	32,488424	35,085851	28,615177	31,658158
485,00	100,011849	99,988467	69,300348	66,092569	69,424379	66,690713	100,009131	100,023460	29,067984	34,874278	30,287609	34,739640	33,033618	33,400717	55,447966	60,082704	59,108615	62,108493	50,856602	59,632832	31,231052	33,219638	32,538480	35,124230	28,684527	31,706208
486,00	100,028813	99,991769	69,273841	66,061980	69,410545	66,659844	100,023246	100,017893	29,092348	34,896415	30,312121	34,761083	33,064175	33,433339	55,504787	60,108048	59,145063	62,103099	50,940019	59,661722	31,301215	33,266011	32,594281	35,154155	28,750139	31,748244
487,00	100,029886	99,987239	69,258612	66,035438	69,389433	66,632253	100,035620	100,037050	29,119703	34,936345	30,339339	34,795746	33,091241	33,461568	55,565876	60,119349	59,190136	62,096339	51,019013	59,685093	31,366110	33,320728	32,647586	35,190380	28,808966	31,800216
488,00	100,008214	99,983972	69,235784	66,008598	69,358462	66,581213	100,049222	100,047004	29,140985	34,964749	30,372575	34,825620	33,116657	33,485141	55,624187	60,116619	59,230602	62,076926	51,098996	59,701312	31,422421	33,369169	32,703984	35,223755	28,862646	31,849584
489,00	99,994200	99,990958	69,217211	65,985078	69,321501	66,544074	100,040019	100,044894	29,162470	34,992734	30,390084	34,859890	33,141372	33,507186	55,675691	60,123748	59,274507	62,067485	51,175672	59,715289	31,477702	33,413541	32,749775	35,266453	28,907996	31,902865
490,00	99,984926	100,021648	69,170564	65,949249	69,274056	66,518486	100,033426	100,040066	29,180536	35,023972	30,409777	34,891596	33,163366	33,530194	55,718964	60,142660	59,298062	62,057042	51,239115	59,735751	31,534094	33,448488	32,795155	35,310686	28,955585	31,946084
491,00	99,976683	100,019336	69,123805	65,911382	69,235259	66,487330	100,012124	100,038385	29,199073	35,060346	30,420533	34,926501	33,198565	33,562180	55,763602	60,160750	59,341311	62,049699	51,294291	59,750134	31,594619	33,492625	32,845974	35,350096	29,006213	31,989014
492,00	99,979365	100,005770	69,084144	65,858924	69,195533	66,451472	100,018489	100,046575	29,221183	35,092625	30,446962	34,952584	33,228669	33,597997	55,821681	60,169339	59,384173	62,039739	51,353222	59,767252	31,650725	33,536091	32,906064	35,387853	29,061887	32,031289
493,00	99,984378	99,981028	69,050908	65,814596	69,162756	66,400492	100,023043	100,043356	29,248902	35,122788	30,466530	34,976146	33,265963	33,628368	55,890721	60,176897	59,435904	62,028593	51,421726	59,786528	31,711036	33,579564	32,968441	35,419664	29,121888	32,076779
494,00	100,011206	99,983406	69,028014	65,778846	69,128549	66,376764	100,044227	100,038517	29,279539	35,148513	30,488250	35,001433	33,293489	33,657771	55,969477	60,190672	59,490526	62,028062	51,504046	59,804666	31,772017	33,622420	33,033192	35,460863	29,182330	32,126698
495,00	100,033522	99,977720	69,008547	65,742707	69,095999	66,353858	100,052333	100,021970	29,305965	35,176185	30,512878	35,028630	33,328107	33,684173	56,040025	60,210329	59,547383	62,012923	51,594466	59,816319	31,836903	33,663288	33,086398	35,493240	29,253763	32,171604
496,00	100,039768	99,991465	68,988657	65,717643	69,079018	66,343039	100,056791	100,017369	29,326051	35,202855	30,539006	35,059002	33,351547	33,713505	56,113100	60,229665	59,608531	62,005842	51,693922	59,837854	31,903723	33,709857	33,146083	35,537755	29,324543	32,214412
497,00	100,034082	99,998808	68,962592	65,691042	69,046259	66,319841	100,062656	100,013328	29,344520	35,229245	30,557442	35,081771	33,381689	33,739963	56,183779	60,252470	59,672105	61,995101	51,794726	59,862775	31,972036	33,746701	33,204570	35,574844	29,398131	32,246539
498,00	100,015652	100,021601	68,913996	65,674871	69,013619	66,297019	100,057316	100,011563	29,361123	35,258603	30,573526	35,109752	33,404109	33,765125	56,262767	60,269564	59,735292	61,996019	51,902831	59,894061	32,045558	33,785099	33,268306	35,612091	29,470667	32,290050
499,00	100,015044	100,017810	68,885934	65,640378	68,984002	66,263855	100,056589	99,990869	29,381555	35,281599	30,600530	35,129848	33,431575	33,787552	56,345761	60,280925	59,810281	61,992872	52,030259	59,906870	32,122815	33,819848	33,327496	35,639608	29,555741	32,328677
500,00	99,999702	100,006807	68,855047	65,597284	68,958247	66,218239	100,054896	99,971825	29,401299	35,304657	30,631262	35,153058	33,454272	33,811891	56,424457	60,276198	59,879667	61,975557	52,161425	59,912646	32,194248	33,856776	33,385655	35,665399	29,650396	32,374096
501,00	100,000584	99,973059	68,834740	65,548116	68,934977	66,172963	100,063372	99,951822	29,417139	35,331127	30,661553	35,174620	33,486843	33,841091	56,503993	60,272944	59,952414	61,950505	52,312440	59,908164	32,268420	33,896014	33,441499	35,696974	29,749969	32,413828
502,00	99,982017	99,972147	68,796623	65,515494	68,899846	66,144967	100,057900	99,960482	29,431087	35,362691	30,685782	35,203263	33,520371	33,872172	56,576926	60,272461	60,022622	61,930645	52,446359	59,923017	32,343718	33,942932	33,502933	35,735607	29,843959	32,452968
503,00	99,989682	99,973840	68,757635	65,487862	68,867296	66,118050	100,058162	99,944276	29,453969	35,394421	30,720648	35,232097	33,548236	33,896056	56,655699	60,285437	60,090047	61,916029	52,604812	59,938538	32,418901	33,987668	33,568588	35,776046	29,945049	32,498798
504,00	99,970603	99,987793	68,721879	65,466499	68,832815	66,095716	100,045812	99,948478	29,480383	35,428479	30,748206	35,264996	33,569536	33,924443	56,727719	60,303968	60,157299	61,910671	52,758700	59,954000	32,488278	34,030429	33,642730	35,818288	30,046985	32,546687
505,00	99,975377	99,976712	68,699014	65,435964	68,799812	66,064566	100,051916	99,946535	29,511407	35,457760	30,774811	35,292664	33,591092	33,950394	56,809819	60,319567	60,227305	61,898816	52,941877	59,960949	32,554027	34,074011	33,712703	35,861981	30,152404	32,600176
506,00	99,968177	99,993980	68,691653	65,407491	68,783236	66,055626	100,048137	99,975014	29,532647	35,491741	30,801573	35,328931	33,624271	33,987620	56,886953	60,333711	60,304648	61,900079	53,128999	59,967566	32,621706	34,120831	33,782563	35,901439	30,263960	32,647258
507,00	99,970603	100,016117	68,651879	65,377927	68,761778	66,033000	100,066137	99,990535	29,559410	35,519513	30,829448	35,351574	33,654699	34,017068	56,962156	60,338670	60,368574	61,895740	53,306234	59,974325	32,689267	34,166920	33,843490	35,938206	30,376703	32,695141
508,00	99,966437	100,031269	68,621886	65,343153	68,736231	66,005152	100,067472	99,995261	29,579934	35,546824	30,857077	35,382289	33,685765	34,049088	57,034594	60,351002	60,436362	61,887288	53,477842	59,983754	32,757428	34,208071	33,908921	35,970822	30,484161	32,734710
509,00	99,954993	100,032341	68,581885	65,315646	68,707412	65,970099	100,048590	100,002360	29,600206	35,573840	30,880088	35,406330	33,705601	34,074903	57,112277	60,357118	60,508895	61,876804	53,648639	60,004544	32,821086	34,249523	33,973461	36,000916	30,580354	32,771558
510,00	99,954367	100,042510	68,576360	65,288574	68,681127	65,941447	100,036740	100,013697	29,622361	35,599846	30,907059	35,438901	33,726665	34,097713	57,179826	60,367328	60,587811	61,857188	53,835112	60,019916	32,885045	34,294432	34,038696	36,025986	30,680713	32,806846
511,00	99,955207	100,050223	68,554169	65,267354	68,668193	65,915817	100,022101	100,020599	29,641572	35,631856	30,924064	35,470611	33,746111	34,129992	57,249737	60,378724	60,662764	61,842942	54,026973	60,032898	32,951146	34,334117	34,101713	36,053646	30,790466	32,848799
512,00	99,976343	100,042331	68,546987	65,234721	68,650758	65,884745	100,020635	100,012732	29,666960	35,656232	30,940095	35,496357	33,771378	34,160155	57,316375	60,384524	60,729980	61,817348	54,216814	60,031325	33,018219	34,373379	34,159160	36,084452	30,898342	32,894465
513,00	99,988765	100,027835	68,538976	65,193868	68,638158	65,848386	100,018764	100,009108	29,683349	35,683075	30,956128	35,524091	33,801648	34,187961	57,391697	60,389924	60,809386	61,797929	54,394013	60,045183	33,088565	34,409943	34,223095	36,126545	31,004146	32,935515
514,00	100,004244	100,015283	68,524313	65,157419	68,606728	65,807611	100,012815	100,012612	29,704186	35,707751	30,981666	35,555756	33,834440	34,212428	57,446104	60,388052	60,881454	61,776835	54,559880	60,050714	33,154872	34,458879	34,275669	36,165696	31,100711	32,984608
515,00	100,002468	100,016868	68,498528	65,135300	68,571055	65,773100	100,009072	100,030458	29,720750	35,743514	31,000558	35,589328	33,862668	34,227109	57,497633	60,397428	60,933036	61,753404	54,709280	60,061085	33,222720	34,506959	34,334996	36,205959	31,195074	33,030200
516,00	99,999124	100,007999	68,462545	65,112466	68,538553	65,730309	99,983430	100,029254	29,737863	35,774201	31,018513	35,616344	33,888903	34,254307	57,541442	60,402173	60,971880	61,732650	54,854584	60,061938	33,282971	34,552139	34,382194	36,238191	31,286833	33,070508
517,00	99,995095	100,017142	68,432963	65,088344	68,513238	65,715444	99,970132	100,028837	29,752356	35,803258	31,033316	35,634342	33,905563	34,270993	57,595563	60,415941	61,009258	61,717498	54,988557	60,072309	33,337247	34,590992	34,432071	36,267665	31,368369	33,106506
518,00	99,994177	100,034571	68,406332	65,056282	68,494070	65,685707	99,969697	100,023007	29,769450	35,822040	31,057408	35,650113	33,922359	34,303844	57,644993	60,418326	61,052847	61,720443	55,119812	60,083395	33,389339	34,627461	34,473103	36,293262	31,452760	33,143672
519,00	100,007486	100,049722	68,392873	65,035820	68,480676	65,670294	99,985528	100,023353	29,793558	35,847265	31,080133	35,673276	33,943889	34,329548	57,708329	60,425436	61,094236	61,717558	55,246592	60,103536	33,450603	34,667057	34,527043	36,321700	31,528908	33,184254
520,00	100,026691	100,048196	68,378752	64,999789	68,470907	65,630132	99,994451	100,013387	29,819840	35,871983	31,102300	35,700703	33,971471	34,361142	57,768857	60,414416	61,139864	61,699313	55,370224	60,100156	33,513057	34,700161	34,584346	36,348614	31,607926	33,219188
521,00	100,041234	100,043297	68,355668	64,966005	68,454504	65,602118	99,996495	100,018835	29,838941	35,902742	31,124026	35,733703	33,997715	34,381732	57,818073	60,419863	61,181509	61,675078	55,475736	60,099393	33,570158	34,738094	34,642276	36,384109	31,680292	33,255321
522,00	100,040042	100,038362	68,322062	64,922214	68,425059	65,579295	99,995238	100,021541	29,853532	35,927200	31,157967	35,761249	34,020245	34,405792	57,860976	60,429811	61,217588	61,663926	55,568266	60,089278	33,618841	34,775361	34,690750	36,411726	31,745696	33,299634
523,00	100,034666	100,031698	68,291265	64,893854	68,398142	65,542239	100,006461	100,034451	29,870635	35,955837	31,191048	35,789463	34,037304	34,430242	57,901132	60,440427	61,245871	61,645949	55,659342	60,094899	33,668473	34,812129	34,745777	36,446780	31,812540	33,343562
524,00	100,036252	100,036967	68,259245	64,880210	68,378478	65,508950	100,021362	100,038552	29,892105	35,980713	31,226683	35,816887	34,066376	34,465504	57,943970	60,455233	61,285406	61,636156	55,751026	60,110950	33,722198	34,847295	34,799862	36,480343	31,876832	33,391652
525,00	100,032842	100,032735	68,214226	64,855981	68,337911	65,466428	100,025260	100,040185	29,918382	36,009461	31,246817	35,842183	34,093684	34,490404	57,970923	60,452056	61,318219	61,615354	55,820876	60,114837	33,776638	34,882692	34,857664	36,519322	31,947464	33,429492
526,00	100,030172	100,029528	68,182069	64,827484	68,308568	65,435165	100,024974	100,048304	29,939103	36,040929	31,269586	35,869130	34,131429	34,515271	57,997614	60,455489	61,352342	61,607069	55,889362	60,117239	33,823055	34,923431	34,901220	36,554858	32,004836	33,471942
527,00	100,018597	100,011086	68,146098	64,781243	68,259561	65,394205	100,017262	100,041199	29,964861	36,070833	31,288901	35,898808	34,157971	34,534574	58,021712	60,445935	61,380863	61,583036	55,940378	60,109729	33,876908	34,965035	34,951633	36,582834	32,067090	33,510184
528,00	100,015903	100,025272	68,132347	64,758652	68,235320	65,370262	100,036371	100,054777	29,983801	36,106175	31,312239	35,929245	34,181270	34,558558	58,052981	60,460263	61,410481	61,573815	56,008810	60,113800	33,934835	35,008052	34,999928	36,614695	32,111540	33,552516
529,00	100,017917	100,027800	68,107992	64,722663	68,217826	65,332520	100,030255	100,064266	30,003938	36,134884	31,343168	35,963616	34,208316	34,587789	58,085251	60,457945	61,437052	61,551386	56,057119	60,113126	33,989370	35,048121	35,044968	36,648440	32,171401	33,597255
530,00	100,002599	100,042260	68,084961	64,696115	68,199670	65,310037	100,029659	100,060880	30,020201	36,166748	31,367281	35,993207	34,243289	34,617805	58,105481	60,455918	61,444014	61,536646	56,102324	60,117370	34,041750	35,086656	35,075533	36,684200	32,222447	33,639967
531,00	99,979436	100,023341	68,043602	64,665049	68,170142	65,271246	100,022066	100,049603	30,037230	36,185896	31,390104	36,022767	34,271497	34,647572	58,122879	60,441303	61,458838	61,509627	56,136656	60,120976	34,088150	35,123235	35,114700	36,719605	32,276493	33,675674
532,00	99,961853	100,034976	68,006593	64,650035	68,118560	65,260559	100,033569	100,010896	30,056757	36,199498	31,410682	36,039641	34,297794	34,673968	58,130401	60,452372	61,468691	61,510295	56,171530	60,138750	34,142756	35,157475	35,153118	36,746991	32,318729	33,702472
533,00	99,942350	100,031996	67,975378	64,616644	68,077052	65,235007	100,035620	100,010276	30,080444	36,221272	31,427011	36,062565	34,321856	34,698278	58,143640	60,459393	61,478621	61,494249	56,205279	60,143900	34,191304	35,191867	35,198393	36,776820	32,361019	33,736336
534,00	99,946284	100,025463	67,966378	64,585876	68,047053	65,203917	100,017810	99,988794	30,111215	36,239558	31,450775	36,085755	34,355077	34,722781	58,163762	60,460031	61,486346	61,471587	56,237227	60,142589	34,241033	35,221928	35,230470	36,800921	32,403064	33,771533
535,00	99,931282	100,034690	67,946172	64,556617	68,020141	65,178072	100,023246	99,981230	30,135560	36,272767	31,457892	36,108059	34,381503	34,745601	58,191943	60,460323	61,503172	61,444372	56,267470	60,141832	34,287688	35,255429	35,269114	36,825901	32,443717	33,805183
536,00	99,948496	100,029826	67,920202	64,528382	67,991745	65,135771	100,008368	99,961221	30,152670	36,293897	31,476456	36,125669	34,401837	34,773189	58,218092	60,457289	61,504477	61,422485	56,290406	60,129011	34,319460	35,286072	35,305274	36,855412	32,474887	33,839747
537,00	99,943578	100,038731	67,879188	64,491516	67,954826	65,096903	99,999690	99,971533	30,163306	36,327404	31,492034	36,146331	34,424636	34,801358	58,235013	60,455692	61,512667	61,404061	56,310588	60,122776	34,345165	35,326558	35,339355	36,891785	32,511938	33,882403
538,00	99,965888	100,024986	67,858022	64,434999	67,932248	65,047175	99,964476	99,996793	30,173796	36,352375	31,522742	36,177239	34,448346	34,829223	58,255446	60,438198	61,511844	61,373919	56,335169	60,104334	34,371811	35,363308	35,371920	36,935470	32,548997	33,927023
539,00	99,982673	100,024271	67,848516	64,397299	67,920309	65,020680	99,951202	100,015295	30,187607	36,381134	31,547773	36,209220	34,474123	34,850830	58,286250	60,425544	61,531168	61,351132	56,377780	60,102004	34,416065	35,408512	35,402843	36,978516	32,595149	33,968601
540,00	100,009704	100,010717	67,851013	64,357668	67,918772	64,991051	99,961150	100,015390	30,204573	36,407775	31,574517	36,242932	34,496999	34,877339	58,322763	60,416490	61,542517	61,327505	56,424654	60,100102	34,474373	35,445622	35,443184	37,016088	32,633495	34,002614
541,00	100,012779	99,994200	67,831975	64,333075	67,891538	64,957589	99,977332	100,020635	30,223200	36,439666	31,594032	36,271274	34,517306	34,901854	58,344311	60,417539	61,550844	61,305213	56,457400	60,103202	34,531048	35,490325	35,485610	37,047127	32,677579	34,042481
542,00	100,015676	99,980813	67,809570	64,308244	67,870218	64,936095	99,985802	100,023460	30,238405	36,467406	31,624720	36,299199	34,537426	34,929138	58,358812	60,418367	61,561835	61,285383	56,500959	60,103965	34,578526	35,523164	35,528827	37,073207	32,721558	34,077916
543,00	100,019443	99,988306	67,774254	64,283997	67,847741	64,920324	99,976021	100,024509	30,256379	36,491758	31,650507	36,321598	34,552801	34,948033	58,373934	60,416746	61,572498	61,269236	56,539279	60,103208	34,614560	35,559604	35,564572	37,099153	32,778057	34,111691
544,00	100,032389	99,992365	67,747706	64,259225	67,839134	64,905477	99,969810	100,028861	30,278540	36,510181	31,680220	36,347264	34,573150	34,965855	58,394790	60,419536	61,593646	61,255503	56,588817	60,102612	34,659424	35,598546	35,597187	37,131375	32,831332	34,148991
545,00	100,047755	99,993920	67,731690	64,220774	67,827064	64,873689	99,975890	100,014341	30,307046	36,534539	31,699324	36,368495	34,596348	34,986520	58,423615	60,415244	61,611670	61,240935	56,642848	60,096270	34,705123	35,637054	35,631680	37,157574	32,887402	34,179646
546,00	100,051081	99,984950	67,727911	64,184386	67,809671	64,837486	99,976587	100,012243	30,327386	36,560699	31,724137	36,395511	34,627286	35,009709	58,451855	60,418582	61,632615	61,216336	56,709230	60,091645	34,754834	35,675555	35,670704	37,190959	32,945669	34,222537
547,00	100,045502	99,990851	67,717367	64,161062	67,790896	64,812642	99,983519	99,990320	30,347121	36,589292	31,746170	36,417773	34,656933	35,044572	58,465499	60,409731	61,643147	61,206937	56,766176	60,085905	34,802410	35,701180	35,711318	37,214631	33,011356	34,250683
548,00	100,048077	100,000739	67,689246	64,141947	67,766845	64,795172	99,999046	99,996179	30,365807	36,613753	31,775981	36,442432	34,679103	35,070053	58,469033	60,404837	61,657578	61,191243	56,825322	60,084456	34,854686	35,732827	35,752377	37,241337	33,077794	34,289017
549,00	100,071144	100,014567	67,674124	64,117885	67,752862	64,772886	100,000954	99,999243	30,391434	36,641964	31,803206	36,471108	34,699702	35,092723	58,488220	60,394949	61,671919	61,180437	56,891680	60,084909	34,901986	35,763982	35,790309	37,272668	33,142990	34,320378
550,00	100,072634	99,991173	67,649865	64,081627	67,726737	64,741731	100,005162	99,991143	30,415663	36,662957	31,831363	36,499190	34,723175	35,114062	58,512926	60,386312	61,683834	61,149943	56,972980	60,080004	34,949237	35,797310	35,827029	37,300837	33,210841	34,356967
551,00	100,064266	99,992365	67,631781	64,046270	67,693627	64,705634	99,992800	99,979639	30,432689	36,683619	31,856802	36,526623	34,745580	35,139316	58,546048	60,384613	61,692780	61,128968	57,047117	60,080361	34,990752	35,830295	35,868850	37,328857	33,289230	34,388036
552,00	100,050259	99,987912	67,598480	64,019287	67,665827	64,682007	100,000954	99,977171	30,447075	36,703220	31,879723	36,554518	34,773213	35,169673	58,569580	60,380220	61,703855	61,109549	57,125467	60,079843	35,033038	35,865057	35,904860	37,356386	33,367863	34,426576
553,00	100,042522	99,995911	67,572623	63,988292	67,640007	64,647406	100,001132	99,990773	30,461627	36,732242	31,899032	36,577249	34,799457	35,197520	58,606702	60,379851	61,712354	61,084789	57,205594	60,071898	35,069326	35,902664	35,941681	37,388036	33,448249	34,456563
554,00	100,033236	99,981284	67,554116	63,963634	67,618036	64,621931	100,010526	100,013173	30,489367	36,766171	31,910154	36,606690	34,832659	35,224980	58,645868	60,377109	61,731458	61,065537	57,289201	60,075319	35,118169	35,937664	35,985357	37,424403	33,515853	34,495240
555,00	100,023067	99,976748	67,527717	63,934857	67,573434	64,598882	100,010502	100,021672	30,510691	36,798099	31,923509	36,632130	34,853515	35,247868	58,680171	60,371214	61,745352	61,045682	57,371664	60,073423	35,172260	35,978109	36,025083	37,457675	33,589864	34,527743
556,00	100,016975	99,973661	67,501748	63,905150	67,544401	64,566004	100,022686	100,030088	30,532289	36,827466	31,940278	36,668065	34,870589	35,268861	58,719313	60,355997	61,759412	61,032289	57,465011	60,072297	35,226199	36,011356	36,077845	37,491572	33,658236	34,574199
557,00	100,018835	99,975705	67,472130	63,870066	67,512548	64,534545	100,024843	100,037336	30,555525	36,853874	31,961572	36,702806	34,887066	35,287666	58,752382	60,341132	61,783159	61,006635	57,555616	60,062587	35,271764	36,051548	36,121801	37,522995	33,740711	34,616196
558,00	100,012672	99,979395	67,445838	63,845712	67,484945	64,505368	100,037372	100,046873	30,581832	36,885700	31,980363	36,736202	34,907803	35,313129	58,776259	60,342258	61,801863	60,988587	57,636791	60,065979	35,320431	36,086369	36,171868	37,552354	33,814439	34,658596
559,00	100,039709	99,992156	67,426568	63,816184	67,462957	64,485818	100,023997	100,057864	30,603588	36,917269	31,999338	36,766940	34,933889	35,339841	58,805513	60,338581	61,837363	60,978204	57,723695	60,065901	35,376635	36,126590	36,209202	37,585407	33,888140	34,699863
560,00	100,032878	99,972534	67,404509	63,777637	67,442262	64,436525	100,020015	100,054121	30,614421	36,943877	32,014000	36,792296	34,961101	35,366249	58,826983	60,327107	61,845309	60,952240	57,801318	60,055590	35,436341	36,157474	36,241803	37,612975	33,952305	34,734708
561,00	100,041950	99,960226	67,380655	63,728929	67,424071	64,390135	100,013804	100,050747	30,624220	36,969373	32,031181	36,814013	34,985745	35,391402	58,860046	60,305285	61,859632	60,930872	57,880491	60,038352	35,492861	36,186305	36,273631	37,638211	34,015125	34,768879
562,00	100,047767	99,959165	67,356569	63,705188	67,393517	64,358515	100,006509	100,048709	30,641630	36,988312	32,050827	36,835080	35,005164	35,406372	58,881211	60,290545	61,867505	60,907239	57,946610	60,028231	35,542175	36,221766	36,301717	37,670377	34,087512	34,798816
563,00	100,075293	99,982673	67,329997	63,691235	67,368752	64,348137	99,994445	100,042844	30,659202	37,011945	32,071185	36,853650	35,020077	35,430667	58,909833	60,290754	61,880708	60,909849	58,010024	60,037595	35,584256	36,250001	36,331800	37,703168	34,156239	34,825587
564,00	100,067747	99,995691	67,296147	63,684404	67,342985	64,334756	99,977225	100,026286	30,679888	37,029421	32,099849	36,873519	35,039139	35,448560	58,911330	60,288644	61,877412	60,901552	58,064276	60,038471	35,621044	36,277816	36,365384	37,727925	34,224319	34,850079
565,00	100,057566	99,997109	67,267144	63,656878	67,326045	64,309877	99,958777	100,011659	30,688196	37,054428	32,123074	36,894262	35,063702	35,475132	58,913577	60,284567	61,869627	60,884732	58,110493	60,044438	35,653016	36,304137	36,401173	37,751365	34,279788	34,873509
566,00	100,036097	99,991173	67,246228	63,631147	67,297876	64,273703	99,943626	100,011683	30,696213	37,078649	32,150775	36,920688	35,089996	35,495082	58,914590	60,262185	61,859006	60,856169	58,150685	60,029095	35,688984	36,337265	36,430538	37,777987	34,338391	34,899968
567,00	100,066900	99,972117	67,229182	63,587445	67,288178	64,224452	99,928194	100,044668	30,705771	37,111187	32,170832	36,949262	35,112607	35,518780	58,940077	60,231823	61,861014	60,819203	58,211213	60,007596	35,722926	36,374891	36,456653	37,809762	34,400424	34,936160
568,00	100,062799	99,959391	67,201459	63,555288	67,274415	64,186049	99,934053	100,055659	30,721709	37,127468	32,192349	36,977655	35,133740	35,542533	58,953857	60,217249	61,853486	60,796237	58,251810	59,993792	35,763657	36,403599	36,484036	37,827346	34,460697	34,965670
569,00	100,060463	99,956727	67,172968	63,527548	67,268503	64,157534	99,928612	100,056028	30,738723	37,151721	32,220459	37,006679	35,148755	35,563609	58,972067	60,203338	61,839801	60,778254	58,287227	59,982085	35,802469	36,442766	36,515644	37,852782	34,511721	35,002929
570,00	100,009036	99,968320	67,143667	63,509524	67,241263	64,136755	99,951500	100,038993	30,758050	37,167194	32,251287	37,034312	35,166314	35,582745	58,967692	60,200143	61,820048	60,763061	58,292758	59,975660	35,845265	36,472690	36,556458	37,882507	34,570652	35,029781
571,00	99,980021	99,973369	67,109871	63,490707	67,209959	64,100289	99,950415	100,038981	30,776274	37,202939	32,283798	37,060642	35,184878	35,605815	58,967894	60,183787	61,817718	60,739440	58,304775	59,966600	35,887027	36,512402	36,595178	37,932190	34,639013	35,068148
572,00	99,966407	99,976295	67,077744	63,464940	67,187196	64,074606	99,961060	100,023437	30,796659	37,227803	32,304665	37,082636	35,209590	35,632384	58,967322	60,180056	61,822194	60,709649	58,322215	59,966636	35,925657	36,541733	36,633584	37,963897	34,702504	35,098907
573,00	99,972451	99,986786	67,057443	63,442415	67,171228	64,061838	99,954283	100,014901	30,816245	37,250972	32,318011	37,104017	35,233715	35,657224	58,970708	60,177112	61,825335	60,699701	58,332568	59,965593	35,968277	36,574537	36,664408	37,995762	34,760016	35,131118
574,00	99,980140	99,986780	67,046458	63,421589	67,150658	64,051872	99,959040	100,011599	30,835244	37,272003	32,341567	37,128314	35,249606	35,673359	58,970445	60,173869	61,817795	60,685855	58,343774	59,955794	36,007434	36,603993	36,695960	38,019899	34,808242	35,159412
575,00	99,979162	99,984711	67,027611	63,399965	67,123908	64,033568	99,958497	100,039911	30,848655	37,296844	32,365286	37,158200	35,269755	35,694110	58,958638	60,166788	61,815912	60,676759	58,343148	59,939897	36,052826	36,638051	36,720914	38,059497	34,865588	35,190797
576,00	99,973607	99,983549	67,009711	63,366407	67,097223	63,997102	99,978018	100,045311	30,870399	37,326300	32,397297	37,191784	35,290292	35,717526	58,944076	60,148531	61,808580	60,642606	58,344495	59,918588	36,094573	36,669406	36,749908	38,094696	34,912264	35,217822
577,00	99,958467	99,987912	66,988254	63,334316	67,076349	63,966203	99,992651	100,051630	30,889365	37,348187	32,424176	37,216586	35,310885	35,739079	58,928865	60,134858	61,791247	60,618395	58,342147	59,906554	36,138263	36,696157	36,777478	38,122678	34,960911	35,246900
578,00	99,959695	99,993616	66,966975	63,299841	67,057854	63,924390	100,003386	100,031161	30,912438	37,367859	32,452464	37,233466	35,325322	35,759267	58,922452	60,108614	61,767381	60,594022	58,339143	59,888321	36,180371	36,724004	36,805743	38,147697	35,012978	35,274068
579,00	99,969935	100,001812	66,936845	63,289434	67,022806	63,900793	99,978697	100,029445	30,927736	37,387067	32,469624	37,244952	35,338697	35,779086	58,914554	60,097581	61,738932	60,584563	58,330721	59,883314	36,212230	36,748800	36,829051	38,175240	35,064360	35,304829
580,00	99,980891	100,007665	66,917092	63,261902	66,993517	63,881177	99,969721	100,023687	30,946523	37,409100	32,481587	37,268770	35,357198	35,800809	58,908117	60,081846	61,704028	60,569024	58,317053	59,867412	36,249867	36,773196	36,851069	38,199165	35,109156	35,332707
581,00	99,992228	100,016093	66,899437	63,231963	66,964614	63,863039	99,965006	100,023007	30,968437	37,427127	32,495090	37,291378	35,377899	35,819513	58,900177	60,074598	61,676258	60,546488	58,307940	59,846556	36,276764	36,794323	36,874965	38,228276	35,141590	35,357869
582,00	100,018764	100,013089	66,896212	63,201547	66,963148	63,847750	99,976164	100,014949	30,984569	37,448493	32,513091	37,314442	35,399133	35,841995	58,915281	60,060608	61,664295	60,526031	58,321178	59,824979	36,309448	36,822483	36,897048	38,253495	35,178429	35,386086
583,00	100,038755	100,014102	66,872352	63,181227	66,956854	63,831055	99,982524	99,998927	31,004983	37,472689	32,528549	37,337658	35,419574	35,868457	58,923167	60,051191	61,654615	60,499799	58,327818	59,808755	36,330798	36,854640	36,924666	38,284019	35,206506	35,412505
584,00	100,047421	100,006902	66,854531	63,167280	66,942632	63,814926	99,987394	100,005162	31,021026	37,504104	32,546598	37,364972	35,439119	35,889065	58,923930	60,042888	61,641049	60,483927	58,322072	59,803212	36,360309	36,888996	36,953449	38,314530	35,242411	35,445264
585,00	100,044441	100,019956	66,842675	63,147295	66,927832	63,794851	99,984986	99,988395	31,042358	37,525880	32,572114	37,391731	35,466427	35,912797	58,917558	60,033011	61,627638	60,474181	58,305269	59,801465	36,386958	36,911833	36,985439	38,334161	35,273740	35,467163
586,00	100,031316	100,029016	66,828829	63,119566	66,909570	63,769764	99,978828	99,990577	31,057969	37,552556	32,594043	37,415725	35,491821	35,927022	58,911151	60,014820	61,621630	60,460430	58,290464	59,792072	36,412814	36,937833	37,010071	38,362193	35,313168	35,497838
587,00	100,030553	100,032222	66,811317	63,091207	66,889495	63,747042	99,984491	99,980903	31,083903	37,575057	32,608944	37,441194	35,517666	35,951108	58,900785	59,988463	61,609632	60,439390	58,289808	59,777421	36,443454	36,960208	37,041906	38,386577	35,340363	35,522908
588,00	100,025487	100,018501	66,775537	63,054198	66,861516	63,711542	99,997884	99,986488	31,104830	37,598279	32,618526	37,464982	35,537043	35,970393	58,874983	59,963012	61,590618	60,414481	58,275998	59,757298	36,475646	36,987144	37,072644	38,413823	35,374385	35,551274
589,00	100,043559	99,995786	66,759491	63,022596	66,836649	63,665897	99,994081	99,986386	31,127030	37,619731	32,637936	37,488955	35,560253	35,997769	58,859754	59,938627	61,580896	60,386121	58,278888	59,740901	36,510426	37,016743	37,107813	38,437122	35,411799	35,579297
590,00	100,042307	99,992979	66,742015	62,995940	66,817969	63,635820	99,988616	99,991250	31,138331	37,647271	32,657182	37,510923	35,587016	36,020848	58,852965	59,926891	61,572003	60,357785	58,277303	59,722024	36,542225	37,043822	37,135464	38,459584	35,462275	35,608265
591,00	100,042820	99,986452	66,719055	62,978047	66,799092	63,610655	99,982381	99,999809	31,156150	37,678054	32,678473	37,542301	35,608846	36,048305	58,848506	59,915406	61,555910	60,333133	58,280337	59,711468	36,577141	37,078136	37,163037	38,488206	35,508111	35,637110
592,00	100,021493	100,001466	66,695768	62,956899	66,778803	63,595814	100,002325	100,010097	31,175214	37,704381	32,696229	37,573746	35,628250	36,072558	58,837217	59,899735	61,538219	60,311878	58,275390	59,695238	36,614701	37,107480	37,188235	38,516918	35,551193	35,667083
593,00	100,011623	100,000823	66,664910	62,934405	66,750681	63,566858	100,015342	100,017059	31,191888	37,731671	32,715398	37,604418	35,648158	36,098561	58,817744	59,886789	61,517984	60,294968	58,274454	59,690356	36,643955	37,147558	37,209243	38,544601	35,596544	35,698956
594,00	100,003564	100,012219	66,643012	62,900412	66,723502	63,534993	100,023770	100,033581	31,207907	37,759170	32,736069	37,629363	35,671291	36,115262	58,803791	59,870470	61,501986	60,274768	58,283579	59,673977	36,676922	37,181652	37,230361	38,576436	35,644758	35,732314
595,00	100,008047	100,014210	66,611397	62,871873	66,692656	63,501561	100,020587	100,038362	31,221709	37,788829	32,758510	37,657928	35,694993	36,132076	58,785552	59,859872	61,473542	60,255784	58,308786	59,653735	36,706188	37,217090	37,245807	38,608074	35,689881	35,764325
596,00	99,998164	100,020444	66,585243	62,830395	66,656226	63,459849	100,023043	100,028837	31,239498	37,812319	32,783628	37,681672	35,716099	36,153185	58,774149	59,834355	61,448056	60,229200	58,332652	59,617567	36,732632	37,240446	37,269303	38,628718	35,735255	35,785234
597,00	100,004661	100,014889	66,563410	62,799090	66,628158	63,423246	100,025463	100,014484	31,255665	37,836334	32,805651	37,706813	35,743234	36,177975	58,772773	59,814066	61,436158	60,201633	58,357978	59,592348	36,757660	37,264332	37,299165	38,643560	35,772824	35,809663
598,00	99,995577	100,007808	66,537368	62,768430	66,593695	63,384318	100,029516	99,994665	31,275961	37,853909	32,823226	37,723255	35,771087	36,199871	58,771425	59,791106	61,422032	60,181379	58,365071	59,568471	36,780518	37,281254	37,330517	38,655469	35,820666	35,823452
599,00	100,001562	99,997348	66,515589	62,746060	66,576499	63,360006	100,020909	99,984342	31,287369	37,870061	32,847995	37,742528	35,798070	36,221704	58,777243	59,766901	61,411178	60,156274	58,375061	59,557050	36,806825	37,299985	37,357926	38,680980	35,862046	35,854480
600,00	99,981445	99,993753	66,490138	62,720227	66,544205	63,330233	100,015843	99,977088	31,296751	37,887418	32,867673	37,759143	35,815898	36,242077	58,762920	59,736514	61,392885	60,125518	58,378398	59,542972	36,829457	37,322539	37,380922	38,707381	35,904872	35,880929
601,00	100,003397	99,987948	66,475356	62,687784	66,517448	63,308197	99,999428	99,990326	31,311548	37,907964	32,894939	37,780431	35,838169	36,266094	58,756191	59,722733	61,387759	60,101759	58,388150	59,537488	36,853108	37,352070	37,406245	38,728315	35,940045	35,911423
602,00	100,024021	100,001192	66,459954	62,653291	66,484916	63,285094	99,999762	100,000453	31,333959	37,937957	32,919294	37,810287	35,862422	36,284709	58,746123	59,708148	61,380613	60,084367	58,388585	59,526944	36,882886	37,385175	37,439805	38,751286	35,976255	35,934436
603,00	100,033534	99,995172	66,432405	62,613505	66,451323	63,260573	99,991423	99,989802	31,356624	37,953913	32,948580	37,835479	35,887882	36,308566	58,734411	59,689158	61,361933	60,064846	58,375531	59,501666	36,908135	37,412107	37,472689	38,768536	36,012375	35,957658
604,00	100,031269	99,996895	66,416955	62,588471	66,425240	63,240367	99,993348	99,979806	31,369963	37,977132	32,968277	37,860981	35,911560	36,335963	58,720392	59,657472	61,346060	60,039091	58,358991	59,474993	36,934352	37,430373	37,504065	38,796645	36,049137	35,978973
605,00	100,021875	99,977469	66,388148	62,560236	66,397768	63,210100	99,983633	99,968314	31,383571	37,990421	32,987240	37,872696	35,935923	36,366424	58,697176	59,639788	61,330533	60,013044	58,336562	59,446228	36,959061	37,447780	37,525120	38,820842	36,076626	36,001325
606,00	100,017345	99,983466	66,363317	62,535554	66,374427	63,188660	99,973786	99,981070	31,397176	38,022900	33,002898	37,890247	35,960826	36,391309	58,670390	59,627610	61,313510	59,989840	58,305502	59,432626	36,982426	37,475613	37,534860	38,857096	36,099923	36,033916
607,00	99,999928	99,999511	66,327494	62,504011	66,345948	63,166362	99,971503	99,965340	31,418297	38,043252	33,018413	37,905136	35,988423	36,413991	58,643633	59,611857	61,285281	59,972113	58,260977	59,427077	37,011498	37,504697	37,549317	38,879344	36,120811	36,062992
608,00	99,977040	100,009739	66,303778	62,466550	66,332936	63,149381	99,980932	99,967474	31,440812	38,075188	33,037406	37,934238	36,009869	36,433858	58,609021	59,593087	61,246359	59,954721	58,211017	59,417593	37,043485	37,539414	37,570426	38,907787	36,140338	36,093032
609,00	99,974513	100,021136	66,293997	62,446076	66,317183	63,131756	99,985158	99,984771	31,461206	38,107610	33,058116	37,967533	36,035833	36,457902	58,595753	59,587198	61,227888	59,943706	58,175546	59,406286	37,071392	37,573034	37,591091	38,938960	36,155075	36,120227
610,00	99,971807	100,009179	66,275072	62,417012	66,302562	63,104171	99,997610	100,001109	31,472343	38,136753	33,083102	37,998477	36,049709	36,478341	58,569062	59,574568	61,200333	59,920394	58,123827	59,386700	37,096578	37,604949	37,607956	38,975331	36,166370	36,147624
611,00	99,982339	100,016987	66,253960	62,400270	66,288781	63,083261	100,006151	100,012934	31,486821	38,159382	33,104777	38,030750	36,073893	36,497608	58,550715	59,560543	61,186033	59,903866	58,076334	59,376740	37,113979	37,637174	37,619796	39,003658	36,177611	36,176562
612,00	99,968415	100,017285	66,220009	62,380534	66,272306	63,060957	100,008750	100,004673	31,504020	38,177761	33,123097	38,055301	36,095309	36,519933	58,521783	59,533334	61,143476	59,881866	58,015150	59,367239	37,130979	37,666821	37,641126	39,028028	36,184457	36,203060
613,00	99,969298	100,027645	66,189200	62,367702	66,256750	63,049144	100,017202	100,018322	31,523523	38,207889	33,141682	38,085079	36,120564	36,545917	58,494061	59,520018	61,111659	59,867269	57,972914	59,359258	37,147343	37,699687	37,677234	39,058736	36,184940	36,232114
614,00	99,959254	100,040126	66,152686	62,358600	66,223669	63,037670	100,029480	100,022984	31,548271	38,228732	33,155400	38,107303	36,136994	36,569676	58,470160	59,514141	61,069065	59,857100	57,921213	59,356350	37,165165	37,724110	37,712082	39,091671	36,181059	36,262035
615,00	99,955779	100,028932	66,125220	62,333286	66,202456	63,012755	100,045633	100,035644	31,568852	38,251263	33,166188	38,129911	36,156422	36,596313	58,439749	59,501272	61,037141	59,841448	57,868117	59,333158	37,188300	37,749922	37,745771	39,121872	36,183149	36,287904
616,00	99,954063	100,028682	66,108823	62,305593	66,185480	62,984949	100,045788	100,033557	31,590781	38,275802	33,176723	38,146785	36,176604	36,614591	58,430499	59,486598	61,001772	59,815466	57,814091	59,319299	37,214100	37,773082	37,767896	39,142236	36,184651	36,312830
617,00	99,983698	100,030005	66,108328	62,278903	66,177720	62,952960	100,047076	100,042605	31,613532	38,296971	33,187589	38,161513	36,203471	36,638203	58,423728	59,462953	60,983962	59,783983	57,782358	59,300369	37,247157	37,799495	37,794057	39,163131	36,192217	36,330020
618,00	100,019193	100,047994	66,103727	62,254864	66,163808	62,926996	100,052726	100,044429	31,632408	38,320559	33,207917	38,183132	36,226395	36,657369	58,425522	59,442353	60,974169	59,761739	57,753348	59,286219	37,276715	37,819371	37,814784	39,183271	36,202952	36,356044
619,00	100,043523	100,063121	66,101813	62,235487	66,150904	62,902486	100,050473	100,054419	31,654119	38,338584	33,226487	38,209087	36,254734	36,687332	58,412248	59,423995	60,971028	59,746015	57,726592	59,267086	37,299848	37,841731	37,829649	39,209011	36,215976	36,383945
620,00	100,061584	100,056934	66,097331	62,213582	66,130376	62,873870	100,048923	100,056064	31,664667	38,367268	33,245635	38,238820	36,278552	36,715463	58,391690	59,402454	60,954773	59,727687	57,694894	59,248060	37,314755	37,866956	37,841833	39,230970	36,227933	36,408138
621,00	100,060856	100,042737	66,096526	62,183917	66,106707	62,841827	100,057971	100,059879	31,682983	38,396198	33,262008	38,264751	36,299691	36,734867	58,366609	59,391999	60,936046	59,695452	57,656759	59,231520	37,325612	37,892452	37,858427	39,256713	36,242571	36,431152
622,00	100,058079	100,034630	66,072053	62,162119	66,078073	62,812924	100,076318	100,061512	31,705064	38,419983	33,280849	38,279542	36,319324	36,753231	58,337843	59,376067	60,909241	59,672332	57,619214	59,224170	37,343282	37,927562	37,883464	39,284596	36,264798	36,454177
623,00	100,042689	100,035334	66,046596	62,139475	66,045493	62,787676	100,078833	100,053287	31,728417	38,440937	33,298123	38,297427	36,336711	36,772344	58,317000	59,362441	60,885602	59,647018	57,566559	59,202468	37,364215	37,955907	37,912357	39,305252	36,288774	36,484048
624,00	100,043666	100,039184	66,021121	62,118542	66,015977	62,760198	100,073695	100,048614	31,748587	38,459066	33,322719	38,318902	36,357659	36,800557	58,291686	59,334838	60,863614	59,634370	57,533967	59,184432	37,395191	37,984669	37,941363	39,325008	36,310422	36,511111
625,00	100,039518	100,029349	66,001964	62,091494	65,979886	62,729663	100,060797	100,026011	31,761223	38,478738	33,344254	38,348046	36,383224	36,828521	58,266193	59,311235	60,841107	59,613431	57,486719	59,146667	37,418586	37,999171	37,963817	39,339969	36,322221	36,537406
626,00	100,033963	100,031066	65,972924	62,065524	65,952420	62,709898	100,052559	100,042367	31,776568	38,509762	33,375400	38,376722	36,402592	36,853549	58,230698	59,293306	60,820699	59,595609	57,442719	59,133607	37,437961	38,025692	37,980115	39,369527	36,339083	36,571139
627,00	100,011075	100,044370	65,937477	62,040162	65,913582	62,697905	100,032103	100,043309	31,788415	38,542607	33,396304	38,400403	36,432242	36,868390	58,198929	59,279281	60,792738	59,578228	57,392913	59,111875	37,449697	38,052768	37,993512	39,401990	36,354637	36,601970
628,00	99,991769	100,042844	65,905267	62,024540	65,877879	62,675947	100,020826	100,047934	31,799519	38,575265	33,416247	38,428086	36,447498	36,882916	58,172351	59,265798	60,755247	59,552884	57,349354	59,104615	37,465653	38,080442	38,009250	39,429253	36,374325	36,633176
629,00	99,958426	100,039721	65,870255	61,998796	65,842175	62,647533	100,015342	100,031471	31,805566	38,597092	33,431056	38,455048	36,470768	36,906117	58,139020	59,243822	60,709196	59,527785	57,304549	59,076977	37,483257	38,105747	38,030484	39,451969	36,385226	36,661723
630,00	99,946404	100,029194	65,834153	61,985022	65,820670	62,619048	100,015569	100,010741	31,813216	38,618347	33,453488	38,480908	36,487988	36,934352	58,108538	59,227568	60,669702	59,495103	57,263595	59,066397	37,507564	38,129944	38,046241	39,466885	36,399356	36,686885
631,00	99,955446	100,035584	65,798986	61,958390	65,801901	62,599379	99,994147	100,009131	31,821990	38,642606	33,474681	38,504246	36,512479	36,961210	58,076686	59,206438	60,643798	59,478956	57,213748	59,051913	37,530622	38,158581	38,065267	39,492139	36,414090	36,716396
632,00	99,975795	100,037754	65,769124	61,934870	65,780342	62,578309	99,969977	99,998194	31,837037	38,670060	33,495846	38,524982	36,531267	36,983049	58,058947	59,192169	60,628086	59,467119	57,175887	59,038562	37,551153	38,181016	38,077316	39,511746	36,430371	36,729476
633,00	99,979192	100,024295	65,739202	61,900860	65,748644	62,548810	99,972105	99,991018	31,860146	38,688493	33,513120	38,545868	36,553481	37,008023	58,036286	59,172893	60,590631	59,443510	57,124227	59,018904	37,570235	38,197547	38,107833	39,536899	36,441669	36,748183
634,00	99,985147	100,016117	65,719736	61,858988	65,728211	62,511522	99,986136	99,988973	31,884682	38,706857	33,541840	38,568315	36,577526	37,031570	58,011031	59,138441	60,563660	59,417927	57,089621	58,980924	37,589356	38,219643	38,131154	39,555681	36,460245	36,767155
635,00	99,988347	99,999869	65,710658	61,828166	65,719140	62,486190	99,999177	99,975526	31,905872	38,722867	33,566064	38,590035	36,607730	37,052259	57,995039	59,109843	60,537797	59,390765	57,065970	58,955306	37,620276	38,238528	38,166088	39,576840	36,482072	36,798173
636,00	100,002599	100,001431	65,704226	61,800975	65,715510	62,467623	99,993932	99,979484	31,920713	38,750568	33,591327	38,610461	36,629048	37,069365	57,983476	59,095919	60,536635	59,373319	57,058352	58,946306	37,647822	38,263363	38,194790	39,597881	36,499667	36,830655
637,00	99,993980	100,002098	65,681314	61,787313	65,697050	62,456423	99,988467	99,972594	31,940147	38,774121	33,615005	38,633287	36,649999	37,090695	57,970136	59,086025	60,523945	59,346658	57,041246	58,937955	37,675199	38,293216	38,226414	39,624727	36,520252	36,850947
638,00	99,979436	100,004649	65,656686	61,758083	65,681183	62,421370	99,998629	99,976504	31,953946	38,795167	33,640170	38,655487	36,665154	37,108028	57,938963	59,068167	60,499889	59,316295	57,010192	58,926517	37,703189	38,316607	38,250694	39,650014	36,548576	36,871138
639,00	99,995059	100,014710	65,647340	61,725616	65,654105	62,402296	100,006592	99,962807	31,970999	38,808164	33,658269	38,675952	36,685717	37,136066	57,927519	59,043396	60,476977	59,300679	56,990200	58,904588	37,731323	38,340393	38,274276	39,670318	36,575803	36,886844
640,00	100,013363	100,024843	65,646583	61,699128	65,645027	62,378144	100,015783	99,976599	31,989968	38,830078	33,667237	38,700658	36,699060	37,150851	57,926875	59,031630	60,461295	59,287679	56,986237	58,895886	37,759915	38,353297	38,305023	39,695722	36,600238	36,913270
641,00	100,021267	100,010455	65,645027	61,661887	65,626150	62,352782	100,012124	99,996191	32,015583	38,854277	33,678997	38,720798	36,725834	37,170991	57,925838	59,006345	60,455364	59,269053	56,993806	58,870256	37,779212	38,376361	38,335201	39,719912	36,620116	36,936742
642,00	100,026751	100,007045	65,634257	61,648732	65,630251	62,326032	100,015008	100,023031	32,041076	38,886225	33,697945	38,750440	36,749268	37,182361	57,914305	58,977151	60,457194	59,247655	56,999540	58,850217	37,805462	38,411176	38,368824	39,751834	36,661845	36,969197
643,00	100,013828	100,000620	65,618730	61,620200	65,612435	62,306577	100,036824	100,024593	32,063320	38,916832	33,711365	38,773301	36,773393	37,207240	57,893795	58,947146	60,441053	59,223163	56,998980	58,827078	37,832719	38,441685	38,397709	39,770252	36,695749	37,000293
644,00	100,013208	100,031400	65,601128	61,602092	65,591294	62,293112	100,055933	100,034428	32,077351	38,944548	33,731034	38,804698	36,795932	37,225574	57,880080	58,929259	60,426611	59,199250	57,004565	58,823454	37,850118	38,471043	38,426605	39,799544	36,728215	37,029162
645,00	99,995321	100,013363	65,578300	61,564332	65,558970	62,268007	100,071871	100,044072	32,093385	38,968495	33,739948	38,832423	36,813298	37,246877	57,863200	58,912730	60,400712	59,169638	57,015276	58,801061	37,869918	38,499039	38,447315	39,828861	36,753011	37,054470
646,00	99,991190	100,013483	65,554839	61,541229	65,524489	62,239701	100,077677	100,065100	32,107717	38,986814	33,755523	38,860798	36,845699	37,272394	57,835245	58,902973	60,377228	59,153605	57,025903	58,783281	37,892041	38,537389	38,469574	39,865443	36,787045	37,078872
647,00	99,990028	99,982208	65,530020	61,525667	65,504265	62,213498	100,064993	100,053370	32,125705	39,004964	33,768529	38,878998	36,864817	37,300098	57,810247	58,890873	60,359144	59,130919	57,024401	58,751857	37,916514	38,568783	38,491240	39,889944	36,819094	37,102675
648,00	99,974310	99,981964	65,502799	61,510944	65,483862	62,190288	100,049806	100,050831	32,129180	39,025724	33,789796	38,897541	36,900386	37,324527	57,785267	58,878589	60,329282	59,116942	57,004237	58,737820	37,933120	38,596839	38,520709	39,917022	36,849388	37,127468
649,00	99,976695	99,975669	65,483004	61,475259	65,473831	62,169874	100,044882	100,040245	32,137471	39,053792	33,813518	38,920704	36,911601	37,341839	57,769930	58,848768	60,308152	59,076929	56,968510	58,718622	37,946019	38,619822	38,547745	39,939654	36,874557	37,159076
650,00	99,982911	99,987936	65,462041	61,440217	65,445381	62,146282	100,064504	100,041592	32,153770	39,089793	33,829209	38,946888	36,939344	37,361932	57,735342	58,830309	60,271120	59,056050	56,923342	58,712262	37,972164	38,649991	38,577121	39,970988	36,891818	37,189329
651,00	100,001466	99,991751	65,442163	61,407930	65,414619	62,110531	100,078619	100,013530	32,179862	39,100713	33,847609	38,967469	36,946812	37,378934	57,694989	58,805180	60,242635	59,027392	56,850833	58,689302	37,997162	38,668248	38,604766	39,990681	36,896479	37,201694
652,00	99,986875	99,971700	65,403891	61,383647	65,373224	62,078583	100,085950	100,001919	32,202876	39,113957	33,871791	38,981402	36,977822	37,406147	57,661563	58,784974	60,205972	59,016055	56,770933	58,666152	38,013583	38,690379	38,637620	40,014392	36,895415	37,216598
653,00	100,002563	99,945444	65,372980	61,363554	65,340644	62,050855	100,075352	99,984670	32,216933	39,128816	33,900025	39,000472	36,992717	37,429431	57,639772	58,754438	60,177410	58,992159	56,676179	58,628535	38,023061	38,714495	38,661358	40,036273	36,893138	37,237477
654,00	100,001371	99,940765	65,347022	61,334997	65,313303	62,031114	100,080955	99,996459	32,231435	39,152879	33,928645	39,016932	37,017307	37,452403	57,609057	58,726054	60,144180	58,958149	56,566191	58,600920	38,038442	38,741443	38,686627	40,053734	36,875033	37,267280
655,00	100,017703	99,958032	65,335214	61,324847	65,293294	62,005246	100,077128	99,979776	32,246861	39,178893	33,949703	39,040890	37,032664	37,463039	57,567155	58,709544	60,106212	58,931577	56,420869	58,583426	38,055253	38,759053	38,703480	40,076092	36,844295	37,291133
656,00	100,002599	99,986023	65,323019	61,305237	65,266550	61,989969	100,056028	99,984765	32,258549	39,196464	33,968806	39,056590	37,056783	37,480298	57,500309	58,691335	60,049933	58,908224	56,241357	58,571017	38,066998	38,778868	38,716108	40,098736	36,791369	37,311101
657,00	99,999994	99,983561	65,300882	61,290342	65,244043	61,972165	100,045371	99,982661	32,272613	39,216787	33,982578	39,089566	37,076992	37,499282	57,430369	58,665204	59,978712	58,882892	56,041670	58,557832	38,069385	38,803944	38,713458	40,126348	36,728823	37,336650
658,00	99,997741	99,986571	65,277886	61,258596	65,221930	61,945176	100,011373	99,996740	32,283539	39,236104	34,003568	39,116496	37,100080	37,522221	57,347369	58,642459	59,884936	58,857602	55,807924	58,528852	38,065478	38,833469	38,699260	40,153873	36,653912	37,359402
659,00	99,992406	99,991006	65,265787	61,237818	65,200043	61,923176	99,999475	100,000179	32,296589	39,261502	34,027660	39,146161	37,124255	37,539902	57,275927	58,625519	59,800261	58,847570	55,555791	58,517343	38,064948	38,852286	38,688573	40,176135	36,568105	37,387931
660,00	99,989778	100,004840	65,250915	61,230463	65,172517	61,904818	99,992096	99,993777	32,311526	39,290684	34,044734	39,170486	37,152013	37,565678	57,193381	58,619732	59,694660	58,841443	55,265677	58,497977	38,058802	38,870564	38,691807	40,201116	36,469433	37,406865
661,00	99,973261	100,002742	65,238458	61,207122	65,144777	61,891490	100,009763	99,992645	32,335880	39,312351	34,059337	39,192960	37,174615	37,590271	57,100165	58,601642	59,587741	58,815432	54,965407	58,482534	38,058418	38,894206	38,695714	40,220001	36,356187	37,430164
662,00	99,975312	99,983484	65,221477	61,174822	65,131098	61,843920	100,017583	100,003755	32,361469	39,336213	34,074458	39,222470	37,193185	37,616298	57,011056	58,568037	59,463423	58,775830	54,655284	58,427656	38,037264	38,920864	38,684887	40,250489	36,236724	37,454093
663,00	99,968970	99,974883	65,199924	61,142653	65,108347	61,808038	100,016904	100,007069	32,383493	39,356589	34,092036	39,247394	37,210330	37,637529	56,908309	58,543658	59,341013	58,747804	54,342121	58,399564	38,013303	38,947177	38,669026	40,279278	36,112094	37,476107
664,00	99,984223	99,949068	65,197802	61,116868	65,105706	61,778003	100,016320	100,023639	32,400829	39,380997	34,105071	39,278072	37,235686	37,659132	56,810713	58,514631	59,233785	58,717638	54,032969	58,365709	37,980634	38,972321	38,653609	40,308979	35,979703	37,498721
665,00	99,976277	99,942589	65,169740	61,086935	65,088713	61,759144	100,024891	100,042963	32,419354	39,403710	34,116444	39,307263	37,250119	37,672684	56,692654	58,490676	59,112734	58,687055	53,701997	58,341032	37,949622	39,000529	38,641557	40,331706	35,842380	37,520397
666,00	99,964070	99,935830	65,156728	61,046582	65,077186	61,732787	100,038433	100,062585	32,445362	39,432195	34,132579	39,335752	37,267858	37,685955	56,575179	58,477771	58,998597	58,660829	53,373307	58,307195	37,931946	39,024353	38,629451	40,356159	35,714114	37,546885
667,00	99,962485	99,942952	65,127540	61,013198	65,052956	61,714447	100,055325	100,062966	32,463986	39,462003	34,157765	39,360905	37,281677	37,694860	56,464726	58,462435	58,865333	58,647752	53,062397	58,269292	37,915948	39,048731	38,618362	40,381619	35,596278	37,565044
668,00	99,976623	99,972069	65,099406	61,000860	65,026456	61,712694	100,065362	100,039518	32,482147	39,477500	34,181631	39,369029	37,303299	37,711200	56,350589	58,471602	58,745259	58,642316	52,768052	58,273757	37,899074	39,067593	38,610414	40,393662	35,493305	37,579623
669,00	99,984097	99,982154	65,084475	60,979569	65,013176	61,692810	100,059152	100,038671	32,499313	39,494309	34,205371	39,384839	37,332368	37,735677	56,245852	58,432364	58,627546	58,618581	52,518147	58,251077	37,879729	39,082760	38,600007	40,412101	35,398430	37,594998
670,00	99,995321	100,014162	65,065056	60,968637	65,012473	61,673522	100,056422	100,030756	32,514527	39,505398	34,226391	39,394179	37,352824	37,756562	56,143218	58,414155	58,540052	58,603293	52,288938	58,247805	37,852260	39,099202	38,584033	40,431720	35,322055	37,615681
671,00	99,996221	100,011599	65,057349	60,943282	65,011907	61,641902	100,086915	100,023043	32,532871	39,520273	34,251893	39,417201	37,370121	37,785062	56,070346	58,386278	58,456659	58,576643	52,102065	58,219910	37,845492	39,120850	38,583130	40,455547	35,258442	37,631786
672,00	99,995750	100,035310	65,037650	60,925704	64,991677	61,623609	100,098777	99,996644	32,548073	39,540920	34,284523	39,433658	37,380764	37,797683	56,001586	58,377749	58,388263	58,564055	51,931506	58,204383	37,830293	39,146340	38,581088	40,473515	35,212335	37,645930
673,00	100,001383	100,017035	65,025747	60,889667	64,970857	61,591244	100,099707	99,962157	32,561603	39,563251	34,313947	39,453945	37,405124	37,827122	55,952901	58,355844	58,334839	58,535212	51,805186	58,182788	37,826812	39,167497	38,591412	40,493435	35,174260	37,659618
674,00	100,004673	100,006557	65,004313	60,859632	64,943522	61,563623	100,066710	99,966455	32,576525	39,603052	34,332550	39,476705	37,424907	37,846878	55,899501	58,319676	58,288777	58,505404	51,707208	58,151525	37,820587	39,194137	38,593444	40,527248	35,151437	37,686566
675,00	100,037503	99,981695	64,977211	60,835540	64,939791	61,536396	100,067365	99,987435	32,584888	39,636108	34,344861	39,507186	37,454873	37,874374	55,857110	58,295542	58,264726	58,463848	51,651567	58,125532	37,825900	39,231959	38,609868	40,562239	35,149020	37,718591
676,00	100,015068	99,984622	64,933950	60,826325	64,900106	61,514688	100,079703	99,993628	32,608536	39,659092	34,364578	39,535159	37,463394	37,894642	55,816960	58,278823	58,227706	58,441484	51,621783	58,102781	37,841785	39,256883	38,636699	40,582335	35,170701	37,745792
677,00	100,018048	99,986535	64,910430	60,817158	64,881629	61,506253	100,093591	99,985677	32,626367	39,674872	34,381482	39,564788	37,485245	37,909028	55,789095	58,277446	58,217502	58,423024	51,634002	58,105898	37,868473	39,278668	38,687116	40,598187	35,207367	37,769353
678,00	100,011539	99,995995	64,881736	60,802060	64,850199	61,490989	100,073051	99,968648	32,641605	39,693415	34,400982	39,579973	37,495819	37,927243	55,795610	58,269358	58,221459	58,409613	51,681769	58,104086	37,898844	39,294663	38,731340	40,614662	35,255650	37,791324
679,00	100,023472	100,014019	64,863914	60,776407	64,835471	61,475009	100,037658	99,997401	32,647359	39,728788	34,409621	39,605451	37,521714	37,949094	55,820847	58,270109	58,254582	58,387619	51,762402	58,095431	37,937924	39,326862	38,781697	40,640447	35,318923	37,820294
680,00	100,010657	100,021124	64,838737	60,746980	64,809525	61,454374	100,007939	100,016201	32,661822	39,760974	34,428161	39,637983	37,545589	37,977612	55,869967	58,248347	58,312178	58,374763	51,883578	58,071715	37,977901	39,366370	38,825658	40,670466	35,414943	37,856671
681,00	99,993002	100,027311	64,822268	60,725909	64,786470	61,437970	100,010157	100,023341	32,681611	39,792311	34,439114	39,676914	37,560731	38,002872	55,927348	58,231902	58,389163	58,367598	52,063793	58,058107	38,034630	39,394459	38,888687	40,688485	35,540280	37,897339
682,00	99,964654	100,020969	64,810598	60,715008	64,755714	61,416066	100,010693	100,020730	32,696414	39,817309	34,456050	39,708987	37,582135	38,020810	56,001008	58,202094	58,495951	58,361280	52,298963	58,044422	38,107544	39,428452	38,962469	40,716249	35,697621	37,935883
683,00	99,939859	100,003815	64,798522	60,686123	64,734560	61,380351	100,016856	100,038862	32,708493	39,846694	34,472153	39,734754	37,601474	38,044026	56,100416	58,171046	58,605558	58,330029	52,588665	58,025229	38,191029	39,462793	39,039958	40,744111	35,879344	37,958786
684,00	99,934846	100,002491	64,800972	60,656923	64,704812	61,355460	100,015259	100,061917	32,722652	39,878356	34,505141	39,754459	37,628514	38,060445	56,211454	58,162344	58,719468	58,310956	52,910310	58,011419	38,277516	39,493519	39,125043	40,777329	36,072865	37,981904
685,00	99,943876	100,006354	64,799249	60,622847	64,677924	61,334699	100,011086	100,068450	32,745633	39,895633	34,521252	39,769727	37,647298	38,076809	56,341612	58,139741	58,846402	58,278567	53,281218	57,996154	38,360846	39,507717	39,208996	40,797231	36,285767	38,003910
686,00	99,961680	100,013340	64,782465	60,601288	64,644051	61,317331	100,008214	100,049722	32,759735	39,913410	34,538472	39,781153	37,660253	38,094205	56,463724	58,134490	58,979368	58,251947	53,688842	57,984126	38,449642	39,513546	39,300406	40,820858	36,512721	38,026851
687,00	99,962777	100,009584	64,761168	60,573196	64,619875	61,299497	100,014949	100,055277	32,776120	39,928111	34,543049	39,815411	37,678817	38,118517	56,604326	58,108419	59,121418	58,227742	54,128081	57,973361	38,549489	39,531377	39,389363	40,846568	36,768559	38,049802
688,00	99,966913	100,012183	64,737070	60,552901	64,607358	61,275697	100,009704	100,042689	32,782650	39,938521	34,565094	39,835370	37,701458	38,143754	56,736928	58,104253	59,264934	58,206135	54,588777	57,974195	38,646734	39,548016	39,476800	40,871349	37,022963	38,060790
689,00	99,948633	100,022066	64,726609	60,525918	64,593834	61,252767	100,020504	100,019717	32,804096	39,944378	34,590724	39,852253	37,724209	38,174856	56,865579	58,081949	59,389585	58,206862	55,034250	57,969195	38,751236	39,556572	39,582539	40,893543	37,282231	38,079181
690,00	99,939209	100,033486	64,714211	60,503447	64,580667	61,235404	100,020087	100,001979	32,823879	39,952850	34,610280	39,849666	37,742263	38,193843	56,972718	58,067060	59,515917	58,187491	55,472857	57,956445	38,835767	39,572388	39,673218	40,908489	37,517482	38,096553
691,00	99,939328	100,044835	64,699709	60,481274	64,568198	61,224252	100,038433	100,002193	32,848141	39,984405	34,622478	39,871979	37,752762	38,216594	57,071191	58,052087	59,611875	58,198637	55,861300	57,942158	38,924807	39,597538	39,769572	40,930936	37,739852	38,119534
692,00	99,974519	100,035465	64,683986	60,461938	64,562261	61,207139	100,041318	99,997133	32,864833	40,005416	34,635055	39,896134	37,776601	38,231403	57,178867	58,046830	59,715807	58,176404	56,250155	57,930720	38,995442	39,625615	39,841980	40,936908	37,951779	38,139245
693,00	99,995703	100,036478	64,657599	60,453862	64,558649	61,170846	100,035024	99,994832	32,882726	40,023896	34,650055	39,915314	37,805593	38,260761	57,270497	58,033276	59,784853	58,175170	56,595218	57,924044	39,069021	39,648438	39,907825	40,966403	38,154876	38,161099
694,00	100,004756	100,006032	64,642584	60,421997	64,541811	61,131525	100,040996	99,989808	32,901555	40,048963	34,676698	39,928487	37,837350	38,284245	57,342029	58,002794	59,856355	58,136076	56,917864	57,909060	39,136082	39,665455	39,967594	40,989530	38,356078	38,190883
695,00	99,988890	100,012922	64,618659	60,404187	64,521825	61,099893	100,052500	100,028789	32,915393	40,080988	34,692073	39,950421	37,857592	38,301268	57,378370	57,983828	59,897953	58,123362	57,187742	57,897907	39,203492	39,704907	40,024430	41,028652	38,519382	38,231185
696,00	99,980223	100,011849	64,591348	60,373646	64,485407	61,089253	100,064039	100,045800	32,931232	40,117061	34,728920	39,981383	37,861165	38,319919	57,416594	57,968909	59,945512	58,086592	57,428992	57,878357	39,265415	39,736879	40,089986	41,056851	38,679790	38,257113
697,00	99,984896	100,012136	64,575052	60,356516	64,460182	61,065316	100,072849	100,064921	32,946223	40,140262	34,744659	40,012166	37,875521	38,336495	57,445103	57,959986	59,973174	58,075351	57,629073	57,859999	39,312440	39,778909	40,143928	41,093531	38,810197	38,290980
698,00	99,998659	100,035429	64,562827	60,342133	64,451975	61,037320	100,072527	100,088108	32,971513	40,168583	34,768474	40,052241	37,895367	38,360554	57,477844	57,946014	60,017622	58,068663	57,809675	57,848567	39,362231	39,806178	40,200290	41,127628	38,933286	38,315934
699,00	100,011754	100,022745	64,550513	60,324556	64,452088	61,005002	100,067556	100,058782	32,987118	40,183258	34,771883	40,075862	37,917605	38,373426	57,500613	57,925069	60,062814	58,059579	57,964587	57,832325	39,408189	39,823678	40,231267	41,153550	39,032727	38,344067
700,00	99,997991	100,024748	64,519691	60,307711	64,439374	60,988325	100,067198	100,056410	33,013299	40,198547	34,791958	40,099537	37,938252	38,391888	57,515395	57,910639	60,085708	58,032060	58,094025	57,818604	39,456639	39,842784	40,278903	41,180530	39,128199	38,368475
701,00	99,979675	100,012505	64,476830	60,294491	64,406061	60,988587	100,072169	100,036681	33,020809	40,218014	34,798580	40,109161	37,965026	38,409504	57,525587	57,905334	60,104293	58,013731	58,214986	57,810503	39,493489	39,866230	40,316853	41,204178	39,219075	38,390476
702,00	99,959898	100,005794	64,460272	60,280257	64,383143	60,984755	100,075924	100,030816	33,035794	40,234047	34,810445	40,123254	37,996906	38,429275	57,533365	57,908916	60,100418	58,001608	58,303010	57,803559	39,523464	39,893767	40,370026	41,219693	39,291382	38,410068
703,00	99,945098	100,024390	64,434004	60,258543	64,366102	60,973424	100,045085	100,005925	33,031681	40,245116	34,821546	40,136421	38,010162	38,453645	57,536227	57,902068	60,109347	57,995433	58,379239	57,796800	39,543751	39,914981	40,392932	41,232717	39,350086	38,424575
704,00	99,928343	100,003111	64,425331	60,212588	64,349824	60,947967	100,012112	99,972206	33,044034	40,260279	34,841168	40,151379	38,017887	38,479507	57,536364	57,871270	60,121965	57,970470	58,431154	57,772768	39,564532	39,933816	40,417805	41,249865	39,407924	38,449353
705,00	99,920619	100,002491	64,418191	60,181499	64,321303	60,914934	99,995148	99,971718	33,045179	40,290904	34,867597	40,172213	38,034564	38,509092	57,536691	57,843465	60,140932	57,941031	58,492124	57,754731	39,589894	39,957443	40,442076	41,275635	39,480823	38,475063
706,00	99,933565	99,977213	64,416146	60,164583	64,308828	60,897207	99,987280	99,994475	33,053893	40,316755	34,879911	40,190533	38,058606	38,518605	57,560372	57,815939	60,162711	57,925099	58,551925	57,748079	39,619231	39,983889	40,474090	41,297549	39,542481	38,501701
707,00	99,929285	99,994385	64,422083	60,167587	64,296609	60,887587	100,007701	100,006902	33,065465	40,338421	34,898257	40,205127	38,084316	38,527715	57,573056	57,823271	60,172856	57,933909	58,588427	57,755280	39,655685	40,004936	40,507171	41,320074	39,592603	38,528338
708,00	99,921089	99,993652	64,410675	60,154867	64,293534	60,874575	100,026274	100,023162	33,098257	40,351239	34,904602	40,232649	38,098353	38,538867	57,584423	57,804942	60,171419	57,928121	58,611071	57,738298	39,691845	40,035832	40,552071	41,349339	39,624512	38,561299
709,00	99,902612	99,996805	64,398712	60,144138	64,272135	60,855132	100,051403	100,005603	33,119151	40,372410	34,922367	40,256456	38,107434	38,566712	57,584471	57,805675	60,170168	57,920796	58,627135	57,715744	39,713514	40,053448	40,587372	41,385788	39,665943	38,584667
710,00	99,916053	99,978966	64,379865	60,134625	64,241922	60,832286	100,051332	100,003994	33,139169	40,389875	34,938931	40,299183	38,129753	38,586000	57,590121	57,794404	60,155505	57,887608	58,649325	57,680231	39,736068	40,082139	40,609914	41,419056	39,707032	38,606903
711,00	99,931204	99,991274	64,359456	60,121673	64,208460	60,806614	100,036955	100,011146	33,139431	40,418911	34,968293	40,325919	38,155437	38,612336	57,585967	57,793945	60,140818	57,898700	58,681470	57,677352	39,755008	40,099719	40,618473	41,438556	39,756653	38,628232
712,00	99,962187	100,011563	64,360589	60,114181	64,206642	60,801280	100,020456	99,999690	33,152267	40,438783	34,993604	40,353572	38,185975	38,629505	57,592696	57,781017	60,128355	57,901764	58,715945	57,692158	39,779317	40,120387	40,632439	41,454211	39,789760	38,645977
713,00	99,968362	100,024199	64,353669	60,095572	64,205194	60,791749	100,007379	100,006747	33,165914	40,466568	35,006168	40,362722	38,200742	38,653365	57,595688	57,773471	60,132521	57,900423	58,747530	57,705522	39,804181	40,134472	40,653855	41,468623	39,808881	38,666946
714,00	99,984092	100,011015	64,352059	60,087138	64,204961	60,788393	100,014508	99,999845	33,187848	40,479904	35,011283	40,376893	38,208774	38,657489	57,619625	57,760417	60,152060	57,884294	58,754504	57,693952	39,823201	40,155810	40,673491	41,485119	39,830342	38,684529
715,00	99,971426	99,999422	64,340860	60,083127	64,179999	60,765380	100,036991	100,013041	33,213183	40,504637	35,021046	40,402469	38,227081	38,679659	57,618153	57,746410	60,148311	57,874131	58,766234	57,674915	39,860490	40,184283	40,715039	41,507846	39,859501	38,716236
716,00	99,992859	99,994779	64,345735	60,082757	64,176047	60,766715	100,064421	100,006306	33,229899	40,517548	35,044831	40,439275	38,243330	38,697299	57,613999	57,742482	60,148418	57,885379	58,769870	57,677495	39,889285	40,216255	40,749806	41,533473	39,903581	38,733265
717,00	100,020790	100,012684	64,351296	60,087621	64,185280	60,778487	100,064945	100,001562	33,240741	40,545535	35,058606	40,464893	38,266292	38,731021	57,598448	57,764167	60,148925	57,886183	58,798510	57,699007	39,911622	40,238744	40,781644	41,563433	39,926571	38,751325
718,00	100,037313	99,991089	64,341158	60,061079	64,199501	60,776734	100,052989	100,017083	33,258611	40,556487	35,083234	40,492764	38,289809	38,758335	57,584167	57,764077	60,155660	57,861376	58,808774	57,693326	39,924160	40,249404	40,796834	41,587245	39,953759	38,766715
719,00	100,013816	99,993795	64,329642	60,055983	64,206290	60,757279	100,054407	99,984342	33,270591	40,568286	35,104355	40,497562	38,319242	38,783690	57,571244	57,749897	60,158813	57,846361	58,818394	57,680535	39,936629	40,245897	40,818146	41,587681	39,975530	38,783005
720,00	99,958557	99,964082	64,298511	60,022521	64,190567	60,730225	100,044703	99,992698	33,293942	40,588105	35,127336	40,519679	38,338223	38,800946	57,562953	57,719177	60,156536	57,835871	58,813006	57,657945	39,956269	40,261120	40,834671	41,611084	39,998898	38,796559
721,00	99,944419	99,981529	64,279151	60,023177	64,178813	60,714751	100,035465	99,997956	33,303452	40,614304	35,132721	40,530542	38,353306	38,807309	57,568371	57,732546	60,165274	57,857579	58,807659	57,676208	39,973998	40,284711	40,847096	41,627109	40,024114	38,806829
722,00	99,938321	99,975485	64,254820	60,004687	64,161444	60,704297	100,008416	100,040841	33,315453	40,638769	35,136688	40,559474	38,355732	38,808858	57,582581	57,730561	60,158628	57,858461	58,801168	57,670534	39,985102	40,314311	40,858403	41,659501	40,052319	38,816953
723,00	99,952853	99,979818	64,257622	60,022724	64,152628	60,700327	100,042427	100,033998	33,320165	40,638652	35,142979	40,574306	38,378242	38,830289	57,583910	57,735991	60,150188	57,849932	58,797818	57,682526	40,004289	40,336904	40,869451	41,682908	40,081090	38,841888
724,00	99,935281	99,971902	64,254403	60,021555	64,150119	60,687292	100,078404	100,031674	33,343235	40,641761	35,173407	40,586680	38,394278	38,845989	57,593966	57,718736	60,159391	57,835984	58,807749	57,669771	40,030545	40,355596	40,893811	41,694832	40,104964	38,868102
725,00	99,895877	99,992961	64,248502	60,023296	64,122546	60,706860	100,076985	100,035894	33,359477	40,648478	35,199755	40,589184	38,419011	38,878265	57,602620	57,730526	60,159343	57,843578	58,810377	57,678872	40,059483	40,377846	40,911511	41,719142	40,127659	38,906547
726,00	99,870420	100,014865	64,235878	60,019511	64,103949	60,719419	100,047481	100,040305	33,381057	40,679395	35,216156	40,601099	38,434482	38,885427	57,612365	57,746869	60,149413	57,859439	58,817518	57,687175	40,082410	40,391958	40,930709	41,722259	40,158296	38,935244
727,00	99,866027	100,033045	64,241523	60,020930	64,074683	60,746032	100,004208	100,053227	33,374822	40,710133	35,221669	40,625554	38,457119	38,897419	57,625705	57,764238	60,142320	57,878739	58,829105	57,708460	40,109864	40,418321	40,941337	41,742474	40,204975	38,965440
728,00	99,884164	100,020754	64,236087	60,040325	64,079076	60,731655	100,011802	100,070310	33,386433	40,731075	35,232159	40,657040	38,479462	38,908997	57,637423	57,774508	60,133928	57,887894	58,853686	57,720542	40,124086	40,443107	40,975869	41,760039	40,225184	38,987073
729,00	99,877095	100,050068	64,233571	60,045075	64,084464	60,729480	100,022221	100,092793	33,394444	40,735164	35,247880	40,673608	38,496220	38,927883	57,653433	57,790118	60,155916	57,910585	58,882129	57,741195	40,146184	40,469238	41,009894	41,788471	40,237564	39,008400
730,00	99,864084	100,076294	64,216971	60,057086	64,072311	60,731202	100,057185	100,092328	33,413801	40,765581	35,256553	40,699634	38,507879	38,943648	57,634765	57,803744	60,154420	57,922667	58,892882	57,743669	40,159488	40,501401	41,042855	41,822240	40,222186	39,025882
731,00	99,880522	100,102961	64,220160	60,060549	64,053422	60,729533	100,061464	100,086224	33,424047	40,785655	35,262990	40,718204	38,517597	38,959780	57,637113	57,813281	60,163355	57,915926	58,922201	57,750821	40,179959	40,524501	41,059589	41,837606	40,237892	39,044294
732,00	99,899107	100,082362	64,210540	60,067433	64,046121	60,733032	100,080073	100,086665	33,433154	40,815762	35,267150	40,738213	38,524875	38,961965	57,635587	57,812238	60,144621	57,914585	58,926910	57,756513	40,204135	40,550476	41,069385	41,850445	40,252650	39,059341
733,00	99,920160	100,062966	64,229238	60,072964	64,066285	60,745698	100,062108	100,081050	33,436581	40,808505	35,275802	40,737766	38,536510	38,970688	57,666415	57,815504	60,148752	57,921582	58,949697	57,774520	40,219837	40,547279	41,074482	41,859448	40,274882	39,080003
734,00	99,934542	100,065410	64,253944	60,073233	64,100921	60,776365	100,044405	100,087893	33,436528	40,840992	35,289156	40,745449	38,550815	38,982484	57,683158	57,833111	60,190672	57,947969	58,968395	57,798791	40,239400	40,549207	41,076848	41,874513	40,284389	39,089859
735,00	99,985069	100,044656	64,283365	60,063833	64,129919	60,772055	100,031865	100,068164	33,440211	40,845355	35,316083	40,743959	38,580272	38,999379	57,708192	57,830584	60,250247	57,948840	58,994228	57,789081	40,253663	40,552217	41,100124	41,875762	40,301639	39,109430
736,00	100,019312	100,019991	64,300942	60,066897	64,146554	60,758543	100,013423	100,074506	33,450282	40,876704	35,332000	40,756318	38,595474	39,023656	57,722503	57,832628	60,300845	57,952499	59,018689	57,790804	40,259868	40,580890	41,118810	41,886669	40,313685	39,117756
737,00	100,013196	100,009346	64,306664	60,072076	64,147180	60,757059	100,028265	100,075901	33,470127	40,886977	35,360652	40,770954	38,623154	39,036092	57,735968	57,825267	60,316652	57,967192	59,026372	57,784545	40,275410	40,607834	41,134587	41,898182	40,350097	39,133900
738,00	99,982399	100,049496	64,318061	60,100114	64,154863	60,793376	100,008154	100,082660	33,481753	40,900218	35,381904	40,793541	38,640729	39,055324	57,747728	57,859623	60,316682	58,009416	59,042144	57,824713	40,294984	40,607226	41,137367	41,903821	40,379459	39,136079
739,00	99,979281	100,068152	64,332336	60,098833	64,186579	60,826635	100,011230	100,052464	33,488864	40,905258	35,390908	40,821841	38,663998	39,078152	57,786930	57,893556	60,339367	58,035809	59,064245	57,852536	40,322566	40,614659	41,154578	41,917485	40,399617	39,150509
740,00	99,979544	100,052345	64,322382	60,115236	64,177424	60,833037	99,987638	100,021029	33,502057	40,914631	35,391182	40,839145	38,678399	39,098904	57,805043	57,916224	60,336047	58,041692	59,070873	57,880658	40,337837	40,630636	41,179398	41,936409	40,397641	39,166126
741,00	99,965048	100,029087	64,328593	60,124099	64,172602	60,829240	99,964988	100,018430	33,512646	40,943515	35,392720	40,869901	38,673842	39,116627	57,828420	57,926744	60,349208	58,038610	59,074235	57,888716	40,341654	40,680203	41,212308	41,971031	40,414569	39,194432
742,00	99,926353	100,043190	64,327627	60,143638	64,151436	60,837924	99,946713	100,028098	33,536303	40,967473	35,410899	40,889418	38,683593	39,121509	57,839590	57,947040	60,351092	58,061290	59,084982	57,905489	40,360028	40,709472	41,234916	41,993684	40,446004	39,222434
743,00	99,905944	100,057948	64,362025	60,169506	64,169836	60,854018	99,924475	100,052714	33,547878	41,002911	35,431635	40,925825	38,690177	39,143384	57,865614	57,978076	60,364878	58,088225	59,105301	57,939297	40,379807	40,748769	41,252828	42,029431	40,486595	39,256108
744,00	99,890250	100,048673	64,376658	60,185790	64,175355	60,874140	99,918479	100,035620	33,580402	41,026047	35,455689	40,959075	38,731325	39,163339	57,883883	58,006334	60,382909	58,105481	59,142226	57,959861	40,396050	40,777352	41,268420	42,067212	40,499207	39,290264
745,00	99,898416	100,029743	64,391428	60,214972	64,181399	60,908049	99,909312	100,030529	33,599728	41,051120	35,474733	40,980217	38,757893	39,182907	57,906616	58,038312	60,370624	58,128434	59,145814	57,981813	40,405202	40,795094	41,286403	42,097351	40,539506	39,305615
746,00	99,888617	100,016689	64,401650	60,215592	64,206624	60,932618	99,955505	100,024724	33,623904	41,068035	35,495564	40,998876	38,781011	39,195281	57,929498	58,051807	60,393995	58,161443	59,180236	58,002514	40,439814	40,817043	41,311374	42,125264	40,568271	39,331186
747,00	99,863303	100,011742	64,427257	60,232329	64,221227	60,960698	99,965811	100,067782	33,640879	41,107085	35,504454	41,033632	38,786152	39,211869	57,963085	58,078754	60,408902	58,192033	59,199655	58,022046	40,480083	40,840971	41,339019	42,161891	40,608379	39,356464
748,00	99,849999	100,005865	64,427191	60,259873	64,229864	60,977942	99,995661	100,077105	33,656844	41,145527	35,535353	41,071075	38,797978	39,234757	57,977384	58,094043	60,426456	58,229971	59,235758	58,049035	40,517673	40,877900	41,373155	42,195216	40,634519	39,401013
749,00	99,865854	99,978727	64,448857	60,297900	64,257371	61,006349	99,993134	100,062823	33,665156	41,156250	35,548779	41,087353	38,798127	39,247498	58,003539	58,136946	60,450274	58,244997	59,273672	58,076829	40,536004	40,891194	41,394597	42,202544	40,655562	39,413878
750,00	99,884486	99,984229	64,457345	60,339767	64,271605	61,021495	100,008297	100,029504	33,677348	41,164708	35,566539	41,110829	38,817281	39,257550	58,009356	58,160412	60,467684	58,291596	59,285045	58,129835	40,572238	40,900829	41,416273	42,215016	40,682739	39,436328
751,00	99,892586	99,976104	64,482707	60,363269	64,305949	61,033273	100,019956	100,025845	33,683872	41,169810	35,582933	41,132814	38,832870	39,266834	58,023894	58,178556	60,517675	58,310634	59,322447	58,162993	40,605834	40,910494	41,446286	42,228454	40,708715	39,437747
752,00	99,905276	100,000632	64,505744	60,380983	64,317983	61,052614	100,009763	99,999636	33,701980	41,192630	35,588902	41,165981	38,864002	39,290044	58,042663	58,211935	60,547197	58,369601	59,346497	58,197379	40,633619	40,933716	41,485345	42,257488	40,726626	39,467266
753,00	99,925011	100,003147	64,517862	60,407639	64,348745	61,076432	100,033414	99,984378	33,722562	41,205928	35,602489	41,188067	38,880122	39,320031	58,095855	58,239561	60,592765	58,394372	59,409040	58,208632	40,637258	40,960383	41,510773	42,279613	40,743655	39,489818
754,00	99,953943	100,016296	64,550972	60,442102	64,389181	61,103910	100,013113	99,993062	33,746624	41,220838	35,601726	41,200000	38,908523	39,357951	58,141345	58,286792	60,648638	58,433783	59,440339	58,250302	40,656963	40,978161	41,515362	42,298153	40,747461	39,513865
755,00	99,947530	99,995524	64,569300	60,466492	64,409739	61,118805	100,028133	100,000942	33,771792	41,244638	35,616288	41,214961	38,940212	39,389294	58,180118	58,300918	60,699314	58,435965	59,484953	58,260763	40,673143	40,991315	41,534755	42,318469	40,765855	39,530873
756,00	99,928290	99,989134	64,600873	60,496640	64,439386	61,144388	99,983549	100,000024	33,772832	41,265905	35,634625	41,230029	38,963604	39,413729	58,187765	58,333689	60,727888	58,459371	59,499180	58,288074	40,709221	41,019115	41,563189	42,339000	40,764347	39,539537
757,00	99,882203	99,990636	64,619327	60,527456	64,432168	61,178648	99,994326	99,960816	33,792865	41,310513	35,665494	41,256198	38,975343	39,410165	58,225358	58,367229	60,731184	58,490342	59,523416	58,327800	40,738696	41,055661	41,584396	42,375860	40,789640	39,577031
758,00	99,870217	100,003052	64,630699	60,563093	64,471745	61,212885	99,967366	99,975073	33,800113	41,337040	35,697392	41,286853	38,993037	39,420581	58,254528	58,396703	60,750222	58,551395	59,544528	58,378601	40,769932	41,087887	41,597408	42,393294	40,815541	39,617217
759,00	99,881005	99,991691	64,658755	60,584211	64,510417	61,232412	99,983436	100,012064	33,819661	41,373807	35,719943	41,312945	39,002919	39,436072	58,307236	58,425862	60,770661	58,586997	59,577239	58,414906	40,786454	41,118604	41,608065	42,428875	40,854701	39,658794
760,00	99,887109	99,967110	64,676666	60,597289	64,571768	61,238402	99,970758	100,062084	33,830464	41,385037	35,722369	41,348934	39,024121	39,462003	58,338654	58,436584	60,789585	58,620441	59,605241	58,413136	40,810120	41,155565	41,642705	42,443669	40,877950	39,680248
761,00	99,893945	99,949408	64,704263	60,622364	64,602774	61,254179	99,994558	100,092709	33,853289	41,413295	35,745171	41,361022	39,043903	39,480078	58,379292	58,463782	60,813773	58,630300	59,633029	58,406615	40,847942	41,180724	41,667840	42,482662	40,899563	39,684293
762,00	99,885744	99,961710	64,711112	60,648191	64,613032	61,277902	100,004947	100,088871	33,882609	41,425323	35,769749	41,383740	39,072204	39,494342	58,414590	58,487058	60,869646	58,676016	59,689832	58,431292	40,878361	41,202739	41,699570	42,503345	40,924114	39,706314
763,00	99,899411	99,932563	64,724326	60,650373	64,605695	61,295205	100,059175	100,080371	33,901608	41,436267	35,798743	41,394764	39,087903	39,506149	58,453870	58,525389	60,905623	58,684635	59,727234	58,464617	40,909594	41,219372	41,724029	42,527443	40,946344	39,724538
764,00	99,892151	99,932230	64,748418	60,671419	64,610893	61,316615	100,040090	100,050974	33,918220	41,455379	35,813627	41,430584	39,101031	39,518511	58,485597	58,552122	60,917586	58,704734	59,764940	58,514100	40,910184	41,250363	41,749847	42,555785	40,969315	39,745274
765,00	99,910951	99,935061	64,783102	60,698014	64,642799	61,356628	100,021696	100,086367	33,921054	41,479915	35,829380	41,450605	39,135039	39,549905	58,536130	58,576131	60,924685	58,710492	59,781283	58,563215	40,932557	41,288576	41,762176	42,583129	41,000050	39,765576
766,00	99,885720	99,978846	64,814150	60,762477	64,663780	61,397070	99,985290	100,116694	33,934951	41,520554	35,852721	41,475499	39,174321	39,592779	58,557844	58,605242	60,955364	58,752024	59,817302	58,615446	40,941125	41,309521	41,786605	42,612025	41,011596	39,800549
767,00	99,901056	99,978173	64,849478	60,805225	64,684546	61,440557	100,011086	100,180972	33,953658	41,550952	35,877433	41,482717	39,186114	39,618453	58,590895	58,633018	60,993254	58,779925	59,855723	58,659345	40,974027	41,328540	41,809011	42,623088	41,044208	39,833328
768,00	99,911290	99,982780	64,874870	60,832751	64,693314	61,454999	100,047123	100,145483	33,976474	41,578692	35,913548	41,497439	39,198673	39,627254	58,593750	58,683300	61,027968	58,836889	59,914774	58,687681	41,003102	41,338557	41,849652	42,651066	41,075963	39,851254
769,00	99,924284	99,982417	64,870721	60,841984	64,706200	61,489761	100,053978	100,102055	33,997753	41,565517	35,936344	41,506866	39,202365	39,645168	58,592379	58,707869	61,035800	58,872890	59,940171	58,699566	41,031617	41,344163	41,857839	42,655790	41,125089	39,846641
770,00	99,888116	100,019503	64,868909	60,848135	64,703852	61,502850	100,063872	100,008726	34,008834	41,556463	35,949567	41,507512	39,230457	39,648584	58,606553	58,755565	61,058855	58,884454	59,938627	58,729869	41,054457	41,355741	41,884309	42,681780	41,145158	39,854771
771,00	99,854136	99,997705	64,887017	60,864544	64,707571	61,517102	100,037789	100,003731	34,026322	41,578481	35,966983	41,533950	39,244732	39,653027	58,633083	58,775312	61,076909	58,886069	59,936357	58,748138	41,068798	41,370392	41,892925	42,693537	41,161105	39,875412
772,00	99,871790	99,987429	64,923608	60,877585	64,730120	61,519825	100,007474	100,009274	34,026760	41,610754	35,988441	41,555324	39,268735	39,666104	58,677655	58,801180	61,118186	58,922088	59,939682	58,770239	41,072059	41,393253	41,907239	42,714542	41,177091	39,908400
773,00	99,894494	99,965799	64,963585	60,920572	64,759916	61,566603	99,958611	100,031519	34,035909	41,648352	36,011693	41,601893	39,300838	39,709798	58,711344	58,838552	61,144865	58,999848	59,989107	58,813095	41,085982	41,428405	41,905075	42,728382	41,191468	39,941525
774,00	99,894279	99,958616	64,990145	60,945028	64,781410	61,609823	99,964178	100,042045	34,051478	41,662842	36,009970	41,611603	39,319777	39,745057	58,734679	58,868617	61,163557	59,044069	60,007548	58,866322	41,096035	41,465509	41,930005	42,752269	41,206592	39,971471
775,00	99,891084	99,958932	65,012854	60,981417	64,805967	61,651903	99,998820	100,025904	34,071243	41,706675	36,014354	41,644996	39,336160	39,779404	58,759511	58,901471	61,180103	59,078938	60,039449	58,926165	41,124341	41,497082	41,960427	42,778918	41,218305	40,011764
776,00	99,865061	99,963784	65,013558	61,001658	64,833444	61,658543	100,069308	100,041378	34,091076	41,735563	36,025387	41,675815	39,349926	39,790028	58,780140	58,923459	61,201632	59,085494	60,037088	58,948857	41,144109	41,525173	41,992450	42,814219	41,244507	40,050557
777,00	99,864107	99,984443	65,031451	61,025482	64,873129	61,689895	100,066388	100,043619	34,093928	41,769364	36,040631	41,714200	39,369446	39,801651	58,829957	58,940125	61,229783	59,112608	60,063726	58,959764	41,177639	41,540921	42,024222	42,827499	41,246682	40,070945
778,00	99,836278	99,981099	65,068853	61,034727	64,904219	61,686796	100,041056	100,076532	34,113097	41,794190	36,056247	41,737470	39,401948	39,815277	58,876836	58,955365	61,272204	59,105641	60,101706	58,961028	41,200626	41,578153	42,050445	42,864758	41,246614	40,088597
779,00	99,846262	99,983525	65,118653	61,060119	64,936686	61,699522	100,017309	100,064862	34,139970	41,807419	36,061162	41,756943	39,433834	39,841732	58,913046	58,986342	61,300302	59,172040	60,129988	58,988583	41,245279	41,583389	42,076427	42,877960	41,248897	40,105593
780,00	99,842501	99,998355	65,145057	61,104542	64,947283	61,743206	100,009882	100,070858	34,151638	41,822988	36,091527	41,782406	39,464962	39,866200	58,938664	59,061307	61,322951	59,218812	60,163558	59,049547	41,259661	41,616657	42,086384	42,896575	41,294613	40,132385
781,00	99,860513	100,005579	65,176660	61,154085	64,954835	61,779422	100,060856	100,037742	34,162647	41,831464	36,097187	41,791409	39,499104	39,871716	58,960128	59,120899	61,331755	59,270293	60,213178	59,089428	41,300854	41,623023	42,121643	42,899427	41,323742	40,165570
782,00	99,869210	99,988985	65,182108	61,206132	64,952540	61,818439	100,038087	100,070345	34,173709	41,863796	36,109164	41,813657	39,501944	39,881405	58,989704	59,152859	61,346936	59,275252	60,243231	59,121054	41,313350	41,646972	42,160434	42,930681	41,352066	40,197152
783,00	99,877357	99,968970	65,193808	61,235934	65,000552	61,821222	100,056171	100,061464	34,196931	41,874135	36,126110	41,831654	39,535344	39,899811	59,011942	59,165221	61,368775	59,303111	60,288739	59,140140	41,344905	41,643849	42,205077	42,971256	41,350758	40,213874
784,00	99,859709	99,974340	65,192240	61,251283	65,013617	61,855578	100,011897	100,084198	34,213394	41,903576	36,151516	41,873500	39,538920	39,912915	59,038210	59,184921	61,376971	59,326398	60,324389	59,185117	41,367280	41,687688	42,228210	43,027964	41,398785	40,223765
785,00	99,839014	99,978334	65,191287	61,239564	65,046930	61,869872	99,988395	100,050306	34,212720	41,923371	36,178243	41,898540	39,559558	39,920455	59,068292	59,194082	61,405855	59,337586	60,355747	59,190375	41,395149	41,715133	42,233321	43,050852	41,438854	40,237063
786,00	99,859107	99,963725	65,224248	61,243439	65,050834	61,885327	99,976003	100,032890	34,232116	41,953537	36,192295	41,911480	39,573243	39,951661	59,108293	59,203374	61,448014	59,348726	60,395718	59,210390	41,426206	41,740796	42,225447	43,073136	41,473144	40,263203
787,00	99,888426	99,980062	65,251154	61,272532	65,096396	61,925244	100,001955	100,005221	34,248349	41,970885	36,229470	41,915837	39,592847	39,961064	59,144598	59,252715	61,505514	59,388113	60,416502	59,224582	41,446045	41,747737	42,229661	43,074980	41,504115	40,274990
788,00	99,901408	99,984169	65,289909	61,301219	65,091217	61,945295	100,031829	100,011444	34,282702	42,002049	36,252609	41,933975	39,631575	39,992946	59,183264	59,304708	61,531353	59,435529	60,436857	59,285951	41,465351	41,783795	42,243019	43,089676	41,541377	40,307355
789,00	99,915367	99,963295	65,301305	61,340451	65,083814	61,970419	100,036573	100,029969	34,292912	42,039424	36,258578	41,966221	39,643729	40,010986	59,197348	59,328038	61,558485	59,449613	60,414630	59,306449	41,485730	41,823822	42,260876	43,122828	41,574153	40,340510
790,00	99,947286	99,930704	65,329230	61,380154	65,097737	61,972249	100,023878	100,028944	34,313977	42,055851	36,265942	41,989091	39,687759	40,056995	59,218776	59,325641	61,581922	59,470212	60,416883	59,333265	41,497445	41,843617	42,287990	43,139774	41,584584	40,367353
791,00	99,977762	99,920660	65,342867	61,412889	65,131187	61,988038	100,012243	100,026548	34,320727	42,066714	36,295336	42,023575	39,707318	40,082437	59,221894	59,321713	61,611539	59,481478	60,447127	59,351039	41,509736	41,853783	42,305461	43,176037	41,584119	40,385666
792,00	99,994731	99,917173	65,349638	61,422229	65,166056	62,001634	99,992228	100,003970	34,334826	42,069247	36,332062	42,052463	39,741123	40,072596	59,244883	59,341246	61,634904	59,502989	60,482138	59,371263	41,525733	41,871625	42,324963	43,206990	41,614312	40,410107
793,00	99,969888	99,901253	65,362740	61,441314	65,177774	62,018597	99,977803	100,030220	34,354016	42,107895	36,340958	42,074907	39,735985	40,078676	59,252763	59,373075	61,653715	59,520161	60,495901	59,388483	41,546214	41,915688	42,339259	43,242991	41,632316	40,442240
794,00	99,980903	99,925351	65,373820	61,461192	65,198523	62,040806	99,971259	100,067806	34,373063	42,138439	36,337420	42,089948	39,723432	40,088594	59,303343	59,417081	61,682445	59,540927	60,519260	59,405255	41,575924	41,958371	42,379913	43,266556	41,652840	40,473676
795,00	99,938440	99,938333	65,389448	61,478168	65,211695	62,055856	99,973243	100,104773	34,381542	42,177227	36,337203	42,104572	39,727974	40,117934	59,327573	59,472126	61,684847	59,587038	60,536093	59,434098	41,591048	41,995576	42,418563	43,289766	41,657698	40,488616
796,00	99,898928	99,966764	65,390402	61,480272	65,235472	62,073225	99,991250	100,146961	34,389034	42,204458	36,361629	42,148849	39,747944	40,150082	59,357041	59,497589	61,685598	59,616536	60,556608	59,449095	41,610661	42,018604	42,434856	43,323424	41,674641	40,531456
797,00	99,859518	99,939913	65,421385	61,481398	65,226632	62,084883	100,030112	100,109637	34,415162	42,212415	36,393544	42,164546	39,776012	40,171027	59,347892	59,493947	61,669189	59,635836	60,583264	59,468430	41,636097	42,029300	42,468002	43,346232	41,681385	40,539533
798,00	99,830347	99,942362	65,420622	61,491591	65,221506	62,081742	100,060952	100,092936	34,451908	42,204249	36,421040	42,160147	39,787567	40,184215	59,352875	59,451246	61,661768	59,630924	60,597271	59,471041	41,676852	42,035961	42,486396	43,334454	41,693988	40,560207
799,00	99,817145	99,932349	65,419096	61,544156	65,218085	62,106627	100,030708	100,050020	34,477967	42,205966	36,465725	42,165112	39,795288	40,196574	59,357280	59,492910	61,672258	59,661925	60,607862	59,521067	41,712207	42,047390	42,509174	43,343508	41,710332	40,557301
800,00	99,795938	99,935693	65,393746	61,594534	65,245354	62,137723	99,979615	100,057852	34,479472	42,220524	36,499935	42,176640	39,807236	40,212440	59,359050	59,549594	61,694682	59,698427	60,596436	59,552884	41,728207	42,060867	42,495769	43,348995	41,736054	40,566945
