Wavelength nm.	SSC_Leitura_R_Branco_2_ext	SSC_Amostra_R_025_JAN2025_ext	SSC_Amostra_R_022_JAN2025_ext	SSC_Amostra_R_024_JAN2025_ext	SSC_Amostra_R_023_JAN2025_ext	SSC_Amostra_R_007_JAN2025_ext	SSC_Amostra_R_006_JAN2025_ext	SSC_Leitura_R_Branco_1_ext	SSC_Leitura_R_Ar_1_ext	SSC_Leitura_T_Branco_2_ext	SSC_Amostra_T_025_JAN2025_ext	SSC_Amostra_T_023_JAN2025_ext	SSC_Amostra_T_024_JAN2025_ext	SSC_Amostra_T_022_JAN2025_ext	SSC_Amostra_T_007_JAN2025_ext	SSC_Amostra_T_006_JAN2025_ext	SSC_Leitura_T_Branco_1_ext	SSC_Leitura_T_Ar_1_ext	SSC_Leitura_R_Branco_2	SSC_Amostra_R_025_JAN2025	SSC_Amostra_R_024_JAN2025	SSC_Amostra_R_023_JAN2025	SSC_Amostra_R_022_JAN2025	SSC_Amostra_R_007_JAN2025	SSC_Amostra_R_006_JAN2025	SSC_Leitura_R_Branco_1	SSC_Leitura_R_Ar_1	SSC_Leitura_T_Branco_2	SSC_Amostra_T_025_JAN2025	SSC_Amostra_T_024_JAN2025	SSC_Amostra_T_023_JAN2025	SSC_Amostra_T_022_JAN2025	SSC_Amostra_T_007_JAN2025	SSC_Amostra_T_006_JAN2025	SSC_Leitura_T_Branco_1	SSC_Leitura_T_Ar_1
220,00	34,924382	8,550484	22,637762	21,052864	21,774201	17,184700	16,771559	35,040256	100,070131	2,223801	0,552456	1,401197	1,386044	1,365114	1,335717	1,175748	2,350017	100,050044	34,903598	7,557945	16,387826	12,017787	19,413050	15,096308	12,599118	34,846172	100,082755	1,986282	0,806592	1,630738	1,282480	2,102567	1,465088	1,347833	2,408235	100,082922
221,00	34,913033	8,612462	22,804418	21,114236	21,867645	17,278895	16,878900	35,004413	100,115716	2,227851	0,567893	1,418621	1,406288	1,380563	1,358288	1,189726	2,348297	99,930674	34,888011	7,624844	16,507849	12,182347	19,720222	15,207942	12,724067	34,797218	99,902225	1,981225	0,813533	1,659667	1,313647	2,144370	1,490300	1,373962	2,395279	100,068212
222,00	34,930852	8,695342	23,048151	21,312584	22,010611	17,421839	16,971116	35,018674	100,055563	2,253267	0,582032	1,420219	1,421600	1,394422	1,394641	1,210209	2,368423	100,013995	34,869111	7,729473	16,747080	12,427136	20,089388	15,407325	12,949149	34,818345	99,769163	1,996850	0,834697	1,696739	1,346840	2,209856	1,512527	1,404460	2,406815	100,137699
223,00	34,899402	8,786293	23,251022	21,496317	22,098799	17,532362	17,078863	35,079879	99,861151	2,266561	0,612179	1,438536	1,446525	1,397881	1,407231	1,232014	2,381655	100,001371	34,960744	7,875866	17,071579	12,664688	20,510679	15,632385	13,189358	34,910092	99,927008	1,996091	0,873589	1,731662	1,380272	2,279879	1,541313	1,441479	2,408051	100,185847
224,00	34,975860	8,878269	23,533091	21,674621	22,213754	17,720747	17,210884	35,089627	99,877012	2,300057	0,621610	1,448218	1,468318	1,406519	1,436772	1,267107	2,404218	100,106359	35,039967	7,981701	17,367049	12,890382	20,881289	15,873913	13,399945	35,067612	100,067830	2,020994	0,916123	1,777796	1,423615	2,333341	1,582394	1,464832	2,420628	100,103259
225,00	35,055602	8,986218	23,862490	21,847862	22,380379	17,941453	17,422941	35,230792	99,950135	2,314716	0,634849	1,481472	1,505664	1,428290	1,448630	1,285106	2,426029	100,135899	35,239223	8,092396	17,640609	13,123530	21,341500	16,112342	13,554652	35,168484	100,281620	2,032904	0,946759	1,811554	1,459906	2,382118	1,620274	1,488935	2,441646	100,027561
226,00	35,200763	9,108587	24,191885	22,015303	22,548936	18,147631	17,594065	35,321566	99,988550	2,334536	0,646052	1,504682	1,528536	1,462565	1,474542	1,306238	2,460896	100,032818	35,282162	8,196294	17,822061	13,290615	21,696454	16,298179	13,688171	35,240826	100,101411	2,065969	0,978939	1,858273	1,487711	2,419044	1,636300	1,506472	2,500288	99,937129
227,00	35,379165	9,224296	24,529752	22,252646	22,715074	18,344007	17,786612	35,541034	99,994934	2,356850	0,669265	1,534254	1,542252	1,503205	1,508099	1,324040	2,520224	100,065613	35,422215	8,317393	18,071142	13,510229	22,077520	16,520128	13,869396	35,383785	100,154364	2,089577	1,001728	1,881487	1,497146	2,452952	1,638818	1,537815	2,548135	99,875367
228,00	35,504931	9,346124	24,809317	22,451365	22,852728	18,530057	17,941263	35,669753	99,982542	2,406983	0,708473	1,571366	1,567992	1,529030	1,555432	1,366096	2,567114	99,891877	35,483760	8,421473	18,297726	13,714203	22,402158	16,688652	14,023973	35,461503	99,999940	2,106037	1,027300	1,908310	1,516411	2,481760	1,668363	1,558333	2,572845	99,848700
229,00	35,695919	9,467402	25,127646	22,676599	23,076098	18,741834	18,125358	35,840371	100,037992	2,467460	0,735946	1,623340	1,611537	1,576322	1,610530	1,392442	2,618926	99,992043	35,599488	8,494625	18,568148	13,929570	22,757339	16,978060	14,214411	35,620174	99,972445	2,143026	1,037390	1,931750	1,543229	2,510156	1,706420	1,591637	2,612180	99,785620
230,00	35,907993	9,577660	25,354987	22,881256	23,318888	18,943404	18,293871	36,056086	100,092518	2,521030	0,768801	1,659580	1,662747	1,613022	1,662891	1,417291	2,669713	99,957877	35,742578	8,565716	18,768080	14,105663	23,129320	17,154923	14,387791	35,666627	99,835324	2,182781	1,043762	1,955859	1,562478	2,519754	1,743054	1,596897	2,667862	99,782342
231,00	36,132365	9,677865	25,615942	23,046762	23,496619	19,128877	18,475506	36,144227	100,069416	2,564592	0,780368	1,691588	1,700858	1,658875	1,722044	1,456488	2,725157	100,031018	35,914585	8,678795	19,044456	14,341377	23,574936	17,426424	14,594071	35,893697	99,996740	2,226349	1,046113	1,993254	1,576656	2,510877	1,752001	1,627359	2,742106	99,739134
232,00	36,379397	9,794261	25,878352	23,280436	23,694433	19,327578	18,662184	36,270344	100,065005	2,614153	0,806520	1,712378	1,739643	1,707077	1,774412	1,504722	2,785096	99,942362	36,157811	8,789702	19,360849	14,599007	24,015251	17,652437	14,798015	36,066848	100,149298	2,263280	1,055235	2,017482	1,571284	2,528150	1,759913	1,638690	2,795253	99,954003
233,00	36,468679	9,923135	26,187614	23,496316	23,824710	19,533598	18,818468	36,393607	99,900293	2,675493	0,832149	1,755490	1,781324	1,744180	1,809595	1,561460	2,821566	100,053442	36,287701	8,919559	19,664942	14,859448	24,444085	17,930222	14,955573	36,325940	100,233328	2,300852	1,062319	2,042132	1,559273	2,539362	1,765821	1,644800	2,856064	100,049829
234,00	36,709160	10,049829	26,539901	23,670778	24,030390	19,735712	18,989588	36,615193	99,978602	2,737055	0,869260	1,791125	1,835511	1,793035	1,852224	1,601493	2,893936	99,922889	36,429676	8,990598	19,893304	15,014589	24,802251	18,142106	15,111130	36,488163	100,020146	2,356799	1,069149	2,048422	1,543406	2,551480	1,777094	1,646620	2,905793	100,024450
235,00	36,835831	10,144866	26,817665	23,873405	24,157728	19,928569	19,113432	36,791629	100,004852	2,804995	0,893234	1,836526	1,883331	1,833030	1,897305	1,650752	2,958606	99,930400	36,573353	9,085716	20,073828	15,149298	25,160554	18,313944	15,236500	36,626369	99,944299	2,405704	1,075807	2,058126	1,536002	2,549291	1,798479	1,649234	2,969184	100,089467
236,00	36,988610	10,214587	27,115631	24,064718	24,376571	20,076248	19,247019	36,957690	100,016081	2,866584	0,927089	1,881096	1,939423	1,896032	1,973457	1,691056	3,054879	99,788660	36,752853	9,161033	20,294164	15,330634	25,483435	18,536417	15,349595	36,739963	99,927431	2,472346	1,083017	2,063128	1,534542	2,555084	1,822736	1,668974	3,034171	100,175047
237,00	37,036145	10,291352	27,354020	24,293952	24,548960	20,254774	19,374740	37,097737	99,950933	2,933885	0,960959	1,936042	1,989210	1,960632	2,024090	1,740672	3,122704	100,016260	36,937988	9,256445	20,498733	15,514819	25,808659	18,724597	15,470734	36,876079	99,943596	2,515900	1,092549	2,088896	1,547700	2,565927	1,846544	1,680093	3,098375	100,124002
238,00	37,205288	10,420483	27,613473	24,478179	24,742976	20,454863	19,553886	37,287349	99,823689	2,987963	1,000405	1,988104	2,047495	2,009539	2,082472	1,778696	3,199204	100,021887	37,105092	9,317569	20,707342	15,689781	26,114705	18,898605	15,609054	37,093848	100,015116	2,574497	1,107515	2,108983	1,561428	2,597607	1,860852	1,707232	3,177357	100,092793
239,00	37,437212	10,573471	27,914321	24,703375	24,931671	20,680930	19,757913	37,463000	99,933207	3,050492	1,037545	2,034248	2,098942	2,054094	2,127379	1,829375	3,263170	99,984217	37,245136	9,347983	20,876509	15,807468	26,408330	19,049932	15,737744	37,296584	99,951833	2,617294	1,123979	2,148146	1,575744	2,618590	1,878707	1,745509	3,249551	100,021577
240,00	37,644204	10,690394	28,201792	24,900435	25,154388	20,859098	19,911329	37,610453	99,916404	3,117786	1,069122	2,094597	2,151431	2,111239	2,199293	1,887371	3,331274	99,934655	37,446350	9,381656	21,055236	15,926734	26,668686	19,174807	15,869136	37,510908	99,902171	2,676411	1,145423	2,179675	1,581681	2,668582	1,911275	1,769461	3,320422	100,076663
241,00	37,772837	10,759483	28,454429	25,087869	25,323632	21,032237	20,060807	37,770051	99,977773	3,206445	1,106059	2,157769	2,214765	2,173056	2,267807	1,956799	3,400750	99,960810	37,673312	9,451161	21,238960	16,040862	26,915544	19,299996	16,002889	37,686801	99,944896	2,744463	1,154997	2,219253	1,591514	2,700693	1,951229	1,807084	3,382798	100,037050
242,00	37,914234	10,848198	28,727752	25,269675	25,532019	21,200141	20,205241	37,963089	99,918419	3,276623	1,132879	2,224435	2,285156	2,235894	2,339654	2,019211	3,476367	100,002229	37,858349	9,514438	21,360675	16,122015	27,027807	19,372195	16,085729	37,836781	99,880546	2,811939	1,164452	2,260985	1,612627	2,741177	1,984745	1,830325	3,451250	99,949747
243,00	38,109246	10,955211	28,982946	25,465718	25,703284	21,388856	20,371060	38,192549	99,962527	3,347773	1,171423	2,276742	2,346593	2,287530	2,396429	2,080086	3,555771	99,845088	37,971905	9,526525	21,463831	16,184685	27,132794	19,466950	16,133651	37,929749	99,989963	2,896352	1,167238	2,310170	1,640309	2,785208	2,025921	1,873704	3,542976	99,977636
244,00	38,311902	11,051936	29,244569	25,648269	25,892413	21,553022	20,468313	38,344538	99,993074	3,418859	1,214770	2,336097	2,398702	2,364407	2,461071	2,139201	3,656046	99,811614	38,127303	9,553768	21,543859	16,240691	27,256393	19,572069	16,203207	38,103673	100,088096	2,967836	1,180084	2,356522	1,674940	2,834320	2,067198	1,906396	3,632707	99,953604
245,00	38,487273	11,137173	29,469159	25,819650	26,048461	21,713182	20,581609	38,472313	99,959892	3,532960	1,265737	2,397618	2,459564	2,439047	2,536084	2,200236	3,753765	99,862266	38,314605	9,538504	21,619345	16,284071	27,383336	19,638163	16,250801	38,240311	100,195241	3,047463	1,204767	2,397772	1,706428	2,901783	2,127028	1,955832	3,732781	99,920875
246,00	38,650501	11,227108	29,721501	26,041991	26,238009	21,897049	20,778841	38,643342	100,010192	3,624793	1,311535	2,469252	2,536869	2,522530	2,624996	2,259221	3,870052	99,992228	38,522416	9,574290	21,697684	16,286680	27,513486	19,689065	16,323668	38,484699	100,288022	3,129559	1,243379	2,444149	1,738082	2,957853	2,168706	2,009005	3,823579	99,864787
247,00	38,813010	11,334842	29,990962	26,198900	26,424927	22,050448	20,969784	38,785568	99,900419	3,714863	1,352894	2,534623	2,632494	2,592603	2,710015	2,322164	3,973911	100,023115	38,705549	9,542005	21,733673	16,309370	27,519262	19,740297	16,308847	38,655216	100,062621	3,216839	1,281198	2,503239	1,763105	3,016563	2,208404	2,061319	3,931504	99,889463
248,00	39,023536	11,450093	30,266708	26,457646	26,625368	22,234665	21,185942	39,016423	99,942070	3,809306	1,396151	2,616222	2,715249	2,680670	2,793669	2,393857	4,089084	99,961096	38,931918	9,565715	21,813543	16,326948	27,581018	19,796534	16,361490	38,913834	100,062585	3,310518	1,301519	2,573236	1,786826	3,084490	2,257161	2,107596	4,043604	99,944967
249,00	39,261019	11,577624	30,561945	26,678479	26,824686	22,397994	21,347107	39,229900	99,953347	3,929243	1,440753	2,699622	2,805998	2,773335	2,878257	2,476107	4,196935	99,830681	39,156985	9,546338	21,839884	16,397639	27,622047	19,887386	16,390976	39,116529	100,008047	3,409275	1,320982	2,642130	1,815223	3,151901	2,317264	2,161803	4,160175	100,041664
250,00	39,494735	11,694515	30,895010	26,965240	27,063483	22,584254	21,536025	39,573601	100,056005	4,050086	1,498246	2,798750	2,897780	2,882231	2,980440	2,566611	4,322059	99,880213	39,376262	9,552585	21,927567	16,431290	27,729100	19,930460	16,476919	39,381695	100,131679	3,514844	1,342271	2,714433	1,855893	3,239972	2,391270	2,217810	4,268660	100,046897
251,00	39,776409	11,813851	31,235397	27,144551	27,295768	22,778915	21,698023	39,805982	100,125575	4,186307	1,559250	2,900244	2,998437	2,996065	3,085479	2,667451	4,456940	99,985689	39,602432	9,567566	22,040731	16,479562	27,821830	20,020837	16,531357	39,609849	100,111413	3,627247	1,380850	2,777929	1,906340	3,331146	2,454999	2,281437	4,383328	100,087094
252,00	40,052539	11,921228	31,526557	27,349624	27,514046	22,964686	21,882457	40,051478	100,097322	4,320581	1,632496	3,005632	3,109523	3,115254	3,200848	2,762962	4,593460	100,060225	39,874086	9,591339	22,136717	16,508189	27,962184	20,078026	16,597135	39,896670	99,998587	3,744249	1,418279	2,845048	1,960360	3,421458	2,538757	2,343094	4,507906	100,026751
253,00	40,361935	12,047114	31,795928	27,589762	27,764961	23,181070	22,081009	40,282574	100,039804	4,472742	1,696431	3,108180	3,221896	3,236596	3,323456	2,864052	4,755007	100,044298	40,165606	9,641624	22,236536	16,555107	28,120142	20,187181	16,681868	40,154952	99,979025	3,885690	1,455847	2,913921	2,013252	3,523007	2,614244	2,410119	4,675438	100,024128
254,00	40,612087	12,167191	32,089153	27,889237	28,034166	23,422509	22,280496	40,582302	100,037324	4,617400	1,761397	3,213835	3,348099	3,367376	3,449247	2,971005	4,919059	100,007534	40,506366	9,665360	22,301041	16,608983	28,272447	20,286410	16,761985	40,465558	99,959695	4,039576	1,498256	2,990399	2,072466	3,613507	2,704631	2,493452	4,845509	100,055730
255,00	40,906468	12,307286	32,428867	28,160629	28,346291	23,662110	22,499247	40,901288	99,983305	4,778770	1,831535	3,329173	3,467040	3,488134	3,576486	3,092369	5,085681	99,920899	40,844941	9,702365	22,448081	16,694765	28,420976	20,434007	16,868265	40,794683	99,986541	4,189968	1,538962	3,091229	2,139192	3,728835	2,789469	2,583379	5,032171	100,056338
256,00	41,238555	12,461128	32,788157	28,470466	28,631744	23,908606	22,720145	41,241866	100,013852	4,956381	1,908794	3,457731	3,605138	3,623864	3,711180	3,220814	5,256544	99,781740	41,190892	9,730097	22,577143	16,803455	28,521430	20,571756	16,962883	41,157514	100,050402	4,338237	1,587026	3,200474	2,215278	3,843002	2,885602	2,674568	5,200956	100,056279
257,00	41,604078	12,604122	33,164060	28,757304	28,949639	24,145010	22,971377	41,613448	100,057030	5,140797	2,006086	3,591495	3,744457	3,767231	3,855818	3,359431	5,457121	99,839807	41,513798	9,745441	22,737753	16,905124	28,687125	20,727715	17,103453	41,522172	100,058794	4,491089	1,627406	3,325533	2,286077	3,992307	2,982601	2,774985	5,374130	100,053644
258,00	41,961774	12,768658	33,549893	29,041085	29,213324	24,405195	23,235786	41,969028	100,025380	5,337330	2,089408	3,750309	3,907929	3,937907	4,009415	3,504466	5,671021	99,948204	41,862458	9,787044	22,921884	17,016058	28,824484	20,875701	17,250612	41,881207	100,097728	4,674497	1,685164	3,444923	2,364383	4,131611	3,094090	2,874129	5,568144	100,054479
259,00	42,374995	12,900235	33,946654	29,359308	29,532453	24,727049	23,520990	42,347568	100,019526	5,528755	2,182479	3,904662	4,064429	4,119180	4,162672	3,658166	5,889824	100,077975	42,259276	9,813544	23,112978	17,103353	29,058465	21,036790	17,408951	42,239475	99,977171	4,859982	1,747070	3,564620	2,448971	4,273282	3,216813	2,981021	5,774573	99,962443
260,00	42,830518	13,052955	34,374130	29,694614	29,870230	25,041327	23,813838	42,759541	99,930745	5,749072	2,259686	4,067149	4,235248	4,305984	4,322010	3,822464	6,092932	99,965578	42,702073	9,879166	23,348227	17,255464	29,321557	21,218491	17,582013	42,646474	99,949318	5,067544	1,822469	3,677111	2,543174	4,421072	3,353448	3,082901	6,005699	99,969912
261,00	43,260974	13,215558	34,830630	30,098107	30,274388	25,369278	24,112833	43,221772	100,025177	5,963181	2,360071	4,225285	4,410504	4,499190	4,509299	3,982205	6,319690	100,028622	43,151286	9,928942	23,535784	17,376298	29,557532	21,454063	17,738998	43,116868	99,946970	5,280480	1,887317	3,814827	2,646629	4,588349	3,487685	3,202918	6,243829	99,997383
262,00	43,716854	13,380080	35,299352	30,472299	30,663154	25,648612	24,419424	43,657267	100,002599	6,215365	2,477074	4,400887	4,598253	4,693201	4,701162	4,158429	6,556023	99,997705	43,598133	10,008499	23,768868	17,540006	29,846919	21,675310	17,907491	43,606824	99,905890	5,513677	1,961304	3,965975	2,758235	4,758095	3,629813	3,337852	6,486347	100,099695
263,00	44,142550	13,543491	35,675415	30,876443	31,012142	25,942963	24,729754	44,113231	99,921834	6,447162	2,594660	4,592909	4,806247	4,888700	4,889670	4,332534	6,837288	100,017178	44,080120	10,082463	23,959959	17,670622	30,081099	21,897438	18,097579	44,086227	99,902016	5,743974	2,032230	4,129503	2,874525	4,941459	3,768807	3,481189	6,728769	100,090063
264,00	44,667462	13,699603	36,137736	31,253433	31,395063	26,332083	25,057974	44,627002	99,920279	6,729469	2,710058	4,790890	5,012846	5,108279	5,092617	4,523445	7,133628	99,931556	44,538143	10,172269	24,217135	17,857505	30,437890	22,134048	18,323421	44,524232	99,817932	5,990967	2,116195	4,284618	2,987571	5,127803	3,916708	3,635546	6,991990	100,048912
265,00	45,137158	13,886392	36,619666	31,616268	31,780320	26,662460	25,410759	45,113099	99,998260	7,013468	2,818091	4,995632	5,237538	5,355690	5,307313	4,726359	7,419952	100,023079	45,039031	10,253950	24,474731	18,050255	30,752555	22,390564	18,571204	44,995961	99,868155	6,246617	2,198632	4,452112	3,101875	5,325264	4,072492	3,795628	7,285953	99,973655
266,00	45,692241	14,076906	37,180054	31,977254	32,208988	27,033958	25,798705	45,585576	100,028908	7,301161	2,941726	5,194715	5,447112	5,620344	5,546396	4,936928	7,715800	100,072670	45,574450	10,366368	24,769652	18,268517	31,147125	22,684683	18,825209	45,544749	99,931937	6,535544	2,296363	4,633574	3,230982	5,536476	4,243563	3,957574	7,610489	99,911082
267,00	46,217895	14,270882	37,680408	32,416362	32,630187	27,397168	26,180732	46,052915	99,975592	7,608916	3,079459	5,414629	5,688344	5,893053	5,776179	5,171141	8,018498	100,115168	46,134308	10,467514	25,045800	18,502024	31,524518	22,964607	19,045985	46,078965	99,951208	6,822295	2,404696	4,834402	3,382264	5,780032	4,429810	4,121216	7,919603	99,909383
268,00	46,851972	14,455977	38,240924	32,885760	33,125851	27,869362	26,618654	46,663898	100,019681	7,905191	3,228331	5,655231	5,939247	6,156225	6,028337	5,406664	8,356206	100,055563	46,685618	10,597741	25,354072	18,758345	31,917650	23,274742	19,316244	46,679127	99,928504	7,127548	2,510955	5,041277	3,532552	6,043468	4,621063	4,301142	8,243432	99,928874
269,00	47,400665	14,685489	38,777584	33,349147	33,592865	28,318661	27,043876	47,237781	100,070310	8,249726	3,381075	5,915037	6,211531	6,434064	6,299686	5,665659	8,710725	100,048375	47,246656	10,709476	25,693512	19,006036	32,307705	23,589045	19,596128	47,206691	99,932182	7,438400	2,627039	5,251333	3,696374	6,307028	4,825996	4,496167	8,571407	99,942726
270,00	47,977984	14,878722	39,330035	33,818120	34,111631	28,736112	27,468801	47,811726	100,127184	8,570246	3,525997	6,171139	6,476537	6,738224	6,573596	5,927953	9,076323	100,013161	47,853452	10,846091	26,051551	19,280551	32,709965	23,906516	19,932611	47,835600	100,022602	7,768013	2,745539	5,477354	3,857121	6,571718	5,030698	4,714235	8,931825	100,021696
271,00	48,531589	15,133348	39,885163	34,277219	34,588328	29,189223	27,871230	48,384506	100,021756	8,949424	3,682219	6,430954	6,736784	7,054962	6,848994	6,195080	9,444217	100,003684	48,423466	10,974812	26,406038	19,544981	33,143967	24,235679	20,237012	48,365375	99,996072	8,114484	2,879723	5,713587	4,046781	6,860008	5,253139	4,923112	9,271769	100,052714
272,00	49,095806	15,327778	40,467301	34,775788	35,088339	29,606795	28,252271	48,938110	100,025630	9,318982	3,860103	6,701103	7,046356	7,390184	7,132827	6,464615	9,801234	100,045800	49,032938	11,135758	26,772371	19,836254	33,609143	24,581711	20,549387	48,979890	99,978608	8,478816	3,008509	5,984218	4,246885	7,161407	5,477751	5,164722	9,630278	100,104642
273,00	49,713942	15,587051	41,115117	35,258615	35,593033	30,075112	28,726447	49,558780	100,039446	9,704914	4,038537	6,986877	7,367353	7,708490	7,440787	6,764494	10,210060	100,043797	49,615276	11,311527	27,156076	20,133013	34,124035	24,956247	20,881212	49,580142	99,980855	8,838940	3,147579	6,254786	4,464727	7,469863	5,721159	5,401222	10,025787	100,071514
274,00	50,357044	15,812314	41,739479	35,834467	36,170200	30,556482	29,210770	50,229555	100,126791	10,069329	4,225120	7,265045	7,704006	8,046641	7,751184	7,066547	10,616019	99,988455	50,296736	11,496460	27,593362	20,465426	34,688801	25,394568	21,210447	50,258207	100,132442	9,216296	3,298127	6,538378	4,686780	7,779415	5,990056	5,659761	10,456112	100,107706
275,00	51,004744	16,042691	42,335662	36,335307	36,705363	31,049302	29,699752	50,892526	100,061810	10,464755	4,399905	7,559168	8,012059	8,403341	8,072086	7,391657	11,060065	99,890143	50,878358	11,679383	28,011027	20,807074	35,218334	25,796303	21,580499	50,889742	100,147116	9,582975	3,473094	6,815565	4,907918	8,109524	6,257509	5,894584	10,877495	100,049710
276,00	51,595110	16,272414	42,929524	36,877018	37,192264	31,527537	30,122182	51,520342	99,976754	10,891772	4,599695	7,855628	8,343079	8,783662	8,396374	7,710941	11,471415	99,954826	51,512742	11,880047	28,472078	21,173796	35,771057	26,224676	21,967606	51,503080	100,083447	9,979186	3,635241	7,092272	5,131181	8,474857	6,541788	6,152835	11,273807	100,083745
277,00	52,188140	16,534056	43,520245	37,356734	37,659928	31,976593	30,572417	52,069873	99,868250	11,337689	4,776482	8,178150	8,675336	9,166329	8,739084	8,056240	11,902662	100,028408	52,143633	12,063107	28,851151	21,556582	36,313328	26,636943	22,384438	52,125275	99,932283	10,373345	3,804423	7,389563	5,374920	8,832932	6,810246	6,428873	11,678845	99,992859
278,00	52,805775	16,818781	44,194469	37,887233	38,203153	32,495081	31,084052	52,706462	99,906099	11,767539	4,968939	8,488996	9,026077	9,568059	9,088582	8,397882	12,315624	100,042689	52,795839	12,258091	29,302835	21,963224	36,910862	27,064496	22,756194	52,748823	99,933863	10,796998	3,977972	7,707208	5,654008	9,212848	7,120115	6,725544	12,118541	100,117040
279,00	53,471494	17,079113	44,824997	38,390118	38,756856	32,989451	31,651649	53,365475	99,973905	12,208486	5,181186	8,814516	9,383336	9,967405	9,451184	8,725673	12,753536	100,027812	53,379309	12,467160	29,746264	22,382483	37,532574	27,549058	23,166236	53,371966	99,954093	11,231350	4,176308	8,029982	5,936119	9,601565	7,428820	7,014457	12,569848	100,092399
280,00	54,039675	17,299956	45,373249	38,846859	39,247590	33,449268	32,111576	53,901094	99,907631	12,636299	5,396236	9,152267	9,762290	10,388388	9,803268	9,068771	13,201688	99,949366	53,973097	12,710907	30,292955	22,784929	38,151783	28,028157	23,584823	54,014266	100,107205	11,651736	4,379121	8,368444	6,216833	10,004567	7,751182	7,304666	12,995975	100,113618
281,00	54,653108	17,560944	45,996860	39,357677	39,785480	33,980611	32,621032	54,523873	99,927253	13,076143	5,619923	9,493916	10,124019	10,789432	10,159495	9,407424	13,647869	100,021207	54,572982	12,942448	30,788234	23,199709	38,812396	28,527135	24,049097	54,591817	100,032067	12,083712	4,577759	8,686150	6,487244	10,413954	8,051375	7,607575	13,415860	99,970376
282,00	55,253065	17,841859	46,622649	39,877757	40,350235	34,486684	33,070201	55,100995	99,883914	13,492897	5,826173	9,821215	10,496232	11,211232	10,520232	9,787789	14,095658	99,912149	55,225694	13,167264	31,298408	23,623057	39,415523	28,997746	24,465109	55,225086	99,986351	12,505884	4,784036	9,038997	6,788209	10,804299	8,366698	7,925615	13,871680	99,910849
283,00	55,948710	18,139450	47,321728	40,467831	40,964994	35,042745	33,586118	55,779570	99,946481	13,934502	6,049459	10,154519	10,863601	11,627221	10,896793	10,167527	14,560685	100,001955	55,810863	13,434212	31,798637	24,099945	40,058827	29,494160	24,928817	55,828279	99,921715	12,962468	4,987778	9,384552	7,098486	11,221585	8,681344	8,247811	14,340633	99,867821
284,00	56,545031	18,420847	47,936809	41,039130	41,483220	35,529912	34,054706	56,404233	99,977171	14,393580	6,276748	10,490257	11,244923	12,055813	11,261204	10,545310	15,034240	99,955201	56,393999	13,724630	32,324570	24,581213	40,735793	30,057344	25,434375	56,485486	99,985904	13,406335	5,233373	9,766416	7,425434	11,666176	9,037472	8,585675	14,806777	99,959749
285,00	57,195973	18,679154	48,549283	41,604766	42,012817	36,088836	34,574825	57,038349	100,065982	14,858718	6,512562	10,845985	11,606967	12,479255	11,615643	10,914280	15,475816	99,987406	57,002753	14,020656	32,851613	25,115296	41,477704	30,619299	25,963271	57,076788	100,064945	13,842341	5,468468	10,142300	7,765618	12,122703	9,377303	8,940343	15,226267	99,897212
286,00	57,794023	18,989933	49,213207	42,115024	42,540559	36,610377	35,152897	57,693744	100,165486	15,321314	6,737001	11,199515	12,003469	12,907273	11,990192	11,286555	15,929385	99,962860	57,608294	14,312027	33,408722	25,646093	42,304721	31,192550	26,497918	57,608926	99,997336	14,262706	5,736652	10,537454	8,130063	12,579054	9,741767	9,308846	15,684241	99,899024
287,00	58,412534	19,277887	49,805874	42,617911	43,096760	37,152141	35,686052	58,248699	100,185704	15,752120	6,957443	11,561111	12,397388	13,333856	12,352984	11,672135	16,383150	99,862051	58,218646	14,642377	34,003788	26,227599	43,152195	31,784856	27,016303	58,121186	100,021029	14,678818	5,986184	10,924897	8,500190	13,032347	10,084115	9,660748	16,135176	99,826348
288,00	58,946705	19,587190	50,383258	43,062669	43,616733	37,613022	36,170888	58,741724	100,147486	16,212763	7,169602	11,887454	12,775631	13,751996	12,714261	12,046804	16,851546	99,874532	58,733386	14,979495	34,605330	26,786673	43,977892	32,352677	27,544108	58,664691	100,000060	15,130664	6,253528	11,309239	8,851899	13,498588	10,470641	10,001636	16,602898	99,879628
289,00	59,447753	19,853014	50,935137	43,538502	44,113982	38,066411	36,623418	59,208393	100,078189	16,651258	7,398497	12,205359	13,121574	14,185786	13,082363	12,417218	17,299753	99,902076	59,240967	15,305163	35,208276	27,363446	44,722566	32,945445	28,070706	59,220433	100,034368	15,573910	6,525759	11,704548	9,209851	14,013417	10,855862	10,363868	17,049433	100,010478
290,00	59,978467	20,083939	51,491702	43,972960	44,612750	38,522720	37,116361	59,716678	100,006711	17,089000	7,638248	12,521034	13,471751	14,581388	13,441990	12,771863	17,744577	99,954104	59,731001	15,618137	35,746986	27,930802	45,471400	33,508939	28,602397	59,776473	99,984133	16,022485	6,794657	12,110776	9,562608	14,488190	11,255714	10,723294	17,512450	100,087368
291,00	60,487920	20,316145	51,999766	44,464770	45,160779	38,995281	37,619305	60,241789	99,974328	17,511159	7,871230	12,866175	13,845223	15,002607	13,805595	13,135056	18,178229	99,905276	60,263669	15,926108	36,313817	28,511918	46,269521	34,100664	29,138795	60,265642	99,969703	16,424875	7,059839	12,513176	9,933635	14,980021	11,638080	11,109113	17,952994	100,070584
292,00	60,983592	20,567286	52,475542	44,925463	45,649123	39,481765	38,089466	60,745150	99,916875	17,928825	8,107319	13,234800	14,216331	15,389401	14,136754	13,523060	18,619321	99,822825	60,765952	16,283950	36,861774	29,119506	47,157878	34,676638	29,681358	60,771728	100,028646	16,871519	7,326100	12,897633	10,302547	15,441474	11,996096	11,482885	18,383428	100,003505
293,00	61,477214	20,885970	52,949309	45,352468	46,093738	39,911991	38,543424	61,231434	99,842584	18,358330	8,322480	13,599792	14,592434	15,821220	14,500265	13,882791	19,063345	99,840128	61,323869	16,684954	37,498334	29,750657	48,045459	35,321239	30,275926	61,310881	100,091326	17,285927	7,597516	13,271077	10,691223	15,920103	12,365735	11,858723	18,811937	99,911934
294,00	61,998731	21,218993	53,517222	45,812058	46,567658	40,386605	39,035442	61,756682	99,942780	18,801546	8,553957	13,972789	14,946878	16,210973	14,867485	14,267039	19,510065	99,838620	61,770475	17,058252	38,053113	30,356574	48,849949	35,913086	30,858704	61,784166	100,022495	17,712806	7,894685	13,664192	11,065397	16,389705	12,740725	12,222880	19,234294	99,967283
295,00	62,476027	21,465057	54,018170	46,247548	47,053295	40,795153	39,492276	62,135988	99,954051	19,232041	8,778660	14,320481	15,305439	16,629708	15,241399	14,600088	19,918369	99,889791	62,226725	17,410944	38,614795	30,935988	49,622819	36,509687	31,428567	62,260973	99,958700	18,109158	8,175397	14,047162	11,436054	16,843781	13,124815	12,578815	19,667052	99,986136
296,00	62,954116	21,730615	54,530638	46,734509	47,578508	41,234422	39,938641	62,565035	100,030971	19,671305	9,004994	14,641297	15,657991	17,032546	15,593651	14,969783	20,328073	99,878234	62,603360	17,712946	39,113578	31,486821	50,328875	37,050402	31,952739	62,614560	99,903375	18,519865	8,429722	14,439750	11,776382	17,292725	13,502926	12,929285	20,073919	100,105810
297,00	63,359708	21,962792	55,004150	47,169524	48,043934	41,643962	40,353873	62,991440	99,932730	20,077775	9,224387	14,970562	16,001169	17,433035	15,916741	15,297183	20,741601	99,924767	63,055062	18,042082	39,639083	32,003143	51,031697	37,616551	32,473919	63,042551	99,902654	18,924122	8,675206	14,802718	12,139701	17,724305	13,855189	13,272192	20,475741	100,173914
298,00	63,847488	22,246483	55,472046	47,581786	48,481640	42,099679	40,799472	63,524199	99,998021	20,499279	9,454768	15,294194	16,322206	17,819479	16,243975	15,633453	21,172270	99,934989	63,558871	18,348236	40,104550	32,517147	51,680773	38,161266	32,997075	63,495713	99,929017	19,278356	8,902866	15,134507	12,448413	18,105344	14,211470	13,604957	20,848307	100,171101
299,00	64,296931	22,517328	55,938798	47,985309	48,904037	42,559704	41,236126	64,010322	100,053990	20,868067	9,693744	15,626217	16,618322	18,179286	16,547099	15,966518	21,583635	99,960440	63,977236	18,647943	40,547821	32,966924	52,263623	38,648868	33,431187	63,944185	99,954551	19,643645	9,132896	15,419734	12,745322	18,477163	14,515804	13,918862	21,220461	100,095654
300,00	64,766634	22,816056	56,361634	48,394653	49,302197	43,030626	41,676366	64,414251	100,077212	21,215886	9,924664	15,905730	16,937038	18,518597	16,886015	16,289443	21,952112	99,946678	64,364868	18,906355	40,937209	33,403456	52,855527	39,132217	33,898410	64,379781	99,990088	20,004697	9,325588	15,692624	12,997717	18,815386	14,830871	14,221925	21,567678	99,987310
301,00	65,134221	23,079132	56,806356	48,791683	49,763477	43,450868	42,122769	64,772326	100,047266	21,576989	10,139507	16,212958	17,242399	18,845436	17,199750	16,612794	22,274572	99,910337	64,696836	19,127387	41,338801	33,785033	53,350848	39,593917	34,301183	64,789492	100,024700	20,392591	9,534113	15,977113	13,261126	19,170175	15,121186	14,522029	21,927345	100,051129
302,00	65,513158	23,310989	57,173157	49,155810	50,201285	43,809646	42,544088	65,073603	99,979854	21,939093	10,338169	16,520864	17,543516	19,167717	17,494306	16,914025	22,591691	99,878228	65,104425	19,335991	41,672623	34,183460	53,811300	40,039429	34,746403	65,220636	100,052845	20,741172	9,706687	16,238956	13,475406	19,455637	15,412001	14,820580	22,268699	99,980527
303,00	65,809351	23,534960	57,516330	49,452895	50,606352	44,130406	42,937317	65,396392	99,923486	22,310160	10,549897	16,868521	17,828040	19,522658	17,765018	17,210054	22,921686	99,875337	65,467870	19,529863	42,000386	34,528109	54,161459	40,442422	35,118800	65,579474	100,085795	21,085739	9,871504	16,465138	13,688374	19,737051	15,692484	15,102448	22,652319	100,026250
304,00	66,184205	23,787796	57,866800	49,793628	50,977278	44,520336	43,308583	65,754670	99,955344	22,649948	10,755062	17,195947	18,123986	19,827978	18,048495	17,519712	23,263389	99,921489	65,775633	19,743815	42,293859	34,799802	54,495656	40,835583	35,511217	65,867943	100,047994	21,419305	10,001502	16,665331	13,880952	20,004039	15,972260	15,349387	23,017046	99,938834
305,00	66,487646	24,066256	58,279085	50,145024	51,349252	44,903553	43,725452	66,122419	99,937248	22,990778	10,971791	17,532621	18,423584	20,157686	18,335420	17,817755	23,612000	99,938893	66,062218	19,890322	42,531642	35,030162	54,786837	41,190049	35,881284	66,118729	100,057757	21,746399	10,148250	16,859299	14,112918	20,286232	16,249219	15,622418	23,370643	99,982935
306,00	66,854852	24,344300	58,584195	50,494230	51,726210	45,265561	44,098282	66,431254	99,995703	23,293358	11,187129	17,831184	18,660308	20,453799	18,642072	18,112917	23,952402	99,995422	66,358709	20,050082	42,717671	35,235688	55,005383	41,485307	36,216140	66,398042	100,005400	22,068800	10,280079	17,073874	14,314432	20,533079	16,500066	15,857960	23,663214	99,947852
307,00	67,113405	24,628034	58,892423	50,783294	52,077442	45,544314	44,448322	66,720062	99,888337	23,582369	11,414689	18,097422	18,940516	20,747139	18,910025	18,362787	24,273962	99,958616	66,694343	20,172386	42,891437	35,435253	55,195361	41,797239	36,565411	66,716796	100,051451	22,400630	10,408147	17,284821	14,537220	20,763561	16,751768	16,138619	23,977813	100,044703
308,00	67,468232	24,881998	59,172624	51,123559	52,416778	45,856893	44,779500	66,991699	99,953085	23,893286	11,623555	18,380524	19,210128	20,981516	19,183636	18,641226	24,548548	100,012922	66,972804	20,322369	43,073100	35,598376	55,362213	42,092654	36,852214	66,964239	99,904388	22,736305	10,523734	17,479210	14,700489	20,972796	16,981463	16,348371	24,325113	100,139117
309,00	67,751169	25,103825	59,558153	51,399100	52,741033	46,172351	45,149076	67,243248	99,970365	24,171084	11,789060	18,680552	19,499367	21,204574	19,405052	18,893073	24,799947	100,019503	67,277217	20,457254	43,304536	35,794795	55,628657	42,416981	37,208328	67,247993	99,989432	23,037742	10,634509	17,647421	14,848243	21,159063	17,198953	16,559438	24,634689	100,151539
310,00	68,110436	25,317818	59,855682	51,714325	53,102964	46,543476	45,543289	67,523593	100,110090	24,471404	11,972444	18,950817	19,707787	21,447517	19,653343	19,118814	25,079393	100,050724	67,585814	20,604745	43,513280	36,013278	55,900937	42,705959	37,497401	67,510802	100,076389	23,309778	10,722934	17,772736	14,941125	21,328826	17,375144	16,732723	24,921289	100,068569
311,00	68,328404	25,535187	60,163122	51,918322	53,443694	46,893218	45,883587	67,801827	100,099099	24,740763	12,164565	19,223014	19,917917	21,754570	19,922563	19,329581	25,393149	100,107110	67,819983	20,704767	43,706971	36,161190	56,028593	42,949340	37,836909	67,822206	100,218737	23,586920	10,799554	17,915186	15,085198	21,499860	17,574698	16,937625	25,165415	100,059140
312,00	68,584996	25,789940	60,366303	52,225733	53,735417	47,231922	46,176791	68,073708	100,014555	25,030997	12,345668	19,471270	20,140901	22,029291	20,174170	19,559270	25,676864	100,048566	68,043083	20,810822	43,839574	36,307758	56,156939	43,207565	38,124970	68,056357	100,241232	23,868805	10,873649	17,988534	15,195881	21,656348	17,784609	17,143570	25,456369	100,098717
313,00	68,710089	25,997171	60,645467	52,457941	54,013485	47,477078	46,416736	68,253291	99,920255	25,238317	12,494741	19,729868	20,346762	22,254090	20,391876	19,770372	25,917289	100,019658	68,194747	20,873274	43,910199	36,425114	56,241822	43,424866	38,387588	68,287623	100,128078	24,118963	10,929962	18,119676	15,315908	21,808173	17,996371	17,321928	25,733271	100,019979
314,00	68,920821	26,262572	60,868806	52,707916	54,309827	47,751236	46,701249	68,502676	99,922615	25,473288	12,672150	19,964057	20,522170	22,460398	20,582430	20,024177	26,128271	99,973077	68,382120	20,964526	44,041944	36,591884	56,406397	43,661103	38,648826	68,537354	100,097537	24,335861	10,992031	18,232515	15,408874	21,943854	18,174490	17,527126	26,007971	100,020897
315,00	69,017059	26,451790	61,100233	52,874732	54,596150	47,970474	46,959454	68,667060	99,982911	25,718927	12,871262	20,188875	20,728804	22,676542	20,800327	20,248647	26,361907	99,979615	68,588656	21,034853	44,148716	36,663237	56,497484	43,909758	38,883454	68,770683	100,075769	24,614733	11,050504	18,392199	15,553819	22,115822	18,371271	17,729929	26,290762	100,065815
316,00	69,157445	26,715851	61,212832	53,085989	54,846483	48,226425	47,246793	68,829453	99,981898	26,032647	13,087104	20,442161	20,942312	22,921373	21,020278	20,502463	26,640519	100,062847	68,753266	21,117416	44,278422	36,746892	56,588370	44,085172	39,147305	68,947458	100,059557	24,878100	11,124312	18,486963	15,668277	22,235407	18,529397	17,913894	26,499560	100,120449
317,00	69,254631	26,897156	61,396271	53,325289	55,076128	48,441529	47,486481	68,944013	99,927121	26,270965	13,257380	20,685917	21,161292	23,122865	21,251136	20,696272	26,862174	99,990273	69,016761	21,242639	44,367188	36,819690	56,725484	44,309178	39,427602	69,097769	100,071621	25,112915	11,171594	18,564267	15,765856	22,367218	18,690223	18,038636	26,708931	100,045085
318,00	69,446492	27,112132	61,577350	53,578705	55,343854	48,661181	47,771022	69,124460	99,886668	26,509628	13,441406	20,952840	21,345286	23,354632	21,472421	20,911239	27,132583	100,035560	69,114029	21,340978	44,429857	36,980352	56,795454	44,476023	39,641556	69,226098	99,975795	25,289324	11,229631	18,658218	15,869634	22,470877	18,815695	18,188202	26,929104	99,927694
319,00	69,589305	27,298447	61,768705	53,769094	55,565858	48,866010	47,961912	69,243187	99,855536	26,676595	13,588059	21,188724	21,505746	23,555945	21,683007	21,105990	27,341527	99,946249	69,286102	21,442065	44,482908	37,093753	56,836069	44,694668	39,874598	69,368613	99,975657	25,521767	11,282699	18,749413	15,978970	22,640213	19,004041	18,345937	27,210811	99,988747
320,00	69,727951	27,505776	61,959201	53,948027	55,799240	49,038395	48,176864	69,347984	99,843484	26,913115	13,745672	21,409190	21,686521	23,740926	21,872559	21,278477	27,584738	99,957055	69,347674	21,486311	44,565159	37,204447	56,892979	44,887462	40,013194	69,507265	99,955231	25,802711	11,373928	18,869096	16,110353	22,809730	19,173887	18,530424	27,488294	100,043976
321,00	69,827372	27,766734	62,161070	54,199797	56,006122	49,282396	48,371735	69,517344	99,828696	27,081412	13,921085	21,637131	21,882983	23,926400	22,054763	21,480456	27,773482	99,933755	69,530004	21,578673	44,690999	37,287059	56,984830	45,092133	40,247279	69,719386	100,002265	26,047382	11,443195	18,959257	16,214852	23,005614	19,344744	18,690333	27,712724	100,256324
322,00	70,014894	27,994719	62,456149	54,428363	56,226867	49,540633	48,668334	69,697261	99,890471	27,274171	14,096443	21,863127	22,109231	24,107140	22,242081	21,655892	27,958518	99,914956	69,712377	21,670648	44,825256	37,394470	57,127607	45,256183	40,433514	69,842172	99,969542	26,246205	11,532737	19,062883	16,316828	23,132797	19,492379	18,847941	27,919349	100,263453
323,00	70,234609	28,292844	62,643915	54,682040	56,492251	49,881136	49,007633	69,839621	100,073588	27,456343	14,302528	22,151887	22,333685	24,356645	22,448964	21,857972	28,147566	99,970663	69,909251	21,748370	44,923016	37,530014	57,238120	45,415416	40,643764	69,960779	99,946022	26,441184	11,603911	19,165693	16,432935	23,238684	19,639821	19,001393	28,077176	100,253820
324,00	70,422798	28,533965	62,906098	54,806507	56,765306	50,133890	49,289122	69,979686	100,118160	27,695310	14,457889	22,390531	22,498900	24,547678	22,654447	21,999688	28,313157	99,997473	70,143896	21,859351	45,084748	37,683940	57,430398	45,607427	40,860981	70,115960	100,002956	26,626197	11,662319	19,291219	16,542089	23,345533	19,794996	19,152458	28,266975	100,023127
325,00	70,586556	28,814939	63,071424	54,967409	57,036877	50,368410	49,504957	70,123601	100,121045	27,953240	14,662839	22,638728	22,666243	24,777220	22,853869	22,216529	28,493577	100,143254	70,280367	21,959856	45,235875	37,841710	57,566488	45,781952	41,050676	70,317566	100,038457	26,832345	11,724849	19,434302	16,686282	23,486608	19,903529	19,337802	28,454733	99,947244
326,00	70,620948	29,037499	63,239920	55,080885	57,207042	50,483108	49,656719	70,142817	100,044584	28,162968	14,818624	22,794551	22,807930	24,906892	23,052511	22,382157	28,607970	100,152183	70,400751	22,071040	45,321780	38,009062	57,650220	45,916426	41,259396	70,433080	100,030315	27,019444	11,792576	19,534674	16,792306	23,614806	20,053272	19,510727	28,632835	99,928856
327,00	70,672369	29,204121	63,345218	55,247313	57,396513	50,648457	49,820164	70,151657	100,022304	28,328273	15,009144	22,999354	22,954375	25,078592	23,221861	22,563103	28,772795	100,213122	70,458823	22,147104	45,399013	38,151699	57,759345	46,056560	41,479939	70,473725	100,043833	27,242300	11,892304	19,645098	16,925173	23,722640	20,181473	19,659340	28,837511	100,057459
328,00	70,709097	29,407477	63,529134	55,429536	57,563609	50,867128	50,006378	70,187658	100,072908	28,470090	15,154268	23,183006	23,123823	25,242680	23,376930	22,694260	28,917170	100,218952	70,462626	22,228296	45,456800	38,280654	57,788289	46,216992	41,690886	70,464730	100,077426	27,427649	11,999317	19,761038	17,048256	23,849557	20,354728	19,787909	29,048896	100,130534
329,00	70,732969	29,557046	63,695419	55,591720	57,747209	51,057452	50,174016	70,288640	99,992269	28,613770	15,279439	23,385786	23,262911	25,409341	23,502137	22,849314	29,120770	100,231731	70,484221	22,365701	45,598003	38,415906	57,909644	46,412307	41,887042	70,537728	100,130069	27,578560	12,109676	19,894567	17,192261	24,000773	20,477849	19,917822	29,220793	100,102031
330,00	70,832056	29,824883	63,858551	55,780703	57,918012	51,226544	50,375974	70,372826	100,028324	28,748053	15,402199	23,528758	23,412552	25,536346	23,647143	23,016846	29,250598	100,169575	70,515144	22,478694	45,708850	38,545850	57,948214	46,570954	42,066997	70,537651	100,052404	27,719703	12,231980	20,004073	17,325205	24,154158	20,602712	20,083280	29,373398	100,107086
331,00	70,846868	30,002213	63,945597	55,892545	58,110905	51,345462	50,566489	70,397103	100,014198	28,836930	15,534210	23,679014	23,504576	25,660381	23,789153	23,147181	29,351333	100,026643	70,590949	22,574028	45,804852	38,644114	58,011752	46,718410	42,210868	70,573860	99,959600	27,879617	12,322914	20,130591	17,462212	24,288203	20,726784	20,246524	29,497907	100,129175
332,00	70,870340	30,201942	64,086068	56,004137	58,249491	51,508790	50,727904	70,434487	100,029719	28,941050	15,705022	23,820440	23,611429	25,786096	23,920991	23,283537	29,439345	99,963534	70,679128	22,666025	45,918748	38,769886	58,048189	46,842319	42,409438	70,651621	100,006449	28,012088	12,411509	20,249842	17,573495	24,442482	20,843869	20,366950	29,653281	100,162685
333,00	70,879018	30,376369	64,183694	56,073672	58,398151	51,707447	50,898743	70,413750	100,055516	29,011145	15,849690	23,992765	23,705696	25,933447	24,059440	23,370638	29,529998	99,962217	70,742369	22,795554	46,037290	38,900194	58,127451	46,953309	42,556134	70,753664	100,096583	28,124475	12,488464	20,365447	17,656578	24,566737	20,935950	20,483118	29,749352	100,101423
334,00	70,851570	30,570897	64,248443	56,202871	58,502012	51,831561	51,024079	70,445335	100,029278	29,110777	15,991287	24,152182	23,832092	26,048264	24,190420	23,483534	29,622996	99,924254	70,789963	22,951834	46,172222	39,051789	58,211458	47,049817	42,711934	70,836920	100,177562	28,221965	12,588653	20,450304	17,766120	24,698389	21,033578	20,587981	29,852799	100,042582
335,00	70,896602	30,763388	64,321661	56,328183	58,680815	51,945883	51,198977	70,446086	100,042987	29,178575	16,107287	24,321051	23,967743	26,167905	24,342178	23,599191	29,705644	99,928629	70,781273	23,054001	46,241778	39,136565	58,272481	47,065887	42,792964	70,852470	100,043619	28,326696	12,694667	20,564009	17,891367	24,785401	21,126142	20,708001	29,931936	99,970222
336,00	70,905089	30,901122	64,378172	56,474119	58,785188	52,000731	51,324296	70,430684	99,973267	29,280633	16,246536	24,458008	24,116586	26,284742	24,450389	23,730047	29,790044	99,913979	70,723975	23,128311	46,292236	39,198625	58,238935	47,142956	42,904148	70,796013	99,919832	28,421220	12,814456	20,689501	18,060148	24,908148	21,257898	20,814998	30,022585	100,007975
337,00	71,009272	31,035492	64,477384	56,615508	58,916950	52,161270	51,441693	70,405602	99,989188	29,390082	16,363683	24,612105	24,216047	26,412576	24,569763	23,861261	29,915392	99,963808	70,672446	23,203677	46,331790	39,337590	58,296573	47,211760	43,055379	70,735228	99,888098	28,505042	12,932169	20,834069	18,198571	25,018531	21,350998	20,914064	30,108285	100,024652
338,00	71,010554	31,215897	64,499128	56,721622	58,958036	52,318746	51,570874	70,420891	99,999505	29,484764	16,482116	24,744684	24,309555	26,512259	24,670303	23,947449	29,992884	99,925041	70,712644	23,329620	46,433392	39,488223	58,366388	47,393999	43,213308	70,742798	99,947959	28,597465	13,070942	20,982140	18,344706	25,173926	21,466731	21,046552	30,242404	100,074518
339,00	70,950198	31,391746	64,583880	56,815976	59,047514	52,493238	51,680022	70,467067	100,072849	29,563940	16,586018	24,877173	24,406610	26,616782	24,802582	24,023157	30,085465	99,912345	70,725363	23,479612	46,582204	39,663073	58,482921	47,470334	43,328390	70,753366	99,996513	28,649244	13,221712	21,127671	18,478210	25,297052	21,560599	21,170478	30,313575	99,996585
340,00	70,881212	31,567857	64,665461	56,886494	59,129530	52,583814	51,808459	70,483392	100,061059	29,637995	16,691329	24,994217	24,507959	26,709527	24,899648	24,131888	30,149782	99,953181	70,715356	23,660080	46,776140	39,820355	58,571196	47,580716	43,470347	70,779836	99,985999	28,726029	13,391370	21,283036	18,636282	25,477085	21,675575	21,324062	30,407012	100,014222
341,00	70,861644	31,710893	64,757812	56,970572	59,238452	52,679425	51,870024	70,410401	100,053608	29,700828	16,814856	25,104943	24,628708	26,814947	25,015265	24,259177	30,230820	99,975395	70,647204	23,845167	46,964696	40,057695	58,697283	47,707337	43,629593	70,762527	99,960637	28,784645	13,560094	21,450350	18,815441	25,620398	21,781273	21,452248	30,463091	99,967986
342,00	70,844620	31,864357	64,868838	57,038385	59,351665	52,788907	52,000290	70,359695	99,997187	29,784119	16,941790	25,233266	24,745889	26,878777	25,112715	24,383149	30,286184	100,025487	70,622164	24,044077	47,130322	40,283540	58,840990	47,864056	43,800038	70,774376	99,962336	28,866690	13,773829	21,656412	19,025742	25,783530	21,874930	21,576506	30,569610	99,984193
343,00	70,819181	32,039946	64,962012	57,144809	59,491718	52,898008	52,158648	70,387512	100,028968	29,855099	17,067216	25,354040	24,860068	26,950088	25,249681	24,478666	30,356649	100,062585	70,657533	24,277735	47,380215	40,560147	59,048736	48,008350	43,963745	70,753747	99,973887	28,926703	14,008625	21,871415	19,248576	25,942945	21,967882	21,680497	30,627438	99,937630
344,00	70,765817	32,157117	64,992988	57,221675	59,600109	52,995986	52,271497	70,351499	99,955541	29,909605	17,176229	25,457707	24,944967	27,033976	25,326738	24,564986	30,412894	100,082207	70,641601	24,541207	47,617555	40,811294	59,251177	48,085347	44,109753	70,702797	100,030398	29,006463	14,271766	22,093314	19,476229	26,127493	22,079794	21,796621	30,704162	100,012994
345,00	70,768756	32,338765	65,034300	57,328230	59,691978	53,097963	52,384371	70,320982	100,003207	29,970953	17,301963	25,556681	25,012153	27,143097	25,402841	24,665503	30,498120	100,051701	70,586312	24,801722	47,848949	41,103047	59,387815	48,166502	44,218826	70,599127	100,008428	29,083380	14,520337	22,305405	19,698313	26,331118	22,193098	21,926759	30,781966	100,041926
346,00	70,788634	32,508156	65,097839	57,415116	59,805286	53,197390	52,480882	70,262152	99,986994	30,029139	17,412569	25,673014	25,092047	27,231446	25,462097	24,753952	30,531648	100,001764	70,557916	25,068846	48,075745	41,397250	59,537756	48,291108	44,359311	70,560122	100,036120	29,149032	14,784378	22,529764	19,933783	26,503900	22,303739	22,060096	30,851531	100,013721
347,00	70,822752	32,745486	65,223420	57,601351	59,925538	53,344142	52,650267	70,316505	100,096059	30,071631	17,502145	25,786242	25,150031	27,305922	25,555322	24,839866	30,595994	99,971861	70,531660	25,327933	48,314840	41,700825	59,720182	48,428684	44,488022	70,534813	99,993682	29,212579	15,054962	22,794116	20,192325	26,693812	22,424917	22,188696	30,918786	100,050783
348,00	70,755064	32,901925	65,331185	57,700336	60,026759	53,435725	52,762318	70,271629	100,053799	30,134451	17,595360	25,890845	25,264359	27,382287	25,665614	24,910547	30,622733	99,998438	70,569110	25,639725	48,595318	42,003545	59,967363	48,538816	44,654301	70,592916	99,984628	29,256430	15,322408	23,046705	20,436288	26,894361	22,520113	22,305398	30,941918	100,045538
349,00	70,672059	33,046231	65,364766	57,783800	60,053939	53,539401	52,823055	70,186430	100,037694	30,166793	17,715997	25,984442	25,362071	27,479562	25,768477	24,994040	30,674401	99,977654	70,499003	25,921839	48,810497	42,288902	60,115480	48,633000	44,795367	70,546311	99,954385	29,291999	15,590705	23,273234	20,674385	27,099082	22,638530	22,426935	30,985132	100,038218
350,00	70,572418	33,159906	65,419364	57,787824	60,117435	53,596908	52,867877	70,135307	99,993551	30,233896	17,833650	26,102313	25,474969	27,586427	25,868338	25,090149	30,719858	99,973714	70,525473	26,225221	49,041644	42,578137	60,259289	48,776302	44,958201	70,482445	99,930716	29,363486	15,846993	23,463275	20,876525	27,263957	22,735345	22,553286	31,038514	100,017154
351,00	70,557433	33,314574	65,431428	57,889867	60,173565	53,667003	52,984178	70,137507	100,034189	30,267248	17,941026	26,203066	25,541985	27,659920	25,953192	25,196770	30,791333	99,927491	70,464784	26,504433	49,257624	42,867237	60,387361	48,892549	45,120665	70,435095	99,961972	29,410475	16,103794	23,637079	21,090201	27,408996	22,835146	22,675918	31,108069	100,023425
352,00	70,492095	33,468994	65,490752	57,977355	60,246873	53,756106	53,123581	70,116371	99,979562	30,314234	18,052427	26,294076	25,629014	27,743697	26,048186	25,301641	30,878145	99,954587	70,463508	26,781487	49,482909	43,140611	60,551709	49,025500	45,247051	70,435977	99,989110	29,459929	16,339239	23,820414	21,280977	27,536368	22,929344	22,780672	31,176165	100,037694
353,00	70,497894	33,655980	65,531325	58,080095	60,318369	53,857946	53,261167	70,079195	99,982423	30,351850	18,173626	26,368171	25,718766	27,810800	26,114181	25,364894	30,918494	99,959266	70,344460	27,015677	49,639910	43,353274	60,603857	49,085918	45,376727	70,411867	99,984825	29,458806	16,553970	23,991556	21,457864	27,677247	23,018469	22,888504	31,223390	99,998605
354,00	70,455009	33,819735	65,581518	58,138674	60,388350	53,956389	53,324682	70,000130	99,968725	30,391845	18,280977	26,458505	25,799569	27,892557	26,174730	25,424072	30,942184	100,001061	70,282537	27,211267	49,790862	43,534496	60,650069	49,174678	45,473906	70,357150	99,956214	29,512575	16,733137	24,148855	21,608652	27,776325	23,107009	23,008971	31,277570	99,970680
355,00	70,471221	34,027535	65,624917	58,245409	60,469878	54,059255	53,418201	69,971162	100,026906	30,460164	18,378074	26,517463	25,888306	27,955261	26,249292	25,480646	30,947334	99,976373	70,182723	27,390480	49,877837	43,644330	60,659897	49,228323	45,548442	70,251733	99,903727	29,554126	16,903137	24,282171	21,726310	27,885360	23,169266	23,119502	31,307366	99,945313
356,00	70,407653	34,155315	65,634865	58,298814	60,548139	54,137415	53,494960	69,904238	99,998778	30,524161	18,486147	26,621100	25,959912	28,012130	26,366106	25,571990	31,013659	100,008297	70,130980	27,576220	50,023967	43,784261	60,724318	49,299458	45,622334	70,195109	99,887013	29,608703	17,056443	24,382837	21,835878	27,967536	23,235095	23,210840	31,349000	99,931711
357,00	70,363927	34,310016	65,654236	58,378875	60,616213	54,220033	53,564769	69,908333	99,965703	30,574068	18,573405	26,677716	26,046944	28,071174	26,458451	25,642499	31,065336	99,970144	70,094210	27,795869	50,148684	43,913424	60,775632	49,369755	45,711344	70,151925	99,909973	29,665893	17,200951	24,493822	21,949095	28,062356	23,314354	23,291449	31,402701	99,925500
358,00	70,364845	34,442657	65,723538	58,437115	60,710526	54,330981	53,659731	69,892579	100,039709	30,577624	18,676454	26,760352	26,089457	28,107330	26,523435	25,718856	31,130201	99,962747	70,068640	27,965489	50,238281	44,053879	60,798192	49,427450	45,856130	70,166677	99,942327	29,727980	17,328519	24,592322	22,057016	28,119141	23,400939	23,382942	31,475800	99,976403
359,00	70,399129	34,642449	65,810746	58,547014	60,783845	54,434574	53,746372	69,899768	100,109339	30,624318	18,756784	26,808661	26,171058	28,185403	26,561111	25,787160	31,152919	99,922812	70,045871	28,112090	50,268304	44,123107	60,769123	49,450299	45,916232	70,100713	99,920690	29,806885	17,464399	24,690221	22,175726	28,195295	23,476064	23,490219	31,549937	100,059175
360,00	70,392722	34,797391	65,859824	58,609873	60,851973	54,536688	53,840601	69,840139	100,125098	30,679005	18,850587	26,903313	26,241088	28,236252	26,626176	25,852808	31,196836	99,937379	70,042300	28,203422	50,298685	44,216359	60,726076	49,512440	46,000779	70,042109	99,956751	29,854560	17,589694	24,767725	22,272667	28,283828	23,551963	23,564638	31,623265	100,093770
361,00	70,291573	34,968719	65,845400	58,673292	60,883564	54,586428	53,894442	69,779509	100,075305	30,746329	18,949802	27,002200	26,328149	28,330052	26,708815	25,929376	31,238115	99,944526	70,049125	28,327346	50,375187	44,269735	60,709774	49,554789	46,056765	69,997728	99,915242	29,907006	17,698286	24,838156	22,362082	28,347182	23,601152	23,633139	31,669739	100,078356
362,00	70,178342	35,116807	65,820086	58,728743	60,899669	54,613501	53,938478	69,680697	99,985689	30,793107	19,058207	27,087241	26,401666	28,388682	26,794448	26,009133	31,296945	99,941039	70,022798	28,458625	50,479096	44,329149	60,693681	49,621844	46,182323	69,995916	99,977088	29,943648	17,791730	24,907671	22,426546	28,373939	23,657140	23,684911	31,692937	99,981606
363,00	70,131230	35,294026	65,832406	58,826387	60,940051	54,676926	54,020441	69,674718	99,987000	30,852130	19,176987	27,158222	26,484978	28,464851	26,885882	26,104170	31,368300	99,980527	69,976473	28,610361	50,555605	44,355395	60,716540	49,659741	46,257007	70,010233	99,986655	29,980132	17,897952	24,990553	22,484703	28,410465	23,697504	23,748788	31,706703	99,997169
364,00	70,107508	35,489914	65,875679	58,932161	60,994810	54,734141	54,108870	69,642311	99,978566	30,934310	19,277030	27,234176	26,586106	28,524056	26,954573	26,176438	31,426141	100,018024	69,948661	28,725290	50,614905	44,404560	60,645616	49,699605	46,305069	69,973761	100,037885	30,031657	17,987663	25,060552	22,557336	28,457582	23,763922	23,807108	31,740403	99,984598
365,00	70,113462	35,695526	65,911257	58,986932	61,043948	54,801148	54,204619	69,626886	100,019610	30,998313	19,385459	27,325195	26,668251	28,573900	27,036473	26,246542	31,488550	100,045538	69,963807	28,828835	50,644851	44,453022	60,609847	49,743956	46,341920	69,963527	100,081789	30,088949	18,079729	25,153983	22,637659	28,522131	23,829065	23,870650	31,792781	99,992186
366,00	70,086670	35,908023	65,920156	59,043396	61,084944	54,861873	54,285616	69,564849	100,027394	31,029230	19,489670	27,406663	26,742318	28,661871	27,111444	26,321572	31,532109	100,046694	69,911647	28,913555	50,692183	44,495463	60,522354	49,733949	46,370223	69,895804	100,046337	30,152765	18,167818	25,242385	22,705568	28,574237	23,922347	23,951712	31,844795	99,994802
367,00	70,104468	36,090100	65,917134	59,101748	61,151648	54,955089	54,382032	69,536781	100,060081	31,062266	19,595799	27,454409	26,794940	28,722173	27,178249	26,386687	31,578636	99,979270	69,817299	29,011062	50,707477	44,515729	60,456651	49,748638	46,409667	69,848514	100,023639	30,206293	18,264724	25,322166	22,769104	28,611442	23,986964	24,029413	31,899682	100,069702
368,00	70,063895	36,281887	65,952128	59,221220	61,233175	55,023235	54,481918	69,528282	100,094187	31,131369	19,718046	27,511036	26,883441	28,808695	27,246910	26,450145	31,615615	100,016057	69,779277	29,127517	50,756335	44,525543	60,387468	49,757245	46,478984	69,764167	99,986303	30,237758	18,363012	25,388375	22,815314	28,645003	24,052100	24,091865	31,947297	100,102603
369,00	69,995534	36,471900	65,957642	59,303409	61,323458	55,093884	54,567045	69,476962	100,118220	31,186652	19,830447	27,581269	26,937550	28,845793	27,324602	26,529321	31,649742	99,977148	69,729364	29,238492	50,786299	44,533557	60,302061	49,777326	46,517873	69,675475	99,949068	30,302671	18,424796	25,439790	22,883311	28,665519	24,071372	24,149261	32,006118	100,033414
370,00	69,891793	36,671031	65,940309	59,361088	61,352736	55,142337	54,614335	69,441652	100,081027	31,232893	19,945711	27,672854	27,016902	28,897342	27,403113	26,606253	31,699511	100,024462	69,707346	29,340243	50,809026	44,541064	60,201979	49,805236	46,605012	69,583100	99,946326	30,347750	18,513988	25,511056	22,933081	28,727388	24,095276	24,198534	32,034871	99,955475
371,00	69,845057	36,893159	65,905607	59,442639	61,430764	55,263352	54,684371	69,411063	100,055766	31,268442	20,064035	27,754578	27,080008	28,947023	27,476555	26,698038	31,763771	100,049961	69,651788	29,426736	50,839293	44,594359	60,145527	49,853557	46,659839	69,577706	100,012493	30,393904	18,596955	25,568783	23,018594	28,782189	24,149872	24,259424	32,083607	99,949622
372,00	69,797754	37,128326	65,896106	59,488577	61,436659	55,354029	54,738420	69,321775	99,981070	31,315690	20,194910	27,805349	27,165389	29,006365	27,551913	26,750773	31,839919	100,013971	69,590789	29,544634	50,899917	44,623005	60,035801	49,925175	46,755174	69,555992	100,014257	30,461434	18,731299	25,671661	23,100306	28,849596	24,253906	24,350996	32,171607	100,017011
373,00	69,780004	37,387317	65,924478	59,561777	61,446548	55,481660	54,841048	69,211304	99,935061	31,387106	20,324290	27,872482	27,257669	29,060876	27,644736	26,812112	31,909949	100,006390	69,555062	29,691559	50,995743	44,657847	59,990066	49,951079	46,801776	69,547892	100,019813	30,523422	18,835489	25,768924	23,188592	28,892547	24,365845	24,446657	32,256812	100,051188
374,00	69,731134	37,635282	65,948522	59,614760	61,433887	55,555648	54,933625	69,120026	99,891764	31,439513	20,441343	27,934015	27,344474	29,114053	27,738914	26,859543	31,954125	99,939573	69,478381	29,841632	51,043379	44,663501	59,857470	49,981487	46,863225	69,504064	99,974418	30,610153	18,950257	25,875109	23,253617	28,945008	24,414518	24,530695	32,344517	100,069404
375,00	69,712585	37,877101	65,980887	59,736103	61,505216	55,643719	55,046088	69,109923	99,916077	31,518579	20,571274	28,029746	27,432862	29,183215	27,829978	26,934829	31,994116	99,968058	69,469786	29,956904	51,032883	44,655776	59,775257	49,991688	46,905583	69,499969	99,986917	30,647513	19,035544	25,963187	23,323272	28,977847	24,462126	24,595381	32,374465	100,041318
376,00	69,645578	38,120109	66,010308	59,848845	61,610383	55,739367	55,149841	69,114989	99,986488	31,581512	20,705150	28,100678	27,524400	29,244125	27,914488	27,030143	32,033905	99,969238	69,421500	30,072677	51,044494	44,666249	59,693235	50,048888	46,971196	69,466352	99,974549	30,715057	19,149387	26,055869	23,403497	29,022622	24,524702	24,654455	32,435620	100,024986
377,00	69,618106	38,362855	66,043556	59,953755	61,697358	55,862874	55,252290	69,088715	100,029731	31,646204	20,842928	28,165084	27,609232	29,307976	27,996400	27,145112	32,105893	100,020349	69,388521	30,200857	51,091981	44,677097	59,632266	50,089782	47,016636	69,436979	99,964905	30,768621	19,261080	26,155487	23,488046	29,065156	24,609865	24,739939	32,496467	100,047541
378,00	69,593221	38,623539	66,052973	60,042149	61,746168	55,970007	55,335116	69,040728	100,045681	31,702861	20,978194	28,246504	27,699232	29,352412	28,078067	27,237311	32,178524	100,050890	69,328952	30,326605	51,166826	44,702595	59,571451	50,144762	47,111571	69,398689	99,996674	30,816126	19,377238	26,235065	23,568465	29,101682	24,670723	24,790174	32,546329	100,055027
379,00	69,562906	38,877714	66,058844	60,109293	61,769336	56,046200	55,429721	68,996775	100,001001	31,741723	21,110868	28,316328	27,772343	29,415292	28,161514	27,316281	32,234696	100,071406	69,316065	30,443889	51,218492	44,725141	59,483761	50,182772	47,169322	69,352937	100,000060	30,845711	19,470100	26,315993	23,653397	29,148343	24,716787	24,854825	32,578275	100,068295
380,00	69,552207	39,132497	66,057456	60,203212	61,826915	56,132627	55,527186	68,980163	100,006258	31,773862	21,241610	28,391826	27,845651	29,458869	28,242251	27,360001	32,283863	100,057149	69,262373	30,541962	51,267546	44,750836	59,386081	50,206208	47,252697	69,337672	100,002241	30,884597	19,558698	26,373062	23,726669	29,177248	24,779823	24,920614	32,608601	100,031126
381,00	69,515860	39,380023	66,090029	60,282129	61,917859	56,229442	55,621868	68,974960	99,985754	31,829974	21,360388	28,470841	27,934927	29,519224	28,291601	27,445114	32,348877	100,045431	69,278228	30,670407	51,342350	44,825208	59,301209	50,257707	47,316468	69,299436	100,028098	30,952919	19,650155	26,449710	23,802149	29,215747	24,844992	24,988149	32,659575	99,983466
382,00	69,502997	39,614746	66,081780	60,363376	61,992002	56,302077	55,692357	68,957728	99,992442	31,895688	21,481727	28,546363	28,017074	29,570901	28,357872	27,515715	32,415211	100,006223	69,236213	30,822459	51,425922	44,883955	59,253329	50,304335	47,417355	69,293875	100,078547	31,041899	19,768523	26,541173	23,892929	29,251647	24,917352	25,073805	32,732707	99,985957
383,00	69,449723	39,866030	66,103911	60,452610	62,038440	56,375510	55,773389	68,918467	99,956900	31,970611	21,618368	28,625458	28,098670	29,628137	28,430185	27,614459	32,478759	99,942833	69,247770	30,969560	51,499128	44,946155	59,207439	50,359732	47,494465	69,233978	100,085485	31,114227	19,873552	26,637542	23,991324	29,300675	24,977930	25,135744	32,785702	99,963593
384,00	69,427609	40,113139	66,111475	60,530210	62,074202	56,442732	55,895346	68,890780	99,959409	32,032269	21,743622	28,660977	28,166497	29,672074	28,517389	27,669495	32,512665	99,904513	69,178146	31,120461	51,512235	44,993484	59,155107	50,398654	47,587636	69,193184	100,048852	31,178704	19,990477	26,744401	24,089356	29,351151	25,057122	25,225991	32,865402	100,045872
385,00	69,388968	40,342271	66,106141	60,601652	62,115496	56,505680	55,969548	68,842596	99,908048	32,096019	21,865770	28,741613	28,242967	29,733419	28,601953	27,742219	32,570326	99,935752	69,148946	31,255081	51,570433	45,043963	59,065020	50,429964	47,661328	69,176239	100,010216	31,226692	20,080197	26,808423	24,154383	29,367638	25,133702	25,284499	32,909247	100,030637
386,00	69,374663	40,600994	66,097718	60,669452	62,186772	56,602192	56,069559	68,822515	99,946994	32,157683	21,974686	28,805220	28,333893	29,791659	28,682193	27,811190	32,639125	99,954325	69,119209	31,399527	51,635337	45,097473	59,029341	50,506365	47,738841	69,167566	100,013006	31,310698	20,206089	26,891610	24,245997	29,406476	25,205567	25,354716	32,989898	100,065947
387,00	69,370019	40,869397	66,101378	60,769314	62,224013	56,714356	56,148952	68,775809	99,959373	32,226771	22,111243	28,890294	28,413162	29,854676	28,759241	27,888063	32,714063	99,949282	69,080353	31,533715	51,718909	45,124477	58,977121	50,576001	47,793102	69,141001	99,999928	31,392583	20,315519	26,956198	24,321359	29,448053	25,270927	25,418752	33,022884	100,021720
388,00	69,374037	41,145098	66,148651	60,906184	62,265444	56,862050	56,276262	68,770349	100,023508	32,308468	22,246049	28,956389	28,501639	29,916251	28,850853	27,964044	32,796067	99,926370	69,036615	31,678376	51,748979	45,174450	58,960140	50,666392	47,858441	69,099319	99,998009	31,471795	20,431244	27,063122	24,427986	29,531783	25,333905	25,505713	33,105648	100,061774
389,00	69,350487	41,351628	66,156983	60,993224	62,289453	56,962693	56,362230	68,727487	100,010037	32,395327	22,382227	29,035050	28,567880	29,974028	28,925389	28,044975	32,870036	99,950498	68,986076	31,814116	51,782209	45,230609	58,914304	50,712347	47,948411	69,053304	99,956816	31,537530	20,519716	27,158728	24,499893	29,574212	25,394949	25,580186	33,143270	100,052309
390,00	69,325536	41,556004	66,166741	61,058569	62,350857	57,050771	56,449819	68,734497	99,988657	32,461956	22,497009	29,103965	28,658000	30,041230	29,012108	28,137740	32,957327	99,994969	68,972921	31,939429	51,832002	45,304310	58,895373	50,762433	48,056948	69,054586	99,966860	31,587699	20,620821	27,256095	24,578558	29,617378	25,456721	25,656071	33,211187	100,063968
391,00	69,294548	41,757435	66,160363	61,089522	62,416875	57,111526	56,530917	68,712103	99,965018	32,511121	22,611658	29,159153	28,728074	30,099839	29,062659	28,213072	33,005783	99,989557	68,984932	32,062724	51,893812	45,358670	58,855897	50,811994	48,142025	69,038141	99,963742	31,641179	20,710632	27,317420	24,640961	29,634288	25,521833	25,703245	33,244023	100,010467
392,00	69,241142	41,970488	66,149390	61,130923	62,448728	57,150120	56,595385	68,679863	99,924988	32,558307	22,720492	29,206294	28,802195	30,160043	29,127693	28,283602	33,066314	100,004613	68,989080	32,191867	51,961011	45,421901	58,840066	50,864673	48,230779	69,024712	100,025594	31,684068	20,798628	27,373788	24,711157	29,687265	25,590217	25,771475	33,299953	99,982750
393,00	69,205636	42,184079	66,126364	61,201346	62,464750	57,212985	56,662410	68,632478	99,941772	32,629567	22,843339	29,277703	28,857279	30,199254	29,185724	28,343791	33,120322	100,033331	68,983787	32,316440	52,007449	45,463946	58,806795	50,930697	48,297077	68,970418	100,003290	31,751424	20,877439	27,437478	24,781479	29,727942	25,662851	25,832528	33,348596	99,964070
394,00	69,178450	42,387849	66,135442	61,274648	62,466890	57,284087	56,727022	68,596232	99,910057	32,682309	22,950372	29,340950	28,922296	30,236191	29,258931	28,414506	33,191097	100,073576	68,928498	32,414794	52,086914	45,508423	58,757609	50,988603	48,377702	68,946075	100,001884	31,823996	20,976041	27,515626	24,858224	29,785058	25,748006	25,913045	33,411744	100,023806
395,00	69,183087	42,613164	66,166633	61,356401	62,520295	57,380807	56,826437	68,584043	99,946165	32,729957	23,066077	29,417914	29,004684	30,285567	29,325020	28,488189	33,235615	100,069451	68,854362	32,513702	52,113891	45,533344	58,697599	51,035076	48,436511	68,899536	99,956632	31,888896	21,064875	27,581078	24,921508	29,828405	25,817221	25,965804	33,478332	100,030375
396,00	69,157189	42,797992	66,181874	61,409777	62,566954	57,449186	56,870329	68,554068	99,915320	32,780385	23,160852	29,461095	29,082522	30,342430	29,401526	28,553197	33,286104	100,068629	68,815595	32,610011	52,164412	45,561585	58,655989	51,081669	48,496670	68,884486	99,999237	31,943995	21,153048	27,636328	24,992187	29,866514	25,888693	26,022252	33,535656	100,052845
397,00	69,129890	43,001139	66,171569	61,473960	62,607145	57,523465	56,943393	68,537176	99,941874	32,854381	23,273651	29,529929	29,159537	30,393088	29,466745	28,618041	33,331779	100,050139	68,796784	32,683873	52,162856	45,580092	58,630967	51,098514	48,532620	68,820935	99,997854	31,987509	21,228170	27,675498	25,035608	29,889154	25,944316	26,079875	33,590606	100,024271
398,00	69,080251	43,185496	66,154760	61,509573	62,628782	57,585424	56,992328	68,469030	99,926448	32,913113	23,373109	29,575539	29,221880	30,441526	29,543564	28,672439	33,384967	100,057983	68,781227	32,760820	52,189392	45,571849	58,586794	51,139599	48,553985	68,790549	99,964356	32,026553	21,304598	27,741423	25,086257	29,902893	26,013717	26,150277	33,633822	100,040960
399,00	69,037175	43,379748	66,153467	61,555910	62,643141	57,652813	57,081437	68,444115	99,936563	32,940400	23,475851	29,637635	29,285684	30,487120	29,599223	28,724647	33,410907	100,004208	68,720239	32,822087	52,204305	45,561504	58,539885	51,172835	48,606175	68,753779	99,944770	32,058644	21,362801	27,795249	25,126684	29,925624	26,050231	26,210836	33,681941	100,013494
400,00	68,993437	43,553096	66,122305	61,568701	62,651610	57,677585	57,131940	68,364114	99,910957	32,968000	23,579435	29,693764	29,352427	30,542725	29,656076	28,787771	33,457145	100,009334	68,671817	32,889649	52,200878	45,537829	58,458322	51,211971	48,645321	68,734604	99,925160	32,108411	21,417536	27,857560	25,176018	29,957208	26,099414	26,258561	33,724076	100,020063
401,00	68,956888	43,745759	66,125059	61,617541	62,675065	57,749158	57,192731	68,374532	99,944359	32,993695	23,675832	29,746282	29,397225	30,574697	29,697502	28,838596	33,480144	99,968725	68,654281	32,944843	52,218914	45,518634	58,402234	51,233751	48,717701	68,704629	99,976248	32,153806	21,474792	27,891818	25,213763	29,987153	26,123628	26,303521	33,754116	100,011134
402,00	68,910819	43,914977	66,096526	61,654341	62,698054	57,790327	57,242602	68,321633	99,931192	33,030826	23,770967	29,797193	29,457709	30,604577	29,753429	28,895462	33,515245	99,959999	68,627024	32,983205	52,212572	45,482695	58,345103	51,242507	48,736247	68,654335	99,962312	32,197627	21,531425	27,934730	25,243741	30,015028	26,176825	26,350582	33,800182	100,046480
403,00	68,870270	44,092762	66,111839	61,719787	62,755138	57,879943	57,308406	68,304896	99,957800	33,056480	23,865326	29,840440	29,508030	30,636880	29,823518	28,956503	33,543712	99,956900	68,598670	33,009475	52,208906	45,457804	58,308047	51,268727	48,782337	68,602097	100,004172	32,228786	21,571498	27,962482	25,255159	30,023012	26,200074	26,398614	33,833203	99,994445
404,00	68,840700	44,241017	66,105837	61,762983	62,769383	57,921976	57,366407	68,228585	99,954915	33,125478	23,960905	29,900697	29,581004	30,691558	29,890785	29,022419	33,582959	100,000918	68,532830	33,022776	52,162004	45,397007	58,208740	51,273024	48,782611	68,562979	99,989969	32,269791	21,615709	27,990678	25,269470	30,036026	26,250738	26,448944	33,873004	99,998373
405,00	68,812644	44,402558	66,112548	61,805618	62,806201	57,994795	57,421762	68,173379	100,002909	33,165109	24,065399	29,962003	29,644287	30,751944	29,961702	29,102898	33,629376	100,035989	68,492591	33,028248	52,105880	45,317608	58,113408	51,275361	48,797944	68,507940	99,986488	32,312477	21,656981	28,014281	25,288057	30,049458	26,292786	26,496321	33,906510	100,014889
406,00	68,772501	44,576252	66,093361	61,850965	62,831110	58,048528	57,486379	68,139535	100,016284	33,213314	24,159089	30,011687	29,703608	30,795842	30,009994	29,157847	33,656251	100,047398	68,459952	33,041686	52,060533	45,231763	58,000809	51,252085	48,821789	68,488175	99,977088	32,360211	21,707968	28,054205	25,315297	30,075270	26,348624	26,538676	33,941796	100,092614
407,00	68,715823	44,746792	66,076517	61,890274	62,859368	58,106631	57,528108	68,126053	100,007665	33,219284	24,259776	30,064294	29,763192	30,838740	30,074635	29,229537	33,697152	100,028527	68,423533	33,032280	52,017742	45,151386	57,907510	51,241648	48,829791	68,435282	99,964416	32,391509	21,730410	28,087556	25,315443	30,085501	26,384759	26,565462	33,986881	100,086260
408,00	68,651479	44,915408	66,059136	61,921966	62,868452	58,149099	57,592273	68,101156	99,963462	33,244908	24,347407	30,106199	29,818276	30,866495	30,125365	29,279366	33,720577	99,992007	68,402046	33,044922	51,992953	45,101056	57,822680	51,239282	48,852280	68,420404	100,002277	32,426435	21,758240	28,114858	25,321984	30,091110	26,414093	26,605174	34,014666	100,057638
409,00	68,625098	45,070690	66,064024	61,971450	62,891805	58,215314	57,639241	68,056267	99,953407	33,259246	24,438965	30,151808	29,871246	30,898097	30,184838	29,337919	33,753583	99,971426	68,356103	33,052740	51,958865	45,034331	57,732290	51,252198	48,880279	68,398070	100,018156	32,437545	21,773750	28,123629	25,326985	30,094567	26,435614	26,646325	34,041461	99,994558
410,00	68,592417	45,219684	66,042417	62,005740	62,909567	58,263540	57,699949	68,033075	99,945623	33,297715	24,529143	30,202305	29,928225	30,926833	30,240911	29,383099	33,784854	100,000989	68,327463	33,054379	51,910734	44,951096	57,620555	51,251036	48,906001	68,363136	100,021505	32,466298	21,806432	28,136256	25,347793	30,089867	26,460326	26,700434	34,057200	99,979532
411,00	68,575078	45,374921	66,051030	62,037033	62,936461	58,315736	57,744575	67,997950	99,982023	33,346301	24,628113	30,250901	29,998001	30,979654	30,303088	29,439956	33,835724	100,045109	68,287981	33,044255	51,881236	44,878265	57,498991	51,250899	48,914623	68,325311	99,995399	32,494113	21,837249	28,160208	25,362957	30,096662	26,498428	26,745489	34,089264	99,983072
412,00	68,530816	45,528722	66,033578	62,045199	62,934840	58,366710	57,795316	67,940938	99,973506	33,390948	24,727127	30,306554	30,064946	31,030998	30,361569	29,503217	33,878431	100,044954	68,256050	33,044207	51,842940	44,814959	57,402921	51,232088	48,904771	68,248254	99,958682	32,541046	21,879767	28,182656	25,378272	30,104348	26,545730	26,791057	34,135097	99,961889
413,00	68,512392	45,694062	66,029966	62,085623	62,977600	58,436376	57,859701	67,876577	99,968714	33,432743	24,830979	30,348283	30,121824	31,077170	30,424342	29,571480	33,909458	100,026286	68,251258	33,080998	51,852155	44,804263	57,342833	51,257372	48,942333	68,215799	100,019407	32,575971	21,922806	28,210038	25,399551	30,124334	26,590577	26,832169	34,178135	99,976373
414,00	68,469954	45,882168	66,010642	62,126756	62,993115	58,490312	57,914263	67,851859	99,961615	33,469447	24,936143	30,400193	30,174771	31,127465	30,496663	29,641593	33,945453	100,041127	68,183976	33,106175	51,786077	44,736210	57,249045	51,230347	48,952541	68,145806	99,999583	32,601455	21,958633	28,227904	25,408027	30,130285	26,626781	26,865196	34,202319	99,950957
415,00	68,434256	46,065184	65,996492	62,181944	63,037199	58,542144	57,984775	67,833799	99,979830	33,505237	25,035644	30,454507	30,222750	31,163713	30,551580	29,697210	33,964255	100,047457	68,158412	33,147827	51,762819	44,699433	57,166964	51,244235	48,991221	68,106055	100,024426	32,625407	21,999593	28,266406	25,429443	30,132359	26,656502	26,904038	34,231156	99,992198
416,00	68,399394	46,245605	65,984052	62,189329	63,049746	58,589101	58,033514	67,802966	99,981391	33,525538	25,127769	30,510890	30,283195	31,198540	30,594534	29,740095	33,985886	100,033712	68,078965	33,188093	51,728320	44,650257	57,074976	51,206702	48,988464	68,040121	99,970543	32,649150	22,040080	28,291169	25,458679	30,143857	26,692903	26,949263	34,252954	99,991876
417,00	68,382865	46,397319	65,977550	62,223125	63,070995	58,663410	58,104616	67,765355	99,997568	33,539736	25,220022	30,555183	30,336928	31,217101	30,630141	29,774070	34,002456	100,003314	68,067169	33,259895	51,748717	44,670817	57,029927	51,251704	49,046296	68,016595	100,004888	32,686290	22,102807	28,332010	25,497377	30,165416	26,734045	27,008563	34,295732	100,034094
418,00	68,346423	46,570882	65,992391	62,246966	63,078153	58,720642	58,148515	67,746115	100,011444	33,549380	25,312495	30,601418	30,394804	31,245819	30,686057	29,819703	34,037888	100,022221	68,009835	33,321857	51,748842	44,645354	56,981283	51,265085	49,072999	67,983115	99,978238	32,710993	22,156115	28,351283	25,533497	30,189773	26,768014	27,066126	34,310514	100,014591
419,00	68,285948	46,750957	65,988213	62,307191	63,072115	58,777452	58,204466	67,702478	100,028408	33,582151	25,410226	30,652350	30,441743	31,287789	30,747452	29,864827	34,075353	100,019336	67,974007	33,385724	51,745850	44,633853	56,939608	51,310587	49,119020	67,952996	99,995607	32,742310	22,215644	28,398782	25,564313	30,206376	26,815072	27,114645	34,341508	99,987203
420,00	68,221742	46,936199	65,965849	62,333453	63,070863	58,826780	58,252209	67,622656	100,004172	33,624080	25,508559	30,708447	30,493408	31,334078	30,806676	29,930791	34,109727	100,022912	67,924219	33,452073	51,750612	44,610989	56,876200	51,314104	49,148026	67,894477	99,976355	32,768995	22,265977	28,433099	25,601929	30,220231	26,854360	27,155843	34,363827	99,962014
421,00	68,175387	47,118855	65,956932	62,361676	63,077468	58,896291	58,329225	67,587638	100,014126	33,660725	25,601363	30,753550	30,545625	31,374827	30,852470	29,982400	34,137118	99,979246	67,891115	33,530411	51,763231	44,633088	56,819761	51,351368	49,211040	67,855966	100,004697	32,801944	22,334890	28,487754	25,635234	30,240688	26,903647	27,203715	34,392110	99,970359
422,00	68,162966	47,295299	65,961754	62,391734	63,099539	58,974200	58,406204	67,552429	100,043237	33,697468	25,703695	30,811307	30,615142	31,414104	30,913466	30,063194	34,171373	99,999487	67,859346	33,598605	51,788735	44,639802	56,755948	51,383138	49,269640	67,806786	99,998879	32,836726	22,401032	28,522816	25,672653	30,267343	26,951897	27,259088	34,429437	99,985623
423,00	68,132502	47,486240	65,953928	62,435931	63,134325	59,023625	58,469468	67,534256	100,044513	33,725700	25,792915	30,851486	30,669951	31,438768	30,964291	30,121252	34,195876	99,995583	67,833769	33,677137	51,808333	44,661927	56,704438	51,419771	49,320477	67,781746	100,011623	32,853740	22,465271	28,555846	25,708938	30,286011	26,991677	27,315399	34,456539	99,951851
424,00	68,086523	47,663602	65,919626	62,458831	63,133532	59,062397	58,507168	67,445290	100,010347	33,776027	25,903571	30,912057	30,733979	31,484398	31,043628	30,188918	34,247082	100,050604	67,783076	33,741587	51,831412	44,660777	56,660205	51,436311	49,352780	67,749459	99,990541	32,892334	22,522339	28,603742	25,749794	30,315298	27,037236	27,373129	34,502742	99,956614
425,00	68,009710	47,836721	65,902412	62,478006	63,133681	59,090346	58,545798	67,378783	99,955785	33,795184	26,000392	30,947474	30,780879	31,517610	31,102076	30,244952	34,275636	100,036764	67,756265	33,823377	51,848292	44,672611	56,621313	51,462215	49,402589	67,718756	100,013995	32,921883	22,571604	28,647354	25,788110	30,332169	27,088693	27,419454	34,526622	99,965125
426,00	67,959374	48,019627	65,907633	62,512589	63,152719	59,153575	58,618605	67,323279	99,953490	33,816189	26,104751	31,004122	30,832177	31,562158	31,174263	30,305478	34,315258	100,047815	67,721850	33,880442	51,853973	44,653949	56,553346	51,479220	49,444473	67,678553	100,030911	32,964310	22,618814	28,691977	25,815117	30,353013	27,133811	27,462462	34,547997	99,980772
427,00	67,957848	48,205358	65,911019	62,562406	63,191926	59,217882	58,686632	67,315602	99,983156	33,833012	26,204315	31,057763	30,883920	31,594568	31,224090	30,364212	34,337237	100,021970	67,696875	33,932713	51,841795	44,635975	56,478393	51,508433	49,495229	67,652273	100,049162	32,989517	22,667333	28,706110	25,840700	30,345878	27,186486	27,503076	34,573182	99,981570
428,00	67,944282	48,400441	65,897089	62,611705	63,235515	59,286511	58,763736	67,289805	100,024724	33,880737	26,313803	31,112084	30,936784	31,632817	31,283996	30,419564	34,372652	100,049317	67,641640	33,952764	51,819092	44,597095	56,406415	51,503325	49,515700	67,603493	100,032401	33,019361	22,709955	28,742769	25,874904	30,358407	27,224052	27,552643	34,598270	99,963778
429,00	67,921275	48,589498	65,895438	62,645346	63,258761	59,358203	58,815247	67,271513	100,049531	33,914715	26,414603	31,161723	30,996582	31,662333	31,334990	30,466560	34,394732	100,043643	67,597044	33,980152	51,785082	44,593266	56,338817	51,520658	49,552935	67,583221	100,050569	33,050522	22,767150	28,772405	25,893182	30,367029	27,268660	27,606344	34,639531	99,960542
430,00	67,858785	48,790985	65,897256	62,682992	63,297749	59,428787	58,890808	67,227226	100,066936	33,938468	26,517069	31,210384	31,052297	31,699470	31,411326	30,529863	34,416333	100,038481	67,558098	34,002563	51,776093	44,537234	56,264722	51,531458	49,573299	67,536628	100,064063	33,086380	22,801085	28,819749	25,922334	30,397052	27,303949	27,654174	34,680521	99,961203
431,00	67,833769	48,991460	65,899175	62,730151	63,318866	59,511077	58,960772	67,198676	100,078571	33,957326	26,609352	31,262776	31,116480	31,744111	31,477758	30,596817	34,446308	100,035512	67,523348	34,019536	51,733911	44,484943	56,171322	51,543063	49,605671	67,499089	100,077593	33,116004	22,843409	28,843808	25,923777	30,402613	27,336633	27,697560	34,713867	99,945313
432,00	67,786181	49,189585	65,892631	62,775433	63,336366	59,569335	59,030253	67,163056	100,102055	33,992645	26,713860	31,314245	31,189361	31,790039	31,542212	30,666444	34,493732	100,042796	67,479593	34,028289	51,707041	44,396105	56,079561	51,532698	49,641192	67,426753	100,034738	33,134937	22,878283	28,874549	25,946680	30,414033	27,378306	27,743784	34,748536	99,949819
433,00	67,730600	49,368408	65,874261	62,803346	63,333374	59,629226	59,081113	67,117798	100,077796	34,032086	26,820171	31,370580	31,259438	31,829157	31,591803	30,725932	34,533954	100,045407	67,446035	34,039608	51,674247	44,360518	56,001067	51,528460	49,674869	67,379433	100,010562	33,158094	22,925995	28,902644	25,957689	30,415139	27,418214	27,792901	34,766608	99,926573
434,00	67,666513	49,548739	65,847319	62,815428	63,329226	59,679961	59,142536	67,087102	100,074685	34,065938	26,930252	31,418106	31,319031	31,866294	31,647176	30,777174	34,573826	100,038695	67,398691	34,076884	51,663041	44,329438	55,930305	51,539797	49,704561	67,341405	99,984366	33,193156	22,972013	28,926963	25,983971	30,430543	27,456728	27,839178	34,793323	99,944723
435,00	67,597961	49,722385	65,813226	62,850279	63,324720	59,735847	59,191984	67,048103	100,047541	34,084547	27,042654	31,469047	31,369308	31,895471	31,706625	30,832258	34,589192	100,022209	67,362159	34,121341	51,649183	44,313678	55,861491	51,567870	49,729860	67,307669	99,980897	33,237544	23,015174	28,949359	26,018029	30,443206	27,499732	27,886224	34,813896	99,936426
436,00	67,570138	49,891239	65,804315	62,887299	63,344961	59,783125	59,264904	67,010707	100,037146	34,112635	27,145666	31,505433	31,420717	31,933403	31,758815	30,888122	34,616134	100,026774	67,301369	34,184897	51,637316	44,302616	55,805117	51,582152	49,777454	67,250884	99,983406	33,268538	23,067354	28,981847	26,048282	30,474442	27,544165	27,938569	34,845498	99,953985
437,00	67,522353	50,070238	65,796822	62,927288	63,387316	59,843081	59,330738	66,966176	100,025213	34,142056	27,248597	31,564683	31,476676	31,961158	31,819868	30,943757	34,637791	100,020671	67,259103	34,252062	51,632178	44,319382	55,766970	51,611251	49,844220	67,224813	99,988592	33,301640	23,130205	29,032481	26,088724	30,509913	27,598840	28,004676	34,878299	99,951535
438,00	67,503184	50,246906	65,796661	62,930465	63,414580	59,902221	59,405917	66,910887	100,015295	34,177807	27,345926	31,614295	31,524464	32,008466	31,886512	31,013301	34,673172	100,018859	67,209816	34,343490	51,671493	44,361359	55,752397	51,650715	49,926436	67,184693	100,011015	33,332768	23,205020	29,099020	26,133189	30,548525	27,657554	28,058919	34,918481	99,956810
439,00	67,455912	50,436354	65,775359	62,943202	63,441592	59,975642	59,456086	66,858011	100,023866	34,215260	27,434143	31,650725	31,572020	32,043025	31,952149	31,068072	34,695774	100,010204	67,182314	34,458786	51,718974	44,430560	55,741346	51,709354	49,999359	67,149633	100,015283	33,372194	23,282097	29,151422	26,185617	30,582076	27,721450	28,123435	34,959537	99,961799
440,00	67,403102	50,589800	65,744257	62,962282	63,454515	60,030854	59,475130	66,809732	100,010037	34,241852	27,527696	31,691217	31,634408	32,080871	32,013229	31,125426	34,726155	99,989051	67,145723	34,597945	51,802015	44,515720	55,749971	51,781541	50,087905	67,092264	100,034666	33,402714	23,374817	29,211336	26,248518	30,630845	27,784148	28,188089	34,998930	99,965727
441,00	67,365515	50,755918	65,731883	62,992495	63,472933	60,106486	59,536785	66,777658	100,016487	34,279674	27,623457	31,751898	31,698456	32,124197	32,074520	31,181645	34,764194	99,991208	67,101532	34,748608	51,855999	44,618529	55,782133	51,861238	50,165480	67,051512	100,036418	33,428529	23,459391	29,265442	26,318258	30,687010	27,851447	28,268251	35,023203	99,980080
442,00	67,324746	50,892365	65,714532	63,009614	63,463205	60,143113	59,580702	66,747338	99,990690	34,313065	27,733865	31,821513	31,770492	32,160845	32,136384	31,238484	34,809053	100,034606	67,050356	34,912091	51,936692	44,717914	55,824941	51,944673	50,261188	67,002940	100,036466	33,442637	23,559259	29,338554	26,410338	30,741414	27,918258	28,344828	35,048795	99,976540
443,00	67,299616	51,046163	65,709543	63,037920	63,450581	60,189104	59,643197	66,699046	99,977845	34,340256	27,826133	31,861991	31,816745	32,202771	32,183543	31,299347	34,841391	100,068271	67,021942	35,097077	52,020657	44,848374	55,892378	52,056658	50,367188	66,971803	100,020206	33,467761	23,666932	29,420426	26,506040	30,796874	28,003174	28,419214	35,077289	99,991083
444,00	67,261755	51,183820	65,684044	63,058472	63,463926	60,215795	59,683716	66,657317	99,973577	34,369197	27,921578	31,896502	31,866729	32,241088	32,236803	31,346649	34,868050	100,086248	66,990602	35,295975	52,132612	44,983113	55,946016	52,163452	50,492990	66,929471	99,994558	33,499300	23,788351	29,515383	26,600799	30,869970	28,078657	28,501898	35,114324	100,001585
445,00	67,220658	51,325589	65,688837	63,093060	63,492185	60,275847	59,745908	66,610682	100,007319	34,398791	28,003418	31,935874	31,910905	32,280073	32,289493	31,406054	34,894192	100,064576	66,974282	35,503787	52,241725	45,150509	56,036711	52,291882	50,617445	66,887367	99,999392	33,535740	23,900169	29,596344	26,689491	30,950782	28,171784	28,576043	35,141617	100,006557
446,00	67,188907	51,445049	65,657377	63,088787	63,489795	60,317796	59,807295	66,578764	100,001860	34,433353	28,087270	31,988412	31,956086	32,312307	32,353589	31,456506	34,929088	100,036705	66,935802	35,715780	52,363825	45,331714	56,130469	52,393228	50,747728	66,854745	100,028753	33,563891	24,002190	29,679674	26,780915	31,024781	28,248709	28,656560	35,174820	99,990726
447,00	67,149371	51,570272	65,628779	63,088727	63,478518	60,370791	59,854382	66,540718	99,991572	34,458774	28,165552	32,037869	31,998801	32,335663	32,407799	31,512451	34,954089	100,022602	66,905141	35,920009	52,489871	45,508778	56,249285	52,512389	50,868326	66,838145	100,038731	33,593386	24,103831	29,753342	26,879486	31,084213	28,333455	28,731996	35,208297	99,970555
448,00	67,102033	51,688033	65,597045	63,072956	63,461131	60,428059	59,886438	66,501528	99,988091	34,470448	28,249618	32,087916	32,052219	32,373124	32,463649	31,565493	34,993163	100,004673	66,852427	36,116159	52,597290	45,666438	56,328672	52,621490	50,985211	66,817743	100,033689	33,624050	24,217474	29,848155	26,984793	31,160432	28,407112	28,810871	35,246873	99,962336
449,00	67,058456	51,812530	65,596223	63,074708	63,481355	60,481793	59,923452	66,452360	99,989110	34,506837	28,335711	32,135096	32,114133	32,410949	32,516521	31,614387	35,022259	100,001264	66,797149	36,277086	52,701259	45,796722	56,389600	52,718616	51,072645	66,764528	99,977881	33,662760	24,329832	29,929680	27,080283	31,232294	28,488871	28,886262	35,277566	99,974144
450,00	67,015374	51,912570	65,591574	63,093811	63,477373	60,514510	59,962350	66,410428	99,977076	34,525281	28,404054	32,162175	32,158783	32,440701	32,550418	31,653351	35,055831	99,973083	66,742837	36,444977	52,779204	45,901260	56,457967	52,801740	51,176113	66,702700	99,961305	33,692151	24,440879	30,005249	27,165282	31,304589	28,561065	28,957036	35,302776	99,975616
451,00	67,009807	52,033663	65,583283	63,124484	63,473678	60,549808	60,006481	66,372979	99,983251	34,559020	28,471556	32,191238	32,192853	32,470241	32,610482	31,708318	35,080212	99,982053	66,698831	36,596054	52,872467	46,016449	56,531292	52,882141	51,267374	66,652155	99,956685	33,730739	24,538828	30,076426	27,251300	31,365135	28,635210	29,031852	35,334247	99,983144
452,00	66,986573	52,152467	65,588099	63,151342	63,486409	60,615563	60,072553	66,374445	100,000179	34,569865	28,534079	32,224002	32,214326	32,496142	32,657519	31,755072	35,100162	99,977976	66,682518	36,760280	52,938092	46,131116	56,599814	52,962726	51,392579	66,604483	99,990058	33,754063	24,630167	30,149582	27,332917	31,421602	28,700617	29,101852	35,364369	100,003052
453,00	66,970420	52,249938	65,577459	63,148755	63,511616	60,662609	60,113454	66,339117	100,013268	34,607959	28,609824	32,278958	32,268158	32,530501	32,725877	31,827310	35,131681	99,997842	66,652334	36,892354	53,009903	46,233448	56,642896	53,038037	51,476651	66,561455	99,991822	33,792892	24,711603	30,221334	27,407464	31,478950	28,769904	29,179338	35,394832	100,029206
454,00	66,917342	52,335590	65,550321	63,148439	63,545740	60,699505	60,171407	66,309530	99,998373	34,639356	28,670791	32,323155	32,311097	32,564086	32,774913	31,869036	35,152569	99,963164	66,611868	37,000012	53,049445	46,321109	56,667036	53,101277	51,561487	66,520071	99,985933	33,830461	24,805036	30,282086	27,469146	31,535727	28,834206	29,255334	35,427403	100,055087
455,00	66,870469	52,411371	65,530849	63,125885	63,538951	60,724318	60,191756	66,238314	99,996638	34,685847	28,751379	32,380965	32,373387	32,619298	32,848316	31,944236	35,203594	99,998873	66,558808	37,095809	53,093123	46,387970	56,694537	53,164542	51,617628	66,496348	99,971342	33,872566	24,874283	30,331630	27,530286	31,587440	28,901109	29,319727	35,462758	100,058210
456,00	66,825759	52,502471	65,520579	63,130021	63,542348	60,782480	60,238004	66,205072	100,003934	34,712738	28,816915	32,432514	32,403851	32,657090	32,909805	31,993687	35,234967	99,979311	66,518426	37,184429	53,137815	46,457660	56,707919	53,220111	51,672804	66,485387	99,966544	33,902204	24,942754	30,394059	27,594483	31,643468	28,964490	29,385316	35,491520	100,046349
457,00	66,798300	52,578902	65,519494	63,120836	63,530517	60,830170	60,258955	66,185117	100,008380	34,749669	28,893113	32,487544	32,457656	32,698214	32,968548	32,053050	35,274276	100,014555	66,498458	37,279963	53,196758	46,522960	56,760913	53,295130	51,750654	66,485405	99,981844	33,908704	24,994875	30,442193	27,645829	31,677741	29,023558	29,437301	35,512465	100,024176
458,00	66,784823	52,664047	65,487742	63,147092	63,540697	60,870790	60,294461	66,155732	100,011671	34,778059	28,958350	32,532465	32,495606	32,729003	33,013517	32,090145	35,301983	100,003576	66,462195	37,363279	53,239334	46,584275	56,782168	53,359884	51,821941	66,454774	99,976432	33,931565	25,063995	30,497018	27,691534	31,721437	29,076102	29,497704	35,537282	99,995506
459,00	66,749787	52,739286	65,464050	63,142961	63,544321	60,899073	60,318846	66,117805	100,014400	34,813046	29,021555	32,566300	32,534596	32,769704	33,070958	32,132298	35,332164	100,039446	66,427970	37,446967	53,252119	46,644405	56,808382	53,415114	51,900953	66,413480	99,984747	33,947524	25,132048	30,538526	27,744606	31,757787	29,132047	29,551402	35,561535	99,982482
460,00	66,696388	52,820677	65,441805	63,148367	63,540912	60,927844	60,356128	66,072792	100,007296	34,834594	29,083160	32,597607	32,562131	32,801864	33,116969	32,179660	35,364109	100,032520	66,387665	37,533414	53,269291	46,688247	56,811571	53,460580	51,965219	66,366082	99,980628	33,983412	25,195211	30,584785	27,804327	31,803781	29,186213	29,597354	35,581449	99,985021
461,00	66,622323	52,868974	65,420842	63,120729	63,519865	60,956454	60,385549	66,015625	99,993289	34,856099	29,139405	32,633355	32,606420	32,832032	33,174351	32,230067	35,387528	100,019550	66,363639	37,617394	53,295201	46,731278	56,833082	53,511697	52,031809	66,345495	99,993616	34,005651	25,265154	30,640930	27,869621	31,848809	29,242003	29,654866	35,601988	99,981099
462,00	66,579062	52,927679	65,408057	63,117069	63,513929	60,986006	60,419387	65,977216	99,985105	34,873685	29,190695	32,674935	32,656038	32,866222	33,212325	32,277662	35,419369	100,007534	66,325241	37,719455	53,344840	46,787235	56,866419	53,575152	52,090865	66,303170	99,992251	34,041294	25,340149	30,700597	27,922729	31,907091	29,299453	29,712144	35,637456	99,992126
463,00	66,562164	52,989733	65,395814	63,107824	63,519526	61,015004	60,450184	65,934807	100,003088	34,909618	29,243377	32,718277	32,697988	32,900113	33,267125	32,321233	35,448045	99,981529	66,282707	37,822190	53,380138	46,858323	56,894153	53,614122	52,139360	66,262460	99,983519	34,065434	25,415504	30,760455	27,979949	31,957278	29,358757	29,772559	35,675639	99,986017
464,00	66,554123	53,069663	65,404028	63,127786	63,540250	61,049163	60,495889	65,922892	100,010455	34,940654	29,298490	32,754216	32,736552	32,928342	33,308721	32,363269	35,478595	99,972188	66,220927	37,933156	53,419322	46,926618	56,928182	53,658754	52,181113	66,206872	99,962854	34,093601	25,489864	30,819345	28,052291	32,019454	29,438409	29,833013	35,723644	100,007892
465,00	66,526031	53,146338	65,394968	63,131356	63,524246	61,073685	60,531771	65,884644	100,016153	34,981370	29,371154	32,789412	32,781065	32,957122	33,354306	32,411006	35,511550	99,964964	66,167778	38,040629	53,459811	47,018299	56,976765	53,700197	52,234912	66,162843	99,955559	34,132534	25,564232	30,866873	28,130823	32,071316	29,501128	29,888687	35,760930	100,008810
466,00	66,492575	53,209394	65,377724	63,154054	63,525605	61,099726	60,555100	65,846038	100,015283	35,008880	29,436854	32,823712	32,825580	32,990220	33,400249	32,461780	35,536706	99,968088	66,125572	38,158864	53,507274	47,110015	57,026112	53,771836	52,305406	66,129512	99,958956	34,180909	25,648755	30,934465	28,202981	32,138646	29,569614	29,958975	35,788259	100,036144
467,00	66,430116	53,254706	65,342164	63,128340	63,503587	61,131704	60,554606	65,789151	100,000334	35,038528	29,493850	32,860959	32,852906	33,026165	33,446690	32,519367	35,558319	99,954218	66,093844	38,299420	53,556651	47,212052	57,075483	53,838515	52,381057	66,092384	99,964106	34,223607	25,729561	30,985224	28,268504	32,188851	29,616660	30,011520	35,805100	100,014043
468,00	66,377777	53,304404	65,298003	63,118213	63,504362	61,156863	60,541052	65,732062	99,971670	35,064179	29,553354	32,901070	32,877809	33,063471	33,492589	32,569045	35,595256	99,937963	66,064292	38,451362	53,614610	47,310802	57,104504	53,918773	52,456421	66,068482	99,948192	34,247822	25,811929	31,058657	28,330839	32,252911	29,682755	30,071765	35,833782	99,994469
469,00	66,317999	53,352219	65,258735	63,090396	63,472956	61,177981	60,543942	65,680122	99,936622	35,101062	29,607436	32,942364	32,917613	33,102322	33,539143	32,620758	35,634109	99,948192	66,018891	38,607267	53,693026	47,407654	57,164061	53,993380	52,512890	66,021001	99,937463	34,277141	25,901681	31,118676	28,418091	32,323429	29,752341	30,136630	35,871413	99,993509
470,00	66,286933	53,422534	65,221995	63,096821	63,465834	61,199057	60,564864	65,652728	99,936831	35,133225	29,659736	32,985848	32,965991	33,143315	33,593473	32,667634	35,677096	99,967688	65,985268	38,768032	53,784990	47,531068	57,223362	54,077959	52,592164	65,998709	99,945045	34,305277	25,999236	31,194159	28,497985	32,408541	29,818192	30,209151	35,919833	100,018299
471,00	66,253507	53,498834	65,198117	63,102251	63,459331	61,235201	60,606587	65,640211	99,980104	35,172996	29,717925	33,035648	33,015534	33,185399	33,655548	32,714063	35,710698	100,009871	65,936309	38,919583	53,855908	47,637454	57,274020	54,124171	52,655530	65,946466	99,950141	34,335324	26,096675	31,249785	28,584275	32,481652	29,880914	30,275202	35,937190	100,025821
472,00	66,227716	53,573620	65,189153	63,102293	63,474947	61,256087	60,632938	65,618730	100,001228	35,194474	29,782277	33,084691	33,047870	33,222222	33,704793	32,754004	35,734135	100,020242	65,899253	39,088207	53,925705	47,774032	57,322979	54,182386	52,729201	65,907919	99,937463	34,355411	26,188540	31,312159	28,652894	32,536960	29,942071	30,332813	35,968399	99,994445
473,00	66,205877	53,646803	65,179753	63,113582	63,478845	61,269850	60,668290	65,605307	100,009978	35,221103	29,847360	33,126983	33,081463	33,260798	33,745289	32,799640	35,763896	100,029171	65,873390	39,270526	53,994244	47,906491	57,396120	54,251540	52,797711	65,875465	99,946624	34,376308	26,279426	31,370744	28,729117	32,597667	30,008584	30,391273	35,986876	99,986911
474,00	66,186261	53,702891	65,188080	63,122696	63,488293	61,276174	60,681474	65,576071	100,005054	35,249081	29,907188	33,160678	33,114055	33,300644	33,787322	32,858562	35,792211	100,023556	65,851015	39,458638	54,096508	48,039037	57,489884	54,335743	52,874422	65,862465	99,946344	34,409931	26,377532	31,448296	28,811038	32,655501	30,084193	30,453229	36,032230	100,014400
475,00	66,151422	53,782517	65,165746	63,141620	63,481641	61,302495	60,704744	65,543967	99,996668	35,282138	29,970214	33,194566	33,152339	33,343011	33,829892	32,907903	35,835510	100,028956	65,835243	39,643306	54,168409	48,173919	57,569927	54,417056	52,952212	65,847754	99,968576	34,443420	26,469806	31,517708	28,890219	32,725102	30,141184	30,509135	36,054853	100,026858
476,00	66,111398	53,857481	65,143412	63,137501	63,469088	61,316210	60,703516	65,491986	99,998224	35,317326	30,036208	33,238155	33,185050	33,368674	33,880666	32,955322	35,869902	100,023067	65,778619	39,792049	54,229450	48,292613	57,614249	54,467529	53,004670	65,797448	99,951333	34,486189	26,564550	31,588674	28,973195	32,791746	30,203283	30,570114	36,086380	100,024605
477,00	66,077787	53,945875	65,102458	63,136953	63,447958	61,339080	60,729021	65,459085	99,981719	35,344660	30,100435	33,284429	33,222243	33,395877	33,927998	32,992950	35,893071	100,019431	65,747368	39,955303	54,290104	48,424056	57,655549	54,520476	53,066087	65,756017	99,976343	34,509322	26,658332	31,654212	29,047909	32,857028	30,256873	30,625039	36,118734	100,038016
478,00	66,050392	54,021519	65,073812	63,124430	63,444412	61,354381	60,756391	65,427881	99,985158	35,370010	30,158728	33,335668	33,262351	33,430302	33,981264	33,036733	35,923675	100,020850	65,703702	40,095398	54,361963	48,527500	57,676798	54,558766	53,119028	65,705144	99,955535	34,547412	26,746407	31,716752	29,127949	32,925251	30,324179	30,684209	36,155593	100,053430
479,00	66,019553	54,094392	65,062571	63,141465	63,454437	61,367840	60,789949	65,403128	99,988610	35,403118	30,224639	33,373034	33,305314	33,474681	34,032792	33,081940	35,953739	100,036323	65,680444	40,242192	54,435974	48,642537	57,701242	54,612499	53,192502	65,672356	99,941200	34,579593	26,841375	31,784335	29,205480	32,983798	30,387452	30,748993	36,194831	100,074458
480,00	65,980309	54,161191	65,045798	63,150287	63,450605	61,391318	60,813642	65,367556	100,001121	35,428157	30,275720	33,402005	33,346391	33,498996	34,076390	33,126882	35,975063	100,002193	65,638435	40,377301	54,496354	48,745662	57,737845	54,668987	53,254342	65,647286	99,915010	34,613284	26,926813	31,831256	29,276612	33,030292	30,443045	30,797249	36,209887	100,033927
481,00	65,938687	54,232007	65,034705	63,149732	63,455278	61,405599	60,823017	65,324408	100,001407	35,460013	30,329341	33,434680	33,381364	33,527878	34,111869	33,175078	36,002991	99,990624	65,609622	40,536195	54,550922	48,859906	57,771587	54,723829	53,318906	65,625465	99,931848	34,639537	27,016562	31,893420	29,354918	33,075485	30,500382	30,858064	36,245930	100,038326
482,00	65,906829	54,301608	65,007383	63,152999	63,452089	61,434954	60,843652	65,290469	100,013304	35,479823	30,384347	33,465225	33,419505	33,556193	34,148258	33,209828	36,027583	99,968141	65,579796	40,683988	54,610199	48,955533	57,806927	54,771924	53,371531	65,598238	99,965429	34,668270	27,096224	31,947601	29,430780	33,119920	30,567762	30,914390	36,272871	100,035703
483,00	65,890938	54,394418	64,980584	63,140690	63,460428	61,446959	60,854185	65,246969	100,015318	35,517779	30,463335	33,513889	33,462003	33,597365	34,201401	33,258843	36,069408	100,013518	65,555376	40,824100	54,654193	49,057597	57,815677	54,820943	53,441328	65,558505	99,971461	34,700990	27,169487	32,008481	29,499114	33,161983	30,633515	30,981287	36,309600	100,037050
484,00	65,869540	54,474467	64,953524	63,144118	63,445902	61,476535	60,880750	65,214676	100,011623	35,557675	30,537549	33,554104	33,513916	33,635136	34,260312	33,305457	36,100042	100,037718	65,537381	40,938392	54,721618	49,136448	57,841808	54,887652	53,514588	65,521872	99,986154	34,733081	27,244490	32,062611	29,560044	33,207548	30,688202	31,041130	36,336875	100,028276
485,00	65,841955	54,559064	64,935797	63,115704	63,426590	61,492753	60,889697	65,168542	100,001192	35,583386	30,607179	33,593774	33,552262	33,662793	34,305462	33,347407	36,130717	100,041926	65,494406	41,050029	54,764223	49,226409	57,854253	54,940766	53,573304	65,483236	99,968535	34,761703	27,318248	32,117134	29,616225	33,243707	30,738953	31,096384	36,364156	100,012934
486,00	65,804404	54,640138	64,920324	63,122731	63,414478	61,523551	60,910249	65,149492	100,005591	35,615540	30,669159	33,628997	33,593094	33,697307	34,350312	33,386889	36,162114	100,044012	65,476531	41,172725	54,814577	49,309704	57,857156	55,002481	53,626466	65,454400	99,975705	34,791943	27,388632	32,169923	29,678208	33,294809	30,797234	31,154197	36,394939	100,015235
487,00	65,776575	54,728311	64,898705	63,118947	63,418806	61,548948	60,935199	65,118933	100,026000	35,642537	30,739069	33,669040	33,640280	33,718750	34,391993	33,427295	36,190444	100,053489	65,435904	41,298997	54,843473	49,395192	57,866710	55,050963	53,679210	65,430540	99,965310	34,816226	27,461287	32,219148	29,735413	33,320850	30,859625	31,204909	36,419335	100,000203
488,00	65,739405	54,814088	64,881766	63,120878	63,414216	61,570495	60,947162	65,091330	100,010836	35,676402	30,809432	33,712399	33,690158	33,750203	34,448299	33,478671	36,217692	100,076902	65,412313	41,418651	54,879659	49,447590	57,869726	55,110812	53,752017	65,398902	99,960703	34,839353	27,530569	32,267651	29,787308	33,354750	30,915207	31,259140	36,437222	99,998999
489,00	65,692818	54,885751	64,856929	63,104051	63,397157	61,588955	60,961121	65,036881	99,996185	35,693604	30,883208	33,755383	33,738250	33,778617	34,496984	33,524552	36,250174	100,068927	65,385824	41,532040	54,929841	49,503860	57,893276	55,177385	53,816599	65,361249	99,966574	34,871441	27,619207	32,323417	29,854026	33,398312	30,975801	31,320429	36,470416	100,022423
490,00	65,659505	54,975295	64,848673	63,104296	63,392025	61,603999	60,967350	65,012139	99,991912	35,717565	30,962148	33,798492	33,780566	33,821675	34,544027	33,572215	36,292142	100,075495	65,359038	41,655460	54,983366	49,570379	57,898742	55,245179	53,894001	65,335053	99,977601	34,896764	27,702102	32,378185	29,916510	33,444500	31,030795	31,369948	36,495885	100,009060
491,00	65,627807	55,066240	64,825988	63,114399	63,396513	61,627585	60,998654	64,973307	100,027382	35,745761	31,025094	33,828917	33,822316	33,857015	34,589070	33,607745	36,329287	100,047576	65,343904	41,804639	55,039233	49,655455	57,919335	55,317789	53,972822	65,323389	99,986482	34,928885	27,791721	32,429951	29,985207	33,485621	31,090444	31,427673	36,533237	100,012422
492,00	65,593129	55,160517	64,814341	63,129580	63,408923	61,646932	61,018491	64,955360	100,043070	35,777646	31,090698	33,858356	33,859032	33,890074	34,634000	33,649150	36,346591	100,041878	65,310311	41,950810	55,083221	49,728253	57,940847	55,386984	54,058927	65,302306	99,975181	34,948680	27,871361	32,482514	30,037567	33,525306	31,152594	31,484252	36,560696	99,970895
493,00	65,550482	55,244017	64,800334	63,131315	63,394135	61,664641	61,042386	64,920634	100,047147	35,803398	31,146431	33,899581	33,903447	33,920619	34,685767	33,688352	36,369172	100,026655	65,268606	42,085320	55,112904	49,793947	57,953447	55,442476	54,128039	65,235209	99,958229	34,988081	27,963158	32,543191	30,103678	33,577669	31,228545	31,550363	36,592335	99,981290
494,00	65,528387	55,347210	64,782685	63,133121	63,396150	61,679822	61,058736	64,910120	100,035739	35,834163	31,223017	33,942997	33,943242	33,953235	34,725925	33,741266	36,386561	100,045192	65,232843	42,227000	55,165297	49,877894	57,996821	55,516458	54,214382	65,190500	99,981588	35,014820	28,052858	32,608211	30,170035	33,643544	31,295815	31,614769	36,626014	99,972570
495,00	65,516204	55,434912	64,767015	63,120466	63,378561	61,696428	61,083388	64,867735	100,027812	35,859594	31,285745	33,989868	33,983439	33,989072	34,757599	33,782315	36,412466	100,055003	65,201783	42,380220	55,211949	49,973431	58,031756	55,590731	54,290026	65,167665	100,008631	35,042042	28,150225	32,677075	30,249652	33,698428	31,370270	31,679383	36,656207	100,006282
496,00	65,493155	55,513275	64,737666	63,114285	63,371515	61,724651	61,098212	64,839470	100,027800	35,887107	31,353021	34,017742	34,019902	34,003010	34,791949	33,813229	36,425620	100,028074	65,175033	42,547581	55,284679	50,090557	58,089525	55,684763	54,380631	65,160960	100,029910	35,064560	28,245842	32,738301	30,317429	33,749112	31,437662	31,751093	36,678556	100,011146
497,00	65,455699	55,581164	64,708924	63,101715	63,350689	61,736631	61,096948	64,786839	100,025332	35,916600	31,408897	34,054226	34,055793	34,025970	34,827942	33,848831	36,458844	100,017214	65,163732	42,730621	55,368829	50,209433	58,151793	55,794448	54,475582	65,144324	100,024164	35,101649	28,348580	32,803899	30,392745	33,793980	31,516963	31,821325	36,705512	100,026190
498,00	65,410990	55,661529	64,672124	63,092917	63,328016	61,744505	61,093640	64,751810	100,005186	35,946113	31,474847	34,093165	34,102729	34,050024	34,878036	33,889493	36,506444	100,022602	65,125436	42,919677	55,458361	50,326037	58,212602	55,889922	54,577899	65,110993	100,012469	35,133243	28,452101	32,873276	30,461022	33,856028	31,588700	31,892318	36,727849	100,011516
499,00	65,382802	55,738920	64,654356	63,085818	63,320875	61,748773	61,105573	64,711219	99,998045	35,963628	31,551066	34,130195	34,146470	34,092075	34,926903	33,940762	36,553895	100,059938	65,093565	43,123853	55,543232	50,430238	58,282685	55,984640	54,677701	65,068674	100,013196	35,156545	28,561804	32,950303	30,553436	33,923110	31,669372	31,970575	36,766139	100,005758
500,00	65,340197	55,833477	64,641660	63,094348	63,309175	61,760813	61,131561	64,686668	99,998748	35,982189	31,624353	34,167156	34,194377	34,123412	34,972370	33,984652	36,576214	100,056326	65,043068	43,311414	55,611902	50,529003	58,353239	56,059003	54,766876	65,020990	100,009239	35,166615	28,676236	33,029124	30,635819	34,002295	31,752542	32,045582	36,787397	99,995112
501,00	65,312231	55,920094	64,650607	63,103497	63,327134	61,784345	61,156839	64,669859	100,035489	36,005229	31,693390	34,187397	34,237164	34,150943	35,015172	34,027359	36,590001	100,056589	65,015620	43,535733	55,695283	50,657487	58,463502	56,169492	54,874235	64,986563	100,009239	35,185578	28,784716	33,099827	30,719897	34,062412	31,825632	32,107508	36,812365	99,972677
502,00	65,273535	55,997646	64,628440	63,110173	63,325787	61,789638	61,166269	64,637792	100,034857	36,029065	31,744212	34,209269	34,267074	34,163868	35,050461	34,063014	36,595684	100,017798	64,991754	43,745831	55,786633	50,802428	58,564043	56,274462	54,979265	64,961576	100,006247	35,213336	28,898528	33,160999	30,799371	34,136471	31,897461	32,171458	36,841938	99,973398
503,00	65,259379	56,069440	64,624423	63,090348	63,326657	61,807966	61,161548	64,601982	100,039196	36,051533	31,799904	34,242007	34,313995	34,189487	35,094747	34,101140	36,631602	100,032651	64,964920	43,967530	55,879110	50,938416	58,658642	56,384218	55,099720	64,952159	100,001287	35,242158	29,003692	33,225551	30,881485	34,200534	31,962320	32,241073	36,871570	99,963158
504,00	65,218681	56,138670	64,592093	63,080275	63,309038	61,812109	61,168230	64,563406	100,024700	36,076823	31,870198	34,291992	34,359512	34,215748	35,152104	34,146649	36,665097	100,040531	64,941078	44,169322	55,964386	51,066351	58,730239	56,467164	55,194741	64,914519	99,998909	35,275328	29,124686	33,310425	30,971488	34,285262	32,043990	32,327089	36,908570	99,990427
505,00	65,184057	56,216657	64,572060	63,068378	63,274395	61,835539	61,181146	64,526999	100,031221	36,111194	31,947282	34,346706	34,403104	34,258470	35,207015	34,194130	36,710438	100,047147	64,926457	44,404280	56,050837	51,197797	58,813357	56,573820	55,310136	64,891332	100,006306	35,300952	29,243800	33,397540	31,057382	34,363055	32,123852	32,413825	36,930156	100,002635
506,00	65,131539	56,276274	64,537263	63,056552	63,256109	61,842501	61,192465	64,491308	100,010347	36,144978	32,013381	34,381714	34,440574	34,288761	35,254902	34,244129	36,737457	100,031865	64,890122	44,615388	56,116849	51,351136	58,890033	56,662923	55,375552	64,844787	100,007296	35,328129	29,362610	33,474529	31,141657	34,444043	32,205704	32,488003	36,958501	100,011981
507,00	65,098655	56,348169	64,518762	63,046741	63,249171	61,840731	61,204851	64,449823	100,003195	36,179423	32,074887	34,415120	34,473729	34,318051	35,287049	34,273908	36,767232	100,009310	64,861959	44,842634	56,205904	51,498991	58,987445	56,774843	55,488271	64,823687	100,048256	35,352829	29,484737	33,542439	31,231686	34,519941	32,273638	32,558987	36,980516	100,003147
508,00	65,059477	56,409693	64,498144	63,029742	63,246232	61,834753	61,202562	64,415979	99,988824	36,197445	32,128751	34,444198	34,515902	34,339917	35,315639	34,306133	36,785161	100,011420	64,822227	45,053729	56,286389	51,629072	59,072185	56,870228	55,569506	64,788306	100,046575	35,381222	29,601318	33,618113	31,311241	34,588346	32,338047	32,628131	37,008148	99,992859
509,00	65,049589	56,478256	64,489007	63,039172	63,242066	61,849231	61,231238	64,398295	100,009549	36,220035	32,198581	34,490710	34,552509	34,377986	35,362315	34,346142	36,813474	100,032139	64,805907	45,266694	56,374121	51,750165	59,167814	56,961215	55,677056	64,749736	100,035584	35,408247	29,725564	33,701462	31,401631	34,658116	32,409284	32,694072	37,035182	99,975365
510,00	65,034795	56,544757	64,478278	63,051540	63,250369	61,878389	61,242419	64,380151	100,038302	36,233887	32,248256	34,524632	34,591004	34,411678	35,403234	34,393552	36,841068	100,027859	64,774531	45,472503	56,458628	51,879460	59,255725	57,041413	55,757296	64,709985	100,020897	35,446942	29,839927	33,777088	31,480151	34,733272	32,487324	32,763919	37,069488	99,969327
511,00	65,020579	56,621051	64,477724	63,066351	63,256073	61,909014	61,271459	64,361566	100,058377	36,268121	32,312465	34,565583	34,630966	34,440535	35,456240	34,438527	36,870551	100,038636	64,737314	45,663682	56,532550	52,018291	59,348452	57,110953	55,842304	64,676613	100,009382	35,488084	29,958382	33,859193	31,580561	34,814891	32,572469	32,825199	37,104100	99,981362
512,00	64,985347	56,691056	64,471292	63,072449	63,251191	61,920583	61,275274	64,331782	100,085378	36,296141	32,365406	34,597114	34,669751	34,465271	35,487789	34,473103	36,895138	100,031972	64,712465	45,877454	56,618482	52,161086	59,445888	57,198900	55,922121	64,659697	100,037897	35,518894	30,068591	33,934188	31,663987	34,901333	32,651019	32,899743	37,137586	99,983633
513,00	64,941597	56,752825	64,437842	63,043112	63,226610	61,927938	61,295289	64,286500	100,054574	36,331806	32,437614	34,644970	34,717023	34,500930	35,531831	34,515992	36,921826	100,065458	64,668930	46,063122	56,680208	52,281177	59,527254	57,275081	55,997080	64,621222	100,037050	35,535350	30,173340	34,007180	31,743622	34,971198	32,723939	32,962662	37,161756	99,990988
514,00	64,909339	56,810808	64,415377	63,035953	63,222736	61,944121	61,301422	64,260858	100,073636	36,363828	32,501468	34,682605	34,758502	34,534359	35,571101	34,566298	36,949605	100,088739	64,646232	46,254334	56,746203	52,392060	59,607053	57,352173	56,077558	64,581418	100,052464	35,551617	30,273294	34,076717	31,807587	35,040662	32,792205	33,023605	37,180173	99,963796
515,00	64,868629	56,871641	64,366633	63,005537	63,201642	61,960483	61,306989	64,218277	100,050509	36,388385	32,560897	34,719372	34,785172	34,552506	35,610610	34,595883	36,977780	100,062418	64,613020	46,443287	56,800562	52,506959	59,678262	57,428205	56,170535	64,539999	100,038946	35,579818	30,370006	34,137318	31,880707	35,110301	32,861388	33,083096	37,204486	99,968934
516,00	64,846003	56,932980	64,325708	62,998199	63,187075	61,957824	61,290300	64,200801	100,081301	36,407378	32,622075	34,741622	34,819695	34,566444	35,649335	34,632951	37,007955	100,050783	64,603937	46,634257	56,872970	52,615851	59,750426	57,507432	56,269348	64,516169	100,041139	35,605323	30,470946	34,202376	31,961173	35,175094	32,928780	33,145648	37,234631	99,969697
517,00	64,816523	56,997943	64,294547	62,992299	63,166338	61,949098	61,281681	64,158928	100,070703	36,426547	32,676518	34,773654	34,854329	34,588978	35,678631	34,664890	37,039050	100,020730	64,587575	46,810445	56,933707	52,712661	59,822214	57,592559	56,349981	64,494967	100,032938	35,632336	30,570352	34,267551	32,037786	35,236987	32,994106	33,216161	37,256449	100,002217
518,00	64,787620	57,050616	64,273691	62,984580	63,144487	61,935544	61,282641	64,121437	100,058627	36,457142	32,738322	34,803212	34,905800	34,627944	35,725528	34,720767	37,066701	100,067568	64,557517	46,969423	56,998587	52,798724	59,892058	57,645506	56,401557	64,466858	100,021052	35,649419	30,666518	34,340519	32,113567	35,290799	33,047277	33,269313	37,268725	99,996573
519,00	64,765531	57,103437	64,268959	62,985796	63,140517	61,963391	61,297011	64,082062	100,057185	36,490741	32,793581	34,837276	34,937054	34,669918	35,768890	34,762323	37,088051	100,063717	64,512908	47,124377	57,047182	52,894247	59,941161	57,688445	56,438655	64,435869	100,024295	35,677287	30,760065	34,409866	32,188350	35,358348	33,096644	33,331570	37,292403	100,007689
520,00	64,721435	57,136172	64,235657	62,965488	63,119447	61,963248	61,294359	64,047265	100,040126	36,512366	32,849473	34,875652	34,979212	34,699646	35,815141	34,805453	37,112549	100,075185	64,464378	47,293502	57,121778	53,005016	60,010171	57,731915	56,487864	64,399129	100,030637	35,701761	30,852103	34,472951	32,260326	35,417286	33,141744	33,389920	37,320277	100,004184
521,00	64,676821	57,197601	64,216733	62,964642	63,112158	61,975342	61,290801	64,018607	100,049865	36,530736	32,911518	34,907436	35,010090	34,723240	35,848874	34,836379	37,147465	100,044513	64,433569	47,458667	57,193846	53,095996	60,058957	57,795733	56,553972	64,361787	100,070369	35,739097	30,961320	34,530324	32,330078	35,472071	33,207011	33,454809	37,353855	100,020313
522,00	64,635879	57,263297	64,212424	62,965280	63,103443	61,964160	61,298919	63,996202	100,057888	36,549473	32,963645	34,941700	35,040906	34,747455	35,879031	34,873044	37,175262	100,020838	64,397728	47,616151	57,244343	53,197324	60,114735	57,861179	56,612110	64,323831	100,061834	35,773546	31,059808	34,588349	32,395285	35,520828	33,267871	33,508193	37,368107	99,992102
523,00	64,627099	57,340926	64,198095	62,971920	63,101512	61,976314	61,320156	63,966048	100,085592	36,580673	33,016586	34,963363	35,072666	34,784970	35,922605	34,906316	37,197751	100,016308	64,369237	47,759572	57,281524	53,277373	60,132730	57,913762	56,666577	64,296913	100,044203	35,797328	31,161153	34,645462	32,462084	35,576040	33,340299	33,558041	37,404662	99,966794
524,00	64,636362	57,409036	64,199281	62,994325	63,118452	62,003613	61,350161	63,948911	100,092018	36,617386	33,081776	35,004982	35,111663	34,825143	35,970521	34,952289	37,220410	100,040317	64,343131	47,915420	57,323039	53,377706	60,181475	57,965261	56,729084	64,288270	100,041771	35,817060	31,249177	34,710881	32,525590	35,631984	33,404005	33,608592	37,436017	99,959391
525,00	64,621717	57,464933	64,172328	62,985152	63,095045	62,013352	61,348385	63,913065	100,066328	36,647710	33,139190	35,039312	35,157031	34,857619	36,021373	35,002446	37,255019	100,076830	64,305997	48,064834	57,356495	53,444958	60,210788	58,005095	56,782401	64,239156	100,020063	35,830623	31,348693	34,773433	32,594180	35,683507	33,463886	33,659500	37,471226	99,955606
526,00	64,572042	57,508028	64,150923	62,960297	63,076478	62,015736	61,344999	63,882786	100,048876	36,673954	33,199626	35,078681	35,191494	34,871352	36,061710	35,045353	37,287372	100,073779	64,271545	48,223224	57,396346	53,528506	60,248905	58,042634	56,844807	64,202601	100,044215	35,848510	31,438744	34,832364	32,651505	35,734516	33,505395	33,713406	37,489182	99,956423
527,00	64,519221	57,566178	64,113075	62,935430	63,056624	62,006944	61,339968	63,857943	100,062406	36,692867	33,239925	35,107806	35,225877	34,896851	36,101887	35,075116	37,317151	100,053835	64,206636	48,358616	57,425600	53,592896	60,252333	58,074331	56,867874	64,129394	100,014198	35,868913	31,531954	34,879532	32,718197	35,783142	33,548313	33,770695	37,516525	99,941123
528,00	64,474541	57,618815	64,089310	62,930673	63,044596	62,014085	61,346883	63,836551	100,063205	36,721054	33,293447	35,143551	35,258254	34,915254	36,138356	35,104817	37,341553	100,022030	64,176172	48,501387	57,482862	53,662050	60,282075	58,115709	56,920594	64,115053	100,038600	35,889247	31,612951	34,928557	32,777831	35,835254	33,597779	33,820057	37,540036	99,942696
529,00	64,450979	57,680714	64,061499	62,939990	63,033336	62,024707	61,352068	63,810712	100,045168	36,763304	33,351773	35,173330	35,293359	34,955689	36,181110	35,141146	37,376353	100,029826	64,147538	48,640302	57,528669	53,735322	60,312164	58,156735	56,963134	64,088601	99,991882	35,922700	31,706002	34,988949	32,851216	35,885510	33,657438	33,868635	37,569851	99,946898
530,00	64,437300	57,723856	64,042723	62,936282	63,015699	62,022847	61,356813	63,772053	100,019038	36,792541	33,401263	35,203144	35,326588	34,972790	36,211568	35,171291	37,397435	100,019920	64,122373	48,781067	57,565707	53,783792	60,338897	58,194643	57,004541	64,066923	99,990821	35,958874	31,786627	35,050124	32,914299	35,942286	33,712634	33,917558	37,600911	99,971670
531,00	64,417040	57,776141	64,023280	62,922043	63,004518	62,019742	61,363608	63,734823	100,015354	36,820197	33,456001	35,221207	35,356593	35,008937	36,251950	35,204902	37,425324	100,027347	64,098513	48,924333	57,601053	53,858662	60,354936	58,232939	57,043380	64,039552	99,964929	35,987145	31,878006	35,103452	32,969186	35,989773	33,764631	33,970273	37,624669	99,967551
532,00	64,394045	57,825065	64,011556	62,901002	62,995940	62,016237	61,391759	63,711762	100,023127	36,831912	33,502093	35,251376	35,395047	35,036823	36,276227	35,243991	37,443820	100,008059	64,061266	49,050659	57,617205	53,916854	60,353065	58,257300	57,056856	63,980746	99,965787	36,007103	31,960425	35,151914	33,031780	36,039439	33,816156	34,025401	37,647939	99,977446
533,00	64,342141	57,871628	63,971514	62,871820	62,971246	62,027049	61,394835	63,670850	100,019526	36,855298	33,557984	35,275668	35,427463	35,073292	36,313206	35,290614	37,466758	99,996561	64,061546	49,203527	57,664442	54,005736	60,385376	58,292615	57,115114	63,974780	99,982971	36,020678	32,050273	35,198903	33,091554	36,075637	33,862513	34,068739	37,657729	99,957192
534,00	64,303517	57,917470	63,942993	62,866670	62,959456	62,028325	61,386812	63,639820	100,018430	36,872768	33,608338	35,318500	35,466778	35,093662	36,346725	35,327843	37,490568	99,975920	64,027244	49,329150	57,686770	54,075563	60,401410	58,323950	57,142264	63,931197	99,985576	36,044997	32,137680	35,255352	33,167237	36,125141	33,911076	34,118026	37,682462	99,968696
535,00	64,284706	57,975513	63,926774	62,875241	62,949413	62,040591	61,363894	63,601571	100,020933	36,902809	33,674195	35,359165	35,497817	35,125011	36,400068	35,370824	37,514785	99,987853	64,010358	49,504483	57,756919	54,164112	60,447347	58,388835	57,205278	63,929898	100,030828	36,088043	32,232943	35,317269	33,225131	36,171794	33,966443	34,174091	37,724641	99,961942
536,00	64,256966	58,039534	63,916445	62,883246	62,937683	62,038499	61,355335	63,572615	100,026572	36,933050	33,728150	35,402453	35,534078	35,152695	36,442184	35,407841	37,546754	100,007093	63,967890	49,626759	57,785290	54,242676	60,448098	58,422190	57,244182	63,890582	100,021732	36,129588	32,331249	35,390171	33,290824	36,223701	34,022930	34,242168	37,777293	99,982536
537,00	64,221650	58,096850	63,896090	62,878674	62,909025	62,041807	61,360312	63,531417	100,029683	36,967465	33,782861	35,427663	35,568601	35,187358	36,482212	35,445821	37,572575	100,009096	63,953465	49,775448	57,835275	54,311931	60,468471	58,450252	57,285178	63,865125	100,033987	36,168233	32,418317	35,459408	33,352003	36,263996	34,081393	34,303066	37,823230	99,983042
538,00	64,162165	58,139592	63,864398	62,863433	62,880301	62,032348	61,359429	63,500810	100,022125	36,990085	33,823425	35,453248	35,601941	35,218564	36,508334	35,476434	37,600964	100,001097	63,898557	49,886417	57,856917	54,364580	60,450643	58,447206	57,307494	63,829488	100,009167	36,181173	32,497612	35,508487	33,412707	36,299747	34,124836	34,343517	37,846416	99,976999
539,00	64,134508	58,172822	63,842726	62,846559	62,854660	62,030214	61,368299	63,483733	100,025439	37,009636	33,879784	35,480592	35,646453	35,237849	36,540967	35,511395	37,627000	99,991250	63,854325	50,027984	57,895404	54,428226	60,466647	58,471984	57,329690	63,792890	100,009573	36,202404	32,577083	35,565278	33,481678	36,345637	34,172645	34,388214	37,876758	99,967712
540,00	64,092994	58,212942	63,821262	62,831789	62,843382	62,031007	61,381143	63,465589	100,034630	37,027469	33,930546	35,512602	35,684937	35,257283	36,570886	35,536835	37,645009	99,975914	63,802648	50,162649	57,924211	54,495943	60,473484	58,490855	57,358432	63,764113	100,005043	36,229610	32,658622	35,612735	33,526883	36,396030	34,213322	34,432709	37,898976	99,959511
541,00	64,054281	58,265501	63,773882	62,794602	62,819326	62,013203	61,375093	63,428545	100,022972	37,046939	33,978236	35,540280	35,713455	35,271531	36,607620	35,555995	37,661824	99,946207	63,787800	50,304133	57,963514	54,571551	60,505843	58,529305	57,403094	63,751894	100,024939	36,262992	32,743862	35,666913	33,580640	36,437562	34,263432	34,478959	37,927052	99,939817
542,00	64,014763	58,313823	63,745648	62,772167	62,812018	62,006700	61,357397	63,380414	100,009251	37,074506	34,026295	35,568514	35,732362	35,305420	36,651215	35,579038	37,681004	99,931419	63,752842	50,445026	57,998675	54,637575	60,497731	58,560866	57,439107	63,724494	100,020373	36,294436	32,831967	35,716489	33,635116	36,472470	34,315002	34,520236	37,942564	99,941796
543,00	63,989621	58,362943	63,703752	62,745726	62,786847	61,997789	61,340392	63,340962	99,997735	37,105373	34,084457	35,601440	35,763085	35,331178	36,686474	35,618398	37,711549	99,958831	63,745838	50,601751	58,049440	54,722059	60,529560	58,599699	57,488495	63,713640	100,046253	36,318427	32,924557	35,772878	33,699828	36,508328	34,366444	34,559602	37,966692	99,960291
544,00	63,962871	58,410895	63,699055	62,747699	62,772244	62,008041	61,340070	63,314253	99,991035	37,143752	34,142563	35,635972	35,800031	35,356045	36,727914	35,660768	37,740621	99,988627	63,716900	50,754476	58,087754	54,804361	60,536838	58,623403	57,516897	63,677347	100,052953	36,345863	33,008367	35,835418	33,771709	36,551541	34,416309	34,612611	37,988290	99,988443
545,00	63,937318	58,463424	63,669229	62,730986	62,746447	62,017155	61,349910	63,292295	99,997556	37,181690	34,200585	35,674241	35,843641	35,387951	36,771229	35,707173	37,778369	100,016069	63,693434	50,909597	58,139926	54,889834	60,555023	58,641416	57,546842	63,657564	100,066411	36,362121	33,096546	35,894445	33,836117	36,596462	34,465063	34,660748	38,009712	99,980980
546,00	63,911813	58,503783	63,627505	62,711823	62,736344	62,026900	61,346078	63,268751	99,986595	37,219524	34,253189	35,710225	35,879695	35,416684	36,816624	35,744038	37,807110	100,004888	63,664365	51,061857	58,183104	54,971981	60,567474	58,671767	57,565749	63,621283	100,057960	36,380586	33,189851	35,948834	33,911064	36,637729	34,506106	34,709722	38,031512	99,973083
547,00	63,885051	58,550507	63,588220	62,700438	62,727475	62,024492	61,351573	63,240230	99,992096	37,239045	34,312454	35,737148	35,919902	35,441360	36,847091	35,777470	37,834579	99,978310	63,646024	51,200873	58,243394	55,046511	60,588443	58,690387	57,595110	63,597059	100,052190	36,402828	33,287072	36,005345	33,971301	36,686245	34,549087	34,751111	38,059276	99,970675
548,00	63,856620	58,591813	63,570440	62,691665	62,709683	62,021405	61,351472	63,221419	99,974006	37,257743	34,367451	35,765633	35,955432	35,461780	36,869434	35,805309	37,851050	99,950653	63,625783	51,358718	58,293104	55,136186	60,613799	58,715421	57,611895	63,557690	100,042093	36,437312	33,371493	36,062497	34,036210	36,728522	34,587482	34,790698	38,088840	99,963588
549,00	63,835222	58,653402	63,572890	62,695694	62,699646	62,013888	61,359996	63,213408	100,002718	37,279022	34,416562	35,790378	35,992277	35,488334	36,895442	35,831249	37,872860	99,948996	63,588297	51,500505	58,351135	55,219275	60,626245	58,736837	57,653075	63,525486	100,034237	36,486492	33,467549	36,130378	34,110808	36,777636	34,648851	34,844425	38,126102	99,967897
550,00	63,828641	58,705187	63,552922	62,684673	62,668538	62,020886	61,352783	63,184083	100,025189	37,305722	34,464717	35,822052	36,025143	35,528916	36,931258	35,867432	37,903988	99,965513	63,555068	51,676452	58,389860	55,326688	60,658324	58,779997	57,695925	63,498557	100,041103	36,515522	33,558017	36,193642	34,184688	36,832097	34,700608	34,890175	38,151854	99,966431
551,00	63,795674	58,749467	63,526189	62,678397	62,664199	62,012005	61,341673	63,138044	100,034022	37,324032	34,513164	35,848156	36,057210	35,550320	36,965457	35,900906	37,933230	99,963385	63,523543	51,823813	58,434558	55,420959	60,693008	58,819926	57,749081	63,478833	100,048804	36,547074	33,658695	36,248481	34,259281	36,885524	34,757462	34,939915	38,180146	99,979454
552,00	63,752776	58,777177	63,500017	62,655914	62,634081	62,003237	61,321688	63,080138	99,994802	37,348676	34,571421	35,885802	36,090091	35,583600	37,008145	35,942662	37,962192	99,973458	63,490862	51,982701	58,462131	55,518949	60,710281	58,838338	57,780993	63,451689	100,045490	36,569959	33,760497	36,310846	34,324187	36,944976	34,810266	34,981623	38,214236	100,001645
553,00	63,718218	58,821148	63,487029	62,646955	62,638700	62,002271	61,324561	63,044482	100,006342	37,369603	34,631550	35,916299	36,131808	35,608697	37,042713	35,985309	37,995356	99,971110	63,458234	52,128804	58,505327	55,600935	60,710794	58,855742	57,801771	63,404757	100,026059	36,602506	33,857882	36,375046	34,410462	36,991653	34,861988	35,028318	38,239804	100,009418
554,00	63,696808	58,861828	63,471740	62,639862	62,622803	61,998361	61,321759	63,031012	100,010288	37,406504	34,692219	35,954884	36,170283	35,645735	37,082794	36,030337	38,022918	99,976504	63,433671	52,292782	58,563548	55,696416	60,728014	58,881336	57,841796	63,379312	100,026286	36,627391	33,945194	36,441004	34,478551	37,043703	34,905183	35,078204	38,265178	100,006616
555,00	63,681173	58,901626	63,439971	62,627882	62,615174	61,998826	61,311311	63,014406	100,021291	37,427068	34,737208	35,979998	36,202726	35,673282	37,110928	36,058939	38,045490	99,959147	63,407916	52,454799	58,618009	55,790228	60,756290	58,928418	57,876354	63,362682	100,031531	36,641720	34,021321	36,498618	34,545720	37,080470	34,948575	35,131574	38,283253	99,973381
556,00	63,645178	58,926821	63,414013	62,606275	62,586963	61,989492	61,293155	62,987387	100,000763	37,451065	34,778717	36,014342	36,233777	35,706493	37,148654	36,084569	38,062480	99,955720	63,366449	52,596182	58,655429	55,871290	60,772425	58,953744	57,912153	63,337576	100,023103	36,661708	34,121227	36,562148	34,607509	37,128031	35,004804	35,186642	38,314068	99,980044
557,00	63,614959	58,960462	63,381094	62,582183	62,572312	61,978322	61,284518	62,947983	99,990869	37,474334	34,822679	36,046433	36,270142	35,728833	37,180358	36,111888	38,090938	99,968636	63,324130	52,733785	58,682269	55,947936	60,787177	58,988100	57,933736	63,304138	100,020206	36,692250	34,220478	36,625674	34,685463	37,173846	35,054362	35,233280	38,341793	99,975258
558,00	63,575214	58,999372	63,356268	62,560862	62,549329	61,973757	61,287618	62,903917	99,964452	37,505284	34,873113	36,084309	36,307296	35,756695	37,223035	36,150324	38,119823	99,974364	63,298035	52,869803	58,728135	56,020522	60,798949	59,005141	57,960492	63,268298	100,007105	36,722541	34,321606	36,695302	34,759736	37,229937	35,101372	35,286838	38,367328	99,984050
559,00	63,540560	59,021658	63,334596	62,540054	62,536764	61,968809	61,282408	62,887663	99,946135	37,532756	34,926289	36,117649	36,335573	35,776180	37,263912	36,188021	38,142765	100,001454	63,265717	53,015399	58,773023	56,096464	60,825658	59,037155	57,985872	63,237208	100,005710	36,744648	34,408587	36,742887	34,828877	37,282199	35,132420	35,329038	38,389441	99,962914
560,00	63,502902	59,041488	63,307995	62,508178	62,505412	61,958891	61,260158	62,849545	99,929506	37,549907	34,980693	36,141148	36,368084	35,805267	37,304425	36,221832	38,163868	100,018132	63,240540	53,157783	58,820486	56,172663	60,851735	59,054852	58,018517	63,211578	100,007999	36,763981	34,502548	36,795643	34,887835	37,336913	35,179502	35,379133	38,416171	99,947774
561,00	63,478786	59,063101	63,299245	62,501979	62,492734	61,928183	61,245841	62,834138	99,949002	37,570643	35,034847	36,174756	36,394802	35,832840	37,339452	36,249965	38,194379	100,047970	63,212180	53,297353	58,858001	56,250721	60,884929	59,087896	58,044839	63,186628	100,024211	36,790660	34,589547	36,844599	34,961483	37,380192	35,232514	35,421574	38,436863	99,951440
562,00	63,471180	59,100795	63,277531	62,489229	62,477636	61,909986	61,239821	62,809122	99,963206	37,596652	35,086834	36,201817	36,430028	35,857433	37,370953	36,278552	38,224095	100,028193	63,188589	53,412336	58,895397	56,317890	60,891187	59,104037	58,071238	63,156891	100,029278	36,828357	34,674549	36,901790	35,026592	37,425950	35,283703	35,470089	38,467634	99,961847
563,00	63,460755	59,142125	63,260436	62,481701	62,478620	61,920071	61,243516	62,791216	100,008976	37,629697	35,136440	36,244678	36,460268	35,890734	37,407383	36,318815	38,251328	100,036585	63,151777	53,513706	58,903062	56,358588	60,882288	59,106559	58,082098	63,110077	100,005865	36,857226	34,752017	36,962390	35,095090	37,475154	35,343006	35,514629	38,499311	99,997896
564,00	63,447523	59,184265	63,247603	62,483019	62,479532	61,948323	61,257005	62,777865	100,033140	37,656680	35,186443	36,269820	36,500654	35,920215	37,442675	36,361599	38,278827	100,046289	63,106078	53,606820	58,919799	56,397146	60,873663	59,104800	58,099467	63,065898	99,969518	36,882007	34,824553	37,003377	35,145816	37,522003	35,384601	35,548383	38,528407	99,996370
565,00	63,427883	59,211218	63,226640	62,476230	62,462676	61,956435	61,247599	62,740219	100,023890	37,686923	35,230863	36,299443	36,527950	35,955018	37,470967	36,394075	38,300228	100,034273	63,079685	53,721172	58,940232	56,442410	60,895175	59,131563	58,131504	63,044369	99,967188	36,910796	34,898335	37,056810	35,206729	37,574396	35,437545	35,601771	38,551027	100,010192
566,00	63,403571	59,240878	63,211799	62,479979	62,443495	61,946166	61,239225	62,713176	99,997526	37,714785	35,276067	36,322063	36,552766	35,986331	37,507769	36,423832	38,330242	100,010717	63,056302	53,820467	58,968568	56,489599	60,910738	59,159762	58,165842	63,024151	99,970824	36,940169	34,968761	37,096870	35,259101	37,620509	35,473874	35,648715	38,567546	100,002086
567,00	63,380462	59,266305	63,181502	62,457991	62,422192	61,936575	61,217248	62,668395	99,988097	37,746724	35,325703	36,359882	36,570567	36,022639	37,539327	36,456487	38,358432	99,984717	63,028336	53,904516	58,987272	56,522065	60,904133	59,172618	58,176970	63,007158	99,964303	36,963427	35,032895	37,147808	35,310757	37,673646	35,515392	35,705990	38,591266	100,021219
568,00	63,338685	59,302336	63,158083	62,442720	62,394923	61,921340	61,200988	62,648672	99,999446	37,771481	35,366681	36,392248	36,593592	36,060011	37,572280	36,493805	38,392001	99,999791	62,990862	53,953761	58,983368	56,540048	60,866189	59,154886	58,167952	62,959516	99,934530	36,979538	35,093012	37,183771	35,357502	37,714356	35,553563	35,748982	38,623455	100,017416
569,00	63,301569	59,335375	63,114065	62,427968	62,369967	61,907297	61,188167	62,613726	100,004613	37,798080	35,402057	36,423367	36,621186	36,090624	37,597889	36,525258	38,427120	100,004435	62,959296	54,020381	58,997500	56,560659	60,867041	59,162951	58,165985	62,933499	99,926573	37,006322	35,155293	37,230942	35,407132	37,765503	35,601693	35,793346	38,664439	100,025666
570,00	63,253939	59,358335	63,057959	62,407988	62,336111	61,884779	61,171824	62,574720	99,992043	37,812045	35,432461	36,441913	36,649686	36,115009	37,627795	36,550191	38,453677	100,008404	62,938690	54,075241	58,994859	56,588989	60,876822	59,179461	58,183759	62,892771	99,943358	37,045413	35,221377	37,278309	35,459751	37,809899	35,648194	35,834888	38,706967	100,016201
571,00	63,220704	59,373534	63,006639	62,393665	62,323958	61,870807	61,166292	62,519276	99,982911	37,845489	35,472417	36,477160	36,676952	36,145765	37,666839	36,587039	38,490090	100,033057	62,900794	54,135793	59,001452	56,607437	60,886472	59,186727	58,191514	62,872225	99,952173	37,073842	35,273486	37,318996	35,493848	37,853241	35,683224	35,874036	38,726285	100,000453
572,00	63,204181	59,384388	62,974501	62,380385	62,296396	61,862326	61,161405	62,491763	99,996459	37,862003	35,514125	36,509123	36,705831	36,174670	37,699452	36,619449	38,518775	100,047421	62,872803	54,183584	59,002310	56,630695	60,874647	59,177232	58,205473	62,852401	99,962586	37,103775	35,330155	37,353989	35,536975	37,895289	35,714015	35,916415	38,750884	100,007963
573,00	63,177592	59,396774	62,952447	62,363112	62,269902	61,849833	61,134595	62,469363	100,004160	37,894222	35,551533	36,539578	36,728162	36,204982	37,722084	36,658803	38,545886	100,041962	62,841189	54,224056	59,018391	56,624985	60,852927	59,159803	58,195537	62,818950	99,957955	37,124553	35,369578	37,378299	35,567462	37,935916	35,743085	35,950500	38,768989	100,006735
574,00	63,153905	59,409356	62,938219	62,344915	62,234467	61,845165	61,121106	62,456834	100,017822	37,913620	35,595188	36,565518	36,752650	36,230657	37,751207	36,684784	38,569105	100,030577	62,811434	54,251349	59,021407	56,619793	60,844624	59,160995	58,195025	62,786192	99,968779	37,155312	35,411823	37,402982	35,610813	37,971056	35,777104	35,977992	38,801971	100,004554
575,00	63,112307	59,419924	62,911582	62,318552	62,214983	61,824876	61,098814	62,427014	99,994993	37,939411	35,626400	36,582938	36,772889	36,260691	37,779087	36,709690	38,585091	100,010371	62,761092	54,261249	58,994853	56,591982	60,810792	59,136647	58,175701	62,728351	99,951863	37,171611	35,450089	37,423313	35,651189	38,006485	35,813287	36,015031	38,830829	99,990386
576,00	63,082141	59,440267	62,885851	62,293077	62,190479	61,808920	61,103618	62,394071	99,991298	37,964389	35,663018	36,614719	36,800116	36,290792	37,818822	36,745358	38,613567	100,015652	62,714028	54,273611	58,962393	56,574482	60,791647	59,124351	58,179289	62,684751	99,946165	37,200209	35,490865	37,448823	35,688645	38,033399	35,855541	36,053741	38,859534	99,982482
577,00	63,025892	59,456760	62,862921	62,283915	62,178397	61,781198	61,092848	62,365162	99,968565	37,978911	35,686326	36,635640	36,820522	36,313248	37,839040	36,773112	38,640714	100,002968	62,700087	54,291677	58,945870	56,571192	60,775727	59,125978	58,187056	62,659436	99,942535	37,221074	35,531887	37,478682	35,725918	38,070437	35,882169	36,092472	38,892660	99,983376
578,00	62,987673	59,465933	62,826097	62,266386	62,160033	61,756074	61,084902	62,327200	99,982798	38,001928	35,727906	36,667493	36,842835	36,331150	37,865657	36,804047	38,676763	100,002921	62,679648	54,300046	58,925498	56,563908	60,759479	59,128582	58,188552	62,637895	99,939966	37,246391	35,559079	37,498349	35,747594	38,083988	35,898197	36,115479	38,915482	99,966407
579,00	62,952280	59,465331	62,798136	62,256289	62,143821	61,724490	61,069012	62,285197	99,972808	38,016856	35,763973	36,694035	36,867115	36,353195	37,884429	36,823520	38,707307	100,001717	62,662482	54,310870	58,916599	56,564081	60,732776	59,129900	58,185881	62,627786	99,954677	37,272102	35,606810	37,532040	35,782850	38,123631	35,920107	36,139220	38,942397	99,954915
580,00	62,929869	59,479678	62,755090	62,228352	62,121737	61,693400	61,045033	62,236696	99,971914	38,042676	35,802287	36,727229	36,899793	36,379620	37,915370	36,851743	38,735414	100,002074	62,628770	54,318345	58,905166	56,542295	60,710615	59,108996	58,181113	62,605429	99,953562	37,292349	35,644010	37,554470	35,809562	38,150388	35,959750	36,170655	38,968167	99,961585
581,00	62,905622	59,506804	62,739575	62,211537	62,113965	61,671948	61,024863	62,216443	99,981546	38,061005	35,832992	36,759144	36,921436	36,415410	37,945294	36,875564	38,751099	99,996316	62,595826	54,329926	58,906603	56,537551	60,695082	59,095651	58,185023	62,582964	99,953371	37,326267	35,684997	37,587851	35,835010	38,186017	36,005366	36,204982	38,982025	99,964875
582,00	62,888396	59,528136	62,725312	62,199473	62,106264	61,664867	61,013579	62,198132	100,010955	38,079441	35,862175	36,777741	36,943853	36,444691	37,982509	36,896947	38,760722	99,990386	62,555307	54,324740	58,885193	56,512320	60,674548	59,070188	58,177686	62,553591	99,937898	37,339878	35,708907	37,607709	35,856548	38,211808	36,031803	36,235723	38,995025	99,960351
583,00	62,874973	59,543520	62,707859	62,178510	62,086284	61,649251	61,007673	62,176204	100,029802	38,104266	35,898566	36,800280	36,966497	36,469388	38,015431	36,920702	38,773882	99,976075	62,521070	54,319537	58,863878	56,498677	60,651535	59,055787	58,175325	62,537283	99,934548	37,369019	35,751995	37,641630	35,887334	38,244271	36,069530	36,270335	39,018819	99,969882
584,00	62,852281	59,545469	62,689227	62,169689	62,053877	61,648023	60,998875	62,146419	100,027072	38,139552	35,933807	36,833486	37,007001	36,494541	38,052601	36,964175	38,806203	99,996150	62,504190	54,314333	58,845997	56,469530	60,628772	59,034532	58,151728	62,507677	99,933112	37,389430	35,785213	37,667233	35,919937	38,281682	36,090183	36,303791	39,053860	99,977684
585,00	62,822068	59,545207	62,664735	62,146056	62,030548	61,626959	60,981047	62,112731	100,032437	38,173443	35,968357	36,867443	37,039775	36,514559	38,078871	37,001550	38,840583	99,990714	62,484574	54,314119	58,839238	56,456739	60,612643	59,027588	58,150852	62,487459	99,935752	37,413341	35,822722	37,697345	35,953125	38,311070	36,128455	36,337933	39,092609	100,003147
586,00	62,787199	59,544909	62,639326	62,132144	62,012655	61,622345	60,959184	62,082368	100,034630	38,206944	36,007518	36,903819	37,078077	36,548099	38,109815	37,043217	38,881293	100,031102	62,467653	54,310697	58,827007	56,442779	60,592252	59,023041	58,126473	62,454772	99,941796	37,430012	35,845333	37,718898	35,973674	38,329059	36,143437	36,356425	39,108592	99,997401
587,00	62,750930	59,547865	62,610322	62,106413	61,985475	61,583894	60,934460	62,048537	100,027466	38,234967	36,050212	36,926356	37,108365	36,572495	38,147151	37,068930	38,905242	100,035727	62,446654	54,321474	58,812815	56,438416	60,581636	59,038424	58,135325	62,440264	99,965972	37,443531	35,879377	37,745315	35,999393	38,343158	36,174214	36,382169	39,128441	99,986917
588,00	62,700307	59,539962	62,573743	62,082350	61,941355	61,557996	60,916698	62,019724	99,998778	38,266936	36,088470	36,955366	37,134799	36,602116	38,176259	37,104064	38,931406	100,059175	62,425828	54,322129	58,779937	56,420940	60,557771	59,025878	58,117282	62,404466	99,977946	37,473103	35,910979	37,769878	36,026555	38,370067	36,201569	36,410260	39,157087	99,981934
589,00	62,681186	59,559232	62,556946	62,072527	61,934102	61,546206	60,911822	62,008345	100,010586	38,299024	36,123234	36,970747	37,157136	36,625168	38,204724	37,123799	38,946378	100,041771	62,405354	54,338241	58,771986	56,410950	60,548413	59,005553	58,116758	62,391013	99,997497	37,505895	35,949567	37,803406	36,057082	38,409683	36,237705	36,442119	39,186272	99,993533
590,00	62,657320	59,561568	62,530077	62,047774	61,913919	61,535978	60,900092	61,988050	100,023222	38,319379	36,150867	36,986423	37,179309	36,644572	38,224956	37,144262	38,980439	100,041020	62,385541	54,344451	58,765393	56,399554	60,529160	58,995074	58,104217	62,375277	99,996978	37,535113	35,990947	37,844166	36,085570	38,439578	36,274797	36,470518	39,207470	100,018680
591,00	62,650585	59,578973	62,510455	62,046874	61,909544	61,536777	60,888988	61,974531	100,037694	38,330647	36,182186	36,999798	37,207043	36,668000	38,255185	37,158546	39,006481	100,030613	62,363064	54,379714	58,766377	56,409067	60,516936	58,994657	58,096880	62,367016	100,003600	37,555259	36,038554	37,877107	36,118504	38,462266	36,307460	36,501712	39,221072	100,035644
592,00	62,613875	59,559602	62,481201	62,019461	61,872458	61,516452	60,879380	61,933154	100,036156	38,347208	36,218116	37,026370	37,236661	36,688128	38,276064	37,189522	39,040428	100,033796	62,334549	54,413509	58,750039	56,411558	60,495472	58,994585	58,094972	62,342763	100,003338	37,571824	36,078617	37,901971	36,144200	38,480175	36,338261	36,532632	39,244077	100,016904
593,00	62,594008	59,559721	62,468553	62,013555	61,870372	61,523795	60,883909	61,914736	100,037146	38,377440	36,252391	37,059915	37,269577	36,717334	38,307616	37,232676	39,065152	100,050473	62,312639	54,455400	58,734304	56,421602	60,476500	58,985949	58,094633	62,320918	100,010192	37,601712	36,128199	37,933728	36,187389	38,516244	36,374053	36,574170	39,276519	100,029707
594,00	62,580401	59,578431	62,464386	61,982548	61,862350	61,523104	60,881901	61,902887	100,070226	38,408008	36,291105	37,097880	37,301853	36,743206	38,342327	37,270582	39,091384	100,064170	62,278074	54,473299	58,716989	56,423950	60,452443	58,971286	58,087391	62,287641	99,995881	37,624267	36,174184	37,972370	36,222303	38,537043	36,399293	36,609128	39,304969	100,032008
595,00	62,549764	59,566027	62,439233	61,966747	61,838973	61,509156	60,867643	61,888438	100,068784	38,427678	36,322185	37,122658	37,321651	36,756092	38,377416	37,290889	39,099881	100,048947	62,241077	54,479665	58,694261	56,423604	60,419863	58,951491	58,072740	62,240225	99,976158	37,647340	36,217538	38,007113	36,262202	38,565278	36,428937	36,643264	39,323926	100,037575
596,00	62,520689	59,560150	62,410921	61,943805	61,812317	61,483169	60,848582	61,865979	100,073469	38,443685	36,353135	37,148732	37,343547	36,770469	38,388172	37,301189	39,109266	100,019228	62,214965	54,505908	58,680403	56,438994	60,392612	58,939290	58,044910	62,222821	99,987584	37,667388	36,264881	38,041851	36,289975	38,595033	36,454517	36,672711	39,346877	100,037456
597,00	62,493378	59,530646	62,380493	61,940038	61,789936	61,455393	60,821033	61,829019	100,056422	38,460141	36,374995	37,168103	37,359181	36,780003	38,399249	37,317264	39,124927	99,999148	62,194532	54,549593	58,682710	56,452322	60,375947	58,939409	58,048344	62,225085	100,005698	37,690052	36,310902	38,067487	36,325032	38,629395	36,486125	36,700711	39,371365	100,026023
598,00	62,477607	59,538710	62,366545	61,906147	61,777127	61,447239	60,783845	61,808014	100,057614	38,483292	36,395901	37,192225	37,385562	36,804393	38,427135	37,340790	39,154691	100,006878	62,183779	54,599822	58,694381	56,472719	60,366374	58,944845	58,047110	62,219644	100,025845	37,717468	36,359805	38,106892	36,357298	38,653105	36,516324	36,734432	39,398795	100,005555
599,00	62,452531	59,524250	62,329996	61,870867	61,748439	61,423326	60,740680	61,766231	100,057185	38,499236	36,424103	37,208515	37,408361	36,829957	38,463297	37,365985	39,182937	100,006437	62,153733	54,627889	58,706796	56,479746	60,356271	58,949250	58,044875	62,182629	100,032806	37,738159	36,399782	38,138759	36,394435	38,670814	36,539918	36,758670	39,415836	99,990726
600,00	62,408614	59,513003	62,277663	61,816335	61,711931	61,389875	60,709608	61,723620	100,047266	38,525927	36,462066	37,237427	37,435094	36,858597	38,499820	37,391537	39,208567	100,017583	62,132150	54,648131	58,700103	56,483138	60,347426	58,944672	58,020067	62,136000	100,028324	37,760457	36,434865	38,168275	36,416444	38,689804	36,561513	36,779034	39,432707	99,971777
601,00	62,378633	59,503162	62,241113	61,802149	61,684823	61,368358	60,696661	61,695772	100,050318	38,536644	36,503834	37,260449	37,461498	36,885253	38,519397	37,419987	39,234579	100,016737	62,106657	54,666823	58,691895	56,481111	60,335165	58,935076	57,997751	62,102872	100,021482	37,778279	36,480558	38,195437	36,449033	38,715869	36,582932	36,794880	39,446270	99,988770
602,00	62,352276	59,505552	62,219131	61,789107	61,654437	61,352670	60,684085	61,663222	100,032496	38,560498	36,541498	37,288350	37,484235	36,896160	38,540372	37,441817	39,245975	100,020468	62,084788	54,658532	58,659303	56,454813	60,298830	58,899558	57,984096	62,053508	99,991584	37,797225	36,506623	38,220081	36,465961	38,737431	36,608487	36,817059	39,458424	99,966973
603,00	62,325346	59,501541	62,207747	61,777884	61,644155	61,343676	60,669839	61,651152	100,019681	38,576049	36,581090	37,299174	37,511197	36,921829	38,563529	37,466595	39,268947	100,017309	62,060273	54,649830	58,637482	56,441027	60,264921	58,878469	57,978606	62,023818	99,985331	37,826726	36,543003	38,255894	36,498380	38,765320	36,639190	36,847869	39,485705	99,987847
604,00	62,314177	59,503466	62,192476	61,763597	61,629862	61,325991	60,665667	61,631823	100,022876	38,603902	36,612025	37,321544	37,535655	36,937088	38,588101	37,490997	39,296189	100,025761	62,040281	54,624087	58,616900	56,419742	60,234427	58,868808	57,982850	61,992365	99,999994	37,860504	36,573437	38,288289	36,524999	38,801229	36,668313	36,884427	39,511567	100,001729
605,00	62,296599	59,507996	62,182981	61,745620	61,617613	61,319762	60,668284	61,630982	100,040829	38,623306	36,638507	37,341624	37,561813	36,970371	38,614026	37,519199	39,328861	100,034022	62,005585	54,597247	58,599788	56,394815	60,205221	58,854187	57,975692	61,962748	100,000882	37,898147	36,606371	38,309875	36,555621	38,830855	36,708561	36,922118	39,552930	100,035429
606,00	62,282431	59,503180	62,166220	61,723632	61,585414	61,311495	60,663605	61,607611	100,053036	38,646075	36,656436	37,380046	37,586126	36,988407	38,636005	37,553287	39,350554	100,021672	61,960268	54,563731	58,559006	56,332380	60,165536	58,834177	57,948774	61,935574	100,001788	37,924287	36,627808	38,328388	36,577296	38,855934	36,745182	36,956462	39,578766	100,047731
607,00	62,255526	59,484375	62,149465	61,693680	61,567330	61,293715	60,641134	61,583132	100,054324	38,672593	36,681721	37,414047	37,625322	37,028560	38,668057	37,584472	39,376205	100,030506	61,915851	54,528821	58,517426	56,286508	60,118926	58,797365	57,919025	61,914694	99,994779	37,946087	36,649463	38,346770	36,589587	38,866898	36,779621	36,983693	39,607099	100,050199
608,00	62,217957	59,454256	62,111074	61,655337	61,543369	61,263597	60,603625	61,536771	100,039303	38,696685	36,718449	37,445560	37,659740	37,051007	38,703084	37,619615	39,408278	100,027502	61,893332	54,489470	58,474499	56,230253	60,080749	58,777070	57,897413	61,900395	99,993652	37,969661	36,673406	38,372418	36,607084	38,878903	36,796382	37,010303	39,622769	100,046587
609,00	62,195617	59,439605	62,088090	61,629766	61,525089	61,230707	60,578251	61,501551	100,034916	38,729036	36,749297	37,465969	37,683719	37,070572	38,740468	37,649834	39,440936	100,029719	61,889464	54,428941	58,435029	56,193471	60,046184	58,739066	57,875621	61,875302	99,996549	37,988317	36,678439	38,391590	36,621916	38,894588	36,817813	37,029660	39,634076	100,028729
610,00	62,178034	59,444112	62,065440	61,607045	61,489153	61,217409	60,571033	61,461687	100,033176	38,750017	36,784562	37,490344	37,701336	37,082195	38,766247	37,671888	39,460921	100,024831	61,885834	54,368407	58,394939	56,135601	60,015535	58,725446	57,863569	61,844212	100,004005	38,016424	36,682215	38,404983	36,636674	38,912320	36,845455	37,051404	39,655980	100,031316
611,00	62,160987	59,447813	62,058759	61,594969	61,476123	61,207843	60,562587	61,454958	100,052059	38,773519	36,809185	37,514615	37,712219	37,107235	38,783604	37,685192	39,473698	100,019324	61,883259	54,316407	58,370990	56,089842	59,993225	58,710557	57,859820	61,837137	100,021970	38,035285	36,679414	38,415211	36,645982	38,930851	36,876476	37,072200	39,672938	100,021327
612,00	62,138408	59,446454	62,030542	61,583269	61,456358	61,193925	60,560560	61,444843	100,060344	38,795209	36,848298	37,543961	37,748790	37,142375	38,810155	37,710321	39,498249	100,012708	61,857271	54,259658	58,343428	56,027216	59,950358	58,703399	57,846284	61,810541	100,030291	38,067624	36,698017	38,424727	36,647364	38,943204	36,901763	37,095493	39,696354	100,026941
613,00	62,095982	59,413302	61,986005	61,554468	61,427134	61,165679	60,533285	61,411667	100,031948	38,808975	36,870921	37,556943	37,769729	37,163624	38,833943	37,736174	39,523467	99,996829	61,820346	54,195905	58,302194	55,964953	59,895551	58,680969	57,804090	61,785758	100,017703	38,079679	36,698931	38,437846	36,654118	38,963917	36,922017	37,119094	39,718822	100,015938
614,00	62,074131	59,397364	61,944777	61,528403	61,402410	61,145008	60,518140	61,376894	100,027740	38,833997	36,903644	37,585267	37,801105	37,181005	38,862607	37,772450	39,554396	100,000918	61,765558	54,117107	58,236063	55,898875	59,836811	58,656383	57,752317	61,740762	100,019836	38,103485	36,711735	38,452968	36,660904	38,977554	36,937574	37,135518	39,744934	100,014675
615,00	62,041014	59,389138	61,919188	61,495149	61,383176	61,134726	60,491967	61,339110	100,022662	38,843548	36,923942	37,596631	37,813675	37,192333	38,881314	37,786072	39,565155	99,994773	61,751735	54,044771	58,186811	55,865097	59,800589	58,632427	57,735443	61,716282	100,024021	38,117024	36,702034	38,473988	36,673284	38,986680	36,956301	37,156841	39,768475	100,009954
616,00	62,020230	59,393626	61,898190	61,469144	61,361772	61,105639	60,471326	61,310530	100,035667	38,867679	36,953986	37,628880	37,841016	37,219876	38,906264	37,811193	39,580750	99,987006	61,722487	53,975832	58,136678	55,804735	59,755093	58,592743	57,716185	61,690307	100,031841	38,148025	36,705211	38,494197	36,684158	39,002299	36,977389	37,172008	39,784741	100,018001
617,00	61,982161	59,374577	61,882824	61,445487	61,325949	61,080748	60,453665	61,288720	100,037265	38,896793	36,980754	37,645748	37,874344	37,247258	38,933051	37,835273	39,604336	99,971318	61,715257	53,928232	58,102858	55,751449	59,713209	58,565509	57,707936	61,667466	100,023699	38,177761	36,710069	38,508424	36,700764	39,024234	37,009126	37,194598	39,805186	100,032020
618,00	61,948913	59,349030	61,862046	61,415088	61,287415	61,060637	60,422558	61,245078	100,018597	38,930416	37,013832	37,678814	37,905002	37,275052	38,962737	37,866938	39,628536	99,972433	61,691588	53,878689	58,062518	55,684221	59,671938	58,543444	57,683301	61,626941	100,022793	38,210312	36,722660	38,526708	36,714217	39,046082	37,034515	37,220454	39,830014	100,044036
619,00	61,920398	59,326005	61,833292	61,393797	61,278558	61,065233	60,401750	61,218584	100,027859	38,961491	37,045518	37,698659	37,928218	37,294933	38,994989	37,896603	39,654210	99,973702	61,659765	53,816724	58,020669	55,643207	59,642088	58,519381	57,652646	61,589551	100,009525	38,239461	36,750153	38,548127	36,736110	39,058071	37,060603	37,260601	39,864448	100,070250
620,00	61,890006	59,312958	61,794770	61,369598	61,251402	61,056072	60,379362	61,173755	100,010610	38,976878	37,077045	37,723607	37,953946	37,316373	39,019367	37,927875	39,674178	99,967200	61,618954	53,740042	57,963365	55,588108	59,598720	58,483565	57,616222	61,540985	99,987906	38,265583	36,776021	38,577193	36,751693	39,072818	37,087813	37,288979	39,892745	100,058603
621,00	61,863142	59,299886	61,756635	61,342478	61,227643	61,033857	60,363132	61,158526	100,000763	38,997257	37,104535	37,746632	37,982455	37,340054	39,046532	37,959212	39,704993	99,969554	61,576420	53,680766	57,922626	55,541819	59,543949	58,455408	57,588774	61,513311	99,988496	38,289359	36,800262	38,601100	36,770478	39,105180	37,114048	37,317416	39,911473	100,054717
622,00	61,836874	59,289366	61,737150	61,315411	61,195725	61,003554	60,345817	61,140841	99,990535	39,024228	37,134290	37,778795	38,011307	37,360761	39,071149	37,989414	39,732957	99,986726	61,556458	53,640473	57,893199	55,501294	59,508830	58,446580	57,569653	61,483306	99,994516	38,304052	36,812603	38,616946	36,788341	39,123547	37,143451	37,328136	39,933378	100,024390
623,00	61,830992	59,281927	61,731535	61,285055	61,182761	60,985088	60,344249	61,130869	99,996185	39,040816	37,159562	37,801182	38,036561	37,376237	39,096847	38,005814	39,760524	99,987268	61,526346	53,618860	57,876480	55,486578	59,503436	58,439654	57,563937	61,479956	100,021601	38,317111	36,824650	38,640749	36,801633	39,147490	37,163022	37,349483	39,962852	100,028956
624,00	61,814225	59,275699	61,714417	61,279529	61,170626	60,969514	60,334611	61,110705	100,017846	39,066419	37,187862	37,829781	38,056946	37,396649	39,121747	38,031784	39,779758	99,992156	61,501443	53,580868	57,858366	55,449438	59,493315	58,410025	57,539237	61,467546	100,031435	38,344395	36,842608	38,661182	36,827725	39,163849	37,179288	37,374577	39,985958	100,024569
625,00	61,776412	59,255320	61,678380	61,256868	61,133945	60,949850	60,313398	61,091220	99,998355	39,091828	37,217042	37,856102	38,083404	37,415737	39,148605	38,055879	39,798164	99,987876	61,479586	53,543627	57,834035	55,416983	59,475845	58,376467	57,526249	61,458194	100,047910	38,363987	36,859930	38,685399	36,835372	39,187959	37,190664	37,410557	39,999065	100,028658
626,00	61,735559	59,240085	61,640316	61,231923	61,093020	60,925549	60,282880	61,053431	99,979562	39,115593	37,239200	37,882718	38,099912	37,434509	39,176881	38,078249	39,820927	100,005734	61,464447	53,499639	57,799453	55,375445	59,430712	58,342671	57,497752	61,427647	100,030124	38,393679	36,871892	38,706851	36,853340	39,211425	37,214154	37,447000	40,017214	100,053978
627,00	61,690140	59,226453	61,614633	61,195093	61,047989	60,899997	60,259962	61,023498	99,959266	39,138117	37,261748	37,905979	38,136905	37,455854	39,199302	38,099530	39,857084	100,025845	61,435175	53,465414	57,768679	55,347258	59,379292	58,331048	57,485688	61,407435	100,007999	38,422245	36,893064	38,721988	36,872518	39,230487	37,257156	37,471324	40,050933	100,095820
628,00	61,663938	59,219480	61,593676	61,165416	61,019880	60,871983	60,223889	60,985231	99,954474	39,147854	37,287995	37,927699	38,160905	37,480786	39,221486	38,126937	39,876744	100,030029	61,415267	53,421187	57,729125	55,316395	59,330857	58,316576	57,462019	61,373544	99,991661	38,452405	36,912078	38,745433	36,899877	39,244846	37,299767	37,494603	40,080202	100,114810
629,00	61,635906	59,209627	61,572862	61,143357	61,005968	60,854220	60,190833	60,972220	99,941385	39,173344	37,316352	37,950170	38,188446	37,507531	39,243853	38,159701	39,890927	100,015283	61,395895	53,389382	57,711762	55,269057	59,295315	58,296049	57,436568	61,357147	99,990672	38,481334	36,926311	38,766995	36,921039	39,259875	37,331620	37,517041	40,100726	100,109386
630,00	61,621749	59,201050	61,551929	61,117828	61,006540	60,842669	60,180038	60,958362	99,959105	39,210752	37,351978	37,980071	38,215157	37,536407	39,273548	38,191465	39,909175	100,011206	61,388260	53,353751	57,680738	55,234724	59,280717	58,276790	57,429242	61,339575	100,023353	38,493121	36,942166	38,795564	36,928132	39,283001	37,343633	37,550172	40,113384	100,080204
631,00	61,585969	59,182799	61,526662	61,097884	60,998040	60,842472	60,179794	60,928243	99,959105	39,240494	37,376064	38,003814	38,243258	37,565902	39,299610	38,218725	39,937657	100,009739	61,349303	53,314626	57,647145	55,180037	59,240925	58,256364	57,407808	61,316514	100,027072	38,519832	36,954108	38,812608	36,946034	39,309680	37,351871	37,578246	40,148559	100,078547
632,00	61,556828	59,158367	61,491430	61,081558	60,977352	60,829240	60,172582	60,904771	99,969077	39,267835	37,398228	38,034382	38,268679	37,592056	39,330867	38,244843	39,960986	100,007284	61,313123	53,264380	57,593781	55,155420	59,198481	58,232051	57,395792	61,283100	100,039709	38,535500	36,965525	38,823181	36,965454	39,319691	37,362641	37,594596	40,175381	100,055480
633,00	61,535603	59,150606	61,478668	61,065608	60,951918	60,823107	60,149729	60,886312	99,982667	39,279369	37,431145	38,054836	38,291904	37,612575	39,361012	38,266164	39,987546	100,010920	61,279356	53,221303	57,559562	55,110765	59,152150	58,195680	57,348877	61,245340	100,030601	38,569298	36,972660	38,836515	36,988956	39,329374	37,391770	37,607586	40,198898	100,061190
634,00	61,514515	59,147137	61,465007	61,049509	60,929137	60,797685	60,128611	60,881895	100,004482	39,298007	37,453470	38,078311	38,313332	37,630409	39,389178	38,288945	40,014264	100,010502	61,263126	53,189921	57,538682	55,092299	59,129542	58,162189	57,336926	61,223024	100,033724	38,585129	36,981800	38,856822	36,996341	39,340159	37,415379	37,618259	40,212587	100,044382
635,00	61,485642	59,145629	61,455745	61,027557	60,909235	60,776567	60,101116	60,855335	100,016332	39,326617	37,494624	38,103971	38,343030	37,665191	39,418137	38,318843	40,049481	100,029898	61,238354	53,161258	57,530028	55,058628	59,110606	58,144367	57,298094	61,195070	100,020969	38,618362	37,005025	38,884792	37,022534	39,375797	37,446940	37,641037	40,226170	100,051510
636,00	61,459398	59,125489	61,414504	61,011839	60,880542	60,752237	60,078204	60,830671	100,005221	39,347371	37,519374	38,130566	38,360283	37,690043	39,435369	38,349617	40,071067	100,026488	61,206013	53,145128	57,509875	55,037534	59,082133	58,120650	57,275391	61,161828	99,998039	38,631821	37,028205	38,906288	37,043884	39,393848	37,472042	37,667257	40,245143	100,033796
637,00	61,434436	59,100527	61,377215	60,983092	60,855550	60,728818	60,058802	60,794479	99,995154	39,368075	37,546444	38,151199	38,375366	37,710008	39,459881	38,368821	40,093318	100,004053	61,171615	53,139365	57,486588	55,022979	59,039396	58,107221	57,245404	61,128300	99,975342	38,666889	37,063396	38,932952	37,073153	39,420635	37,502012	37,698948	40,255696	100,040317
638,00	61,415750	59,082478	61,349005	60,950392	60,830688	60,718286	60,060120	60,768521	99,985147	39,386803	37,565449	38,173175	38,401535	37,728396	39,488918	38,391981	40,109235	100,001729	61,151928	53,151995	57,476002	55,027753	59,010619	58,086377	57,238907	61,102039	99,986291	38,673386	37,090209	38,959622	37,092921	39,440486	37,521523	37,733859	40,281865	100,057185
639,00	61,383194	59,052998	61,324900	60,916609	60,801327	60,692418	60,033476	60,727143	99,971354	39,405873	37,579969	38,190639	38,423833	37,743840	39,516637	38,402969	40,137723	99,980682	61,122519	53,168184	57,466131	55,021322	58,992934	58,078235	57,227945	61,074764	99,981683	38,697475	37,136033	39,000401	37,128484	39,483088	37,549031	37,769684	40,317592	100,069439
640,00	61,373568	59,060562	61,326092	60,912126	60,793263	60,698748	60,011882	60,716915	99,992514	39,429247	37,608406	38,212064	38,441372	37,764409	39,541242	38,427198	40,150693	99,969429	61,115754	53,186381	57,461649	55,032915	59,002870	58,066332	57,220572	61,051178	99,998748	38,721946	37,166333	39,036039	37,170288	39,516950	37,588200	37,799725	40,354991	100,054705
641,00	61,357713	59,050643	61,302304	60,902274	60,781282	60,692257	59,985292	60,687590	100,012553	39,449397	37,637249	38,247272	38,456482	37,784490	39,562562	38,454747	40,185556	99,970824	61,080056	53,205812	57,446885	55,039030	59,003139	58,058167	57,212585	61,034703	99,987340	38,743705	37,206239	39,051762	37,210509	39,541760	37,614438	37,820315	40,389445	100,042725
642,00	61,356127	59,066385	61,294764	60,891432	60,776836	60,709584	59,980392	60,685861	100,052071	39,470708	37,665138	38,265142	38,474318	37,803710	39,580318	38,488841	40,194705	99,971312	61,066592	53,213823	57,437897	55,061859	58,992815	58,033568	57,196915	61,007994	99,996668	38,768905	37,241855	39,083782	37,252566	39,565673	37,636012	37,831849	40,417498	100,050044
643,00	61,325526	59,031081	61,245364	60,848677	60,733813	60,667878	59,960550	60,640472	100,031126	39,492387	37,694752	38,299739	38,510174	37,832668	39,609256	38,527921	40,235287	99,993020	61,034030	53,232837	57,429379	55,051482	58,972210	58,004415	57,173520	60,983217	99,988317	38,789609	37,278172	39,106032	37,292880	39,581245	37,646693	37,852427	40,440205	100,064003
644,00	61,302435	59,035176	61,223400	60,832959	60,697037	60,634172	59,952664	60,619962	100,033784	39,507130	37,714818	38,309970	38,538581	37,849408	39,643604	38,556021	40,255994	99,984193	61,029428	53,253216	57,435864	55,043364	58,937573	57,969135	57,151824	60,950464	99,991232	38,814840	37,314290	39,149028	37,318245	39,604947	37,674427	37,865788	40,453723	100,054669
645,00	61,254334	59,010637	61,190015	60,817319	60,662144	60,588706	59,928668	60,586023	100,006223	39,528546	37,748033	38,351470	38,569468	37,872773	39,678752	38,586041	40,285039	99,986303	60,998428	53,277296	57,432669	55,030137	58,921343	57,950348	57,135946	60,935897	99,982202	38,838452	37,344655	39,177948	37,341869	39,629415	37,693959	37,891734	40,467694	100,044489
646,00	61,218351	59,007078	61,171275	60,794038	60,638273	60,584468	59,908831	60,571694	100,008523	39,555895	37,774414	38,380036	38,589194	37,899616	39,704123	38,606369	40,306225	99,987024	60,980529	53,296685	57,433951	55,035532	58,919638	57,935929	57,127273	60,912192	99,978453	38,860095	37,380844	39,208332	37,368014	39,664474	37,723768	37,924731	40,485013	100,040841
647,00	61,177105	58,972049	61,133528	60,755676	60,616499	60,560054	59,867674	60,538560	99,989015	39,588398	37,810695	38,405961	38,600585	37,921619	39,715156	38,617763	40,330127	99,987406	60,931444	53,274387	57,406825	55,023426	58,902895	57,924676	57,100201	60,878140	99,962914	38,880998	37,411490	39,239192	37,398463	39,698109	37,745571	37,951085	40,507504	100,039268
648,00	61,153227	58,961231	61,108780	60,723293	60,598922	60,551530	59,844464	60,518175	99,991089	39,611942	37,840757	38,427430	38,622299	37,954319	39,750630	38,648745	40,356746	100,000858	60,903937	53,242707	57,375383	54,998279	58,875132	57,906389	57,061583	60,843784	99,952781	38,891995	37,435099	39,249131	37,414753	39,723450	37,762189	37,963283	40,530065	100,024962
649,00	61,143857	58,948988	61,084962	60,707843	60,590869	60,538691	59,822732	60,493284	100,001395	39,630327	37,864429	38,445950	38,653600	37,967831	39,767689	38,670790	40,374729	99,999452	60,877460	53,185946	57,325399	54,952657	58,828717	57,872295	57,020921	60,811383	99,947959	38,897380	37,453762	39,268371	37,415725	39,739332	37,780753	37,971172	40,555432	99,998629
650,00	61,135668	58,940470	61,073554	60,694999	60,582167	60,524464	59,813279	60,482252	99,995780	39,652729	37,888715	38,478675	38,692293	37,993318	39,800769	38,717830	40,398920	99,998629	60,865492	53,140116	57,286632	54,903239	58,800292	57,855839	57,013017	60,801625	99,968421	38,927910	37,464452	39,277989	37,421814	39,756298	37,802643	38,000980	40,586811	100,008571
651,00	61,126727	58,917111	61,054289	60,675281	60,558492	60,504472	59,794694	60,449886	99,985754	39,685497	37,910271	38,509235	38,717148	38,017437	39,825112	38,734207	40,420878	99,994540	60,842776	53,081197	57,246023	54,833865	58,761740	57,820582	56,991470	60,778368	99,970633	38,966933	37,478149	39,298305	37,433735	39,779866	37,831363	38,043392	40,609634	100,030661
652,00	61,100358	58,899492	61,023200	60,667205	60,536546	60,468674	59,776205	60,425335	99,987876	39,713550	37,933797	38,526586	38,736680	38,047466	39,867505	38,760296	40,448532	99,991602	60,815328	53,001541	57,196468	54,765993	58,711934	57,790339	56,969607	60,755080	99,990809	38,995495	37,472638	39,299619	37,442198	39,796734	37,859723	38,066974	40,627217	100,045621
653,00	61,079711	58,877665	60,989511	60,648364	60,500711	60,455823	59,752214	60,398090	99,998045	39,727566	37,952504	38,537815	38,738847	38,079742	39,892986	38,768512	40,457752	99,967688	60,797131	52,884382	57,134140	54,665303	58,650267	57,748598	56,922424	60,726857	99,984872	39,007404	37,456483	39,298028	37,435624	39,796421	37,875363	38,081527	40,643761	100,019586
654,00	61,049837	58,855009	60,970330	60,634643	60,491008	60,434663	59,746814	60,391080	100,018311	39,738023	37,972760	38,552913	38,754711	38,091955	39,910415	38,794953	40,472898	99,964213	60,777903	52,723098	57,054502	54,571110	58,597594	57,726532	56,896132	60,710520	100,000489	39,011955	37,414089	39,281046	37,407449	39,777949	37,888020	38,077000	40,654239	99,973208
655,00	61,026174	58,826733	60,963225	60,608184	60,449129	60,426450	59,735942	60,359174	100,016451	39,756548	37,998852	38,581181	38,773835	38,102877	39,925617	38,814664	40,480885	99,963015	60,741729	52,527362	56,965852	54,414022	58,520013	57,684845	56,853122	60,671085	99,970126	39,034444	37,367618	39,273688	37,377131	39,770222	37,889573	38,088924	40,682775	99,978417
656,00	60,982436	58,784086	60,932177	60,570705	60,408020	60,396582	59,696150	60,324603	99,978518	39,783290	38,021484	38,609064	38,808414	38,104579	39,949304	38,847655	40,505153	99,983972	60,704809	52,294832	56,852007	54,248786	58,436495	57,627201	56,807405	60,650301	99,989921	39,064759	37,300861	39,253625	37,345302	39,775899	37,898558	38,100764	40,703732	99,995720
657,00	60,950208	58,764917	60,886854	60,525602	60,368532	60,365033	59,667361	60,276502	99,948984	39,808884	38,044721	38,635769	38,841182	38,128707	39,981350	38,877243	40,531713	99,984229	60,675877	52,033496	56,727552	54,038304	58,323675	57,549948	56,752598	60,627532	99,996495	39,093530	37,219828	39,223313	37,305897	39,769393	37,904099	38,128594	40,737796	100,039411
658,00	60,915530	58,740354	60,867268	60,490561	60,364360	60,335386	59,633768	60,260499	99,945486	39,833882	38,066807	38,664949	38,859853	38,163272	40,010545	38,909671	40,580806	99,994749	60,664308	51,722044	56,578457	53,815347	58,199209	57,483125	56,683761	60,618424	100,010586	39,126813	37,131599	39,178184	37,244949	39,761049	37,902656	38,143575	40,748477	100,064790
659,00	60,918444	58,748782	60,862303	60,480481	60,367972	60,333371	59,646374	60,262316	100,018072	39,849454	38,090405	38,685864	38,874480	38,188952	40,034527	38,916370	40,604237	99,966890	60,632694	51,357019	56,410885	53,546119	58,050388	57,390362	56,594878	60,580671	100,001681	39,150268	37,023410	39,126751	37,172258	39,737156	37,905499	38,159680	40,782115	100,086522
660,00	60,905844	58,719128	60,847330	60,460401	60,354215	60,305208	59,616119	60,246676	100,026143	39,885193	38,115558	38,715702	38,884372	38,223690	40,055904	38,936317	40,639621	99,967676	60,615218	50,969118	56,223679	53,265727	57,899690	57,296270	56,495607	60,553598	100,022590	39,170220	36,892051	39,062816	37,083298	39,695859	37,897480	38,158616	40,808353	100,091243
661,00	60,887587	58,694386	60,806775	60,421205	60,320640	60,276133	59,597868	60,217243	100,010324	39,918086	38,134614	38,740253	38,908187	38,234264	40,092266	38,958636	40,650830	99,973398	60,592127	50,543672	56,017333	52,954763	57,740277	57,204121	56,402403	60,531586	100,031614	39,188465	36,736274	38,992265	36,978719	39,643142	37,885988	38,142759	40,838787	100,062597
662,00	60,853577	58,624190	60,762310	60,374433	60,291445	60,242766	59,556943	60,162979	99,960661	39,951465	38,157222	38,780460	38,942182	38,260859	40,126133	39,001521	40,680870	100,033033	60,591656	50,111157	55,806935	52,625412	57,575685	57,110888	56,321639	60,532117	100,041461	39,212856	36,566752	38,913128	36,855116	39,582443	37,851486	38,108528	40,844402	100,035322
663,00	60,834819	58,583409	60,734266	60,335451	60,257399	60,206473	59,539944	60,126895	99,973440	39,960164	38,172317	38,792011	38,971087	38,265532	40,144351	39,027339	40,687475	100,028384	60,577798	49,629426	55,598521	52,274001	57,390887	56,982464	56,228727	60,515326	100,017130	39,236829	36,400604	38,831040	36,731479	39,531627	37,819526	38,076398	40,865561	100,014377
664,00	60,816830	58,536553	60,715252	60,317701	60,232878	60,190696	59,522563	60,112882	99,993402	39,970860	38,185701	38,807353	38,996109	38,286254	40,155956	39,049163	40,717563	100,023425	60,556102	49,144039	55,372798	51,916844	57,190096	56,858766	56,110644	60,511285	100,033784	39,254573	36,220333	38,735175	36,607689	39,479157	37,787229	38,054335	40,879536	100,011170
665,00	60,789448	58,525586	60,690206	60,299897	60,204929	60,164869	59,522897	60,099125	100,017452	39,985463	38,189319	38,816264	39,006367	38,311905	40,163288	39,062816	40,750608	99,986792	60,527891	48,624539	55,123389	51,536709	56,970084	56,711775	55,963886	60,488302	100,012112	39,272761	36,042926	38,646984	36,485758	39,419296	37,755784	38,030049	40,912616	100,029063
666,00	60,772979	58,501410	60,655594	60,294569	60,180861	60,151082	59,506667	60,089189	100,029409	40,016872	38,202548	38,832158	39,021331	38,341385	40,192354	39,080358	40,777171	99,993533	60,492390	48,130414	54,854202	51,162761	56,755906	56,595945	55,820149	60,477018	100,015485	39,295474	35,854852	38,546667	36,349380	39,358634	37,719876	38,004124	40,923727	100,035059
667,00	60,759765	58,484912	60,628897	60,261017	60,165477	60,126281	59,486192	60,066235	100,047302	40,041828	38,224271	38,860494	39,044103	38,383043	40,224889	39,119869	40,803364	100,003576	60,457873	47,644329	54,606199	50,790453	56,548542	56,440568	55,685788	60,450482	99,999791	39,321774	35,672992	38,457930	36,214420	39,289597	37,683749	37,980926	40,943715	100,023007
668,00	60,728306	58,437747	60,592967	60,218215	60,131001	60,092413	59,437937	60,030973	100,046206	40,075245	38,254476	38,884190	39,063659	38,405517	40,262043	39,155063	40,824595	100,015652	60,421115	47,198087	54,391986	50,450969	56,354856	56,302583	55,568135	60,404527	99,978971	39,335009	35,502869	38,365519	36,088094	39,237162	37,655744	37,951601	40,942121	99,972808
669,00	60,674417	58,401734	60,556912	60,166103	60,098761	60,069692	59,402525	59,987080	100,005257	40,101689	38,280284	38,915184	39,079925	38,427794	40,296781	39,180923	40,864512	100,014126	60,394377	46,781018	54,191631	50,147033	56,179202	56,167716	55,452055	60,356170	99,980736	39,356571	35,356876	38,310823	35,993779	39,196214	37,645704	37,939006	40,968922	99,953699
670,00	60,639322	58,352190	60,507023	60,148448	60,065466	60,037732	59,369975	59,944946	99,968988	40,134916	38,312545	38,941535	39,099395	38,444453	40,318501	39,203280	40,881214	100,016320	60,366315	46,428022	54,012418	49,882811	56,031644	56,054997	55,342364	60,306531	99,980187	39,380276	35,243154	38,253772	35,920727	39,178577	37,630937	37,925342	40,996903	99,957395
671,00	60,615450	58,328396	60,492557	60,132986	60,029119	60,016584	59,350491	59,922820	99,948919	40,152702	38,323840	38,959920	39,125308	38,467050	40,350339	39,226338	40,901577	100,024056	60,372698	46,163455	53,882432	49,680638	55,924106	55,984175	55,260432	60,305792	100,039911	39,426860	35,162255	38,226029	35,853717	39,159438	37,626022	37,934288	41,048810	100,003564
672,00	60,602534	58,309954	60,462606	60,123992	59,991884	60,000467	59,330517	59,924936	99,981570	40,156955	38,336772	38,972297	39,153445	38,492504	40,368420	39,257053	40,908271	100,021946	60,349303	45,954987	53,767687	49,503094	55,818951	55,909258	55,181509	60,281831	100,033152	39,453211	35,101306	38,191700	35,800734	39,147842	37,621766	37,932622	41,075900	100,011837
673,00	60,588360	58,312589	60,461146	60,098815	59,956402	59,988928	59,333974	59,911776	100,009584	40,164521	38,349152	38,988373	39,167485	38,507923	40,393463	39,270350	40,930974	100,021482	60,328567	45,807254	53,680670	49,368641	55,723035	55,853212	55,106533	60,257477	100,025666	39,474314	35,066250	38,185856	35,769466	39,137772	37,629041	37,941369	41,107577	100,011432
674,00	60,578769	58,318132	60,442501	60,080540	59,943080	59,972626	59,330213	59,898251	100,035131	40,186965	38,386989	39,016902	39,186177	38,522202	40,411282	39,290240	40,952590	100,026846	60,291666	45,706925	53,590590	49,279010	55,651379	55,786210	55,034894	60,224104	99,999207	39,480469	35,043630	38,166633	35,762790	39,132908	37,634838	37,949267	41,099262	99,981725
675,00	60,554457	58,300406	60,427833	60,050601	59,930342	59,947103	59,298003	59,851420	100,035727	40,213421	38,423187	39,060280	39,209306	38,546327	40,443411	39,319193	40,981033	100,045812	60,253119	45,689529	53,547984	49,242538	55,596447	55,758530	54,987168	60,207784	99,985141	39,501247	35,054830	38,189238	35,780942	39,138493	37,644550	37,969059	41,120166	99,981725
676,00	60,528255	58,290434	60,387552	60,025805	59,905243	59,940630	59,265018	59,819895	100,021601	40,230629	38,440320	39,074710	39,224035	38,568056	40,453258	39,330623	40,993828	100,017333	60,247546	45,746258	53,566378	49,292889	55,601162	55,728197	54,999125	60,212892	100,014508	39,525136	35,103017	38,235873	35,829300	39,152271	37,666005	37,998784	41,135722	99,996316
677,00	60,481966	58,278090	60,351360	59,990937	59,868824	59,923279	59,246981	59,783387	100,000584	40,251184	38,453400	39,095390	39,245555	38,586512	40,472743	39,346775	41,009673	100,016069	60,227907	45,849517	53,601474	49,385175	55,600005	55,720550	55,001140	60,197920	100,004601	39,546913	35,189283	38,294491	35,886440	39,196742	37,694061	38,030121	41,171086	100,017917
678,00	60,475993	58,282608	60,341799	59,981841	59,847146	59,920883	59,258372	59,761226	100,009120	40,283048	38,473302	39,104474	39,257726	38,601613	40,488079	39,344361	41,037124	99,999565	60,225403	46,017292	53,683758	49,519455	55,651969	55,727923	55,024809	60,180664	100,026917	39,571396	35,293561	38,352233	35,965240	39,256236	37,725997	38,057935	41,180924	100,018156
679,00	60,447001	58,282149	60,331905	59,965760	59,836930	59,889406	59,259868	59,747082	100,020730	40,295628	38,495463	39,119542	39,286134	38,616616	40,518311	39,367336	41,055706	99,973845	60,195410	46,240619	53,759170	49,677363	55,692333	55,765945	55,035937	60,164416	100,004661	39,601737	35,423467	38,436022	36,060792	39,322513	37,768832	38,097242	41,200832	100,007546
680,00	60,421926	58,262157	60,311908	59,938991	59,828836	59,865659	59,240955	59,715486	100,023699	40,318710	38,528290	39,127284	39,311126	38,646618	40,535533	39,393893	41,092667	99,956077	60,161960	46,544856	53,893280	49,888334	55,793673	55,815595	55,079579	60,131776	100,003290	39,636058	35,575727	38,540569	36,190030	39,391536	37,828639	38,134250	41,226399	100,003600
681,00	60,369283	58,265167	60,286760	59,911090	59,806246	59,835029	59,216028	59,692740	99,991781	40,322736	38,552248	39,151433	39,347717	38,661820	40,558070	39,425364	41,100246	99,964577	60,151553	46,910277	54,049325	50,134307	55,909032	55,887341	55,170709	60,116976	99,989045	39,662465	35,776889	38,666585	36,334416	39,472997	37,896836	38,199505	41,258404	100,011396
682,00	60,338670	58,260000	60,258693	59,892702	59,779763	59,817648	59,171152	59,667939	99,989098	40,355393	38,596621	39,184612	39,376909	38,703105	40,581807	39,452550	41,126847	99,995661	60,119170	47,335622	54,225647	50,427568	56,066692	55,994433	55,261904	60,087323	100,004172	39,671266	35,986942	38,782445	36,488923	39,562398	37,976670	38,260838	41,275448	99,982703
683,00	60,314637	58,278048	60,250473	59,899122	59,766954	59,804487	59,149617	59,653169	99,980491	40,388721	38,647023	39,227763	39,409336	38,727337	40,618953	39,476776	41,139221	100,004423	60,114670	47,823101	54,438013	50,760210	56,233430	56,127393	55,394793	60,072732	100,017369	39,680657	36,225736	38,918415	36,672673	39,674819	38,070452	38,339898	41,294408	99,986112
684,00	60,301816	58,272725	60,225666	59,885699	59,760129	59,791034	59,144187	59,624696	99,990445	40,418470	38,689399	39,260137	39,432922	38,764900	40,651295	39,504993	41,174531	100,011253	60,075510	48,350248	54,655671	51,130414	56,395930	56,239438	55,483174	60,046649	100,020719	39,685661	36,458221	39,065278	36,847207	39,786565	38,161331	38,418043	41,304684	99,975014
685,00	60,295409	58,294922	60,219532	59,876901	59,754896	59,787506	59,141940	59,605914	99,985385	40,437314	38,722056	39,286807	39,467484	38,777041	40,677059	39,541876	41,200915	100,033617	60,055041	48,907131	54,904574	51,527447	56,584644	56,358153	55,615205	60,025299	100,013614	39,707187	36,721569	39,231110	37,038738	39,916679	38,250560	38,514674	41,332692	99,998909
686,00	60,285360	58,291578	60,196096	59,863985	59,726644	59,771174	59,132177	59,573627	100,014460	40,434060	38,743365	39,304584	39,489475	38,800848	40,684301	39,553544	41,219625	100,042260	60,026175	49,495107	55,161285	51,957870	56,780428	56,486434	55,744082	60,008979	100,028598	39,742854	37,002620	39,396790	37,238678	40,047833	38,341945	38,607040	41,348106	99,981993
687,00	60,254610	58,295089	60,205942	59,849316	59,696943	59,753203	59,106517	59,553409	100,026548	40,455583	38,786426	39,327648	39,532238	38,824520	40,704986	39,579540	41,244155	100,051570	60,005629	50,112665	55,437779	52,413678	57,007104	56,640607	55,907148	60,003370	100,041246	39,776310	37,296641	39,576554	37,457615	40,174648	38,431102	38,691646	41,377854	99,975860
688,00	60,218668	58,281666	60,180402	59,836560	59,680891	59,727138	59,097666	59,540629	100,041485	40,487850	38,822857	39,362431	39,560056	38,850948	40,726486	39,587036	41,269779	100,039113	59,997648	50,760955	55,718553	52,856833	57,227325	56,779844	56,040883	59,986758	100,033450	39,804158	37,595248	39,730424	37,684354	40,306258	38,533834	38,774073	41,397953	99,964255
689,00	60,201472	58,299822	60,162187	59,819865	59,674650	59,708160	59,069014	59,521180	100,016117	40,523189	38,867515	39,400014	39,591983	38,874835	40,769291	39,618501	41,297480	100,049162	59,957522	51,384628	55,967683	53,270322	57,429498	56,904399	56,154251	59,946316	100,018156	39,822370	37,882817	39,896855	37,895042	40,419480	38,623083	38,853922	41,426423	99,965662
690,00	60,184526	58,306533	60,134166	59,828204	59,665298	59,694815	59,063470	59,525067	100,031161	40,535736	38,888988	39,411876	39,596206	38,891724	40,789098	39,640984	41,309041	99,997354	59,942412	51,984346	56,198490	53,665566	57,599628	57,028896	56,275654	59,888631	100,009608	39,845479	38,178295	40,046987	38,106620	40,554291	38,733709	38,935420	41,449013	99,968058
691,00	60,157114	58,304989	60,112685	59,803289	59,635133	59,670258	59,022784	59,474194	99,986947	40,538654	38,920528	39,432815	39,620981	38,919011	40,818137	39,671910	41,336933	99,975485	59,917849	52,533895	56,415564	54,043972	57,757783	57,131350	56,380033	59,859884	100,008678	39,874250	38,459900	40,215373	38,298923	40,676296	38,829386	39,022967	41,483104	100,022244
692,00	60,120082	58,284241	60,095412	59,796977	59,596193	59,638995	59,008819	59,442264	99,973541	40,552634	38,941455	39,440563	39,644122	38,935155	40,834820	39,699346	41,353771	99,949163	59,916240	53,044176	56,614667	54,390109	57,906801	57,235318	56,470549	59,856206	100,003803	39,888400	38,698718	40,354580	38,479650	40,786889	38,908628	39,094847	41,501915	100,029528
693,00	60,087842	58,273047	60,080469	59,764087	59,584093	59,627128	58,975339	59,398311	99,963278	40,571705	38,970935	39,478114	39,687479	38,960433	40,867382	39,718884	41,380006	99,979621	59,890354	53,507906	56,801867	54,687297	58,041251	57,308644	56,531936	59,843582	99,989146	39,925006	38,905925	40,476701	38,636792	40,873107	38,974226	39,165607	41,524836	100,051296
694,00	60,078198	58,264095	60,064882	59,771323	59,582728	59,617233	58,974987	59,394562	99,984801	40,588513	38,999936	39,497128	39,698684	38,972431	40,887234	39,738789	41,397008	100,000226	59,874189	53,916937	56,951898	54,951060	58,159357	57,390976	56,606883	59,808898	100,015712	39,955938	39,100951	40,580505	38,773197	40,947816	39,033908	39,223388	41,530818	100,007606
695,00	60,068691	58,264983	60,040891	59,739685	59,585994	59,612030	58,948529	59,374166	99,986976	40,596592	39,019230	39,526120	39,713699	38,994798	40,904668	39,753392	41,418400	100,014794	59,833723	54,279447	57,088220	55,177176	58,249015	57,432997	56,654316	59,765702	99,993736	39,991948	39,287850	40,695995	38,899943	41,019985	39,103565	39,302456	41,563031	100,000894
696,00	60,056508	58,261549	60,010725	59,724474	59,570515	59,587353	58,937526	59,359819	99,965662	40,624240	39,060611	39,546788	39,737996	39,008504	40,930802	39,771163	41,450414	100,036824	59,818196	54,586053	57,200819	55,379194	58,351177	57,499284	56,715745	59,742445	99,987829	40,012050	39,470974	40,797848	39,030406	41,099888	39,167726	39,359015	41,588932	99,995017
697,00	60,010523	58,253324	59,987307	59,687215	59,541398	59,563178	58,924884	59,324718	99,959040	40,654254	39,092809	39,571217	39,778569	39,031604	40,959525	39,796215	41,482270	100,055933	59,783000	54,843688	57,310885	55,544966	58,421081	57,531404	56,745684	59,721273	99,932504	40,027002	39,608175	40,883335	39,156583	41,179812	39,225647	39,402148	41,623673	100,009131
698,00	59,988374	58,239925	59,980577	59,687865	59,534955	59,548265	58,919019	59,316570	99,973387	40,691653	39,142495	39,606938	39,813194	39,061737	40,990391	39,837772	41,509748	100,067687	59,771609	55,088794	57,397169	55,705136	58,505702	57,581514	56,791395	59,708875	99,948943	40,031955	39,720061	40,923080	39,245519	41,244614	39,272130	39,431560	41,626111	99,999422
699,00	59,964925	58,222365	59,965283	59,666651	59,511304	59,533399	58,892167	59,290498	99,982667	40,713063	39,166209	39,623937	39,824280	39,075240	41,016263	39,865193	41,524822	100,056148	59,734577	55,302048	57,474256	55,827308	58,549273	57,591265	56,808591	59,688097	99,946350	40,046933	39,821976	40,983945	39,323139	41,302446	39,315295	39,476255	41,639760	100,006855
700,00	59,949940	58,224064	59,940398	59,652466	59,487444	59,513688	58,868146	59,266931	99,958920	40,737551	39,187169	39,643535	39,843139	39,095262	41,024783	39,898074	41,530490	100,023782	59,702957	55,475479	57,517719	55,929488	58,570081	57,599717	56,839406	59,677827	99,960536	40,075657	39,925775	41,049871	39,386067	41,346732	39,349705	39,523128	41,659027	100,025582
701,00	59,923887	58,218771	59,915757	59,622294	59,451771	59,485775	58,851367	59,235990	99,937540	40,757447	39,207107	39,660186	39,862347	39,113423	41,044423	39,911234	41,554740	99,992406	59,681302	55,610901	57,558501	56,020796	58,599824	57,600617	56,867415	59,677649	99,940401	40,111163	40,036547	41,126075	39,465743	41,400912	39,387739	39,561036	41,689029	100,043821
702,00	59,920931	58,237475	59,884775	59,595388	59,430099	59,459972	58,831942	59,198469	99,931097	40,764445	39,219710	39,689311	39,883900	39,145887	41,052169	39,923111	41,577327	99,971992	59,689009	55,735302	57,588625	56,112540	58,628708	57,618409	56,899858	59,679019	99,966615	40,130463	40,109345	41,166043	39,526644	41,428608	39,423168	39,589667	41,721588	100,022626
703,00	59,928250	58,245575	59,900451	59,601074	59,442103	59,471905	58,836061	59,186250	99,967933	40,771168	39,238587	39,715314	39,904925	39,177802	41,092005	39,932930	41,609189	99,967980	59,688067	55,859518	57,627112	56,197053	58,658767	57,648075	56,920612	59,679210	99,986082	40,134037	40,178540	41,209376	39,587057	41,463774	39,457738	39,620572	41,739106	99,986911
704,00	59,917235	58,255422	59,887773	59,587002	59,445691	59,465837	58,826542	59,171093	99,984407	40,776226	39,266446	39,741239	39,931160	39,211473	41,118065	39,956611	41,636807	99,971914	59,662676	55,935985	57,650256	56,241655	58,642691	57,650441	56,925154	59,626240	99,982917	40,170437	40,237764	41,255969	39,632228	41,507050	39,491427	39,670146	41,772747	100,008726
705,00	59,895629	58,242899	59,885848	59,592897	59,433824	59,465075	58,830947	59,160584	99,978948	40,805739	39,301112	39,767754	39,954150	39,241394	41,146576	39,998204	41,666424	99,991006	59,629411	56,024081	57,695246	56,305021	58,660483	57,679045	56,920272	59,624869	100,003529	40,193897	40,308896	41,301620	39,680806	41,560850	39,518002	39,710149	41,797376	100,043035
706,00	59,869081	58,225977	59,853625	59,555310	59,413099	59,418845	58,795667	59,151262	99,998474	40,831485	39,342228	39,780086	39,964589	39,253917	41,158101	40,024579	41,683385	99,996972	59,628874	56,088978	57,725573	56,368089	58,681518	57,674384	56,925404	59,614366	100,017881	40,223804	40,368897	41,331151	39,737397	41,607839	39,552930	39,740330	41,811287	100,067818
707,00	59,854567	58,217466	59,828180	59,559935	59,403950	59,394544	58,775622	59,158170	99,994540	40,856060	39,375457	39,789730	39,980471	39,254868	41,184905	40,037841	41,702974	99,982643	59,611994	56,179905	57,739961	56,399870	58,703172	57,687360	56,932294	59,633362	100,041866	40,222895	40,424472	41,365096	39,781049	41,626313	39,584211	39,761829	41,837528	100,046539
708,00	59,820169	58,225113	59,787214	59,530443	59,380782	59,375626	58,766651	59,133363	99,971372	40,880466	39,402539	39,803067	39,987087	39,267597	41,186672	40,059331	41,725436	99,982393	59,584475	56,229448	57,728922	56,408405	58,703047	57,660276	56,935030	59,596848	100,017154	40,241519	40,450010	41,392717	39,821881	41,635758	39,603397	39,775863	41,845801	100,010824
709,00	59,805834	58,235890	59,763026	59,522992	59,343779	59,359694	58,760649	59,113753	99,922705	40,907639	39,427617	39,832371	40,024775	39,288577	41,228256	40,084636	41,745842	99,987239	59,557891	56,277418	57,735705	56,412691	58,699644	57,652575	56,934726	59,565312	100,009871	40,265042	40,484059	41,440868	39,850727	41,654724	39,622986	39,797208	41,882861	99,992311
710,00	59,764212	58,239645	59,735310	59,492779	59,318388	59,355295	58,747447	59,090006	99,896830	40,923348	39,446107	39,869782	40,046525	39,311284	41,252187	40,107208	41,769531	100,010288	59,536070	56,305599	57,743239	56,434762	58,714092	57,638818	56,923771	59,540373	100,004184	40,287831	40,535176	41,464919	39,901075	41,691455	39,642364	39,816105	41,889271	99,964964
711,00	59,750152	58,238053	59,750456	59,499496	59,331143	59,350878	58,735090	59,097695	99,938083	40,947494	39,478958	39,903119	40,084440	39,346761	41,284838	40,134811	41,785726	100,008488	59,562063	56,354463	57,771635	56,463122	58,727050	57,664603	56,958675	59,540164	100,065005	40,311939	40,592808	41,507244	39,942157	41,719678	39,683682	39,859486	41,907224	99,957621
712,00	59,717059	58,224475	59,723234	59,478986	59,317142	59,354234	58,708966	59,071308	99,936837	40,966305	39,499965	39,925507	40,104350	39,368042	41,298693	40,160450	41,814774	100,016749	59,524977	56,384540	57,777590	56,458074	58,721238	57,670885	56,953520	59,525496	100,030529	40,335637	40,627655	41,521212	39,968529	41,740963	39,720008	39,881560	41,908282	99,955362
713,00	59,720856	58,232546	59,724474	59,452528	59,309202	59,347761	58,718318	59,044653	99,940729	40,995634	39,533278	39,966294	40,131286	39,395565	41,322857	40,188235	41,839984	100,033689	59,518552	56,399691	57,786512	56,480801	58,703411	57,688475	56,957781	59,500414	100,026727	40,363982	40,661657	41,558826	39,995983	41,759694	39,755505	39,918849	41,935679	99,979669
714,00	59,710360	58,215427	59,710348	59,451717	59,302598	59,340024	58,714479	59,035742	99,934870	41,002244	39,546162	39,973536	40,146092	39,389774	41,331226	40,190274	41,858935	100,015593	59,451824	56,401628	57,751894	56,475514	58,650434	57,633173	56,907183	59,450179	99,939722	40,389311	40,694007	41,578797	40,014213	41,804916	39,780879	39,944965	41,967458	99,995446
715,00	59,706843	58,221573	59,715575	59,478414	59,304434	59,346789	58,729190	59,041339	99,979407	41,040576	39,585114	40,012485	40,159884	39,408192	41,347384	40,210056	41,883105	100,017393	59,457445	56,428236	57,759792	56,508428	58,654112	57,619649	56,889039	59,426546	99,954385	40,397763	40,729824	41,594136	40,038228	41,829732	39,800507	39,965454	41,999847	99,997437
716,00	59,690630	58,200347	59,703356	59,491146	59,282851	59,341300	58,706564	59,036714	99,975687	41,049904	39,585751	40,003848	40,180263	39,417222	41,346347	40,229839	41,888106	99,980921	59,460604	56,461608	57,757550	56,526256	58,655703	57,607067	56,889135	59,407175	99,949974	40,417156	40,759578	41,620499	40,065366	41,854939	39,825222	39,979640	42,011273	99,984324
717,00	59,682894	58,207679	59,708053	59,481996	59,268981	59,340620	58,680159	59,039950	99,971193	41,064748	39,613125	40,021008	40,200347	39,442018	41,377434	40,268117	41,909167	99,974585	59,486407	56,471568	57,781863	56,554419	58,681536	57,634503	56,921804	59,411091	99,974364	40,426090	40,786296	41,645595	40,098453	41,849196	39,829999	39,988759	42,016751	99,954855
718,00	59,666181	58,205569	59,714735	59,465414	59,264016	59,320879	58,679467	59,038448	99,926656	41,046888	39,617863	40,011731	40,211883	39,458123	41,382533	40,271598	41,922420	99,927366	59,473240	56,488377	57,758975	56,567997	58,664715	57,654977	56,935006	59,411371	99,983275	40,444851	40,794587	41,675773	40,126696	41,856113	39,837098	40,015116	42,002401	99,936646
719,00	59,651172	58,199787	59,704989	59,450400	59,250593	59,312391	58,677429	59,036136	99,963647	41,058347	39,622760	40,031773	40,216023	39,475724	41,409388	40,295795	41,934699	99,911356	59,469748	56,512648	57,778645	56,573683	58,666277	57,639390	56,930906	59,432578	99,984580	40,467176	40,801147	41,671252	40,142551	41,858235	39,839947	40,028667	42,018464	99,955630
720,00	59,660900	58,191073	59,680480	59,435576	59,233689	59,312230	58,692157	59,007037	99,958795	41,074872	39,619291	40,051082	40,221676	39,487994	41,415375	40,305755	41,954440	99,874705	59,469134	56,551313	57,811117	56,596065	58,681589	57,642996	56,931663	59,464067	100,004244	40,492389	40,820044	41,681713	40,174571	41,894516	39,866403	40,049419	42,032245	99,960268
721,00	59,688681	58,186495	59,670573	59,416300	59,231663	59,329700	58,678925	58,981389	99,966043	41,105339	39,633617	40,073666	40,248692	39,503720	41,439351	40,337157	41,954651	99,908227	59,467143	56,565779	57,839954	56,612104	58,708799	57,657319	56,930065	59,460205	100,025332	40,526754	40,865886	41,717309	40,227479	41,931361	39,909571	40,075129	42,087886	100,011623
722,00	59,696412	58,198732	59,671277	59,433079	59,237784	59,329820	58,676207	58,973432	99,951041	41,130525	39,672238	40,093243	40,278438	39,529160	41,443434	40,373760	41,987625	99,928033	59,441835	56,579703	57,827300	56,623453	58,704299	57,670856	56,936735	59,427935	100,030184	40,529034	40,888080	41,753376	40,266690	41,964161	39,925495	40,100598	42,094654	99,982643
723,00	59,704834	58,211583	59,689927	59,426939	59,249461	59,326053	58,674437	58,986270	99,971640	41,144961	39,713576	40,107876	40,309688	39,553353	41,474774	40,394875	42,001811	99,957639	59,415644	56,599325	57,800579	56,616229	58,681291	57,669628	56,924033	59,382784	100,025415	40,543789	40,939182	41,794029	40,293789	41,980824	39,949241	40,138119	42,132744	100,013578
724,00	59,675193	58,256930	59,693819	59,446001	59,276247	59,328675	58,682418	59,004682	100,012779	41,156840	39,750621	40,136340	40,303722	39,561707	41,495168	40,420809	42,039263	99,940771	59,413129	56,618762	57,809138	56,616092	58,671492	57,640028	56,934559	59,391630	99,994814	40,559411	40,969494	41,820189	40,300816	42,003620	39,959213	40,161860	42,123356	100,010335
725,00	59,692442	58,282816	59,722364	59,445864	59,265006	59,343868	58,688647	59,019208	100,056410	41,196615	39,781764	40,165603	40,323222	39,584687	41,537842	40,437368	42,062634	99,949926	59,420973	56,623995	57,826728	56,647050	58,694774	57,661104	56,944948	59,412152	100,012851	40,581802	41,001251	41,832805	40,314487	42,022952	39,988190	40,182546	42,152348	100,052619
726,00	59,666729	58,275729	59,701490	59,463334	59,240866	59,320658	58,687949	59,007305	100,039637	41,221392	39,806077	40,210116	40,352035	39,601886	41,559741	40,469617	42,085755	99,964058	59,427631	56,618482	57,828951	56,659108	58,697885	57,654446	56,924850	59,423965	99,979043	40,594301	41,015759	41,832021	40,327716	42,040816	40,004611	40,195027	42,139325	100,017023
727,00	59,681797	58,238202	59,692419	59,465033	59,223068	59,285587	58,685613	59,005129	100,001025	41,229248	39,819422	40,217996	40,389052	39,629105	41,578540	40,475065	42,104137	99,936956	59,428179	56,638223	57,840669	56,699461	58,693308	57,690024	56,938630	59,433454	100,011373	40,599391	41,033536	41,826802	40,347821	42,051706	40,001383	40,197840	42,174977	99,963796
728,00	59,677076	58,247632	59,671664	59,463423	59,252000	59,286380	58,698362	59,018266	99,950248	41,221511	39,837620	40,229693	40,402091	39,666840	41,594285	40,482044	42,118633	99,918580	59,434491	56,687242	57,863963	56,700361	58,681703	57,673371	56,946164	59,443808	100,004756	40,609315	41,072154	41,856876	40,378612	42,076674	40,027907	40,230685	42,187688	99,923891
729,00	59,662855	58,270448	59,679991	59,437513	59,261829	59,307879	58,707470	59,036565	99,935114	41,246358	39,844054	40,234223	40,400788	39,684278	41,597405	40,493241	42,139590	99,937552	59,427631	56,706727	57,882375	56,710410	58,688253	57,683331	56,970185	59,444064	100,009501	40,630671	41,085979	41,895902	40,404388	42,099226	40,043506	40,243420	42,216632	99,938470
730,00	59,648794	58,284533	59,697735	59,429568	59,259319	59,337461	58,724457	59,046769	99,941283	41,271454	39,868146	40,270451	40,406007	39,695087	41,604236	40,520617	42,158544	99,993861	59,423685	56,712842	57,896179	56,696582	58,695859	57,662714	56,984925	59,418488	99,996549	40,643600	41,118285	41,923794	40,433750	42,122632	40,084162	40,275380	42,228684	99,992454
731,00	59,656692	58,279276	59,718120	59,440291	59,249812	59,327257	58,733374	59,048265	99,999970	41,288501	39,898160	40,275973	40,414107	39,670497	41,604370	40,525281	42,160171	100,007510	59,431863	56,694531	57,910502	56,718951	58,707386	57,694930	56,983876	59,403074	100,010395	40,644428	41,109449	41,927716	40,449876	42,117077	40,083066	40,280950	42,227879	99,974418
732,00	59,675997	58,293486	59,717029	59,451902	59,230822	59,320825	58,728069	59,041476	100,022137	41,316143	39,939666	40,289387	40,433472	39,692417	41,629216	40,530735	42,170030	100,008571	59,441662	56,713450	57,917041	56,744105	58,729780	57,702994	56,999904	59,410566	100,001788	40,644538	41,130117	41,924664	40,494061	42,137119	40,105012	40,316176	42,257720	99,957764
733,00	59,712386	58,310056	59,706020	59,444803	59,216237	59,316850	58,732557	59,056973	100,053740	41,327971	39,966992	40,300494	40,461674	39,690739	41,665223	40,548202	42,171779	100,013304	59,432054	56,710470	57,930559	56,759554	58,723795	57,692844	56,975728	59,402144	99,998176	40,663075	41,126347	41,951504	40,510643	42,158142	40,111268	40,344134	42,272061	99,918067
734,00	59,729362	58,324522	59,733474	59,457439	59,227842	59,351593	58,743387	59,061521	100,031948	41,340041	39,962268	40,313643	40,476856	39,711866	41,689327	40,573069	42,203701	100,037169	59,421343	56,737548	57,920206	56,771255	58,717912	57,682055	56,986803	59,407973	99,997741	40,707979	41,158932	41,985509	40,531623	42,204225	40,135816	40,360463	42,312413	99,962807
735,00	59,725738	58,332813	59,755588	59,471112	59,233308	59,364426	58,751178	59,063566	100,010371	41,338679	39,991382	40,345395	40,500590	39,722821	41,718295	40,604711	42,231739	100,061893	59,422666	56,741816	57,925403	56,776571	58,712840	57,686257	56,990278	59,392852	99,999452	40,729198	41,163376	41,994554	40,527499	42,216796	40,135080	40,355659	42,299950	99,991769
736,00	59,738165	58,358228	59,777665	59,486896	59,246379	59,372759	58,755755	59,023046	100,021589	41,354978	40,005961	40,366641	40,527523	39,771375	41,729808	40,626344	42,273495	100,045490	59,441090	56,780392	57,939988	56,792605	58,743864	57,708323	57,001859	59,423620	99,991435	40,749374	41,175771	41,986606	40,533215	42,225415	40,145576	40,359414	42,306462	99,992651
737,00	59,752959	58,360171	59,755236	59,479856	59,243536	59,358001	58,784384	59,041536	100,042450	41,370189	40,046784	40,405482	40,538296	39,788997	41,741744	40,657547	42,289922	100,021124	59,436566	56,810778	57,975435	56,795031	58,779925	57,720327	57,001173	59,438568	99,979913	40,755451	41,179290	41,995284	40,520427	42,228791	40,143982	40,358439	42,297894	99,934930
738,00	59,791303	58,368999	59,763139	59,499407	59,251815	59,366971	58,779407	59,054834	100,039363	41,376835	40,033367	40,398389	40,542698	39,805087	41,740185	40,661162	42,294282	99,913460	59,471577	56,837863	58,014095	56,826490	58,797741	57,763273	57,024652	59,470987	99,982262	40,764156	41,184592	42,004588	40,521276	42,222443	40,175456	40,372762	42,319748	99,841285
739,00	59,775048	58,366698	59,776932	59,490645	59,276086	59,367830	58,778131	59,083235	99,989694	41,409564	40,048966	40,411055	40,546635	39,809009	41,772199	40,678558	42,300501	99,890077	59,505266	56,884503	58,010012	56,875455	58,816481	57,806081	57,067829	59,467578	99,999565	40,771836	41,199765	42,025843	40,551403	42,236555	40,189800	40,383267	42,334560	99,833071
740,00	59,790683	58,412749	59,810954	59,513170	59,308696	59,399259	58,791715	59,101778	100,007260	41,439289	40,061870	40,413326	40,570897	39,824280	41,795430	40,685359	42,322049	99,898475	59,543455	56,915528	58,026046	56,926131	58,812654	57,838434	57,093692	59,482068	100,008082	40,798965	41,237885	42,049628	40,619773	42,253321	40,231755	40,424198	42,368293	99,888206
741,00	59,816694	58,468932	59,827566	59,552884	59,357709	59,464997	58,877838	59,135365	100,089538	41,464823	40,101421	40,435120	40,587354	39,852345	41,816962	40,699580	42,339137	99,932408	59,548014	56,933421	58,027709	56,947470	58,848888	57,824117	57,103312	59,475785	100,023949	40,834469	41,289645	42,086169	40,673068	42,306951	40,249634	40,441394	42,388439	99,945647
742,00	59,851843	58,506733	59,853071	59,594554	59,357548	59,510714	58,920610	59,169692	100,133288	41,464680	40,121049	40,442371	40,603635	39,866102	41,820216	40,714335	42,349720	99,929053	59,575772	56,933868	58,061022	56,976241	58,869600	57,848024	57,126975	59,515715	100,015318	40,860125	41,350210	42,135918	40,708438	42,344254	40,272143	40,475881	42,412877	99,973458
743,00	59,863049	58,543569	59,890085	59,620297	59,386480	59,524089	58,937365	59,191418	100,103128	41,481492	40,139741	40,484211	40,636203	39,905778	41,850844	40,754569	42,378467	99,912262	59,585392	56,955302	58,077776	57,004905	58,911300	57,861590	57,154155	59,541523	99,998015	40,867764	41,373336	42,160416	40,693375	42,351305	40,277675	40,492466	42,432490	99,915427
744,00	59,888703	58,558947	59,939808	59,619939	59,396857	59,497100	58,939248	59,225893	100,066912	41,499358	40,145344	40,518016	40,667054	39,931920	41,868657	40,800393	42,396718	99,922007	59,602797	57,008785	58,124661	57,047069	58,907360	57,905924	57,191694	59,604126	99,990541	40,896794	41,400462	42,204055	40,717524	42,392883	40,316597	40,535700	42,468271	99,926424
745,00	59,932894	58,604330	59,962296	59,672731	59,460682	59,517348	58,969712	59,276032	100,089550	41,522834	40,168622	40,544617	40,685201	39,972150	41,892156	40,843844	42,425534	99,937218	59,596407	57,050598	58,158582	57,040226	58,885461	57,895190	57,176483	59,593546	99,940240	40,918887	41,411221	42,217055	40,717733	42,400074	40,356800	40,560713	42,494145	99,892080
746,00	59,975600	58,626896	59,949720	59,730226	59,470010	59,562516	58,995771	59,318525	100,106990	41,529018	40,189952	40,543500	40,701222	39,980578	41,894436	40,840882	42,436010	99,967432	59,624684	57,075125	58,215135	57,040358	58,902979	57,938308	57,223064	59,605223	99,967033	40,953869	41,463193	42,251083	40,779486	42,454484	40,418109	40,624729	42,523986	99,995363
747,00	59,960818	58,628070	59,942997	59,736496	59,494936	59,575009	59,006292	59,323901	100,049281	41,549763	40,208802	40,551671	40,710664	39,991516	41,916752	40,847516	42,452958	99,969178	59,645933	57,092464	58,239126	57,067186	58,954662	57,973921	57,244796	59,610498	100,010383	40,955925	41,455936	42,254829	40,771160	42,426747	40,404591	40,636447	42,531186	100,007820
748,00	59,939981	58,621234	59,968656	59,734130	59,490860	59,624034	59,012747	59,328747	100,016904	41,590038	40,238148	40,598872	40,734726	40,000066	41,954371	40,852734	42,458805	99,965966	59,669954	57,108808	58,261466	57,121295	59,008849	58,022797	57,294893	59,673065	100,072634	40,967134	41,490829	42,285877	40,805462	42,454952	40,430203	40,653911	42,566708	100,037301
749,00	59,932131	58,635801	60,012937	59,735340	59,515524	59,637296	59,021300	59,318876	99,992073	41,629183	40,271020	40,626281	40,749264	40,029067	41,998577	40,884000	42,468780	99,920350	59,657061	57,098860	58,245361	57,156146	58,992410	58,023512	57,269412	59,666276	100,024080	40,970433	41,485962	42,290100	40,806535	42,469540	40,439984	40,649554	42,569014	99,976218
750,00	59,975320	58,667177	60,036963	59,778190	59,528720	59,699047	59,061027	59,331113	100,048399	41,625878	40,310514	40,661579	40,787342	40,059841	42,032641	40,908936	42,482671	99,933922	59,718955	57,110381	58,271295	57,202464	59,001434	58,049887	57,299882	59,719890	100,007415	41,005376	41,536969	42,311391	40,830845	42,516398	40,485722	40,681183	42,595917	99,954897
751,00	60,043502	58,701253	60,034931	59,801257	59,564197	59,685528	59,115767	59,342587	100,027764	41,625524	40,333778	40,669873	40,810636	40,095994	42,047516	40,934178	42,542735	99,944359	59,764951	57,145458	58,298171	57,209188	59,052622	58,092213	57,348001	59,720397	100,000179	41,035312	41,544437	42,317104	40,855610	42,543599	40,517035	40,721554	42,615813	99,977380
752,00	60,081315	58,723551	60,050768	59,818083	59,590852	59,712100	59,152162	59,370375	100,017583	41,642490	40,357864	40,695244	40,818471	40,119496	42,055234	40,949470	42,560160	99,927157	59,831852	57,219648	58,346689	57,257611	59,100211	58,142751	57,415181	59,815019	100,060487	41,058829	41,584012	42,346120	40,897048	42,563680	40,537626	40,736812	42,660633	99,965966
753,00	60,114437	58,778703	60,060424	59,840536	59,635299	59,716511	59,178394	59,425718	100,046694	41,674840	40,369976	40,709046	40,802830	40,117845	42,075032	40,961933	42,595220	99,917305	59,788722	57,256728	58,377248	57,279873	59,123242	58,158374	57,449645	59,803414	100,030935	41,057482	41,597942	42,370126	40,949702	42,596677	40,572083	40,768391	42,675737	100,005257
754,00	60,106474	58,830231	60,106921	59,890091	59,640783	59,762025	59,175658	59,478563	100,067651	41,701162	40,384379	40,711078	40,811172	40,117976	42,085665	40,966427	42,585433	99,880099	59,816259	57,307452	58,408380	57,350451	59,150743	58,164918	57,454211	59,840089	100,029528	41,092405	41,630286	42,399493	40,984190	42,607316	40,579936	40,787366	42,706099	99,987310
755,00	60,112745	58,830112	60,091949	59,891343	59,638762	59,754640	59,198272	59,499359	100,057673	41,722751	40,397084	40,724561	40,862057	40,129817	42,123935	40,999907	42,642140	99,896902	59,829849	57,314104	58,445835	57,372403	59,180444	58,188152	57,489216	59,829122	100,002193	41,135287	41,629624	42,427269	40,989894	42,646542	40,608171	40,829661	42,714381	99,981439
756,00	60,143095	58,880019	60,141963	59,943271	59,678406	59,787875	59,235346	59,533185	100,018620	41,733810	40,408260	40,739280	40,912670	40,141979	42,133519	41,023269	42,653096	99,894065	59,887695	57,356858	58,475071	57,417554	59,188986	58,214635	57,482737	59,864610	99,995279	41,176319	41,655293	42,475986	41,018447	42,665836	40,632573	40,874836	42,750752	99,996948
757,00	60,198355	58,928180	60,177124	59,965283	59,736210	59,834516	59,300828	59,578753	100,049818	41,742265	40,441006	40,764743	40,944749	40,175998	42,132252	41,054764	42,674941	99,940431	59,917003	57,385790	58,526051	57,448626	59,212875	58,259553	57,523787	59,922045	99,991578	41,190043	41,688740	42,496097	41,050965	42,688915	40,672824	40,897644	42,740819	99,994016
758,00	60,222805	58,999217	60,237163	60,007727	59,795511	59,922427	59,347641	59,624761	100,073946	41,752017	40,479958	40,785244	40,945971	40,190753	42,156723	41,071978	42,690358	99,962735	59,946501	57,457501	58,554703	57,497579	59,247434	58,294511	57,539809	59,960711	99,989623	41,213226	41,728392	42,529613	41,092777	42,701232	40,676463	40,910691	42,777714	100,020540
759,00	60,276026	58,997661	60,242260	60,025066	59,841847	59,956282	59,371841	59,675574	100,092673	41,775680	40,513074	40,822101	40,974590	40,234876	42,192170	41,091833	42,721969	99,945760	59,972095	57,491869	58,585083	57,517749	59,287035	58,332688	57,622379	59,984499	99,999613	41,237643	41,748464	42,521495	41,093817	42,719850	40,706688	40,912503	42,788556	99,998313
760,00	60,280758	58,987540	60,259825	60,058802	59,849447	59,941804	59,375978	59,671587	100,067115	41,788468	40,510204	40,860233	40,975377	40,244591	42,227310	41,123673	42,767864	99,936366	59,984106	57,522839	58,586824	57,543665	59,305948	58,336991	57,651585	59,997404	100,008869	41,245395	41,745114	42,530146	41,087216	42,751330	40,710834	40,935180	42,816648	99,979472
761,00	60,292923	58,994436	60,277754	60,075605	59,862375	59,911716	59,362936	59,684581	100,056088	41,796628	40,499583	40,872508	40,991375	40,251300	42,223376	41,123217	42,770916	99,890816	60,031462	57,530111	58,627629	57,581496	59,339327	58,353865	57,695568	59,996015	99,992615	41,256878	41,769761	42,539871	41,120449	42,780247	40,727195	40,945363	42,825389	99,985880
762,00	60,285234	59,028244	60,317022	60,097241	59,870315	59,923416	59,372061	59,688312	100,073099	41,822660	40,512598	40,877187	41,004169	40,274182	42,257586	41,150025	42,774212	99,930137	60,061002	57,553178	58,644170	57,626253	59,384859	58,365840	57,678580	60,033822	99,990499	41,270185	41,772446	42,559743	41,155201	42,796534	40,732792	40,955967	42,833832	99,966973
763,00	60,321093	59,076810	60,353261	60,134065	59,924084	59,965277	59,422374	59,741879	100,082493	41,853869	40,538934	40,899169	41,052175	40,299487	42,280582	41,142476	42,772985	99,931860	60,084903	57,574320	58,694154	57,655042	59,406799	58,409196	57,716459	60,047811	99,956518	41,319951	41,815653	42,586789	41,222459	42,841920	40,800512	41,000408	42,865154	100,001192
764,00	60,353589	59,101349	60,357493	60,174775	59,922528	60,011292	59,458590	59,766674	100,083697	41,865087	40,582326	40,938228	41,092303	40,327573	42,308232	41,179302	42,816907	99,978149	60,106093	57,609701	58,691174	57,675928	59,406346	58,436221	57,732791	60,123384	99,975747	41,338256	41,845578	42,591462	41,229630	42,869160	40,839958	41,049060	42,883098	99,983436
765,00	60,409606	59,108877	60,388583	60,196298	59,939986	60,032171	59,501749	59,771115	100,058568	41,883418	40,605381	40,972736	41,088158	40,320584	42,304474	41,193783	42,855731	99,963981	60,154057	57,680637	58,756971	57,686692	59,431070	58,494723	57,792926	60,161316	99,976617	41,370088	41,922611	42,643672	41,263172	42,908749	40,875623	41,096058	42,925873	100,021398
766,00	60,439026	59,165680	60,385501	60,196722	59,953684	60,048544	59,526378	59,776580	100,039685	41,924399	40,631512	41,004777	41,106138	40,364063	42,332944	41,255605	42,887008	99,985534	60,211349	57,736707	58,793902	57,727855	59,485263	58,527875	57,856548	60,205805	100,004756	41,353786	41,936246	42,669246	41,270170	42,933691	40,853328	41,111493	42,946655	100,048399
767,00	60,499531	59,229094	60,440814	60,240316	60,010928	60,097623	59,556562	59,817499	100,061584	41,993687	40,682206	41,042393	41,104156	40,398899	42,379832	41,306376	42,914414	100,032079	60,233682	57,781780	58,834362	57,765597	59,510344	58,569014	57,887667	60,207385	99,979228	41,382372	41,967115	42,720291	41,305456	42,944700	40,898648	41,103032	42,963699	100,078988
768,00	60,508573	59,259045	60,444605	60,273165	60,048413	60,144287	59,573895	59,867322	100,077879	42,042336	40,727177	41,073027	41,164947	40,421817	42,448029	41,363841	42,953780	100,061262	60,269499	57,805377	58,877212	57,805288	59,550655	58,608294	57,924139	60,249513	99,979866	41,393265	41,957533	42,713603	41,325626	42,943439	40,909699	41,102901	42,951083	100,054467
769,00	60,562968	59,313142	60,488313	60,325366	60,091901	60,193723	59,612340	59,918237	100,132895	42,049798	40,747494	41,082993	41,201293	40,432385	42,489749	41,378963	42,987248	100,023353	60,291225	57,842022	58,914143	57,849735	59,564024	58,616590	57,929748	60,269064	99,999267	41,443431	42,011347	42,741272	41,367808	42,952016	40,975475	41,119367	42,973644	100,060189
770,00	60,598886	59,357345	60,513979	60,370266	60,155439	60,214990	59,647751	59,949392	100,127745	42,048299	40,716684	41,095790	41,237828	40,447530	42,478123	41,370517	42,992160	99,947566	60,299391	57,897466	58,947390	57,874835	59,635782	58,659685	57,977879	60,319763	100,026739	41,460282	42,012066	42,748317	41,388962	42,970058	40,972877	41,160259	42,991698	100,022626
771,00	60,661376	59,443587	60,600311	60,426354	60,237277	60,242677	59,699023	59,988719	100,135922	42,021778	40,732831	41,092452	41,234055	40,461624	42,457259	41,358143	43,008968	99,901056	60,301131	57,936341	58,962446	57,904840	59,638381	58,640915	58,018696	60,312361	100,052071	41,473755	42,057034	42,790371	41,429764	43,008840	41,015270	41,192645	43,051395	100,040555
772,00	60,664350	59,408510	60,634291	60,463220	60,272980	60,272574	59,720689	60,038829	100,067711	42,055118	40,787801	41,156316	41,254246	40,516898	42,487529	41,402000	43,016329	99,954188	60,298920	57,967931	58,957458	57,932937	59,667188	58,713746	58,019221	60,336608	100,052190	41,500244	42,073849	42,808393	41,425914	43,014455	41,016948	41,224080	43,073392	99,994069
773,00	60,688394	59,411258	60,666978	60,465986	60,286927	60,291320	59,773237	60,087615	100,057292	42,065760	40,825835	41,166419	41,281927	40,538105	42,527455	41,439956	43,036225	99,981809	60,347742	57,973951	58,990872	57,972533	59,674710	58,705395	58,068568	60,347915	100,096285	41,506758	42,105740	42,832440	41,460764	43,034136	41,051283	41,252005	43,094417	100,033998
774,00	60,703975	59,400344	60,653728	60,494184	60,251784	60,321105	59,801215	60,096210	100,056493	42,107654	40,835437	41,201064	41,285777	40,563813	42,538577	41,486725	43,050385	99,975944	60,400832	58,011520	59,000599	58,036119	59,739214	58,746839	58,068126	60,407609	100,087714	41,552475	42,128849	42,842403	41,493866	43,080947	41,081196	41,293812	43,105549	100,064373
775,00	60,717207	59,435487	60,666579	60,508531	60,286528	60,339051	59,805620	60,086703	100,091469	42,106664	40,824682	41,156125	41,261369	40,513444	42,549884	41,459644	43,080127	99,915040	60,453731	58,041239	59,075868	58,027726	59,749991	58,732080	58,107531	60,455668	100,062168	41,566485	42,139888	42,862746	41,536313	43,113464	41,087493	41,291150	43,124431	100,028813
776,00	60,735732	59,506267	60,692883	60,565221	60,302740	60,361362	59,819043	60,089701	100,091064	42,140239	40,824017	41,201818	41,270080	40,527380	42,593166	41,484410	43,094394	99,924874	60,486066	58,084744	59,107465	58,053166	59,785688	58,799386	58,090854	60,484147	100,026131	41,590762	42,156005	42,877004	41,546336	43,132782	41,089481	41,305348	43,159297	100,007725
777,00	60,720366	59,569061	60,692722	60,555071	60,321498	60,394979	59,796417	60,094130	100,060391	42,187473	40,858108	41,251877	41,325334	40,562838	42,658955	41,509572	43,136364	99,963498	60,476512	58,096713	59,140474	58,041626	59,798950	58,832073	58,117872	60,468650	100,018251	41,602030	42,170715	42,908588	41,558883	43,117800	41,110110	41,309980	43,172592	100,021207
778,00	60,749358	59,632707	60,722446	60,578883	60,329235	60,421497	59,848744	60,133821	100,055265	42,206550	40,881976	41,312078	41,355169	40,589985	42,671490	41,542172	43,122479	99,963737	60,531473	58,128870	59,149766	58,099329	59,850460	58,896279	58,184797	60,516226	100,050271	41,626599	42,206037	42,943439	41,593364	43,155056	41,150883	41,344845	43,191272	100,066864
779,00	60,760057	59,623581	60,725141	60,594159	60,376644	60,420287	59,882277	60,143983	100,085878	42,222810	40,942815	41,321468	41,400203	40,618831	42,683560	41,569889	43,140095	99,974221	60,581285	58,149207	59,190840	58,139741	59,893054	58,918470	58,257121	60,545790	100,035596	41,653955	42,247543	42,965022	41,635013	43,203777	41,215774	41,377056	43,213084	100,059116
780,00	60,797560	59,649962	60,778326	60,668415	60,439086	60,452902	59,930265	60,243207	100,110018	42,228863	40,952179	41,315770	41,424739	40,623266	42,703593	41,586566	43,125448	99,920905	60,609341	58,159071	59,220386	58,149838	59,890276	58,923048	58,259642	60,567153	100,001514	41,708443	42,277554	43,003264	41,663024	43,254775	41,231221	41,400525	43,268862	100,023401
781,00	60,838640	59,672797	60,819107	60,708612	60,496420	60,475421	59,940571	60,275221	100,137281	42,259869	40,995285	41,352043	41,484722	40,670976	42,756656	41,623414	43,188155	99,912047	60,587096	58,157325	59,237254	58,130693	59,890413	58,928227	58,239818	60,541022	99,933767	41,740906	42,287278	43,029204	41,674453	43,274975	41,260907	41,420704	43,280238	100,037301
782,00	60,883027	59,710437	60,874385	60,740495	60,511875	60,524023	59,950256	60,349911	100,119209	42,260578	41,002640	41,374615	41,490978	40,698472	42,774764	41,629094	43,203771	99,879974	60,600871	58,228123	59,245986	58,134109	59,872866	58,913451	58,279824	60,566229	99,901819	41,776890	42,298567	43,056715	41,712484	43,294170	41,274971	41,450772	43,299174	100,031853
783,00	60,931301	59,694159	60,858226	60,738081	60,511172	60,501254	59,968543	60,309142	100,053775	42,244107	41,040212	41,421464	41,499937	40,741956	42,801556	41,639492	43,252301	99,888766	60,659254	58,318418	59,291822	58,202136	59,937179	58,954334	58,358312	60,663408	100,018561	41,797292	42,318422	43,080318	41,738740	43,323323	41,304940	41,504338	43,318135	100,067043
784,00	60,966170	59,692729	60,861689	60,713351	60,496777	60,533136	60,003346	60,288268	99,998236	42,248440	41,048321	41,414231	41,507518	40,755931	42,788115	41,649550	43,246776	99,880797	60,712141	58,405960	59,354848	58,267498	60,015368	59,032106	58,443594	60,730183	100,104523	41,800418	42,347759	43,094742	41,773152	43,358076	41,341808	41,531008	43,353358	100,069714
785,00	60,977483	59,705412	60,863328	60,708201	60,516429	60,559249	60,048342	60,289198	99,969572	42,293358	41,090682	41,470456	41,540033	40,774518	42,808706	41,685972	43,287566	99,893832	60,728943	58,405137	59,423316	58,331436	60,128766	59,115785	58,472449	60,777068	100,188088	41,826645	42,409527	43,136722	41,785800	43,392840	41,362640	41,550690	43,394604	100,094366
786,00	60,999483	59,759700	60,915411	60,758573	60,571653	60,623258	60,093129	60,317487	100,033343	42,339680	41,097748	41,458923	41,553161	40,788105	42,811733	41,687131	43,279529	99,921393	60,757387	58,418530	59,446698	58,340025	60,154611	59,155393	58,490527	60,775626	100,109625	41,785675	42,434597	43,163669	41,778567	43,406755	41,385579	41,561994	43,391851	100,005710
787,00	61,020142	59,777099	60,922027	60,812473	60,635102	60,639369	60,100466	60,390687	100,036895	42,353696	41,122037	41,474399	41,593215	40,818524	42,847714	41,723800	43,299958	99,938476	60,727793	58,397305	59,465623	58,376449	60,118699	59,137958	58,439088	60,770327	100,078738	41,829503	42,500401	43,207470	41,816509	43,424547	41,432351	41,618541	43,443194	100,043821
788,00	61,033183	59,799594	60,937208	60,842419	60,616690	60,676360	60,122049	60,407215	100,034392	42,368710	41,144124	41,442472	41,620773	40,835202	42,883915	41,740209	43,308207	99,899423	60,752505	58,411294	59,470427	58,382905	60,105878	59,159148	58,409929	60,753721	100,064003	41,860515	42,521083	43,258423	41,865391	43,460083	41,490704	41,668445	43,470612	100,086010
789,00	61,020887	59,822369	60,945660	60,826528	60,585004	60,689098	60,167629	60,442853	99,996734	42,389804	41,187787	41,518643	41,677555	40,877461	42,884898	41,781053	43,363744	99,938929	60,757327	58,432025	59,503543	58,414477	60,133606	59,223604	58,418882	60,753226	100,055945	41,933888	42,558438	43,284974	41,902688	43,487260	41,500920	41,720667	43,540227	100,119305
790,00	61,050546	59,850878	60,959828	60,868299	60,574114	60,688907	60,195082	60,450643	100,034809	42,450002	41,239166	41,549549	41,678134	40,900248	42,915437	41,816768	43,422222	99,953979	60,838735	58,495623	59,532422	58,401400	60,170376	59,261400	58,498442	60,775852	100,057006	41,936725	42,549056	43,293589	41,914135	43,513080	41,482571	41,730440	43,548861	100,092375
791,00	61,090273	59,878814	60,987025	60,924608	60,618562	60,687411	60,208851	60,451663	100,015652	42,469370	41,272706	41,603673	41,721666	40,935284	42,930451	41,862309	43,452591	100,011492	60,870588	58,555257	59,561568	58,441442	60,182464	59,284532	58,544737	60,842055	100,047183	41,937146	42,557880	43,301547	41,930094	43,510449	41,477707	41,752362	43,543777	100,057018
792,00	61,121839	59,865457	60,986835	60,942400	60,630411	60,673004	60,193968	60,466272	100,016451	42,508137	41,277158	41,603798	41,752136	40,976101	42,990360	41,907084	43,449971	100,026941	60,889632	58,581889	59,598756	58,476061	60,194689	59,272158	58,570898	60,893846	100,075328	41,934678	42,565414	43,319318	41,964191	43,531740	41,505310	41,722003	43,503419	100,069070
793,00	61,156893	59,927398	61,045367	60,997409	60,653710	60,717100	60,254383	60,498333	100,004184	42,513907	41,280633	41,631353	41,804659	40,987644	43,016866	41,927230	43,471667	100,040579	60,868347	58,585829	59,611684	58,523673	60,231203	59,280294	58,592701	60,927123	100,065327	41,946179	42,548329	43,320128	41,946065	43,527040	41,517422	41,731551	43,489349	99,978971
794,00	61,206144	59,969819	61,084372	61,005723	60,713977	60,753924	60,288644	60,549468	100,055778	42,523816	41,303375	41,636208	41,782057	40,992740	43,040681	41,924763	43,473765	100,005913	60,865057	58,528811	59,620941	58,496308	60,227489	59,255260	58,588183	60,883635	100,034022	41,982600	42,558062	43,316391	41,940325	43,540242	41,534650	41,741505	43,535876	99,917936
795,00	61,215758	59,998769	61,109263	61,043215	60,789204	60,795391	60,300887	60,551542	100,096989	42,522416	41,357738	41,643783	41,774613	40,986624	43,064210	41,967285	43,518084	99,887353	60,901427	58,533233	59,628832	58,498377	60,240531	59,284818	58,627516	60,863912	100,022554	42,047721	42,605427	43,316662	41,968396	43,551406	41,575542	41,765514	43,572894	99,878746
796,00	61,182553	59,992415	61,086684	61,012942	60,792279	60,787946	60,277569	60,519212	100,077319	42,533788	41,362315	41,672698	41,780400	41,002762	43,074521	41,968808	43,510365	99,863070	60,926050	58,514845	59,603560	58,502597	60,211176	59,252375	58,573318	60,856229	99,991584	42,083329	42,677251	43,380931	42,022368	43,603915	41,622981	41,801056	43,609875	99,932808
797,00	61,197996	60,022825	61,104649	61,050993	60,833788	60,832900	60,313153	60,525578	100,149655	42,566806	41,362417	41,712812	41,799408	41,038427	43,110809	41,987580	43,556136	99,859041	60,924393	58,594096	59,647280	58,537328	60,211962	59,286684	58,595598	60,907632	99,997854	42,099085	42,720348	43,417165	42,066821	43,640134	41,666958	41,818294	43,630829	100,024021
798,00	61,206281	60,057831	61,146617	61,071473	60,809827	60,831434	60,331500	60,559016	100,139713	42,624837	41,396749	41,758788	41,840240	41,069916	43,159223	42,019773	43,600938	99,982047	60,899538	58,615786	59,636855	58,553326	60,204989	59,273344	58,608103	60,914874	99,970275	42,066380	42,733556	43,487149	42,110866	43,661577	41,693309	41,875961	43,659505	100,079143
799,00	61,213136	60,074872	61,133850	61,104566	60,864025	60,865742	60,370070	60,619968	100,159478	42,666242	41,458386	41,771168	41,866598	41,114587	43,189648	42,058334	43,614349	99,973959	60,895282	58,665913	59,664333	58,554536	60,243070	59,320140	58,642596	60,926557	99,965554	42,104885	42,743242	43,505290	42,149296	43,688512	41,702247	41,909274	43,701783	100,072134
800,00	61,170691	60,065585	61,083215	61,099577	60,863787	60,841554	60,366708	60,644376	100,093997	42,693242	41,499904	41,771877	41,906011	41,138703	43,192002	42,087948	43,603668	99,965912	60,902297	58,670324	59,636611	58,544928	60,262644	59,315801	58,632016	60,923201	99,937600	42,130888	42,747080	43,530440	42,164516	43,715778	41,696703	41,947910	43,715346	100,023258
