Wavelength nm.	FUN_Leitura_T_Branco_2_ext	FUN_Amostra_R_001_MAI2025	FUN_Amostra_R_001_MAI2025_ext	FUN_Amostra_R_002_MAI2025	FUN_Amostra_R_002_MAI2025_ext	FUN_Amostra_R_003_MAI2025	FUN_Amostra_R_003_MAI2025_ext	FUN_Amostra_R_004_MAI2025	FUN_Amostra_R_004_MAI2025_ext	FUN_Amostra_R_005_MAI2025	FUN_Amostra_R_005_MAI2025_ext	FUN_Amostra_T_001_MAI2025	FUN_Amostra_T_001_MAI2025_ext	FUN_Amostra_T_002_MAI2025	FUN_Amostra_T_002_MAI2025_ext	FUN_Amostra_T_003_MAI2025	FUN_Amostra_T_003_MAI2025_ext	FUN_Amostra_T_004_MAI2025	FUN_Amostra_T_004_MAI2025_ext	FUN_Amostra_T_005_MAI2025	FUN_Amostra_T_005_MAI2025_ext	FUN_Leitura_R_Ar_1	FUN_Leitura_R_Ar_1_ext	FUN_Leitura_R_Branco_1	FUN_Leitura_R_Branco_1_ext	FUN_Leitura_R_Branco_2	FUN_Leitura_R_Branco_2_ext	FUN_Leitura_T_Ar_1	FUN_Leitura_T_Ar_1_ext	FUN_Leitura_T_Branco_1	FUN_Leitura_T_Branco_1_ext	FUN_Leitura_T_Branco_2
220,00	2,067164	23,627119	27,811471	22,292824	25,891006	22,920151	25,743636	22,777021	25,895914	22,143568	26,256728	1,590280	1,691714	1,346406	1,702230	1,540493	1,527005	1,554161	1,858309	1,354575	1,555897	99,938846	100,292170	35,791087	35,405079	35,418126	35,672551	99,611443	99,712038	2,169658	1,988916	2,133504
221,00	2,066672	23,765616	27,763793	22,284724	25,811478	23,014322	25,746819	22,891775	25,924426	22,299215	26,256320	1,586602	1,706963	1,361896	1,690481	1,567235	1,531878	1,560485	1,856137	1,362066	1,547278	99,931544	100,072122	35,831684	35,342112	35,495651	35,623723	99,743891	99,787295	2,178425	1,987682	2,135974
222,00	2,075101	23,905821	27,783570	22,384520	25,848854	23,136438	25,824881	23,050575	26,037210	22,443689	26,256582	1,590416	1,738277	1,373345	1,700241	1,602727	1,530719	1,561119	1,848557	1,373797	1,557241	100,043011	100,014615	35,914683	35,327640	35,570174	35,653564	99,856758	100,001991	2,167607	2,011519	2,149576
223,00	2,088344	23,986143	27,809942	22,509246	25,953940	23,254949	25,856116	23,126863	26,058808	22,497068	26,328126	1,598814	1,761123	1,385347	1,721659	1,635280	1,527031	1,588427	1,843552	1,389851	1,569440	99,939966	99,949211	36,019090	35,343212	35,578239	35,604024	99,876732	100,161016	2,179053	2,040817	2,167089
224,00	2,116771	24,023214	27,879113	22,642122	26,085135	23,315050	25,951636	23,234808	26,218858	22,567543	26,395547	1,612365	1,783541	1,393059	1,755297	1,654137	1,530021	1,594337	1,861853	1,396631	1,594718	100,075889	100,053036	36,040440	35,399684	35,676444	35,643083	99,984825	100,202310	2,196044	2,067617	2,193282
225,00	2,132817	24,120094	27,936074	22,730666	26,097029	23,428039	26,020721	23,357192	26,272315	22,711000	26,487416	1,623865	1,796746	1,405270	1,765901	1,680476	1,565710	1,625439	1,895424	1,412391	1,591739	100,070226	100,065374	36,094102	35,447446	35,770321	35,649151	100,156224	100,050557	2,234840	2,081364	2,228618
226,00	2,156246	24,252146	28,059226	22,798561	26,151595	23,647493	26,147839	23,520422	26,449317	22,798645	26,619172	1,665150	1,813689	1,411884	1,788554	1,719591	1,582603	1,635439	1,932253	1,428583	1,611108	100,032330	100,058067	36,168408	35,553426	35,839719	35,750198	100,055730	99,838221	2,247910	2,078280	2,253517
227,00	2,169011	24,412699	28,169686	22,903277	26,263151	23,774895	26,290995	23,711859	26,548111	22,931646	26,704866	1,685257	1,849196	1,424730	1,817039	1,743670	1,611257	1,678872	1,960638	1,455052	1,634567	99,948448	100,056994	36,297122	35,711262	35,937512	35,887402	100,085604	99,838173	2,280002	2,096977	2,278711
228,00	2,219065	24,579272	28,215992	23,062856	26,341599	23,870200	26,324391	23,903330	26,628429	23,039414	26,827720	1,723010	1,873325	1,452921	1,852669	1,762970	1,625160	1,712198	1,983474	1,480588	1,683794	99,950784	99,753410	36,426881	35,779542	36,054748	35,965130	100,037718	99,882179	2,295286	2,116358	2,310799
229,00	2,261169	24,685755	28,298286	23,216400	26,421291	23,973908	26,452821	24,051230	26,702470	23,238708	26,898301	1,746347	1,904632	1,488551	1,885959	1,785310	1,640737	1,759371	2,035091	1,508287	1,724906	99,902320	99,641138	36,564815	35,864186	36,200404	36,101896	100,193977	100,048459	2,339360	2,154690	2,348127
230,00	2,307435	24,809149	28,476262	23,393799	26,591730	24,166712	26,565424	24,185786	26,831833	23,399620	27,059373	1,794882	1,929322	1,519150	1,918101	1,814279	1,689257	1,778156	2,066177	1,542482	1,742485	99,908447	99,812073	36,671674	35,997841	36,310384	36,227009	100,084317	100,101531	2,379014	2,199631	2,387645
231,00	2,330412	24,865061	28,688064	23,473999	26,750952	24,338435	26,793778	24,263756	27,023405	23,579651	27,185503	1,825183	1,965480	1,544745	1,955867	1,844174	1,725110	1,802883	2,111903	1,551494	1,777458	99,877012	100,089359	36,806458	36,227122	36,469087	36,378947	99,976629	100,139987	2,428152	2,235787	2,406797
232,00	2,383141	24,979620	28,810558	23,611094	26,933333	24,487406	26,900712	24,435800	27,174789	23,719068	27,284306	1,870186	2,013539	1,575092	2,003795	1,868894	1,763654	1,829564	2,137715	1,581567	1,802223	99,991798	100,036740	36,920375	36,358348	36,612928	36,506063	99,877381	100,027859	2,474344	2,276583	2,447081
233,00	2,429503	25,130716	28,869039	23,758957	26,983413	24,613138	27,043852	24,584928	27,294555	23,894350	27,382219	1,899704	2,054177	1,613894	2,052736	1,906906	1,798796	1,870801	2,197144	1,603506	1,849736	100,028765	99,870944	37,133846	36,504865	36,818445	36,681679	99,737555	100,045466	2,512161	2,327714	2,510948
234,00	2,485004	25,331554	29,054627	23,888536	27,198309	24,825752	27,227846	24,790940	27,508363	24,042068	27,576432	1,952304	2,114644	1,648254	2,109789	1,934065	1,843917	1,908305	2,255437	1,654125	1,881033	100,009501	99,873179	37,314242	36,679277	37,044072	36,904943	99,752176	99,956566	2,578684	2,397328	2,591312
235,00	2,538895	25,444269	29,244033	24,054743	27,310815	24,972244	27,389374	24,947989	27,672797	24,223734	27,772516	1,988816	2,166875	1,666588	2,170545	1,972501	1,901145	1,947426	2,326865	1,675487	1,927783	99,834371	100,015402	37,524536	36,868423	37,188357	37,048000	99,746209	100,032377	2,641806	2,460469	2,650323
236,00	2,605457	25,514090	29,411387	24,137232	27,491602	25,155622	27,527562	25,095519	27,855408	24,358054	27,941558	2,038392	2,210867	1,688471	2,219530	2,016855	1,923812	1,982089	2,389581	1,692012	1,970468	99,821317	100,023079	37,698039	37,078929	37,285534	37,242198	99,907869	99,988395	2,716278	2,507284	2,707800
237,00	2,672601	25,639543	29,443178	24,274981	27,582943	25,260466	27,664238	25,174344	27,937400	24,516466	28,072825	2,063307	2,257895	1,722711	2,255268	2,067452	1,977436	2,033156	2,458818	1,719746	2,012111	99,790925	100,042272	37,798360	37,220532	37,361318	37,432516	100,019443	100,024343	2,781724	2,551018	2,762431
238,00	2,726232	25,766084	29,561931	24,331102	27,707738	25,396645	27,794883	25,296205	28,079280	24,590307	28,197142	2,108578	2,306750	1,754103	2,286370	2,103352	2,015517	2,066717	2,535879	1,768099	2,066833	99,821889	99,981391	37,974012	37,395275	37,576795	37,636268	100,070834	100,114012	2,841164	2,611432	2,825981
239,00	2,785933	25,968766	29,711571	24,454966	27,858990	25,506225	27,983344	25,405869	28,223220	24,734871	28,396949	2,152400	2,379737	1,794551	2,335140	2,149153	2,077935	2,105643	2,590287	1,815788	2,118424	99,830711	100,044262	38,145393	37,530193	37,758198	37,787235	99,986047	100,137293	2,894711	2,669183	2,893496
240,00	2,851168	26,077589	29,875693	24,571174	27,975380	25,587288	28,098765	25,561655	28,365850	24,847823	28,458780	2,202518	2,437681	1,835398	2,397817	2,194199	2,117588	2,158700	2,646385	1,854833	2,182732	99,902350	99,887168	38,393635	37,730601	37,961656	37,929273	99,850565	100,156868	2,951543	2,742899	2,952620
241,00	2,929385	26,226708	30,021590	24,718337	28,114885	25,695831	28,300780	25,683159	28,495872	24,981286	28,627837	2,258280	2,499619	1,882155	2,470705	2,241638	2,174089	2,210275	2,691522	1,891767	2,225327	100,092924	99,927247	38,511533	37,904879	38,142505	38,136104	99,880213	100,119412	3,025555	2,804235	3,025023
242,00	3,013894	26,282135	30,174199	24,811506	28,259513	25,797406	28,386161	25,788093	28,538567	25,056371	28,710321	2,316162	2,557259	1,927800	2,539137	2,290842	2,226885	2,275989	2,762666	1,938333	2,277681	100,129175	99,815470	38,685298	38,050586	38,330510	38,252637	99,866998	100,005341	3,100906	2,884509	3,093271
243,00	3,089403	26,358759	30,342063	24,897452	28,420928	25,948462	28,502131	25,881928	28,658721	25,165603	28,898138	2,376288	2,623602	1,973176	2,616131	2,351313	2,283563	2,309441	2,831090	1,977578	2,335874	100,111258	99,913716	38,813090	38,192630	38,497117	38,383901	99,898344	99,974734	3,192478	2,955217	3,177591
244,00	3,177201	26,446113	30,472028	24,988243	28,578123	26,062763	28,576720	25,982022	28,767216	25,271088	29,008943	2,423048	2,687064	2,025587	2,690873	2,404142	2,339234	2,359156	2,900052	2,025935	2,405148	100,030231	100,012350	38,977596	38,359436	38,669813	38,519344	99,814695	99,972934	3,271474	3,038598	3,260457
245,00	3,246636	26,547384	30,616090	25,091159	28,674653	26,190069	28,724918	26,086411	28,989005	25,350943	29,119188	2,480073	2,759450	2,072906	2,758963	2,467055	2,409462	2,418339	2,985864	2,074322	2,483720	99,994779	100,105023	39,118466	38,576877	38,844821	38,726735	99,929816	99,955422	3,356538	3,120157	3,348821
246,00	3,344000	26,670569	30,756307	25,194740	28,832841	26,272765	28,886473	26,241189	29,126960	25,454080	29,265311	2,555080	2,833225	2,126955	2,838756	2,530392	2,482001	2,482166	3,078471	2,132911	2,544100	99,975067	100,147605	39,305156	38,805526	39,019436	38,942382	100,063884	99,966699	3,451255	3,205581	3,443074
247,00	3,419039	26,765212	30,932248	25,284705	28,998458	26,385108	29,059646	26,335290	29,324174	25,533587	29,423103	2,622022	2,915764	2,190367	2,908087	2,606508	2,562469	2,559211	3,173192	2,184126	2,612052	99,996984	100,106382	39,505923	39,056590	39,211187	39,226598	100,122094	99,889433	3,551582	3,291648	3,542107
248,00	3,526340	26,873037	31,076884	25,384912	29,143327	26,519814	29,210353	26,463407	29,429308	25,634000	29,585937	2,688525	3,006315	2,247797	3,003884	2,683458	2,641696	2,635344	3,266692	2,252723	2,687492	99,950099	99,997008	39,732456	39,205158	39,455917	39,419952	100,140035	100,020897	3,667342	3,396356	3,647107
249,00	3,630126	26,975268	31,247884	25,484368	29,268602	26,657176	29,371056	26,525247	29,641214	25,712624	29,759014	2,757151	3,109488	2,314778	3,082640	2,762438	2,718207	2,716046	3,355264	2,324570	2,777222	99,888450	99,964029	39,980090	39,431086	39,698094	39,641011	100,091732	100,054014	3,778772	3,499274	3,773840
250,00	3,756106	27,116179	31,390214	25,596422	29,388750	26,771554	29,509476	26,639181	29,814285	25,824767	29,911435	2,837295	3,206238	2,379760	3,188989	2,843925	2,800464	2,804417	3,478917	2,409240	2,877370	99,894983	99,956995	40,237540	39,644459	39,929211	39,824200	100,029576	100,071323	3,895425	3,613067	3,887310
251,00	3,880253	27,308646	31,604081	25,769237	29,609558	26,919314	29,716420	26,773459	30,056322	25,969490	30,160576	2,920871	3,301468	2,457659	3,287057	2,926898	2,886971	2,880201	3,582998	2,486242	2,974749	99,990237	100,025356	40,560222	39,993027	40,229031	40,121737	100,004292	99,977660	4,010803	3,732137	4,023850
252,00	4,007171	27,483323	31,832868	25,902212	29,802614	27,042410	29,937446	26,938111	30,212480	26,102844	30,366746	3,005692	3,392149	2,537774	3,401596	3,016944	2,990938	2,973475	3,705233	2,558161	3,075152	99,947900	100,126255	40,802434	40,282592	40,523997	40,404359	99,966013	99,933833	4,143893	3,870730	4,141008
253,00	4,141932	27,648667	32,085475	26,026887	30,039263	27,217472	30,215064	27,123460	30,453160	26,249725	30,591968	3,115744	3,506978	2,625971	3,518452	3,118260	3,093475	3,065027	3,811577	2,629862	3,179907	99,926329	100,104344	41,036662	40,586939	40,822965	40,717292	99,885976	99,940681	4,286760	4,005962	4,286742
254,00	4,302182	27,809060	32,275054	26,150024	30,220091	27,371347	30,417833	27,276334	30,675086	26,418054	30,764571	3,219807	3,637254	2,725071	3,633139	3,221719	3,204791	3,176240	3,952150	2,723868	3,293371	99,904412	100,066733	41,281360	40,871456	41,104022	41,014138	99,905294	99,980521	4,455447	4,144951	4,431667
255,00	4,473491	28,033593	32,504180	26,327682	30,447111	27,613077	30,661318	27,494410	30,938643	26,592320	30,968612	3,348204	3,774875	2,822319	3,763900	3,333102	3,329314	3,292803	4,078673	2,820586	3,422342	100,092304	99,939781	41,656128	41,168714	41,440007	41,343579	99,930489	99,984133	4,609036	4,290633	4,598152
256,00	4,660223	28,257045	32,789308	26,555985	30,670181	27,804726	30,932954	27,646163	31,187972	26,793721	31,222409	3,459876	3,913721	2,922000	3,902810	3,444445	3,471978	3,428738	4,240764	2,937704	3,560722	100,091374	100,025845	42,049351	41,547352	41,765839	41,720632	100,034690	100,024939	4,783317	4,458555	4,776111
257,00	4,838346	28,493926	33,093560	26,770172	30,950347	28,017411	31,220466	27,837703	31,466377	26,967934	31,520203	3,593126	4,062073	3,027492	4,067310	3,574546	3,620147	3,553635	4,390197	3,044833	3,697803	100,052571	100,097668	42,483464	41,935664	42,104936	42,130065	100,031769	100,001442	4,965067	4,630408	4,975756
258,00	5,029141	28,693965	33,385739	26,994368	31,261230	28,188729	31,482223	27,994400	31,782079	27,194512	31,842765	3,719110	4,228573	3,136896	4,228774	3,712139	3,757543	3,685688	4,560427	3,173665	3,848179	100,002325	100,139916	42,840442	42,343670	42,497066	42,531300	100,061584	100,035954	5,160204	4,813953	5,175097
259,00	5,230401	28,945380	33,723414	27,177596	31,559503	28,424668	31,752616	28,233796	32,093701	27,391839	32,142681	3,857547	4,390965	3,274859	4,400199	3,857893	3,905360	3,827812	4,716423	3,289085	3,989653	99,924141	100,070322	43,244016	42,763016	42,941970	42,884108	100,170779	99,963385	5,374544	5,013365	5,383819
260,00	5,448610	29,205233	34,071568	27,397087	31,836891	28,654423	32,076976	28,483099	32,380733	27,642220	32,442075	4,000914	4,561298	3,408069	4,568668	4,000340	4,068403	3,973303	4,896517	3,419423	4,161132	99,972463	100,048339	43,640777	43,185794	43,415180	43,296728	100,201654	100,013173	5,588401	5,225743	5,605714
261,00	5,675047	29,483747	34,405941	27,614987	32,134137	28,929037	32,378247	28,740028	32,657641	27,881569	32,728165	4,148500	4,736560	3,554562	4,748913	4,153698	4,255433	4,126005	5,093847	3,555173	4,331512	99,941194	100,063109	44,087446	43,596160	43,868497	43,728939	100,159419	99,991220	5,829980	5,446814	5,829652
262,00	5,914877	29,773238	34,692973	27,902675	32,454222	29,199043	32,707661	29,029128	32,929799	28,163922	33,086148	4,312690	4,927865	3,692988	4,932150	4,322256	4,436141	4,286076	5,310069	3,706009	4,522159	100,019145	100,033510	44,610748	44,015500	44,367173	44,212535	100,105619	100,017893	6,061506	5,693447	6,085438
263,00	6,160655	30,042860	35,032481	28,155944	32,815433	29,489973	33,042958	29,306152	33,289787	28,410256	33,444592	4,481590	5,122045	3,843229	5,136031	4,480532	4,636957	4,452232	5,531310	3,865079	4,711184	99,989587	100,046623	45,076039	44,437602	44,841367	44,643107	100,070643	99,970007	6,316325	5,952410	6,323570
264,00	6,427244	30,325165	35,400102	28,428176	33,145508	29,772788	33,420667	29,597667	33,677486	28,663054	33,806676	4,661157	5,339091	4,005231	5,348829	4,670712	4,832208	4,642231	5,761724	4,030804	4,915468	99,994665	100,026953	45,578796	44,942349	45,338374	45,167720	100,068104	99,941033	6,580603	6,215677	6,599591
265,00	6,709138	30,611411	35,813701	28,723648	33,518550	30,071512	33,778691	29,866478	34,090123	28,923234	34,150088	4,855659	5,562525	4,170995	5,572272	4,852562	5,056306	4,821091	5,991651	4,195764	5,126084	99,950224	100,016296	46,048290	45,457143	45,776471	45,642334	100,006747	99,983191	6,872579	6,473417	6,884719
266,00	6,991358	30,929819	36,231998	29,018563	33,854175	30,379897	34,175435	30,153379	34,464300	29,216677	34,546500	5,046365	5,784667	4,354845	5,805172	5,072570	5,270205	5,038028	6,223551	4,364623	5,358223	99,941653	99,996191	46,574906	46,027896	46,282369	46,238637	100,062752	99,999726	7,164320	6,750760	7,172246
267,00	7,293992	31,288642	36,629903	29,345298	34,269139	30,768561	34,594083	30,497828	34,860814	29,503495	34,957981	5,241932	6,024101	4,524375	6,046398	5,276836	5,503954	5,235339	6,474566	4,540322	5,583164	100,004721	100,029492	47,206774	46,649134	46,818829	46,804950	99,998164	100,019109	7,471492	7,063829	7,483321
268,00	7,609524	31,627890	37,055019	29,597846	34,682119	31,088942	35,049641	30,855808	35,276273	29,783458	35,412705	5,432710	6,275983	4,725344	6,301351	5,510212	5,753618	5,463208	6,744739	4,727369	5,825940	99,967349	100,083458	47,803906	47,239044	47,394902	47,444689	99,956977	99,986941	7,793646	7,372530	7,790598
269,00	7,961136	32,022834	37,493965	29,937831	35,123554	31,429130	35,445058	31,220910	35,718319	30,111855	35,814255	5,661373	6,564289	4,923773	6,557208	5,736492	6,023930	5,684750	7,021005	4,938833	6,078953	100,006020	100,094175	48,434031	47,844273	48,010501	48,064733	99,875396	100,062287	8,140639	7,706477	8,142175
270,00	8,325066	32,361975	37,975201	30,281383	35,555667	31,727615	35,834041	31,538168	36,145782	30,460373	36,222804	5,905795	6,827410	5,140221	6,827290	5,974228	6,296296	5,940153	7,318136	5,150066	6,347944	99,921906	100,006843	48,952255	48,386088	48,597926	48,631123	99,901164	100,122416	8,497474	8,019220	8,494751
271,00	8,666070	32,742298	38,447815	30,643317	35,961106	32,098946	36,222196	31,829882	36,602125	30,839041	36,627126	6,144083	7,117058	5,352450	7,110424	6,216972	6,578192	6,191441	7,616955	5,382307	6,641144	100,015414	99,984193	49,550626	49,029759	49,206010	49,236384	99,994743	100,218701	8,860928	8,385247	8,874444
272,00	9,046285	33,089048	38,904873	30,949035	36,358005	32,461089	36,684689	32,179779	37,005925	31,204146	37,062860	6,379370	7,401652	5,581754	7,408582	6,471255	6,851217	6,451888	7,926705	5,601650	6,924759	100,019050	99,887949	50,158602	49,634638	49,838260	49,785411	100,001752	100,218236	9,249610	8,760827	9,259143
273,00	9,420507	33,465821	39,367008	31,259924	36,775184	32,847774	37,141606	32,572895	37,448260	31,565049	37,513447	6,608068	7,720983	5,828166	7,716647	6,753454	7,149880	6,716131	8,239655	5,858444	7,231095	100,000739	99,966681	50,855684	50,321513	50,504667	50,458330	100,085759	100,196993	9,650935	9,158113	9,660006
274,00	9,836384	33,881283	39,828640	31,619987	37,207240	33,230129	37,570843	32,993045	37,889919	32,003677	37,959370	6,880672	8,029287	6,071425	8,027799	7,026616	7,460311	6,993397	8,566787	6,094553	7,529976	100,009799	99,897552	51,544142	50,960481	51,248431	51,112843	100,092494	100,085938	10,058797	9,555343	10,055976
275,00	10,239761	34,258896	40,326443	31,957453	37,649766	33,607426	38,038409	33,357343	38,364747	32,320499	38,415965	7,163786	8,345304	6,327756	8,335634	7,291196	7,798471	7,278270	8,905125	6,355932	7,848594	99,937570	99,934763	52,207947	51,628560	51,882976	51,815236	100,131929	100,070882	10,463584	9,960284	10,482644
276,00	10,659036	34,695274	40,827015	32,314456	38,096726	34,012082	38,523403	33,713999	38,829380	32,688847	38,896674	7,468583	8,692425	6,576380	8,665761	7,573078	8,127718	7,575445	9,242631	6,609497	8,167312	99,998778	99,896693	52,850938	52,221638	52,484357	52,472287	100,118554	100,024927	10,904644	10,397908	10,923760
277,00	11,097255	35,042545	41,322413	32,649410	38,548017	34,440890	39,030167	34,084302	39,274246	32,986677	39,359111	7,745302	9,027737	6,844744	8,988534	7,864652	8,448110	7,875794	9,579090	6,898014	8,483658	99,885780	99,979025	53,449202	52,869219	53,052473	53,112912	100,038719	99,956262	11,371803	10,828456	11,406036
278,00	11,563588	35,439068	41,825849	33,056179	39,019328	34,884778	39,486521	34,496921	39,776814	33,410522	39,825943	8,008636	9,374580	7,125275	9,351325	8,179828	8,773579	8,184119	9,930465	7,162218	8,810043	99,937063	100,051248	54,151613	53,550035	53,715271	53,761888	99,970114	99,958491	11,810246	11,243184	11,857745
279,00	12,020581	35,794586	42,301342	33,402100	39,415464	35,287845	39,910662	34,873796	40,246707	33,837849	40,259019	8,275948	9,709768	7,419608	9,685412	8,476815	9,123244	8,485103	10,297325	7,433862	9,160569	99,940085	100,004566	54,826456	54,253453	54,389852	54,367220	99,908519	99,955851	12,258030	11,693805	12,331192
280,00	12,483647	36,233312	42,841023	33,786654	39,891353	35,688260	40,331239	35,271946	40,708804	34,278437	40,735793	8,578858	10,067401	7,703353	10,048165	8,792415	9,476539	8,788253	10,671845	7,710595	9,516744	100,022054	100,039148	55,549121	54,919171	55,123103	55,029368	99,895591	100,053394	12,705520	12,166116	12,769771
281,00	12,946543	36,647311	43,297192	34,118542	40,328842	36,112559	40,747264	35,687870	41,136172	34,698242	41,188067	8,884612	10,419287	7,976425	10,397682	9,119597	9,827256	9,114359	11,043470	8,020150	9,891122	100,007510	100,008488	56,185848	55,550772	55,793929	55,660564	99,945068	100,016904	13,224837	12,648159	13,257378
282,00	13,445774	37,049139	43,845263	34,501708	40,792763	36,492154	41,250750	36,096972	41,610965	35,060853	41,709369	9,220821	10,768527	8,265889	10,765174	9,443074	10,196918	9,453093	11,413124	8,329384	10,253728	99,901938	100,102997	56,866622	56,200212	56,447816	56,380910	99,967897	100,000405	13,723575	13,122483	13,716055
283,00	13,959990	37,448528	44,272751	34,912139	41,154742	36,910817	41,706428	36,545429	42,090642	35,434982	42,171863	9,535312	11,158821	8,571243	11,133670	9,767859	10,581384	9,803974	11,816085	8,632530	10,620148	99,883509	99,988586	57,490796	56,851399	57,063127	57,003325	100,007725	99,997687	14,232257	13,594475	14,209896
284,00	14,432263	37,832209	44,832912	35,334966	41,592944	37,296477	42,223728	36,951375	42,596546	35,857892	42,642862	9,838809	11,548264	8,856025	11,500581	10,089217	10,963174	10,132282	12,205419	8,942336	10,979813	99,894530	99,974489	58,171463	57,517362	57,700688	57,681352	99,939734	99,911535	14,723742	14,088428	14,683774
285,00	14,914365	38,309020	45,266095	35,751149	41,973200	37,763527	42,635137	37,447521	43,030781	36,296132	43,077061	10,127530	11,934489	9,155007	11,876897	10,409074	11,324772	10,465136	12,597440	9,247762	11,341609	100,034547	99,867684	58,796632	58,099002	58,411485	58,281636	99,910849	99,892449	15,200104	14,549053	15,179864
286,00	15,389283	38,691804	45,777115	36,115491	42,458117	38,163289	43,150941	37,855548	43,496338	36,667866	43,559754	10,450383	12,301858	9,432384	12,237731	10,744285	11,680928	10,800672	12,938876	9,558994	11,722419	99,995512	99,963409	59,424663	58,717531	59,004229	58,919930	99,878389	99,765784	15,689902	15,041956	15,691555
287,00	15,892217	39,100316	46,210712	36,496171	42,919484	38,573834	43,569520	38,304722	43,902165	37,038508	44,061741	10,784190	12,673308	9,741909	12,605655	11,076553	12,059158	11,146309	13,324474	9,871510	12,103714	99,989045	100,038409	60,060817	59,335786	59,625733	59,590608	99,930972	99,804342	16,157347	15,532829	16,180295
288,00	16,373569	39,455357	46,705931	36,883953	43,387574	38,971192	44,025958	38,682210	44,354632	37,423867	44,477677	11,104962	13,042237	10,043771	12,966785	11,405511	12,425170	11,497661	13,703160	10,226241	12,466034	99,922186	100,106740	60,653752	60,011768	60,179138	60,208529	99,993277	99,845797	16,638498	16,049254	16,663805
289,00	16,846649	39,826047	47,136661	37,205210	43,815202	39,420208	44,366384	39,096269	44,787961	37,845871	44,901997	11,394065	13,403553	10,353146	13,327336	11,735766	12,795383	11,838119	14,115860	10,553826	12,826110	100,018764	100,124431	61,269426	60,608274	60,776311	60,807109	100,016177	99,953192	17,110007	16,534531	17,100833
290,00	17,320859	40,180233	47,590652	37,548909	44,192123	39,795440	44,783810	39,474306	45,210767	38,240692	45,262516	11,684274	13,759106	10,656744	13,674264	12,047217	13,141124	12,189814	14,492548	10,874040	13,172023	100,007534	100,074816	61,784714	61,213446	61,309725	61,334050	100,012898	99,962097	17,566285	17,013372	17,576805
291,00	17,794840	40,523529	47,985005	37,883532	44,584763	40,181914	45,178783	39,858454	45,619020	38,632640	45,689717	11,978763	14,115873	10,948838	14,021549	12,381154	13,507365	12,519036	14,857450	11,169200	13,524656	100,062656	100,075042	62,352312	61,786729	61,865419	61,914426	99,970102	99,982566	18,016222	17,453501	18,040282
292,00	18,257545	40,908980	48,374096	38,284245	44,894275	40,575916	45,574725	40,239924	45,952743	39,076793	46,025112	12,281318	14,469360	11,252067	14,364876	12,704681	13,872755	12,852620	15,199848	11,489545	13,897942	100,038874	99,962336	62,883508	62,268633	62,436080	62,432939	99,968576	99,968839	18,473768	17,922281	18,519197
293,00	18,721102	41,298878	48,750377	38,642040	45,253876	40,990636	45,954120	40,617913	46,328521	39,457348	46,401718	12,611035	14,830247	11,548314	14,718574	13,045734	14,235644	13,166212	15,566960	11,792690	14,267276	100,005746	99,935794	63,400805	62,747175	62,989628	62,966722	99,993324	100,010765	18,939494	18,375072	18,984863
294,00	19,177096	41,687545	49,195141	38,983151	45,673183	41,367555	46,368650	40,999562	46,736377	39,811671	46,756727	12,897807	15,190224	11,830330	15,058026	13,347393	14,588779	13,485527	15,907677	12,093852	14,636157	99,986821	99,955100	63,945413	63,246530	63,555330	63,475978	99,939811	99,977565	19,414689	18,855940	19,432974
295,00	19,624428	42,021319	49,642810	39,323819	46,081629	41,694582	46,803501	41,381085	47,167560	40,163553	47,183731	13,169976	15,529753	12,113475	15,404995	13,651809	14,946632	13,780242	16,272287	12,395458	14,961568	99,986839	99,974269	64,489287	63,824576	64,075780	64,048111	99,975932	99,987489	19,862330	19,293228	19,880079
296,00	20,043348	42,326182	49,997523	39,635172	46,429303	42,017421	47,134075	41,704452	47,514343	40,542632	47,533998	13,425586	15,876012	12,389486	15,734519	13,947514	15,279390	14,082080	16,584951	12,700303	15,283394	99,987584	99,957693	64,975035	64,324361	64,555460	64,519995	99,992853	100,011098	20,302843	19,748165	20,305388
297,00	20,469679	42,641708	50,354159	39,965686	46,740749	42,357895	47,459123	42,040822	47,890210	40,916234	47,931346	13,686828	16,188596	12,666321	16,060027	14,247543	15,623985	14,382783	16,935320	12,967359	15,593262	99,983889	99,939126	65,408385	64,782774	64,999032	65,024686	100,046635	100,069618	20,713979	20,184591	20,729074
298,00	20,878729	42,980427	50,634974	40,243018	47,034320	42,702270	47,738332	42,364568	48,198566	41,255391	48,234192	13,962036	16,504470	12,921886	16,366339	14,548451	15,961637	14,696246	17,230624	13,232175	15,926212	99,970794	100,014913	65,812540	65,170038	65,466583	65,398431	100,063074	100,079250	21,119821	20,590168	21,134177
299,00	21,304527	43,308339	50,977725	40,550768	47,374603	43,065980	48,091197	42,745957	48,589221	41,590577	48,600328	14,240873	16,802742	13,186006	16,654982	14,854145	16,294718	14,975965	17,539735	13,507545	16,227059	100,026512	100,031352	66,251379	65,636909	65,955985	65,857786	100,081766	100,016534	21,513809	20,965031	21,524721
300,00	21,658242	43,562454	51,267701	40,789631	47,717586	43,372142	48,409444	43,069476	48,827291	41,904786	48,883754	14,529444	17,105718	13,451886	16,952597	15,158466	16,584507	15,274167	17,852239	13,793744	16,565603	100,013673	100,005043	66,667074	66,023564	66,334099	66,269797	100,097895	100,018775	21,908380	21,356486	21,921878
301,00	22,051407	43,877095	51,634997	41,099209	48,048371	43,702453	48,764715	43,397233	49,132079	42,192760	49,168140	14,782783	17,397051	13,721076	17,260668	15,430500	16,873069	15,553898	18,189089	14,062653	16,868103	100,051570	99,942851	67,127585	66,420287	66,748053	66,689742	100,059605	100,050545	22,291550	21,755254	22,317977
302,00	22,406457	44,160435	51,977050	41,339752	48,366424	43,991634	49,073803	43,686771	49,411938	42,513943	49,498883	15,037532	17,692731	13,958703	17,574656	15,685064	17,170976	15,850402	18,499641	14,295807	17,182428	100,028050	99,982637	67,502993	66,777891	67,070627	67,080086	100,012052	100,128269	22,640970	22,138642	22,712591
303,00	22,799841	44,453537	52,330583	41,611204	48,683685	44,302195	49,416688	43,963841	49,747223	42,829663	49,851635	15,285596	17,975321	14,194039	17,837286	15,929370	17,478007	16,096926	18,774909	14,539012	17,460436	100,049925	100,043797	67,886138	67,194313	67,463136	67,425346	99,979490	100,083506	22,995622	22,477813	23,076352
304,00	23,143762	44,686785	52,668858	41,829529	49,019894	44,537261	49,722034	44,219559	50,104511	43,120992	50,211763	15,549144	18,264012	14,437407	18,094748	16,187741	17,764467	16,349261	19,034591	14,761712	17,744032	100,019741	100,129735	68,167216	67,552572	67,747462	67,793405	100,017643	100,096858	23,323241	22,818036	23,394743
305,00	23,488912	44,987366	52,985704	42,151338	49,295607	44,769368	50,017053	44,451711	50,392014	43,320721	50,467891	15,789425	18,522575	14,673074	18,362783	16,429368	18,041822	16,599602	19,322114	15,011412	18,030713	99,995005	100,041223	68,514252	67,820871	68,104833	68,093681	99,979043	100,092292	23,663665	23,131025	23,703021
306,00	23,783089	45,244899	53,239501	42,372349	49,505603	44,988933	50,230044	44,710353	50,643766	43,540937	50,675690	16,009748	18,773153	14,934865	18,641737	16,681562	18,306689	16,876121	19,578996	15,246108	18,289696	99,989623	99,993467	68,718863	68,089437	68,390143	68,369156	99,987060	100,146437	23,969935	23,432642	24,001481
307,00	24,073526	45,481780	53,444695	42,592987	49,715209	45,232606	50,454134	44,932449	50,826526	43,770888	50,899160	16,229597	19,033784	15,142015	18,888250	16,896056	18,539771	17,128456	19,856516	15,476081	18,533346	99,971628	99,865806	68,977678	68,432641	68,717021	68,613213	100,031292	100,136054	24,246447	23,721145	24,319415
308,00	24,305382	45,697296	53,698808	42,778340	49,869427	45,570219	50,600559	45,204896	51,058871	44,075227	51,087999	16,412570	19,281985	15,358227	19,117218	17,130046	18,773903	17,351988	20,069619	15,678638	18,763578	100,088418	99,856412	69,283628	68,658662	68,958163	68,853790	100,060260	99,919653	24,540916	24,024725	24,594457
309,00	24,598399	45,930263	54,046625	42,991322	50,160360	45,798925	50,937307	45,407695	51,386982	44,317791	51,417387	16,640963	19,539641	15,530185	19,365148	17,366736	19,032753	17,546846	20,318270	15,872186	19,029687	100,064814	99,975699	69,530976	69,050062	69,219416	69,197488	100,094366	99,872977	24,839996	24,337828	24,881098
310,00	24,887358	46,160260	54,294920	43,227276	50,355560	46,038821	51,198691	45,609987	51,681125	44,552290	51,692522	16,845998	19,749786	15,726720	19,592406	17,619389	19,276552	17,767245	20,529312	16,081735	19,274010	100,017798	100,084507	69,787198	69,224954	69,410670	69,507980	100,024807	99,760580	25,107944	24,600105	25,165901
311,00	25,176713	46,331528	54,522932	43,396816	50,673437	46,183985	51,553053	45,804566	51,956379	44,695160	51,996499	17,055237	19,939871	15,918696	19,809504	17,815030	19,499475	17,982726	20,794806	16,264018	19,496977	99,944460	100,190103	69,955665	69,559145	69,648558	69,773531	99,897301	99,906290	25,326788	24,843720	25,416479
312,00	25,460058	46,527299	54,651320	43,628612	50,813222	46,428895	51,668119	46,038914	52,102274	44,905362	52,131021	17,226560	20,133330	16,118553	20,026834	18,010393	19,731240	18,197519	21,039620	16,463076	19,712457	99,974406	99,997163	70,252258	69,627786	69,908786	69,888407	99,811584	100,001681	25,533643	25,087377	25,654534
313,00	25,731486	46,711910	54,889202	43,825793	51,023370	46,631101	51,875806	46,284428	52,300185	45,090190	52,335066	17,411301	20,366125	16,326982	20,265217	18,204923	19,941017	18,387309	21,245506	16,627596	19,915548	100,042760	99,937034	70,460808	69,878989	70,062202	70,069313	99,798590	100,112772	25,779036	25,321454	25,861678
314,00	25,964463	46,899688	55,086941	43,986693	51,215804	46,799132	52,058852	46,396819	52,432311	45,291409	52,560049	17,613873	20,606776	16,550690	20,487452	18,404806	20,165858	18,589477	21,432121	16,843563	20,119509	99,987245	99,905509	70,542502	70,053566	70,177215	70,224792	99,975729	100,111592	26,036775	25,579309	26,114494
315,00	26,167974	47,124186	55,312550	44,184920	51,411504	47,010562	52,299958	46,550640	52,669603	45,512542	52,825439	17,815281	20,838934	16,749388	20,646872	18,571165	20,323516	18,765219	21,593460	17,024508	20,306404	99,895751	99,999583	70,639741	70,268303	70,290029	70,396024	99,964303	100,018334	26,260579	25,783670	26,304719
316,00	26,313621	47,316208	55,496019	44,394925	51,658529	47,227436	52,509779	46,724576	52,903521	45,742694	53,003263	18,016180	20,996048	16,930221	20,840576	18,764368	20,501864	18,950708	21,798569	17,224716	20,477831	99,850136	100,039792	70,805627	70,389277	70,509398	70,538306	99,978918	99,942708	26,476172	25,989339	26,527107
317,00	26,523086	47,546613	55,734450	44,639632	51,830232	47,433650	52,700084	47,036213	53,146821	45,960316	53,181356	18,178284	21,171050	17,070253	20,989554	18,934616	20,679036	19,113982	21,979883	17,374298	20,650545	99,877417	100,067055	71,026742	70,534021	70,694482	70,690078	99,995363	99,867940	26,653808	26,184362	26,722825
318,00	26,712590	47,700024	55,869526	44,822124	51,995701	47,599354	52,871233	47,273135	53,307003	46,097890	53,370380	18,357974	21,327943	17,222379	21,195564	19,117682	20,875834	19,308044	22,174858	17,534050	20,830053	99,999380	100,058532	71,225470	70,617658	70,848256	70,784569	100,068295	99,957335	26,829886	26,369253	26,956803
319,00	26,897487	47,852650	56,112432	44,929138	52,158397	47,739333	53,071278	47,411907	53,478181	46,234852	53,584957	18,498066	21,522631	17,414153	21,330529	19,282204	21,038289	19,486770	22,339202	17,723322	21,030894	100,034404	100,095236	71,306336	70,836985	70,964807	70,897794	100,085306	99,911165	27,050471	26,561823	27,138144
320,00	27,054518	48,008174	56,214404	45,060256	52,354938	47,869313	53,247637	47,481263	53,622758	46,375367	53,769350	18,668211	21,687332	17,569692	21,532767	19,451693	21,195535	19,655529	22,495148	17,882818	21,239817	99,998909	100,028765	71,353906	70,909554	70,991796	70,968556	99,896568	99,952078	27,219123	26,736364	27,331269
321,00	27,197495	48,118487	56,452167	45,165798	52,617770	47,988147	53,445911	47,578639	53,871804	46,499208	53,947836	18,799074	21,850492	17,751667	21,664000	19,630581	21,336181	19,811788	22,649546	18,050911	21,353552	99,911863	100,056887	71,337247	71,053863	71,015090	71,210456	99,842227	99,842405	27,399501	26,889771	27,475753
322,00	27,361068	48,295620	56,545198	45,349216	52,741599	48,106113	53,558576	47,744557	53,936565	46,614307	54,100484	19,001999	22,000924	17,884801	21,835275	19,767088	21,510826	19,968620	22,793411	18,179987	21,499608	99,898875	99,945658	71,335518	71,013457	71,063590	71,297669	99,858069	99,873137	27,520713	27,032149	27,598405
323,00	27,550825	48,487264	56,708729	45,558348	52,796614	48,264623	53,673995	47,905490	54,141706	46,767810	54,249024	19,205225	22,198014	18,068102	22,001739	19,947398	21,702616	20,152305	22,976053	18,339209	21,612291	99,907678	99,943811	71,428335	71,110940	71,266413	71,418291	99,926758	99,968129	27,703619	27,173728	27,731347
324,00	27,714086	48,659801	56,776935	45,751250	52,868527	48,435801	53,799516	48,069537	54,221231	46,963885	54,387391	19,389616	22,361124	18,218046	22,175406	20,132257	21,858071	20,324419	23,131682	18,482208	21,802154	99,935418	99,924952	71,563661	71,118528	71,413594	71,402287	99,960428	99,929047	27,890837	27,342063	27,907783
325,00	27,866533	48,813930	56,864589	45,913142	52,994579	48,596302	53,962857	48,238826	54,384524	47,132292	54,474699	19,543321	22,535154	18,352140	22,322975	20,293105	22,021578	20,471095	23,311953	18,621817	21,938387	99,905699	99,863380	71,672583	71,184713	71,502632	71,422178	99,888492	99,939400	28,004432	27,503839	28,050852
326,00	27,997696	48,904020	57,051820	46,025157	53,251004	48,749432	54,197377	48,405364	54,527479	47,290558	54,659057	19,676366	22,667181	18,480682	22,422172	20,444849	22,162765	20,615292	23,448166	18,760118	22,081438	99,906886	99,984151	71,768397	71,323323	71,513194	71,500361	99,956232	99,858367	28,145230	27,628240	28,194994
327,00	28,177530	49,091294	57,287097	46,205306	53,379476	48,879528	54,359782	48,563933	54,654592	47,382924	54,794294	19,822557	22,822230	18,618011	22,589944	20,566186	22,322612	20,753507	23,622620	18,885887	22,226456	99,934012	99,960840	71,842593	71,445984	71,536344	71,576929	99,947602	99,944997	28,253588	27,734086	28,280848
328,00	28,297386	49,224102	57,459688	46,386048	53,574443	49,008012	54,486984	48,687267	54,814619	47,481191	54,965907	19,950090	22,934555	18,755172	22,731119	20,689875	22,417252	20,903303	23,733099	19,033250	22,347443	99,952143	100,011230	71,930498	71,470761	71,573281	71,643114	99,926704	99,865425	28,380224	27,862990	28,384465
329,00	28,436384	49,330768	57,528442	46,505025	53,695667	49,127233	54,532057	48,750478	54,919159	47,538036	55,036783	20,078394	23,045084	18,893118	22,896272	20,810725	22,524378	21,026713	23,851387	19,192660	22,457632	99,918938	99,910682	71,896982	71,471876	71,541005	71,645510	99,860036	99,900472	28,496915	27,972093	28,453347
330,00	28,486273	49,431947	57,548708	46,610028	53,832418	49,228895	54,617327	48,878819	55,013609	47,721618	55,117965	20,229280	23,141001	19,010000	22,982088	20,933528	22,625037	21,158223	23,928396	19,355623	22,559236	99,964255	99,865204	71,937066	71,448785	71,607065	71,615636	99,946940	99,826437	28,614318	28,070039	28,549537
331,00	28,622615	49,514538	57,652795	46,683955	53,965455	49,301097	54,725832	48,966068	55,094492	47,854310	55,268198	20,360579	23,289236	19,131601	23,102213	21,053554	22,752394	21,270284	24,068105	19,477254	22,693680	99,959207	99,995732	71,993411	71,533620	71,663827	71,685910	100,064516	99,967223	28,750327	28,146100	28,669626
332,00	28,715599	49,640101	57,729512	46,763748	54,002386	49,368486	54,839772	49,079224	55,192775	47,996715	55,393970	20,470360	23,434290	19,253722	23,210990	21,142606	22,868355	21,391608	24,195628	19,565256	22,836350	99,996829	100,036168	72,020167	71,571213	71,705168	71,760124	100,106227	99,977624	28,795314	28,268579	28,785381
333,00	28,832692	49,708471	57,824576	46,846935	54,101473	49,419999	54,853058	49,124950	55,231571	48,036739	55,514830	20,559578	23,585859	19,387396	23,362631	21,254188	22,999252	21,495241	24,312495	19,658121	22,914098	99,900299	100,072289	71,982086	71,544564	71,706831	71,779060	100,052166	100,025368	28,868720	28,378028	28,901926
334,00	28,925604	49,764332	57,915974	46,934646	54,161078	49,517930	54,925096	49,176574	55,322218	48,116305	55,570179	20,683512	23,670359	19,502625	23,482737	21,377692	23,136826	21,627671	24,415140	19,770628	23,014982	99,880308	100,024271	71,905595	71,530133	71,665078	71,757650	99,969786	99,936026	28,946674	28,450873	29,005957
335,00	29,009145	49,837962	58,029801	47,030589	54,303515	49,633190	55,025512	49,255961	55,397159	48,230952	55,663365	20,805399	23,757082	19,591497	23,581900	21,510874	23,235695	21,727943	24,535814	19,899666	23,097281	99,875456	100,066984	71,936941	71,482706	71,721977	71,746552	99,934661	99,973696	29,058722	28,507912	29,106522
336,00	29,086685	49,962261	58,109295	47,112042	54,440284	49,735841	55,172956	49,319211	55,558014	48,346299	55,761850	20,935963	23,835027	19,680656	23,646264	21,592176	23,295741	21,827178	24,657494	20,017999	23,192902	99,919105	100,106049	71,937174	71,545935	71,681648	71,765685	100,010991	99,876153	29,110143	28,578147	29,195154
337,00	29,166356	50,125098	58,146656	47,211140	54,494542	49,858990	55,239999	49,443883	55,662113	48,443344	55,853820	21,008803	23,936823	19,790137	23,719126	21,674965	23,363763	21,900168	24,734735	20,129594	23,284444	100,021720	100,103128	71,963716	71,517783	71,680236	71,787995	99,986291	99,932647	29,163533	28,682327	29,271689
338,00	29,241294	50,243986	58,209074	47,337019	54,557085	49,939495	55,317366	49,606898	55,733567	48,510143	55,959308	21,106790	24,023493	19,914444	23,824774	21,753722	23,424307	21,993738	24,802107	20,206276	23,371534	100,064659	100,081849	72,001028	71,513879	71,709967	71,820951	100,010216	99,852180	29,260734	28,756690	29,334176
339,00	29,345697	50,336069	58,251363	47,457227	54,552019	50,037944	55,376232	49,728405	55,775172	48,567107	56,022602	21,189840	24,118042	19,986135	23,944883	21,843928	23,525436	22,061607	24,901590	20,313346	23,491484	100,113642	100,051236	72,028750	71,508145	71,743441	71,809214	99,920511	99,982643	29,354677	28,843302	29,404631
340,00	29,430658	50,418204	58,390045	47,532338	54,648805	50,082797	55,502820	49,808910	55,861437	48,676249	56,119275	21,317565	24,225435	20,066023	24,071367	21,946192	23,614755	22,151551	25,015524	20,407452	23,591669	100,083613	100,079489	72,001559	71,532440	71,740317	71,803337	99,999726	100,035822	29,440135	28,928065	29,477292
341,00	29,516312	50,472414	58,450067	47,635540	54,698992	50,136411	55,513668	49,810222	55,925679	48,711413	56,141740	21,411802	24,346644	20,140371	24,169807	22,037989	23,740463	22,240120	25,132522	20,527321	23,710646	100,092506	100,026309	71,934885	71,503496	71,677893	71,740156	100,044787	100,143528	29,468665	29,005355	29,566976
342,00	29,558554	50,526953	58,553118	47,675076	54,817212	50,167012	55,619216	49,866849	55,999768	48,770487	56,195986	21,518812	24,422617	20,255478	24,247062	22,146422	23,817340	22,360983	25,186065	20,618410	23,803243	100,037086	100,057614	71,846259	71,444893	71,628928	71,772242	100,082171	100,069034	29,525900	29,064608	29,653329
343,00	29,591572	50,593030	58,542389	47,816631	54,859966	50,248730	55,618930	49,976733	56,037474	48,858964	56,222731	21,608047	24,489176	20,369746	24,301657	22,221415	23,883715	22,456954	25,264505	20,714228	23,866022	100,052190	99,962544	71,860284	71,387178	71,665430	71,729332	100,091004	99,992347	29,576007	29,099756	29,732072
344,00	29,647094	50,709701	58,563226	47,868255	54,952848	50,360131	55,730855	50,082886	56,079364	48,963776	56,301516	21,691565	24,551931	20,490883	24,357858	22,302429	23,948807	22,554842	25,337747	20,807280	23,931870	100,088656	100,018644	71,849173	71,360862	71,631724	71,702927	100,047827	99,870574	29,633737	29,148147	29,763854
345,00	29,699335	50,804061	58,596271	47,997054	55,004823	50,484300	55,753052	50,195676	56,130373	49,079266	56,352878	21,766549	24,643470	20,562783	24,428612	22,367784	24,048968	22,636449	25,457412	20,898123	23,992376	100,094569	99,959940	71,844614	71,320516	71,632791	71,661401	100,003076	99,925476	29,693010	29,212850	29,792655
346,00	29,756966	50,905466	58,658934	48,029026	55,073607	50,579119	55,820984	50,244445	56,200564	49,155807	56,462646	21,844231	24,717310	20,629664	24,508400	22,455195	24,146873	22,726020	25,545102	20,965426	24,082632	100,090849	100,073326	71,808100	71,331030	71,577233	71,662688	99,907142	99,912649	29,744813	29,266959	29,830721
347,00	29,832605	50,953603	58,738887	48,094150	55,125612	50,613821	55,864537	50,321805	56,278402	49,247593	56,527591	21,954925	24,796842	20,699534	24,613181	22,556773	24,236959	22,812729	25,624427	21,062088	24,161279	100,035143	100,102472	71,742058	71,321875	71,555483	71,647376	99,897116	99,931914	29,803893	29,322571	29,898927
348,00	29,929507	51,030904	58,778244	48,147312	55,211109	50,699008	55,961394	50,417566	56,345159	49,356937	56,619048	22,048461	24,883448	20,792396	24,732506	22,647750	24,317239	22,901258	25,724995	21,129236	24,253736	100,085425	100,163054	71,753573	71,334267	71,579379	71,609277	99,870265	100,017214	29,831442	29,381961	29,947037
349,00	29,995546	51,082563	58,835471	48,237228	55,287784	50,771946	56,037289	50,490797	56,413329	49,440876	56,668609	22,140829	24,980967	20,895758	24,838836	22,746223	24,392310	22,997114	25,790960	21,243520	24,346563	100,099146	100,098646	71,713227	71,300972	71,570200	71,568316	99,944854	100,095248	29,912421	29,445863	30,003929
350,00	30,031180	51,187140	58,885008	48,348463	55,333287	50,869536	56,089312	50,578725	56,455261	49,508616	56,700057	22,236091	25,065318	20,963854	24,929437	22,825781	24,466179	23,098597	25,878662	21,303311	24,420676	100,140691	100,013995	71,726143	71,269912	71,563178	71,499228	99,965388	100,116968	29,971102	29,509023	30,054805
351,00	30,061591	51,239610	58,923429	48,427978	55,357867	50,905865	56,103241	50,603455	56,510609	49,555999	56,763440	22,339839	25,156707	21,069901	24,988252	22,912244	24,543551	23,191546	25,939608	21,424085	24,498056	100,088596	99,963379	71,654963	71,218848	71,462983	71,436602	99,999082	100,032437	30,049178	29,595420	30,118835
352,00	30,106115	51,292449	58,985293	48,463058	55,407637	50,918514	56,149793	50,673157	56,533164	49,576429	56,820798	22,433192	25,249237	21,144672	25,071794	22,997721	24,628550	23,253746	26,037252	21,510369	24,574737	99,943471	99,937540	71,553665	71,144605	71,370417	71,376348	100,017214	100,006664	30,083063	29,684854	30,166072
353,00	30,141389	51,334369	59,068704	48,544657	55,498683	50,983274	56,247336	50,728011	56,621760	49,672014	56,902128	22,506605	25,324076	21,255831	25,129837	23,075628	24,694403	23,314822	26,116359	21,620326	24,664900	99,898034	99,988794	71,481407	71,148962	71,327078	71,367735	100,024593	100,007367	30,105916	29,760867	30,212951
354,00	30,174109	51,453310	59,131271	48,600465	55,561715	51,028454	56,300914	50,801361	56,669921	49,730241	56,930250	22,610778	25,373062	21,340890	25,208879	23,160858	24,740817	23,388524	26,172096	21,689697	24,723694	99,894327	99,995542	71,418250	71,099454	71,278000	71,344912	100,018835	99,941289	30,149901	29,757476	30,263886
355,00	30,231050	51,533705	59,172195	48,734465	55,640733	51,137805	56,376880	50,894886	56,737250	49,819791	56,970948	22,684540	25,429881	21,443015	25,291917	23,219743	24,834402	23,477595	26,245287	21,782762	24,772704	100,037575	99,976218	71,423119	71,112543	71,263558	71,318662	99,966347	99,953300	30,185044	29,789010	30,320570
356,00	30,266708	51,647031	59,210891	48,783141	55,700886	51,208246	56,362730	50,991035	56,759441	49,915522	57,028657	22,804108	25,479802	21,543142	25,360626	23,318756	24,892911	23,594290	26,302117	21,887274	24,821702	100,083768	99,947548	71,401042	70,998955	71,189737	71,285439	99,991453	99,918586	30,258232	29,804206	30,384111
357,00	30,311325	51,702708	59,281141	48,885280	55,779493	51,325238	56,457335	51,077652	56,809741	50,010413	57,125783	22,882041	25,565872	21,640894	25,465479	23,421258	24,986374	23,688398	26,396918	22,006731	24,892090	100,066805	99,997008	71,370339	71,000147	71,182275	71,274513	100,039601	99,981111	30,307221	29,861292	30,429816
358,00	30,350396	51,819962	59,344530	48,954284	55,869508	51,385677	56,493741	51,143980	56,885976	50,100696	57,200146	22,997732	25,676146	21,720758	25,540605	23,533674	25,056380	23,805267	26,481032	22,103739	24,998353	100,027812	100,057721	71,309668	70,966119	71,158445	71,211100	100,045764	100,009954	30,379084	29,898924	30,472994
359,00	30,415323	51,888096	59,376389	49,066198	55,929708	51,461399	56,617159	51,210552	56,996173	50,175703	57,249635	23,082983	25,779420	21,810418	25,641686	23,624593	25,141406	23,869079	26,569077	22,203499	25,085133	99,983305	100,062716	71,233827	70,971435	71,102488	71,166968	100,079346	100,012481	30,429754	29,958212	30,527377
360,00	30,477935	51,954347	59,429610	49,141937	56,023586	51,500571	56,690699	51,271498	57,119322	50,238240	57,306409	23,180670	25,877228	21,897842	25,704727	23,694395	25,237432	23,975413	26,635703	22,275573	25,188458	99,966651	100,026786	71,163851	70,949751	70,986235	71,126360	100,080192	100,008333	30,470204	30,004627	30,584806
361,00	30,515158	52,007359	59,520453	49,241117	56,119573	51,551932	56,833547	51,308095	57,224196	50,355607	57,413167	23,267645	25,954530	22,025415	25,801986	23,773801	25,308454	24,054174	26,717705	22,336954	25,229636	99,936122	100,056803	71,103513	70,928079	70,858467	71,142906	100,052524	99,996459	30,478343	30,059803	30,613112
362,00	30,565530	52,089190	59,599394	49,335387	56,228316	51,638120	56,898928	51,369500	57,302439	50,407773	57,520068	23,368332	26,028603	22,118209	25,904000	23,858622	25,382990	24,158853	26,804671	22,409582	25,313118	99,955773	100,082624	71,053320	70,890594	70,833659	71,106589	99,998504	99,974024	30,516472	30,085778	30,649072
363,00	30,595535	52,201349	59,699094	49,458802	56,325573	51,756579	57,007658	51,490247	57,374007	50,525731	57,591444	23,480980	26,096687	22,209883	25,990164	23,961405	25,446501	24,238832	26,886657	22,505006	25,388214	99,962622	100,086200	71,017283	70,830518	70,784724	71,037751	99,956703	99,947596	30,546516	30,136329	30,651763
364,00	30,656824	52,322865	59,775543	49,586597	56,384188	51,884019	57,044351	51,605213	57,419020	50,605547	57,613069	23,591734	26,168436	22,291076	26,056674	24,059202	25,515524	24,335389	26,967475	22,629975	25,482565	99,948812	100,034523	71,020120	70,773071	70,772767	70,955312	100,032830	99,923706	30,607903	30,169731	30,706209
365,00	30,691788	52,436477	59,857178	49,711120	56,481534	51,965547	57,140970	51,723850	57,504672	50,721610	57,681775	23,696798	26,278171	22,406648	26,128489	24,144521	25,612554	24,422872	27,056986	22,732864	25,547758	99,955451	99,991906	70,963937	70,699096	70,746315	70,878279	100,086331	99,960029	30,659464	30,214545	30,740106
366,00	30,732027	52,556837	59,899044	49,830282	56,556535	52,030969	57,179093	51,784253	57,594198	50,805616	57,745773	23,797503	26,370820	22,519433	26,219180	24,230957	25,708356	24,520093	27,137765	22,820267	25,625682	99,983513	100,033391	70,931220	70,635825	70,725143	70,815283	100,114691	99,996829	30,694452	30,246216	30,800816
367,00	30,779979	52,714705	59,998828	49,952301	56,656861	52,125257	57,286954	51,887912	57,702118	50,916034	57,864910	23,902547	26,446950	22,608718	26,313639	24,307176	25,789592	24,619360	27,198705	22,920084	25,712264	100,065184	100,015223	70,876235	70,594549	70,712310	70,755440	100,080192	100,004315	30,729407	30,276605	30,842149
368,00	30,824065	52,843690	60,097033	50,050426	56,736434	52,243197	57,335162	51,976323	57,791537	51,019669	57,950526	24,008268	26,565459	22,709864	26,423126	24,402975	25,888452	24,719727	27,281302	23,018463	25,826949	100,069523	100,041413	70,823824	70,566100	70,644975	70,739287	100,031459	100,094533	30,771708	30,339569	30,883306
369,00	30,882493	52,953035	60,213071	50,165743	56,883103	52,363515	57,424814	52,102995	57,906145	51,133174	58,048522	24,126631	26,667786	22,820358	26,527572	24,500474	25,951394	24,819647	27,381030	23,144636	25,936922	100,054049	100,038815	70,790368	70,533806	70,619440	70,717591	100,011909	100,100124	30,838683	30,396873	30,915162
370,00	30,906197	52,998203	60,260177	50,287569	57,013077	52,451700	57,529157	52,174300	58,019865	51,206636	58,153415	24,222986	26,767340	22,947355	26,623002	24,619584	26,039666	24,920927	27,494523	23,226820	26,031676	99,973124	100,051069	70,674020	70,463747	70,539916	70,682287	100,009394	100,059962	30,864456	30,454329	30,946919
371,00	30,931380	53,123617	60,318983	50,451231	57,102525	52,549869	57,667267	52,301955	58,101773	51,321936	58,304453	24,336009	26,822701	23,057428	26,713049	24,733809	26,115251	25,048304	27,584302	23,314802	26,112294	100,013602	100,048912	70,656031	70,391154	70,538574	70,570922	100,014925	100,029409	30,872706	30,484420	30,995971
372,00	30,950525	53,268588	60,378712	50,644839	57,179779	52,681381	57,797587	52,417678	58,190173	51,467282	58,440757	24,464737	26,908380	23,186761	26,825276	24,835466	26,228181	25,146890	27,673048	23,399743	26,218909	100,059748	99,969602	70,557648	70,271051	70,446253	70,489222	100,030184	99,990839	30,902719	30,506811	31,057060
373,00	30,992651	53,475511	60,484493	50,823927	57,307619	52,801710	57,889330	52,556783	58,308011	51,636863	58,559704	24,617529	27,013907	23,312700	26,967102	24,916917	26,334512	25,250322	27,774063	23,514161	26,327908	100,091434	99,985635	70,539582	70,192373	70,423317	70,451212	100,004268	100,031900	30,956253	30,535990	31,084970
374,00	31,072241	53,612113	60,606337	51,002401	57,443923	52,898699	57,989275	52,660298	58,431840	51,796842	58,639222	24,749273	27,151793	23,435766	27,102065	25,008187	26,442015	25,345021	27,882636	23,648760	26,436409	100,051260	99,961388	70,457703	70,120186	70,307958	70,426404	99,970317	100,036657	31,009439	30,584794	31,096929
375,00	31,114540	53,783232	60,762793	51,176816	57,594055	53,027296	58,104658	52,790296	58,564484	51,913077	58,774930	24,862376	27,275094	23,562331	27,212617	25,102851	26,525396	25,457025	27,979210	23,762156	26,510313	100,023663	100,022221	70,437020	70,110047	70,278287	70,391840	99,973750	100,067317	31,054032	30,641171	31,129557
376,00	31,177533	53,897864	60,870939	51,300365	57,711059	53,183579	58,231962	52,911365	58,712828	52,055347	58,915710	24,979736	27,395058	23,690298	27,306467	25,211030	26,626441	25,561956	28,083193	23,882136	26,614511	100,005531	100,007510	70,395297	70,090139	70,190740	70,354044	99,988741	100,036037	31,088346	30,677986	31,168419
377,00	31,201261	54,059225	60,996205	51,489258	57,892478	53,366071	58,356071	53,046876	58,876383	52,198994	59,046710	25,112107	27,471277	23,824427	27,390721	25,314826	26,704299	25,668046	28,166643	24,007177	26,707238	99,995673	100,019026	70,376486	70,067191	70,177007	70,323968	99,976707	100,015080	31,133804	30,705154	31,215033
378,00	31,257117	54,179639	61,091709	51,649475	58,030367	53,479737	58,479810	53,165239	58,995056	52,353293	59,172654	25,234061	27,577737	23,948950	27,494910	25,417632	26,809159	25,782841	28,290749	24,127485	26,821870	99,982852	100,007808	70,358664	70,043647	70,150590	70,300984	99,941343	100,047159	31,159195	30,739787	31,235725
379,00	31,269431	54,319417	61,249208	51,841950	58,204198	53,616202	58,609760	53,301579	59,115887	52,503824	59,313303	25,346351	27,667916	24,072157	27,591336	25,530905	26,891708	25,886422	28,380722	24,241725	26,899141	99,985838	100,066662	70,316994	70,046210	70,100421	70,262945	99,946523	100,048673	31,205904	30,764058	31,292969
380,00	31,290242	54,452747	61,334604	51,985860	58,342272	53,759348	58,741671	53,448343	59,215742	52,630305	59,465390	25,467986	27,762130	24,191114	27,698228	25,641334	26,964751	25,984940	28,481728	24,345002	27,001959	100,004184	100,074255	70,296133	70,016688	70,055699	70,236391	99,982786	100,017297	31,239855	30,818412	31,333077
381,00	31,341493	54,610085	61,447233	52,134466	58,470458	53,914887	58,859736	53,581178	59,340608	52,785325	59,614027	25,582597	27,848402	24,307413	27,807689	25,747377	27,045974	26,084453	28,569102	24,459848	27,091309	100,016141	100,063884	70,249289	69,969583	70,000750	70,208985	99,961007	100,032544	31,264716	30,880591	31,381133
382,00	31,380630	54,793197	61,479169	52,317244	58,573985	54,076749	58,961046	53,739291	59,444845	52,955413	59,709662	25,733998	27,959388	24,449091	27,927470	25,871024	27,125505	26,208350	28,671622	24,586800	27,189475	100,052309	99,994385	70,219290	69,898134	70,009971	70,153815	100,001216	100,021541	31,308690	30,945200	31,427565
383,00	31,422156	54,971957	61,613476	52,509356	58,686829	54,220104	59,078306	53,876072	59,557813	53,113019	59,837788	25,863686	28,070441	24,585287	28,031820	25,994647	27,235696	26,319733	28,773999	24,702163	27,277124	100,013888	99,962318	70,166266	69,870096	69,954354	70,121866	100,027728	100,022888	31,349784	30,971995	31,481588
384,00	31,438041	55,113453	61,714983	52,667093	58,828050	54,364592	59,180814	54,005939	59,664136	53,237867	59,945697	26,000857	28,174978	24,718831	28,134125	26,119927	27,331975	26,434144	28,868175	24,822624	27,357283	100,017643	99,996787	70,108819	69,844359	69,923514	70,047110	100,071657	99,979556	31,416032	30,976686	31,534514
385,00	31,499076	55,245632	61,837149	52,799380	58,959562	54,487729	59,288830	54,120779	59,784281	53,334409	60,070616	26,119202	28,283471	24,844885	28,240478	26,213607	27,430183	26,540023	28,971425	24,925512	27,448165	100,005794	99,972254	70,066857	69,779050	69,860381	70,014590	100,014019	100,011313	31,453121	31,011331	31,581873
386,00	31,544247	55,396646	61,926615	52,954382	59,089679	54,596609	59,400427	54,229677	59,905016	53,480726	60,194761	26,237172	28,376901	24,949004	28,354573	26,313683	27,533635	26,652014	29,077065	25,021926	27,532893	100,030375	99,984568	70,002019	69,702119	69,820112	69,957423	99,978030	100,013793	31,487566	31,050071	31,604844
387,00	31,586641	55,554229	62,015051	53,127879	59,226209	54,725707	59,537393	54,358810	60,029775	53,625095	60,323107	26,360324	28,470817	25,067368	28,450918	26,398402	27,612752	26,773873	29,172003	25,128055	27,627316	100,000727	99,959177	69,926208	69,665009	69,757789	69,959199	99,967062	100,017941	31,524765	31,090480	31,645465
388,00	31,618658	55,702478	62,107992	53,302854	59,334582	54,857737	59,657514	54,506254	60,122061	53,781474	60,437453	26,474297	28,552687	25,170332	28,537726	26,511231	27,702132	26,876864	29,251662	25,239417	27,718827	99,986672	99,989843	69,873255	69,623929	69,723153	69,940138	99,987513	99,997503	31,551188	31,133169	31,665719
389,00	31,662023	55,814558	62,215137	53,437746	59,438145	54,970551	59,769988	54,643995	60,233486	53,905374	60,542864	26,586720	28,651637	25,310922	28,628367	26,611829	27,785814	26,988989	29,350123	25,368348	27,824065	99,986124	99,983436	69,842666	69,607842	69,674855	69,920379	100,013006	100,014400	31,599602	31,179258	31,701684
390,00	31,712285	55,933380	62,316722	53,580004	59,541905	55,103528	59,867579	54,765993	60,350889	54,035950	60,650438	26,693353	28,750286	25,429866	28,722048	26,723012	27,871162	27,075145	29,448953	25,480783	27,913070	100,011957	99,963778	69,812512	69,576365	69,647920	69,866663	100,038874	100,006044	31,625539	31,236151	31,734818
391,00	31,743446	56,067145	62,434816	53,738821	59,674954	55,237287	59,960097	54,889727	60,462916	54,140925	60,767549	26,813948	28,842384	25,535643	28,816664	26,808557	27,931914	27,188638	29,543704	25,590882	28,001937	100,021625	99,967659	69,757807	69,583976	69,606048	69,817811	100,033879	99,996519	31,677088	31,273916	31,780159
392,00	31,774017	56,184328	62,495714	53,898114	59,815919	55,381823	60,048723	55,004084	60,543543	54,273820	60,875976	26,932809	28,929785	25,654349	28,916991	26,898721	28,001884	27,293694	29,618555	25,701201	28,070775	100,016510	99,996620	69,726038	69,558311	69,589543	69,789529	100,056744	99,981666	31,720987	31,318069	31,843415
393,00	31,800780	56,312311	62,607288	54,055685	59,928340	55,483371	60,142577	55,112290	60,634345	54,407781	60,978794	27,056035	29,012582	25,755456	29,002151	27,005941	28,069052	27,406728	29,697007	25,804690	28,160250	100,025117	100,038755	69,679648	69,503623	69,565886	69,787329	100,024402	99,988699	31,785399	31,347251	31,882980
394,00	31,839716	56,411386	62,700856	54,189473	60,019255	55,585235	60,264683	55,212706	60,707986	54,545873	61,047566	27,160668	29,111022	25,880212	29,109025	27,105382	28,172475	27,496833	29,787925	25,903520	28,250015	100,035083	100,055707	69,646090	69,438243	69,529402	69,754905	100,017893	100,009704	31,817850	31,393516	31,906873
395,00	31,880409	56,553227	62,807018	54,310405	60,088289	55,699831	60,360968	55,334395	60,817015	54,665095	61,112702	27,259699	29,201078	25,973833	29,193431	27,199593	28,247079	27,588975	29,877067	25,981513	28,351918	100,055337	100,080478	69,579881	69,393945	69,501668	69,721049	99,985904	100,028563	31,861418	31,427968	31,925485
396,00	31,928849	56,642187	62,859750	54,409623	60,151017	55,792773	60,435557	55,432308	60,859048	54,749221	61,190158	27,363089	29,291305	26,083037	29,290196	27,287874	28,341126	27,682248	29,966795	26,074111	28,432122	100,056422	100,041449	69,548589	69,345063	69,476569	69,635934	100,037205	100,053763	31,894851	31,485528	31,975091
397,00	31,972873	56,761461	62,891847	54,522836	60,225916	55,908525	60,496736	55,524933	60,934931	54,847717	61,297733	27,462372	29,376033	26,169550	29,363811	27,374265	28,409746	27,771318	30,050120	26,160568	28,506109	100,064552	100,010622	69,508874	69,309926	69,445062	69,576681	100,012875	100,043619	31,932771	31,502837	32,017419
398,00	31,995332	56,863707	62,931746	54,640138	60,308850	55,988932	60,567564	55,618715	61,006379	54,928517	61,382657	27,568284	29,452586	26,275140	29,442117	27,472574	28,484952	27,863887	30,133674	26,269397	28,575096	100,049829	99,955666	69,475579	69,241089	69,398856	69,502312	100,003743	100,017500	31,962931	31,532618	32,066372
399,00	32,028291	56,979167	62,996382	54,762799	60,385388	56,091142	60,650420	55,710751	61,118931	55,038714	61,444992	27,669460	29,522675	26,370004	29,526436	27,544823	28,560752	27,956694	30,194449	26,360452	28,651080	100,029302	99,993110	69,430703	69,199395	69,330591	69,480824	99,989200	99,979639	31,984416	31,553763	32,088733
400,00	32,060605	57,076460	63,060319	54,851276	60,442859	56,138581	60,707247	55,787945	61,184782	55,104321	61,497056	27,766618	29,588115	26,465538	29,604417	27,618432	28,635991	28,049144	30,257323	26,452342	28,728521	99,971032	100,021052	69,357061	69,120950	69,272453	69,427985	100,012517	99,994773	32,022434	31,595591	32,133198
401,00	32,092500	57,173675	63,139617	54,947370	60,512954	56,205428	60,795075	55,861545	61,253726	55,178225	61,565447	27,856138	29,675549	26,556563	29,679024	27,688545	28,708503	28,138724	30,327258	26,528960	28,808570	99,955970	100,040185	69,316506	69,098139	69,221801	69,403177	100,016689	100,038755	32,044926	31,630132	32,172239
402,00	32,115662	57,247114	63,189602	55,047703	60,594469	56,267852	60,854077	55,949134	61,311221	55,252492	61,629987	27,943680	29,746261	26,645234	29,735669	27,759221	28,768936	28,209186	30,406615	26,610875	28,877023	99,941558	100,032234	69,265169	69,057131	69,165003	69,361275	99,982321	100,064516	32,078597	31,652638	32,213864
403,00	32,139915	57,328886	63,241410	55,163300	60,673481	56,336367	60,904050	56,036574	61,383754	55,339217	61,685455	28,043953	29,826781	26,745561	29,811144	27,840796	28,832087	28,287482	30,480254	26,687601	28,937134	99,976099	100,023043	69,252259	69,015527	69,122809	69,320673	99,978918	100,065947	32,108349	31,688958	32,238963
404,00	32,174283	57,389063	63,253939	55,255389	60,727262	56,428587	60,917866	56,084979	61,429369	55,410117	61,731005	28,135499	29,891595	26,813141	29,884219	27,903703	28,884345	28,349096	30,535087	26,762491	29,010192	99,971068	100,014842	69,205987	68,968874	69,071603	69,253075	99,952769	100,051105	32,144710	31,720015	32,255033
405,00	32,205051	57,487875	63,299501	55,343074	60,767061	56,488895	60,964358	56,128478	61,469847	55,480868	61,795855	28,221291	29,977521	26,896420	29,980856	27,981156	28,938094	28,433451	30,601463	26,829636	29,072160	99,997109	100,003338	69,137108	68,931860	69,034350	69,166100	99,977744	100,022411	32,182056	31,757268	32,286072
406,00	32,236567	57,556957	63,341755	55,408323	60,828382	56,545806	61,009014	56,163830	61,508900	55,563462	61,843479	28,300691	30,043080	26,966250	30,047011	28,051728	28,997099	28,499806	30,676407	26,901788	29,149190	99,995059	99,964112	69,091827	68,898529	68,992704	69,131571	99,994028	100,038815	32,199463	31,780753	32,317293
407,00	32,270226	57,649517	63,403547	55,516070	60,884213	56,602681	61,091387	56,247479	61,563516	55,658984	61,909288	28,396404	30,101144	27,052790	30,117032	28,116250	29,077628	28,586090	30,758002	26,967338	29,204875	100,032949	99,963433	69,075704	68,847394	68,981653	69,089895	100,037527	100,025654	32,228139	31,818521	32,350948
408,00	32,316619	57,748705	63,449937	55,609739	60,965681	56,678557	61,151594	56,326276	61,622912	55,721498	61,948299	28,481126	30,167037	27,144629	30,181172	28,179809	29,167062	28,649032	30,830681	27,044576	29,283506	100,053108	99,969584	69,101632	68,792582	68,969977	69,072074	100,036895	100,061214	32,253221	31,847906	32,388657
409,00	32,352737	57,857800	63,509977	55,717623	61,026251	56,757706	61,230451	56,403017	61,698782	55,772930	62,025446	28,575388	30,222365	27,232957	30,242676	28,241464	29,233673	28,742796	30,889827	27,115783	29,343405	100,087881	99,995172	69,094354	68,783319	68,949556	69,033211	100,043368	100,027406	32,303488	31,891429	32,427171
410,00	32,394108	57,941324	63,550490	55,780596	61,094302	56,800014	61,271787	56,444073	61,756694	55,804014	62,067842	28,659013	30,301103	27,313340	30,317125	28,311953	29,293886	28,811431	30,953038	27,199030	29,407233	100,065577	99,989784	69,037211	68,759745	68,882799	68,986857	100,027812	100,021791	32,332927	31,912383	32,472286
411,00	32,415476	58,010364	63,595599	55,842161	61,162341	56,857514	61,329103	56,505877	61,817229	55,846125	62,164873	28,747451	30,373451	27,391002	30,372301	28,376886	29,332545	28,886652	31,016600	27,276963	29,455140	100,034606	99,997866	68,977946	68,739420	68,841028	68,941551	99,995321	99,973661	32,365388	31,939036	32,492191
412,00	32,440889	58,076674	63,639712	55,908799	61,235148	56,912357	61,366528	56,545359	61,865145	55,886096	62,231517	28,821045	30,441123	27,479783	30,446976	28,451842	29,395366	28,945288	31,087744	27,360171	29,510856	100,008643	100,011432	68,937510	68,675321	68,784529	68,906212	100,002503	99,955225	32,396495	31,959075	32,528320
413,00	32,462829	58,132821	63,683379	55,979890	61,312193	56,967968	61,435580	56,606305	61,945188	55,954516	62,307662	28,906733	30,508637	27,575743	30,508238	28,524756	29,459289	29,024535	31,160194	27,432883	29,581746	99,980283	100,050390	68,887085	68,631798	68,746454	68,891138	100,011623	99,975646	32,432973	31,992537	32,560208
414,00	32,493234	58,206362	63,716340	56,079489	61,356139	57,005715	61,477053	56,637949	62,004775	56,021500	62,330294	28,994262	30,566096	27,678666	30,585662	28,612706	29,531720	29,117203	31,228065	27,520114	29,654405	99,966604	100,017202	68,832052	68,587106	68,679076	68,848783	100,062406	99,980021	32,480910	32,021183	32,606807
415,00	32,532138	58,273256	63,744563	56,154352	61,416858	57,045072	61,537820	56,717551	62,071979	56,097746	62,359500	29,087931	30,637774	27,764496	30,650628	28,684717	29,587626	29,197764	31,287536	27,588713	29,723918	99,948120	100,001585	68,765038	68,556482	68,625885	68,800282	100,072241	99,998564	32,510194	32,052898	32,639799
416,00	32,575503	58,370191	63,773328	56,260663	61,484128	57,124251	61,580747	56,785351	62,118274	56,166995	62,411618	29,163134	30,696782	27,835363	30,722097	28,745934	29,645798	29,263657	31,356204	27,664053	29,775137	99,956244	99,975348	68,742675	68,523306	68,611878	68,742776	100,048184	99,976194	32,522210	32,098916	32,663497
417,00	32,608292	58,460349	63,821065	56,340444	61,569536	57,193083	61,650944	56,867081	62,192565	56,258547	62,478143	29,249993	30,755007	27,896848	30,791694	28,802085	29,709905	29,324180	31,433621	27,728641	29,836085	99,961275	100,011158	68,721777	68,487459	68,581605	68,741357	100,033486	100,001860	32,531795	32,142857	32,690907
418,00	32,637608	58,556902	63,854641	56,433564	61,616534	57,281893	61,707228	56,923354	62,240124	56,331301	62,530202	29,323977	30,814660	27,957955	30,880481	28,859127	29,789147	29,395011	31,525916	27,799895	29,901314	99,976259	99,998194	68,696541	68,444341	68,549246	68,702585	99,986601	100,022089	32,538778	32,179013	32,720080
419,00	32,658786	58,615202	63,927001	56,501615	61,668843	57,341653	61,774242	56,962687	62,312555	56,400228	62,584448	29,412925	30,881998	28,041136	30,953446	28,942928	29,855448	29,481620	31,592977	27,871439	29,964477	99,969018	100,022829	68,636733	68,405372	68,472117	68,672079	99,990183	100,019169	32,570770	32,200566	32,738930
420,00	32,685781	58,681077	63,972849	56,602627	61,749136	57,414627	61,841524	57,028079	62,369978	56,463420	62,644309	29,492295	30,941734	28,127828	31,023636	29,020554	29,911932	29,568732	31,651950	27,949846	30,014464	99,948120	100,043368	68,576753	68,385458	68,420953	68,635446	99,954736	99,993372	32,594499	32,228196	32,781863
421,00	32,713333	58,735937	63,999540	56,684142	61,815929	57,466459	61,908376	57,087117	62,424505	56,528455	62,700260	29,587892	31,011358	28,221640	31,079260	29,108095	29,974443	29,646185	31,699786	28,031397	30,065787	99,907804	100,077415	68,526602	68,340433	68,377566	68,585593	99,978602	99,978757	32,623318	32,255292	32,807252
422,00	32,737198	58,819854	64,042115	56,787628	61,892521	57,535899	61,956561	57,163501	62,472981	56,611502	62,770015	29,678315	31,074867	28,313807	31,151155	29,182944	30,033284	29,724044	31,772250	28,105828	30,130082	99,887002	100,080454	68,494362	68,311775	68,348092	68,556768	99,995154	99,981040	32,663998	32,279462	32,858387
423,00	32,764024	58,896655	64,064115	56,880033	61,925840	57,622439	61,993092	57,231200	62,521607	56,701338	62,828887	29,764900	31,152394	28,394410	31,223273	29,256988	30,093211	29,802066	31,851313	28,170526	30,210936	99,882317	100,044584	68,466067	68,271315	68,318474	68,515372	99,993384	99,994326	32,684597	32,315654	32,864869
424,00	32,788372	58,990657	64,146399	56,994987	62,012774	57,717162	62,042803	57,323301	62,608224	56,808645	62,904418	29,853269	31,220567	28,482541	31,288373	29,326645	30,149889	29,890609	31,922466	28,260106	30,272418	99,907982	100,035059	68,421805	68,247813	68,278259	68,493438	100,012159	99,989355	32,724696	32,354733	32,912245
425,00	32,838795	59,093779	64,161283	57,107311	62,049001	57,798409	62,096149	57,411653	62,643611	56,878912	62,933260	29,939601	31,295419	28,569925	31,372985	29,397070	30,220243	29,966903	31,999427	28,347626	30,342871	99,950135	99,976462	68,389046	68,198264	68,220353	68,436974	99,989623	100,011754	32,753095	32,400501	32,943302
426,00	32,874081	59,195101	64,211786	57,192689	62,109691	57,869643	62,146473	57,497156	62,700129	56,965822	62,970048	30,022612	31,368279	28,656563	31,436738	29,466048	30,282217	30,033088	32,064304	28,433114	30,403340	99,985904	99,967688	68,354380	68,143415	68,188959	68,370879	99,999481	100,011981	32,794330	32,421157	32,989162
427,00	32,900414	59,288633	64,247996	57,295930	62,154895	57,932574	62,206531	57,585430	62,756151	57,027388	63,019896	30,107275	31,431773	28,734452	31,507486	29,542628	30,344176	30,107766	32,134303	28,505674	30,475199	100,002813	99,953407	68,301946	68,100679	68,135428	68,337440	99,981934	100,000989	32,824460	32,453439	33,016586
428,00	32,927063	59,359634	64,316046	57,372659	62,237626	58,002496	62,269038	57,643163	62,826437	57,118362	63,092905	30,178869	31,501555	28,807122	31,563905	29,612729	30,410287	30,185792	32,189828	28,578451	30,540746	100,010252	99,990761	68,249726	68,071038	68,112236	68,332082	99,987984	99,989921	32,845187	32,485986	33,042905
429,00	32,953751	59,452701	64,376813	57,484406	62,302351	58,086848	62,330443	57,722914	62,888914	57,193035	63,141328	30,263627	31,569001	28,890356	31,630868	29,689559	30,476859	30,266684	32,249233	28,657812	30,602121	100,054896	99,977660	68,207443	68,035209	68,083686	68,305784	100,020087	100,029230	32,868546	32,518727	33,076003
430,00	32,992569	59,510273	64,415228	57,556123	62,351912	58,159190	62,373382	57,766813	62,941468	57,266855	63,191950	30,341399	31,641296	28,980172	31,705862	29,758948	30,537391	30,331227	32,319629	28,731558	30,665368	100,057888	99,998927	68,181711	67,989600	68,049890	68,279749	100,014019	100,023890	32,897136	32,537121	33,107007
431,00	33,018687	59,595263	64,428490	57,656109	62,376541	58,222818	62,394911	57,838058	62,992525	57,341897	63,237393	30,434924	31,704795	29,068869	31,774524	29,821223	30,586365	30,396652	32,395700	28,812385	30,726233	100,082982	99,972510	68,152350	67,931944	68,017846	68,217415	100,028622	100,011456	32,936227	32,557485	33,137158
432,00	33,057401	59,651089	64,449471	57,716292	62,413311	58,270216	62,447178	57,876968	63,044339	57,417548	63,310111	30,529213	31,768641	29,148310	31,860647	29,891488	30,642998	30,463406	32,470781	28,884682	30,787551	100,048459	99,988437	68,090218	67,899913	67,959785	68,177712	100,040174	99,979675	32,967010	32,583514	33,165523
433,00	33,091599	59,757161	64,480662	57,816702	62,454587	58,325309	62,490577	57,955152	63,082689	57,509428	63,364279	30,630982	31,846648	29,233843	31,939197	29,953927	30,710176	30,553925	32,546017	28,967330	30,865991	100,061059	99,942535	68,033057	67,855102	67,947501	68,124914	100,064933	100,046754	33,011779	32,630986	33,190277
434,00	33,120471	59,834802	64,527214	57,897830	62,495732	58,394146	62,526351	58,020830	63,120115	57,590693	63,409346	30,723202	31,910193	29,312369	31,996709	30,025229	30,773574	30,623683	32,604814	29,036179	30,917159	100,059199	99,972993	67,982870	67,813993	67,914116	68,080896	100,067902	100,073612	33,035854	32,648152	33,208069
435,00	33,143389	59,904248	64,556295	57,990915	62,544173	58,459377	62,542510	58,069360	63,148648	57,653731	63,417560	30,798736	31,972563	29,386422	32,046306	30,101469	30,835900	30,706865	32,660130	29,098561	30,977020	100,060260	99,960417	67,958307	67,746663	67,872548	68,023002	100,045598	100,082111	33,065033	32,690063	33,230746
436,00	33,162728	59,977347	64,605910	58,090901	62,604064	58,548129	62,578052	58,134151	63,183844	57,732379	63,462865	30,879197	32,025477	29,472247	32,107097	30,183151	30,883548	30,783594	32,711655	29,175806	31,030542	100,079489	99,977636	67,953742	67,696267	67,855591	67,982054	100,051212	100,045991	33,091474	32,722890	33,267632
437,00	33,183244	60,029125	64,628327	58,161467	62,648529	58,612204	62,615323	58,182830	63,237500	57,796389	63,503939	30,963287	32,091877	29,552078	32,190531	30,259532	30,945373	30,868590	32,776311	29,245874	31,097716	100,057924	99,960840	67,910713	67,631721	67,810977	67,935807	100,066578	100,056553	33,117691	32,762489	33,311489
438,00	33,212823	60,116243	64,674735	58,256513	62,687743	58,693862	62,661666	58,277708	63,280576	57,875711	63,568079	31,056234	32,163432	29,639241	32,262269	30,321151	31,014243	30,941892	32,842556	29,331744	31,164300	100,085688	99,979246	67,896658	67,602992	67,812920	67,900145	100,084615	100,061071	33,154461	32,788578	33,349237
439,00	33,257964	60,192716	64,677244	58,320498	62,704146	58,760661	62,684566	58,322370	63,327867	57,924390	63,604921	31,128621	32,238829	29,706812	32,325405	30,391282	31,083119	31,009325	32,908320	29,397213	31,224069	100,074923	99,982625	67,844236	67,561460	67,759043	67,856133	100,078547	100,091159	33,183438	32,810712	33,380526
440,00	33,292270	60,276049	64,717257	58,403003	62,770557	58,826905	62,753570	58,393025	63,365132	57,994211	63,658315	31,203866	32,296696	29,787818	32,381499	30,461726	31,131187	31,079385	32,978383	29,476699	31,288141	100,077999	99,981713	67,802536	67,556047	67,739081	67,833501	100,069785	100,079894	33,221966	32,846919	33,417842
441,00	33,338612	60,344768	64,765924	58,465075	62,814379	58,881718	62,789327	58,459973	63,411546	58,046603	63,703167	31,278682	32,360366	29,870284	32,454360	30,542928	31,180689	31,147620	33,040279	29,554635	31,352919	100,071752	99,960297	67,732811	67,519438	67,695624	67,809087	100,092864	100,110722	33,259594	32,891461	33,446574
442,00	33,355695	60,399061	64,825112	58,553618	62,881267	58,950973	62,854737	58,543497	63,470614	58,136952	63,754183	31,356582	32,399923	29,957533	32,510701	30,606309	31,225502	31,221455	33,096501	29,624811	31,409195	100,053644	99,995935	67,696971	67,513359	67,664033	67,779547	100,104880	100,070643	33,279598	32,916379	33,477175
443,00	33,390853	60,445762	64,871180	58,638245	62,908345	59,030271	62,875712	58,643830	63,511789	58,216918	63,798141	31,434450	32,453603	30,035606	32,564494	30,684987	31,274810	31,299138	33,145589	29,699478	31,460118	100,054836	100,014138	67,687148	67,469126	67,615682	67,751467	100,117183	100,058019	33,304796	32,931218	33,498326
444,00	33,405811	60,491824	64,858484	58,729339	62,913424	59,120548	62,909818	58,717281	63,531250	58,310163	63,810503	31,509414	32,498342	30,114016	32,609203	30,744842	31,315541	31,382284	33,195850	29,770651	31,499028	100,036395	100,015020	67,642367	67,417550	67,554957	67,689741	100,093114	100,031078	33,329624	32,945180	33,526370
445,00	33,439445	60,515696	64,870244	58,797503	62,935698	59,200239	62,925053	58,805221	63,529909	58,381009	63,843691	31,590417	32,564595	30,202425	32,670665	30,825746	31,360877	31,449303	33,254352	29,854146	31,551611	100,011456	100,016665	67,584717	67,364854	67,480612	67,639852	100,083458	100,065207	33,360955	32,980102	33,556956
446,00	33,460110	60,592437	64,874506	58,891630	62,967032	59,297746	62,941313	58,900011	63,548189	58,475053	63,858187	31,661785	32,626307	30,280226	32,719356	30,892831	31,415045	31,518012	33,300853	29,933190	31,607857	100,021887	100,023377	67,530107	67,331880	67,436182	67,582667	100,059319	100,045156	33,396024	33,018467	33,598638
447,00	33,490765	60,647315	64,909905	58,992839	63,029510	59,395170	62,973696	59,019589	63,591260	58,565617	63,914442	31,736562	32,674277	30,353487	32,779148	30,976114	31,466714	31,587982	33,356830	30,004442	31,670758	100,030041	100,064182	67,509407	67,322588	67,415720	67,574382	100,061333	100,031567	33,428603	33,051053	33,639920
448,00	33,520076	60,729140	64,928955	59,077096	63,064909	59,483606	63,000578	59,115362	63,628125	58,662474	63,940364	31,802991	32,713819	30,409974	32,822841	31,044084	31,521541	31,662658	33,397311	30,071738	31,719458	100,053334	100,069249	67,482394	67,298609	67,404175	67,536682	100,074947	100,018466	33,460087	33,070880	33,686805
449,00	33,553055	60,783178	64,938515	59,157270	63,087821	59,573996	63,022053	59,225309	63,635236	58,751589	63,968474	31,858781	32,755092	30,483374	32,884642	31,118932	31,566018	31,732631	33,443353	30,137727	31,760010	100,037372	100,069880	67,444181	67,267001	67,384374	67,516327	100,085914	100,040281	33,492038	33,100280	33,715972
450,00	33,580840	60,829568	64,950705	59,214139	63,102305	59,659261	63,032335	59,312564	63,638228	58,850628	63,975054	31,909373	32,809079	30,539888	32,929868	31,171924	31,603095	31,787840	33,498296	30,205575	31,801504	100,033057	100,086367	67,417198	67,230707	67,335325	67,471373	100,061452	100,036228	33,503518	33,128062	33,731869
451,00	33,618519	60,874450	64,965129	59,283352	63,105345	59,740889	63,025457	59,399801	63,647401	58,938158	63,974577	31,958953	32,857198	30,598587	32,987529	31,231880	31,647745	31,842193	33,546254	30,263400	31,853303	100,037992	100,067544	67,390841	67,185891	67,297697	67,453468	100,047159	100,041687	33,526954	33,164608	33,745465
452,00	33,650914	60,898060	64,983797	59,323120	63,119704	59,807867	63,043165	59,468246	63,665891	59,016818	63,975948	32,029316	32,904559	30,659592	33,028972	31,290200	31,693253	31,901291	33,607063	30,320975	31,898043	100,029457	100,096714	67,356771	67,154264	67,247039	67,402369	100,048339	100,058448	33,552387	33,201522	33,780992
453,00	33,678392	60,934961	64,983159	59,378415	63,143617	59,867889	63,046587	59,535307	63,674730	59,092242	63,989991	32,088879	32,947811	30,728835	33,075383	31,356573	31,745955	31,962904	33,647132	30,374673	31,944025	100,013220	100,090289	67,312551	67,120993	67,216414	67,366308	100,054121	100,080597	33,588779	33,239946	33,823916
454,00	33,698440	60,973150	64,975077	59,430605	63,155413	59,922236	63,060880	59,607637	63,683808	59,151244	63,997698	32,148784	32,996929	30,792114	33,112019	31,426072	31,784782	32,020068	33,697379	30,442160	31,988311	99,991298	100,126493	67,277992	67,091590	67,163843	67,318213	100,051236	100,069177	33,623078	33,268672	33,852497
455,00	33,720952	61,022067	64,961678	59,483123	63,148510	59,969407	63,055283	59,664720	63,671690	59,211940	63,991076	32,200104	33,038631	30,844176	33,157521	31,492889	31,815109	32,074195	33,726421	30,504516	32,032207	100,006139	100,089335	67,240441	67,044014	67,115957	67,278993	100,064838	100,029361	33,656147	33,287933	33,878091
456,00	33,742580	61,048049	64,947355	59,526825	63,127202	60,013133	63,056046	59,727544	63,651294	59,250742	63,977772	32,251260	33,073261	30,893591	33,189437	31,545439	31,849554	32,133350	33,760604	30,564192	32,066983	100,014365	100,054169	67,215538	67,001909	67,081308	67,228770	100,069499	99,985021	33,687294	33,301112	33,901566
457,00	33,773831	61,055940	64,939982	59,560263	63,119066	60,054201	63,056916	59,771407	63,631529	59,304810	63,980877	32,298228	33,115795	30,952728	33,231476	31,594205	31,883004	32,193208	33,802792	30,618030	32,096058	100,017536	100,029218	67,172796	66,972625	67,052847	67,190343	100,078154	99,982703	33,711979	33,326077	33,931214
458,00	33,809912	61,062527	64,921653	59,581786	63,121504	60,070831	63,062936	59,789294	63,633215	59,337842	63,977551	32,344189	33,164960	30,999649	33,277252	31,636915	31,934136	32,244152	33,862960	30,672061	32,135049	99,999547	100,004184	67,135125	66,937315	67,028844	67,154610	100,059807	100,008786	33,730888	33,362240	33,962971
459,00	33,844706	61,076403	64,912069	59,590304	63,117158	60,096514	63,055223	59,811777	63,638425	59,381789	63,983142	32,396725	33,204934	31,057292	33,333313	31,696653	31,976640	32,296598	33,920330	30,727914	32,172391	99,989462	99,989295	67,070609	66,906500	66,994977	67,138648	100,051117	100,051451	33,756900	33,400205	34,001353
460,00	33,872110	61,108875	64,899361	59,614205	63,119596	60,117489	63,051134	59,845155	63,630313	59,417772	63,964427	32,444340	33,231553	31,102693	33,379421	31,738222	32,010475	32,336468	33,957967	30,772966	32,213196	99,997932	99,965781	67,027932	66,869873	66,958487	67,097682	100,041437	100,049770	33,787429	33,429444	34,037364
461,00	33,899441	61,114711	64,901710	59,622633	63,127822	60,146707	63,053995	59,861636	63,619399	59,447771	63,971907	32,501239	33,266112	31,156045	33,422107	31,793544	32,050204	32,388416	33,994019	30,820662	32,260922	99,992067	99,980628	66,978908	66,840583	66,907096	67,084646	100,058520	100,055647	33,818588	33,460996	34,067944
462,00	33,935398	61,120242	64,896965	59,647948	63,139802	60,157543	63,041216	59,876692	63,618040	59,474134	63,954049	32,547909	33,322370	31,204057	33,458084	31,834823	32,098392	32,429108	34,027305	30,867034	32,304126	99,999154	99,991393	66,948420	66,788483	66,853964	67,045808	100,073290	100,031674	33,854350	33,485782	34,092608
463,00	33,978263	61,107290	64,873040	59,647977	63,132876	60,171872	63,027525	59,875655	63,618177	59,500772	63,946521	32,607877	33,378398	31,244487	33,499858	31,896126	32,154155	32,482162	34,068164	30,931795	32,341397	99,983907	99,990845	66,900581	66,743195	66,805381	66,994476	100,099158	100,026858	33,882308	33,518469	34,122014
464,00	34,014797	61,132282	64,843613	59,677905	63,105559	60,183382	63,002950	59,891248	63,598818	59,533793	63,913798	32,645473	33,418807	31,293696	33,532420	31,927854	32,183895	32,536325	34,088951	30,985767	32,363689	99,974632	99,975210	66,858178	66,689980	66,765040	66,939032	100,088418	99,995184	33,914602	33,530805	34,144974
465,00	34,041572	61,148727	64,833444	59,702784	63,086706	60,205597	62,995678	59,898651	63,587207	59,551108	63,916403	32,690236	33,451062	31,336534	33,578768	31,972301	32,212707	32,584396	34,132108	31,033286	32,406461	99,964470	99,989420	66,816443	66,670990	66,717261	66,896081	100,067401	100,006902	33,945519	33,554134	34,170902
466,00	34,062999	61,177057	64,826620	59,734040	63,063765	60,226715	62,979937	59,923577	63,571393	59,573424	63,901639	32,733703	33,483830	31,390139	33,621609	32,013106	32,250169	32,634875	34,175843	31,065232	32,443330	99,975777	99,980742	66,784120	66,623473	66,698831	66,865623	100,029802	100,004947	33,982021	33,585006	34,191906
467,00	34,089419	61,167145	64,823240	59,746838	63,068175	60,238618	62,975359	59,943205	63,582247	59,575713	63,908750	32,796082	33,533671	31,438148	33,673564	32,060680	32,300031	32,669765	34,232044	31,107578	32,487184	99,963725	99,980307	66,747993	66,600281	66,660607	66,841364	100,005066	100,005519	34,004605	33,628380	34,216899
468,00	34,124416	61,177629	64,808965	59,738815	63,061261	60,239798	62,970197	59,940898	63,574070	59,584671	63,895941	32,855520	33,583564	31,483302	33,714336	32,113785	32,351893	32,720470	34,280095	31,158698	32,526031	99,971110	99,971336	66,695732	66,546476	66,622710	66,814703	99,995756	99,985468	34,026414	33,664459	34,246486
469,00	34,154084	61,179096	64,798218	59,760308	63,046080	60,246307	62,972528	59,947085	63,555932	59,588927	63,890183	32,907045	33,620608	31,534293	33,748350	32,159603	32,388875	32,776585	34,319001	31,215745	32,559064	99,973267	99,967963	66,655469	66,509223	66,582191	66,795939	100,019372	99,958593	34,057477	33,681530	34,279186
470,00	34,185329	61,197013	64,804530	59,766030	63,033235	60,263860	62,956512	59,955114	63,558233	59,605640	63,876617	32,946423	33,655131	31,591904	33,781314	32,207149	32,434234	32,831556	34,367427	31,265655	32,598370	99,990195	99,985009	66,615683	66,458029	66,533309	66,761994	100,031495	99,956900	34,087452	33,712894	34,314376
471,00	34,227225	61,213911	64,803469	59,791368	63,024914	60,281813	62,954897	59,971446	63,550752	59,621996	63,863295	32,992944	33,694899	31,651717	33,823949	32,251751	32,477185	32,881850	34,416121	31,315011	32,630771	99,991858	99,974006	66,577554	66,426462	66,487145	66,732353	100,042033	99,972606	34,113353	33,748341	34,343186
472,00	34,265834	61,219209	64,816827	59,789228	63,032496	60,297865	62,956768	59,976763	63,557011	59,627956	63,873243	33,038017	33,750504	31,692076	33,878812	32,302868	32,522500	32,918409	34,473523	31,351781	32,682368	99,985087	99,989438	66,542059	66,395324	66,436392	66,699797	100,000727	100,019825	34,128752	33,794919	34,372714
473,00	34,300670	61,234599	64,804846	59,825778	63,009721	60,318035	62,944883	59,998381	63,544720	59,641510	63,860506	33,092290	33,803084	31,732529	33,927667	32,362473	32,562146	32,960629	34,514821	31,402639	32,727501	100,009787	99,954611	66,522849	66,352683	66,420937	66,655970	100,003517	100,040281	34,158272	33,826143	34,407249
474,00	34,327808	61,253446	64,799780	59,857619	62,995267	60,337812	62,932324	60,027999	63,550121	59,653074	63,857388	33,140758	33,852968	31,769246	33,975345	32,408008	32,604009	32,997262	34,556431	31,453055	32,775363	100,018919	99,954677	66,510016	66,294718	66,405112	66,607392	99,987328	100,049603	34,179828	33,859283	34,433901
475,00	34,349152	61,257505	64,778692	59,881926	62,989366	60,337907	62,910146	60,045183	63,555986	59,666729	63,837558	33,190998	33,883893	31,828845	34,018344	32,449567	32,648402	33,037829	34,594589	31,507766	32,806900	100,023806	99,918234	66,453516	66,253287	66,362035	66,561121	100,004542	100,024331	34,209493	33,879957	34,458676
476,00	34,377366	61,276692	64,772439	59,898263	62,995803	60,346836	62,916625	60,055798	63,556409	59,670544	63,845938	33,239421	33,923462	31,880265	34,063539	32,496017	32,690114	33,087146	34,646788	31,564772	32,849410	99,987674	99,936301	66,407341	66,232079	66,324353	66,537333	99,995279	100,020134	34,240094	33,916688	34,476346
477,00	34,412700	61,290836	64,743948	59,912699	62,998521	60,350728	62,903917	60,073376	63,547170	59,686637	63,833296	33,300260	33,963746	31,931475	34,104374	32,545426	32,730031	33,143878	34,687710	31,614220	32,885319	99,964577	99,924463	66,369438	66,204047	66,274625	66,506630	100,021851	100,020635	34,272122	33,938572	34,509853
478,00	34,449443	61,333376	64,741969	59,943891	62,995577	60,377347	62,908703	60,097790	63,548380	59,701681	63,832396	33,357850	34,021571	31,979772	34,143361	32,596633	32,775548	33,198857	34,732166	31,668988	32,933608	99,929529	99,957639	66,348326	66,168356	66,250449	66,492712	100,020993	100,035000	34,298894	33,993626	34,546673
479,00	34,484860	61,328816	64,747775	59,966648	63,012499	60,390055	62,899691	60,131878	63,547528	59,726030	63,834673	33,423060	34,071290	32,040188	34,189820	32,644436	32,821691	33,258402	34,764600	31,722257	32,977909	99,911743	99,955404	66,312003	66,125178	66,206330	66,450059	100,036931	100,050652	34,328783	34,024063	34,587514
480,00	34,501433	61,348826	64,773959	59,995067	63,024265	60,423255	62,915742	60,157549	63,550889	59,744477	63,856715	33,459646	34,102267	32,100162	34,232193	32,690585	32,861298	33,298504	34,801838	31,773031	33,020210	99,922079	99,965304	66,270208	66,104805	66,176450	66,422153	100,001121	100,002909	34,361622	34,042698	34,615842
481,00	34,527081	61,365008	64,782935	60,026550	63,041079	60,452914	62,927532	60,178971	63,552618	59,780365	63,880193	33,512461	34,135747	32,159439	34,281570	32,744581	32,900649	33,356458	34,839916	31,833491	33,062458	99,929571	99,969411	66,243798	66,092080	66,138703	66,401148	100,008810	99,988198	34,397578	34,055176	34,654340
482,00	34,555981	61,402577	64,789695	60,076904	63,046652	60,498828	62,956339	60,200930	63,570803	59,825087	63,892806	33,557552	34,166414	32,213160	34,323287	32,796872	32,936808	33,399618	34,883741	31,893474	33,097026	99,967229	100,005925	66,233087	66,093606	66,118318	66,406715	99,998528	99,967748	34,433079	34,073362	34,686977
483,00	34,588563	61,412615	64,776891	60,120273	63,045484	60,529768	62,955457	60,229003	63,580364	59,853560	63,876468	33,619618	34,218940	32,273236	34,368828	32,860065	32,978907	33,462214	34,928700	31,954014	33,145618	99,957091	100,002658	66,212034	66,049886	66,106123	66,369522	100,016832	99,985754	34,469676	34,115109	34,727550
484,00	34,607795	61,433196	64,770472	60,144717	63,054001	60,541075	62,951314	60,262257	63,588327	59,874052	63,848478	33,666289	34,265468	32,330954	34,408268	32,910869	33,017960	33,505893	34,978759	31,998351	33,192185	99,967676	100,014377	66,183692	65,997285	66,078126	66,317421	99,999636	99,993062	34,498614	34,135464	34,750667
485,00	34,639984	61,464632	64,771277	60,174835	63,074571	60,570014	62,952513	60,306698	63,589746	59,902483	63,854337	33,711660	34,318745	32,379147	34,450832	32,962665	33,066311	33,558214	35,030565	32,037032	33,240137	99,989402	100,015402	66,148806	65,945989	66,057223	66,264105	99,993163	100,021625	34,522176	34,165251	34,771129
486,00	34,664655	61,494279	64,786035	60,202074	63,087118	60,590351	62,979066	60,323334	63,590389	59,927326	63,873804	33,762997	34,369922	32,436755	34,490231	33,005413	33,116028	33,611238	35,084203	32,091391	33,284992	99,986386	100,048161	66,104913	65,925306	66,006887	66,243368	100,009060	100,075746	34,552670	34,197551	34,795797
487,00	34,710410	61,527836	64,797091	60,260427	63,098001	60,645562	62,999392	60,353190	63,607931	59,977651	63,901442	33,824372	34,416905	32,490408	34,535494	33,052593	33,170936	33,667058	35,130510	32,144687	33,330029	100,007176	100,050712	66,078544	65,899497	65,985250	66,217691	100,012934	100,086331	34,582248	34,231251	34,828731
488,00	34,732401	61,556721	64,790761	60,290772	63,103700	60,669088	63,010389	60,372865	63,616389	60,010183	63,900548	33,881035	34,466511	32,549793	34,578297	33,102453	33,216396	33,716464	35,169598	32,199371	33,377400	99,987924	100,054812	66,040778	65,872467	65,963227	66,198051	100,005412	100,088513	34,602463	34,260774	34,858876
489,00	34,762365	61,589319	64,808500	60,330737	63,120574	60,713398	63,021499	60,427547	63,639647	60,059571	63,924861	33,934525	34,501714	32,598835	34,626254	33,155024	33,254829	33,759445	35,202682	32,245633	33,426902	100,029218	100,066495	66,034800	65,860528	65,951657	66,175681	99,971062	100,063264	34,622502	34,298497	34,881225
490,00	34,784031	61,604810	64,808828	60,351306	63,128322	60,741746	63,016248	60,473144	63,652140	60,082316	63,929254	33,976260	34,546420	32,643124	34,677202	33,201042	33,289993	33,803585	35,243237	32,302853	33,469325	100,024068	100,069833	66,004544	65,848851	65,926272	66,148031	99,960971	100,063753	34,645158	34,334260	34,895980
491,00	34,807941	61,622721	64,812833	60,397327	63,126999	60,775548	63,013941	60,509938	63,657880	60,111684	63,940817	34,035814	34,575459	32,699749	34,718257	33,254787	33,325160	33,855149	35,275471	32,364640	33,503586	100,034451	100,073051	65,988684	65,818322	65,887481	66,097432	99,962652	100,025022	34,688762	34,355533	34,931165
492,00	34,835765	61,652678	64,786011	60,425520	63,113660	60,796905	63,002688	60,534346	63,653445	60,140300	63,921934	34,084812	34,628209	32,757500	34,754482	33,309001	33,364236	33,913058	35,318309	32,426149	33,538604	100,003886	100,047886	65,934861	65,766668	65,860498	66,056329	99,972844	100,018537	34,716877	34,368899	34,962904
493,00	34,862700	61,688679	64,771372	60,469210	63,103861	60,840887	63,002104	60,564572	63,650113	60,171926	63,924539	34,146515	34,671819	32,821691	34,792614	33,368412	33,404186	33,979645	35,359347	32,484955	33,582565	100,001681	100,046670	65,913635	65,715843	65,841836	66,015923	99,980593	100,004590	34,753528	34,381482	35,012558
494,00	34,888881	61,735278	64,769280	60,504520	63,105422	60,886097	63,013774	60,607058	63,661146	60,207814	63,919950	34,199697	34,721118	32,877496	34,838784	33,421874	33,445370	34,033126	35,413712	32,543042	33,635876	100,011480	100,042021	65,879107	65,686798	65,835184	65,987486	99,998099	100,023961	34,778079	34,407941	35,042316
495,00	34,913769	61,757147	64,785975	60,561252	63,121939	60,934889	63,024187	60,643917	63,677216	60,251421	63,944650	34,262559	34,763169	32,940432	34,889102	33,473739	33,496532	34,081924	35,459897	32,599720	33,683863	100,010443	100,081885	65,873528	65,672690	65,812385	65,954751	99,992490	100,015473	34,809789	34,432080	35,070980
496,00	34,930572	61,776853	64,815575	60,585576	63,165206	60,950762	63,059020	60,679203	63,703531	60,294127	63,963926	34,314746	34,810349	33,003071	34,923407	33,534652	33,529463	34,125996	35,491985	32,653990	33,722332	100,013959	100,106132	65,839064	65,675730	65,772891	65,947771	99,992502	99,999243	34,840009	34,457552	35,095230
497,00	34,954089	61,790580	64,806831	60,607618	63,172036	60,980266	63,060135	60,701174	63,703096	60,327816	63,954824	34,363633	34,857056	33,055782	34,964693	33,585307	33,562183	34,181318	35,532483	32,701266	33,760321	100,010526	100,106764	65,814543	65,639764	65,727854	65,913725	99,984133	100,000477	34,862268	34,481579	35,113612
498,00	34,977669	61,820209	64,796692	60,635424	63,187212	61,013108	63,069987	60,748053	63,713133	60,365236	63,937390	34,408444	34,890139	33,100444	34,996226	33,634335	33,584076	34,232944	35,564554	32,754830	33,795467	100,031555	100,082242	65,787041	65,597749	65,684789	65,878898	100,007892	99,986351	34,895289	34,504098	35,143253
499,00	35,009992	61,851412	64,781797	60,675251	63,168490	61,052412	63,059902	60,772705	63,688749	60,400832	63,924390	34,470958	34,926036	33,147663	35,044903	33,690074	33,621112	34,278736	35,615563	32,804868	33,844316	100,016594	100,047588	65,756625	65,539581	65,638369	65,817332	100,013983	100,001574	34,918013	34,537566	35,165405
500,00	35,043657	61,864901	64,789969	60,723120	63,182622	61,087841	63,071078	60,811168	63,702577	60,456008	63,946360	34,528461	34,958774	33,197230	35,093203	33,746532	33,667132	34,318158	35,654432	32,858887	33,887655	100,006914	100,056171	65,719634	65,529335	65,598297	65,797400	100,016379	99,998683	34,942549	34,571469	35,201591
501,00	35,067609	61,892670	64,779317	60,772079	63,181019	61,138511	63,061857	60,846978	63,694662	60,511732	63,955915	34,591350	35,002032	33,255619	35,147077	33,806247	33,715960	34,368557	35,694546	32,920229	33,931065	100,010860	100,042415	65,688360	65,500909	65,579408	65,758371	100,016558	100,022399	34,971085	34,604388	35,243425
502,00	35,095501	61,928946	64,771414	60,824573	63,174713	61,194807	63,056791	60,901797	63,701648	60,578388	63,953543	34,634426	35,050935	33,304748	35,188746	33,847126	33,765578	34,422866	35,737622	32,985505	33,967751	100,045228	100,049984	65,660071	65,469033	65,564668	65,721625	100,032294	100,031161	35,004374	34,626266	35,271397
503,00	35,109293	61,959881	64,770472	60,874623	63,159108	61,232471	63,039190	60,939920	63,698530	60,617268	63,950527	34,678313	35,090777	33,359227	35,225946	33,889100	33,804652	34,482419	35,779327	33,041331	34,002429	100,040984	100,023401	65,618324	65,417361	65,535003	65,681952	100,037086	100,021660	35,036388	34,645435	35,302281
504,00	35,131240	61,983293	64,781958	60,904479	63,173199	61,254042	63,047171	60,964566	63,698953	60,659194	63,952863	34,732994	35,135525	33,409816	35,264421	33,934617	33,840987	34,538585	35,825333	33,082181	34,037963	100,030982	100,028837	65,577787	65,402228	65,497673	65,645105	100,027096	100,015402	35,060257	34,665254	35,324100
505,00	35,154891	61,998749	64,783114	60,948718	63,200009	61,287326	63,040954	61,001176	63,713682	60,698164	63,967580	34,794608	35,170612	33,475032	35,307205	33,992016	33,877057	34,585097	35,862389	33,133054	34,071136	100,034428	100,002992	65,539253	65,377748	65,470225	65,611488	100,012457	99,996543	35,085383	34,687871	35,356504
506,00	35,197160	62,026858	64,772069	60,983723	63,219362	61,318803	63,053495	61,038393	63,709658	60,738719	63,969189	34,862819	35,230178	33,537197	35,355270	34,052384	33,912879	34,640613	35,898411	33,187839	34,120816	100,026822	100,001824	65,504402	65,338546	65,446472	65,557134	100,016475	100,010157	35,118541	34,717196	35,383216
507,00	35,232472	62,033522	64,769149	61,022252	63,209718	61,358988	63,051218	61,087233	63,714486	60,767657	63,971341	34,914967	35,271075	33,593246	35,398987	34,108910	33,943179	34,694111	35,940447	33,249950	34,160510	100,021338	99,983543	65,447885	65,298182	65,410990	65,528589	100,021064	100,006998	35,150149	34,741506	35,403842
508,00	35,258031	62,046111	64,755797	61,041659	63,194251	61,398733	63,056719	61,126542	63,694811	60,794950	63,963747	34,967372	35,313576	33,640414	35,433447	34,163800	33,970162	34,753749	35,976368	33,303019	34,195054	100,003231	99,987495	65,394902	65,259767	65,373468	65,495211	100,021064	100,004494	35,175395	34,770995	35,421222
509,00	35,266238	62,080336	64,753073	61,074185	63,196290	61,446136	63,044077	61,165118	63,682389	60,833973	63,968617	35,012478	35,336778	33,684596	35,451818	34,218991	33,994472	34,798142	36,014897	33,357766	34,224302	100,022030	99,986756	65,365732	65,237063	65,335143	65,483683	100,018787	99,981177	35,207912	34,793472	35,445678
510,00	35,280517	62,102681	64,751834	61,115491	63,199282	61,477220	63,037843	61,192602	63,687897	60,864455	63,973618	35,063031	35,371196	33,729702	35,485232	34,272853	34,036899	34,834874	36,049786	33,411855	34,259760	100,031316	100,003684	65,333962	65,204030	65,286726	65,457094	100,011253	99,978453	35,227010	34,822610	35,474309
511,00	35,299590	62,129354	64,747262	61,159343	63,190520	61,498630	63,018966	61,232942	63,683748	60,899770	63,977224	35,116887	35,407704	33,783358	35,524175	34,313226	34,072268	34,880379	36,089489	33,462280	34,299397	100,028872	99,991232	65,313995	65,167600	65,251166	65,423888	100,016093	99,980867	35,250857	34,845445	35,504842
512,00	35,330287	62,136579	64,734769	61,199802	63,160914	61,535716	63,002795	61,276418	63,679349	60,938519	63,959432	35,168782	35,455495	33,839238	35,575268	34,354398	34,121770	34,930837	36,127457	33,511063	34,337315	100,032556	99,961203	65,282965	65,124214	65,208656	65,377146	99,997157	99,989599	35,271108	34,878162	35,534087
513,00	35,360116	62,148482	64,715821	61,219269	63,147759	61,571550	62,986004	61,312854	63,656294	60,962200	63,949370	35,229781	35,492444	33,888781	35,614344	34,399778	34,156951	34,998775	36,158726	33,565930	34,377518	100,021052	99,934423	65,248835	65,075356	65,194237	65,336305	100,017822	99,982703	35,307437	34,907559	35,572436
514,00	35,385522	62,164277	64,717519	61,262357	63,164520	61,611050	62,998515	61,351669	63,670856	61,005098	63,953000	35,277969	35,532424	33,941865	35,653362	34,458715	34,201986	35,054952	36,199772	33,622065	34,416077	100,024056	99,935424	65,223306	65,053314	65,160942	65,329337	100,012577	99,998343	35,346219	34,934008	35,603675
515,00	35,416073	62,175632	64,712280	61,297315	63,173860	61,636686	63,001657	61,384398	63,678110	61,029249	63,965160	35,331699	35,558987	33,999011	35,684985	34,519988	34,225699	35,110790	36,235860	33,680585	34,459576	100,030375	99,939489	65,193361	65,010488	65,144300	65,298688	100,027287	100,002766	35,380641	34,957227	35,646343
516,00	35,447651	62,198621	64,717561	61,334902	63,187176	61,657423	63,014692	61,428010	63,688701	61,088586	63,975888	35,377643	35,592580	34,062436	35,728732	34,577945	34,261358	35,166958	36,284360	33,736661	34,502438	100,040472	99,943823	65,180290	64,983910	65,101618	65,275609	100,024700	100,008154	35,409823	34,986073	35,680571
517,00	35,487434	62,212682	64,710456	61,366236	63,166088	61,679077	63,005811	61,459279	63,682240	61,120939	63,982695	35,424575	35,631347	34,111249	35,765392	34,621960	34,296742	35,216290	36,319026	33,789304	34,549484	100,052011	99,950629	65,145910	64,954412	65,075386	65,239924	100,023830	100,003612	35,431930	35,018840	35,705957
518,00	35,512820	62,250417	64,728904	61,398196	63,178772	61,706638	63,017768	61,492521	63,711959	61,164701	64,005148	35,473987	35,671562	34,157521	35,802853	34,666774	34,337100	35,264724	36,357677	33,842355	34,586066	100,049531	99,991792	65,129572	64,950824	65,049899	65,242517	100,032949	100,010920	35,457492	35,051182	35,726440
519,00	35,532206	62,265027	64,721483	61,426288	63,177216	61,734676	63,025522	61,494994	63,724607	61,189944	64,015079	35,516673	35,718372	34,209079	35,832396	34,713227	34,357926	35,298097	36,383274	33,892372	34,614673	100,042295	99,997520	65,094137	64,917183	65,009642	65,232980	100,031817	100,007534	35,481521	35,077772	35,744804
520,00	35,541824	62,272078	64,726204	61,456203	63,184953	61,762965	63,032579	61,518145	63,717806	61,226410	64,016348	35,562733	35,752484	34,263337	35,878408	34,761521	34,388280	35,336721	36,420804	33,946607	34,641555	100,031400	99,993098	65,066808	64,878410	64,975744	65,205789	100,031090	100,011265	35,507289	35,104695	35,783383
521,00	35,571656	62,266338	64,711154	61,484385	63,180846	61,775327	63,035280	61,544865	63,707060	61,252999	64,002883	35,609639	35,798946	34,317234	35,936031	34,805980	34,435925	35,381031	36,463073	33,997509	34,682047	100,019884	99,989682	65,020317	64,850527	64,924735	65,175742	100,035870	100,024784	35,527724	35,141018	35,810429
522,00	35,606861	62,277347	64,704061	61,506087	63,176984	61,797625	63,030076	61,592174	63,706803	61,297750	64,005846	35,654813	35,839254	34,359372	35,976216	34,840328	34,486046	35,427335	36,510089	34,037986	34,723940	100,040746	100,014555	64,995921	64,844441	64,923227	65,145326	100,007629	100,011265	35,544625	35,172269	35,835984
523,00	35,640973	62,307036	64,706331	61,537623	63,179278	61,821109	63,031209	61,623442	63,718909	61,335164	64,001417	35,712796	35,884297	34,410298	36,007679	34,895337	34,526235	35,482922	36,559114	34,090114	34,753865	100,069463	100,038290	64,987153	64,826566	64,911550	65,134710	100,041437	100,005579	35,577148	35,197392	35,864216
524,00	35,665727	62,305117	64,693666	61,552465	63,170916	61,838061	63,025558	61,632419	63,707387	61,375105	64,001733	35,751972	35,922101	34,451264	36,040220	34,928668	34,555724	35,515106	36,597407	34,122026	34,785798	100,052297	100,022876	64,962500	64,790922	64,878291	65,103716	100,008035	99,982721	35,596776	35,213959	35,873368
525,00	35,695189	62,325060	64,684844	61,596954	63,164937	61,857951	63,007069	61,660111	63,689601	61,387044	63,992673	35,802078	35,961559	34,508023	36,085147	34,986579	34,597707	35,562360	36,636016	34,172779	34,822801	100,043261	99,999064	64,943445	64,744318	64,829832	65,067434	100,037694	100,016689	35,630268	35,239482	35,900867
526,00	35,729015	62,319750	64,646399	61,613780	63,150895	61,862701	62,978590	61,676848	63,672471	61,407930	63,974142	35,848019	36,001736	34,549126	36,129868	35,027635	34,629551	35,600007	36,667785	34,217605	34,869340	100,008810	99,983859	64,901841	64,701575	64,793849	65,012389	100,015926	100,032043	35,654271	35,270199	35,919574
527,00	35,753182	62,345564	64,626718	61,650431	63,139951	61,883920	62,959909	61,711061	63,653547	61,439252	63,969433	35,908681	36,042041	34,606144	36,163041	35,086545	34,649795	35,665980	36,698222	34,285018	34,899640	100,012636	99,983859	64,877844	64,674467	64,784813	64,973783	100,071263	100,038540	35,690230	35,294679	35,960022
528,00	35,779339	62,370944	64,603025	61,675280	63,127023	61,906534	62,951189	61,737204	63,631636	61,482042	63,942766	35,955867	36,087352	34,657711	36,192262	35,126036	34,677699	35,721591	36,730349	34,346229	34,934199	100,006676	99,981058	64,840949	64,639473	64,755148	64,938712	100,092685	100,043142	35,726672	35,307512	35,989231
529,00	35,798904	62,383497	64,600909	61,691308	63,120228	61,925489	62,948132	61,748934	63,618159	61,503553	63,942003	35,998622	36,123216	34,709811	36,225972	35,159719	34,716052	35,771388	36,758569	34,398717	34,961453	100,006962	99,985415	64,799279	64,616221	64,710718	64,916068	100,110972	100,038719	35,758919	35,328540	36,024487
530,00	35,821107	62,382936	64,600372	61,699688	63,123095	61,945164	62,951767	61,769754	63,622713	61,527926	63,928986	36,043438	36,161423	34,756625	36,256009	35,198581	34,764576	35,797268	36,796871	34,434566	35,007459	100,012660	99,996912	64,768839	64,602625	64,665657	64,901865	100,081110	100,033927	35,788181	35,356441	36,042041
531,00	35,838681	62,365478	64,585984	61,724412	63,120931	61,946130	62,950182	61,795777	63,631409	61,550653	63,932425	36,092529	36,189175	34,794658	36,290348	35,232913	34,801045	35,822952	36,833882	34,464785	35,041249	100,013399	100,011408	64,746803	64,591795	64,646947	64,879966	100,073707	100,012624	35,799557	35,392070	36,062911
532,00	35,869214	62,371242	64,575624	61,748809	63,113779	61,957020	62,948292	61,813891	63,622701	61,568785	63,929868	36,133578	36,229792	34,830490	36,323863	35,266384	34,841144	35,861203	36,881024	34,490821	35,088870	100,024104	100,017488	64,727122	64,571881	64,622825	64,868689	100,034463	99,996156	35,814068	35,430241	36,079875
533,00	35,917109	62,397283	64,547598	61,776030	63,092971	61,968815	62,928671	61,827493	63,609129	61,587155	63,933867	36,182579	36,269742	34,875402	36,371145	35,310504	34,880030	35,916474	36,926219	34,536800	35,128140	100,015104	100,027990	64,703768	64,537954	64,615846	64,831156	100,031626	100,024104	35,842910	35,462368	36,114284
534,00	35,951388	62,424451	64,534277	61,787999	63,065523	61,985350	62,910539	61,815625	63,586307	61,608195	63,918042	36,225522	36,308300	34,928331	36,413434	35,352847	34,923527	35,963666	36,961803	34,593770	35,167694	100,010800	100,014555	64,671254	64,492029	64,589477	64,799863	100,021935	100,039637	35,883006	35,489881	36,149243
535,00	35,980260	62,421191	64,508784	61,782193	63,054091	61,978352	62,889498	61,816317	63,584769	61,616266	63,908273	36,272484	36,344296	34,977305	36,454937	35,405120	34,958842	36,006260	36,992648	34,655029	35,204899	99,979818	100,009191	64,629054	64,472967	64,575636	64,769411	100,040078	100,035822	35,917020	35,510322	36,185592
536,00	35,990322	62,408972	64,503121	61,786014	63,051242	61,982667	62,870729	61,831957	63,559347	61,628020	63,888144	36,311597	36,372632	35,010585	36,488742	35,433990	34,986088	36,033335	37,010929	34,692165	35,239127	99,972677	99,986845	64,577508	64,417207	64,531606	64,726466	100,027013	100,011468	35,941073	35,527873	36,208743
537,00	36,018860	62,399340	64,496237	61,791140	63,048869	62,000161	62,852204	61,857098	63,536966	61,644620	63,882905	36,355686	36,410373	35,041711	36,526445	35,476914	35,005870	36,065692	37,049091	34,727615	35,275424	99,970520	99,994683	64,534670	64,379388	64,499116	64,689374	99,999326	100,000644	35,964909	35,541612	36,235744
538,00	36,051217	62,413359	64,487284	61,815703	63,036269	62,028146	62,857962	61,874914	63,517851	61,679286	63,868612	36,400959	36,444911	35,083404	36,565983	35,504666	35,034359	36,098698	37,087467	34,755063	35,314378	99,976569	100,002491	64,511007	64,330721	64,448828	64,643121	99,979919	100,044918	35,989285	35,568970	36,258206
539,00	36,087573	62,415266	64,481795	61,827242	63,029528	62,037027	62,858051	61,880457	63,526189	61,692476	63,847208	36,443543	36,483052	35,123664	36,605099	35,549077	35,075715	36,140546	37,135646	34,803134	35,346252	99,984229	100,011015	64,478004	64,313173	64,401889	64,607859	99,989176	100,066042	36,006108	35,597733	36,289719
540,00	36,115950	62,426746	64,471161	61,846346	63,034225	62,051332	62,866622	61,890376	63,540053	61,703777	63,847584	36,492446	36,511806	35,164303	36,640915	35,589480	35,111085	36,184284	37,169117	34,833482	35,376361	99,990499	100,018215	64,464933	64,299834	64,370668	64,590311	100,007749	100,083113	36,040077	35,625866	36,313802
541,00	36,132336	62,429923	64,450103	61,857897	63,031054	62,070036	62,861878	61,902267	63,530302	61,705661	63,843060	36,531463	36,546612	35,200673	36,670744	35,625350	35,139248	36,225948	37,196904	34,874707	35,414851	99,992895	100,012922	64,421755	64,276433	64,347476	64,562082	100,024903	100,062847	36,067238	35,640770	36,335874
542,00	36,153468	62,427884	64,442015	61,859983	63,029581	62,071890	62,860578	61,896777	63,523448	61,694914	63,833040	36,574233	36,583728	35,244033	36,707795	35,664821	35,164651	36,267212	37,229717	34,921563	35,447326	99,966943	100,004554	64,370328	64,255440	64,324057	64,551115	100,018549	100,046909	36,108682	35,664669	36,359212
543,00	36,180711	62,428737	64,428115	61,851442	63,011873	62,082082	62,838864	61,890125	63,513869	61,682421	63,804960	36,607698	36,624753	35,281125	36,741215	35,698634	35,198298	36,301267	37,270856	34,962952	35,486072	99,950892	99,994606	64,312625	64,218295	64,280677	64,512557	100,009823	100,031459	36,121449	35,694516	36,373189
544,00	36,209664	62,444669	64,422536	61,860645	63,005054	62,088042	62,828779	61,905384	63,516593	61,689317	63,794690	36,651307	36,650598	35,315567	36,778501	35,737228	35,241023	36,338878	37,316951	35,003522	35,506657	99,961752	99,995941	64,289284	64,180613	64,247429	64,483649	99,982333	100,037026	36,142924	35,720935	36,390635
545,00	36,240119	62,448335	64,408183	61,868948	63,006544	62,097538	62,815690	61,919820	63,510901	61,700487	63,795805	36,691839	36,682591	35,362518	36,811161	35,773590	35,279712	36,384627	37,357464	35,029864	35,546422	99,975133	100,038016	64,275396	64,155877	64,211655	64,460868	100,006509	100,046027	36,166438	35,750121	36,413121
546,00	36,257160	62,456346	64,398187	61,887509	63,011748	62,101609	62,818927	61,933768	63,501811	61,720657	63,794661	36,738452	36,712825	35,402423	36,841452	35,818568	35,307842	36,425701	37,390706	35,072643	35,581830	99,973112	100,056636	64,255011	64,132136	64,190573	64,435434	100,009274	100,055277	36,196059	35,769233	36,444503
547,00	36,282092	62,446654	64,398551	61,882931	63,007873	62,105745	62,808657	61,929107	63,494051	61,714125	63,783050	36,769140	36,749035	35,447311	36,876294	35,861522	35,340700	36,454293	37,407917	35,104007	35,619259	99,967307	100,060070	64,228463	64,103144	64,153951	64,400703	100,016868	100,053430	36,219493	35,794240	36,466521
548,00	36,293095	62,457043	64,390463	61,897761	63,008046	62,106657	62,814420	61,934984	63,476634	61,725116	63,787687	36,811948	36,778867	35,485518	36,910829	35,898668	35,368860	36,483210	37,435186	35,146144	35,643932	99,988747	100,052762	64,187813	64,067537	64,133453	64,370888	99,997216	100,058031	36,237127	35,819635	36,487874
549,00	36,321104	62,450945	64,391601	61,907595	63,017976	62,100035	62,819463	61,930990	63,475740	61,727887	63,783431	36,851546	36,817065	35,534954	36,952227	35,935944	35,413834	36,520559	37,467754	35,190502	35,669699	100,009871	100,052583	64,162660	64,041495	64,101547	64,349115	99,992287	100,071752	36,257973	35,852620	36,506054
550,00	36,341712	62,456942	64,384353	61,933154	63,026571	62,094909	62,811452	61,945695	63,466412	61,753923	63,771069	36,901683	36,856043	35,583934	36,984965	35,981429	35,440463	36,575282	37,506431	35,240117	35,702586	100,028384	100,051701	64,142466	64,014077	64,084017	64,334953	100,005376	100,063288	36,284217	35,884705	36,535689
551,00	36,377224	62,466174	64,380765	61,946303	63,008767	62,115705	62,800646	61,954701	63,460392	61,758602	63,748306	36,932549	36,889005	35,603723	37,018925	36,018249	35,479641	36,608192	37,536010	35,275051	35,730866	100,036800	100,019085	64,143860	63,976240	64,051241	64,293951	100,001061	100,050354	36,298198	35,908192	36,564609
552,00	36,403018	62,471586	64,372796	61,947310	62,989062	62,115228	62,792277	61,970019	63,451171	61,765200	63,746846	36,963475	36,927029	35,635135	37,062344	36,053312	35,515395	36,654973	37,570682	35,306218	35,767773	100,033021	100,024009	64,117044	63,957775	64,023948	64,268327	100,008488	100,052083	36,332759	35,935289	36,596879
553,00	36,431339	62,484950	64,359170	61,947435	62,973607	62,118471	62,785262	61,972183	63,447100	61,750203	63,742298	37,007350	36,962646	35,661975	37,098178	36,079681	35,554051	36,679515	37,616217	35,338446	35,802764	100,052452	100,037503	64,070821	63,929063	63,999295	64,247978	100,008750	100,047445	36,355174	35,957310	36,626035
554,00	36,446717	62,480456	64,351821	61,945009	62,954319	62,091506	62,779737	61,966383	63,457888	61,740857	63,738966	37,044466	37,004435	35,702851	37,132376	36,107790	35,590604	36,713031	37,657544	35,372594	35,847241	100,034547	100,061619	64,023566	63,915586	63,974828	64,232606	100,001431	100,056851	36,389437	35,975373	36,644593
555,00	36,469305	62,485003	64,344579	61,945248	62,937838	62,082934	62,756103	61,961049	63,457441	61,727679	63,738215	37,098667	37,026149	35,735065	37,154895	36,148086	35,619015	36,733890	37,696841	35,409176	35,876372	100,035441	100,058496	63,983881	63,888294	63,946640	64,211988	100,003970	100,047731	36,410430	35,999110	36,668044
556,00	36,484680	62,475568	64,340299	61,942917	62,928975	62,076044	62,748754	61,961424	63,467985	61,735457	63,729471	37,132558	37,048340	35,768634	37,188977	36,187121	35,648710	36,771047	37,721127	35,443661	35,903546	100,023687	100,062191	63,960344	63,864058	63,907439	64,177251	100,011754	100,035441	36,441258	36,018056	36,685276
557,00	36,509141	62,477624	64,323568	61,958617	62,911582	62,099063	62,723637	61,969298	63,452405	61,755157	63,713640	37,173244	37,079966	35,813969	37,217981	36,231968	35,674685	36,815783	37,763393	35,479859	35,929149	100,070536	100,035000	63,956618	63,827348	63,888705	64,133269	100,012577	100,043917	36,470288	36,046419	36,714947
558,00	36,530054	62,469465	64,306712	61,943537	62,894607	62,082309	62,717623	61,948699	63,438547	61,735022	63,678944	37,200722	37,115037	35,851133	37,246868	36,256301	35,703608	36,856472	37,791979	35,506162	35,955143	100,058794	99,999475	63,925070	63,781416	63,841760	64,080805	100,005949	100,033545	36,492962	36,063084	36,730927
559,00	36,568832	62,460554	64,296103	61,928540	62,876219	62,061590	62,697852	61,910969	63,413066	61,709380	63,666868	37,251508	37,157118	35,904926	37,279657	36,303651	35,736325	36,898410	37,836197	35,546005	35,991570	100,038671	99,975473	63,897574	63,748717	63,815314	64,037424	100,005674	100,069201	36,519498	36,097115	36,771652
560,00	36,591035	62,472117	64,277792	61,906475	62,854970	62,029392	62,681180	61,884904	63,387287	61,689520	63,646090	37,302572	37,187016	35,950646	37,310931	36,346471	35,768047	36,935809	37,857655	35,586861	36,025372	100,012195	99,972862	63,850117	63,722789	63,780224	64,007086	100,041199	100,082064	36,551917	36,122417	36,806828
561,00	36,613795	62,483656	64,265740	61,918223	62,846172	62,031996	62,659693	61,890745	63,382488	61,708999	63,642162	37,336552	37,224269	35,991436	37,355602	36,382905	35,805890	36,966041	37,893346	35,634533	36,065984	100,042164	99,994385	63,834643	63,703227	63,772112	63,989198	100,044954	100,113988	36,580810	36,164355	36,842510
562,00	36,630288	62,486058	64,259422	61,922288	62,827039	62,033349	62,656951	61,893886	63,364458	61,722583	63,629192	37,369588	37,251210	36,018920	37,385547	36,398488	35,833785	36,994305	37,920421	35,667965	36,089969	100,063777	99,992061	63,816011	63,687778	63,743478	63,963497	100,042725	100,116861	36,603460	36,191162	36,864811
563,00	36,654061	62,471694	64,241678	61,922455	62,825543	62,032163	62,648225	61,884975	63,373488	61,708272	63,617837	37,395778	37,282860	36,046126	37,426540	36,415875	35,863164	37,014338	37,959287	35,700577	36,118424	100,069785	99,996275	63,801432	63,657624	63,731349	63,949651	100,023699	100,069380	36,614308	36,221957	36,882091
564,00	36,680564	62,453109	64,234316	61,914778	62,810069	62,021661	62,644678	61,863261	63,361436	61,690199	63,601619	37,442744	37,311387	36,089936	37,459260	36,448178	35,879934	37,051463	37,986797	35,734624	36,147076	100,059712	100,007164	63,778609	63,629788	63,703799	63,926089	100,031269	100,037658	36,634749	36,230296	36,907160
565,00	36,714813	62,431854	64,185888	61,915106	62,781483	62,006658	62,594676	61,841601	63,329238	61,669725	63,567448	37,476102	37,344295	36,132899	37,484211	36,491716	35,918072	37,085924	38,008603	35,777009	36,181721	100,054908	99,984276	63,751650	63,579583	63,681656	63,874495	100,034451	100,011837	36,671734	36,248362	36,938295
566,00	36,757705	62,421244	64,175487	61,911726	62,762159	61,994761	62,566274	61,819088	63,297975	61,654878	63,558084	37,519073	37,388760	36,175686	37,520343	36,536023	35,959354	37,129563	38,047421	35,818383	36,208856	100,055754	99,974859	63,729250	63,548392	63,650012	63,835740	100,038171	100,042665	36,709538	36,278301	36,970127
567,00	36,797974	62,410802	64,143616	61,890864	62,724966	61,970639	62,520915	61,791301	63,267416	61,627352	63,544089	37,551972	37,423736	36,206371	37,548757	36,566418	36,006382	37,160552	38,084126	35,843593	36,242527	100,046134	99,938989	63,699198	63,506359	63,613772	63,790965	100,034177	100,035465	36,736888	36,324129	36,993760
568,00	36,819962	62,407053	64,156306	61,865592	62,712222	61,943865	62,522596	61,766660	63,274759	61,594623	63,556021	37,587619	37,461427	36,249989	37,591848	36,598435	36,044657	37,198013	38,131866	35,866469	36,280686	100,026906	99,964803	63,669556	63,485259	63,565445	63,794494	100,033212	100,048780	36,753887	36,356643	37,014797
569,00	36,844686	62,389064	64,134860	61,850935	62,693357	61,920398	62,495220	61,748099	63,260835	61,586535	63,529694	37,621799	37,479398	36,286080	37,623250	36,624089	36,075443	37,229416	38,155469	35,898390	36,315995	100,034404	99,952996	63,639891	63,449568	63,527662	63,764060	100,036073	100,036716	36,770368	36,380690	37,034363
570,00	36,865330	62,391645	64,124930	61,848330	62,696165	61,912936	62,474948	61,732900	63,237697	61,589837	63,506448	37,665403	37,516367	36,328748	37,667695	36,661968	36,117691	37,265122	38,191760	35,940918	36,354637	100,054932	99,952477	63,631564	63,416225	63,507557	63,737005	100,047755	100,050330	36,791280	36,409470	37,061444
571,00	36,897206	62,379009	64,109349	61,831278	62,686968	61,902255	62,447721	61,706740	63,217229	61,585051	63,488454	37,702107	37,549731	36,357796	37,704837	36,695373	36,146176	37,295955	38,234380	35,975024	36,383092	100,080264	99,942535	63,607329	63,401014	63,488734	63,698512	100,052404	100,034237	36,814526	36,441094	37,087551
572,00	36,918887	62,367749	64,105582	61,795026	62,687039	61,882949	62,432861	61,671048	63,196802	61,568952	63,475126	37,732312	37,590817	36,386093	37,740529	36,725408	36,182782	37,327519	38,267958	35,999975	36,417797	100,069034	99,946707	63,589132	63,385564	63,457990	63,665694	100,047457	100,038290	36,838490	36,467376	37,115791
573,00	36,944905	62,346876	64,088440	61,780453	62,664831	61,865908	62,414229	61,643326	63,185561	61,540943	63,454300	37,761584	37,629125	36,408055	37,769887	36,741138	36,210972	37,352124	38,309398	36,021909	36,448148	100,070953	99,941260	63,560152	63,370848	63,430750	63,637233	100,046933	100,042319	36,865395	36,493129	37,137288
574,00	36,971879	62,346512	64,061213	61,777538	62,646103	61,858743	62,392688	61,638814	63,159066	61,514264	63,416600	37,790406	37,659696	36,434039	37,801349	36,758423	36,248416	37,377903	38,335729	36,048356	36,478984	100,081027	99,935722	63,543171	63,320971	63,414538	63,609082	100,032198	100,044131	36,884597	36,522698	37,150967
575,00	37,001538	62,341768	64,043546	61,774838	62,620306	61,856031	62,380147	61,629575	63,136327	61,488485	63,410836	37,821415	37,691671	36,469960	37,836161	36,785802	36,284253	37,407482	38,372746	36,081696	36,508319	100,094056	99,930024	63,508743	63,289517	63,404346	63,587308	100,029421	100,038791	36,907360	36,556819	37,169528
576,00	37,035230	62,313098	64,044702	61,764765	62,609792	61,841220	62,374127	61,605120	63,128489	61,457652	63,405150	37,844604	37,722728	36,511967	37,864947	36,818850	36,316559	37,435818	38,398087	36,109185	36,538565	100,074077	99,960142	63,476270	63,256854	63,378346	63,557893	100,008690	100,016856	36,927307	36,576703	37,190464
577,00	37,058032	62,298971	64,034903	61,749285	62,598956	61,816037	62,362427	61,568940	63,127995	61,442399	63,408476	37,872317	37,754866	36,540672	37,890089	36,851588	36,339048	37,468642	38,420108	36,137837	36,562103	100,073183	99,972999	63,444948	63,234758	63,352054	63,523620	99,997079	100,004840	36,950600	36,596724	37,220207
578,00	37,086651	62,258947	64,014351	61,710256	62,580913	61,764413	62,337452	61,512005	63,102156	61,398810	63,392520	37,905452	37,785807	36,579776	37,913442	36,881736	36,366835	37,502107	38,448319	36,168942	36,581752	100,033903	99,980980	63,392931	63,194680	63,296908	63,490874	99,997568	99,989146	36,979213	36,616480	37,257615
579,00	37,106478	62,236494	63,970518	61,674517	62,544239	61,749065	62,306380	61,482924	63,067293	61,378276	63,370901	37,946010	37,816072	36,612934	37,934098	36,916280	36,388850	37,538052	38,471150	36,201218	36,595601	100,058126	99,957460	63,356996	63,159454	63,281780	63,458449	100,008082	99,989748	37,015474	36,645398	37,284526
580,00	37,130114	62,207443	63,936228	61,654371	62,524027	61,732787	62,280697	61,444080	63,024747	61,346567	63,343108	37,972844	37,847126	36,650559	37,972128	36,946309	36,422426	37,568456	38,501117	36,227962	36,619258	100,046623	99,941856	63,312471	63,128269	63,254285	63,434690	100,022221	99,985451	37,049535	36,661693	37,311876
581,00	37,145215	62,199998	63,912600	61,644590	62,501574	61,731708	62,259185	61,434996	63,027650	61,326015	63,316089	38,004184	37,871692	36,683780	38,000056	36,979130	36,449757	37,591517	38,523182	36,258900	36,657459	100,062549	99,942476	63,286150	63,097471	63,228881	63,405973	100,007510	99,980867	37,076381	36,683393	37,328088
582,00	37,169430	62,177962	63,896132	61,635143	62,511629	61,706936	62,242556	61,395341	63,013446	61,291707	63,300961	38,023418	37,892789	36,708316	38,038486	37,011755	36,484784	37,618077	38,552335	36,291078	36,693010	100,043416	99,964297	63,234925	63,078111	63,190818	63,392055	99,993372	99,990427	37,093219	36,712384	37,353915
583,00	37,198627	62,162948	63,889241	61,604166	62,498766	61,682528	62,225676	61,372894	63,017088	61,262065	63,288748	38,060299	37,928191	36,744419	38,060883	37,039638	36,515900	37,640315	38,570714	36,329946	36,726213	100,022948	99,976623	63,202590	63,062090	63,153398	63,376844	99,983251	100,010228	37,110695	36,747265	37,376815
584,00	37,223744	62,159979	63,857412	61,605376	62,491316	61,680174	62,207645	61,353534	62,981981	61,234927	63,269269	38,090432	37,960267	36,768001	38,087794	37,061581	36,543605	37,673238	38,598540	36,353779	36,746666	100,025821	99,973929	63,170034	63,033277	63,140178	63,341343	99,995214	100,011706	37,131360	36,773109	37,402835
585,00	37,247640	62,156534	63,829237	61,585307	62,459576	61,656356	62,191129	61,344314	62,943697	61,220664	63,241029	38,126388	37,997791	36,815488	38,117611	37,083623	36,569321	37,707815	38,637075	36,382076	36,784512	100,002146	99,943358	63,149309	62,985224	63,115984	63,301510	100,020897	100,006926	37,156689	36,795911	37,435275
586,00	37,268466	62,127012	63,792682	61,571461	62,441576	61,648440	62,180972	61,329633	62,912607	61,195964	63,212067	38,161212	38,030446	36,837277	38,150951	37,109211	36,604732	37,737855	38,682270	36,399356	36,820516	100,004756	99,940979	63,125598	62,940347	63,093418	63,269407	100,022423	100,013506	37,174848	36,823505	37,447876
587,00	37,303010	62,103605	63,779068	61,552495	62,415659	61,611927	62,159163	61,307693	62,891793	61,175942	63,190150	38,201630	38,059506	36,876857	38,180378	37,147748	36,630082	37,765545	38,719523	36,423764	36,851081	99,997002	99,953794	63,103163	62,908328	63,064462	63,252598	100,031757	100,043035	37,200338	36,848664	37,473470
588,00	37,329677	62,070721	63,761777	61,513972	62,407911	61,592245	62,147260	61,259067	62,890989	61,128461	63,182139	38,233352	38,074934	36,892664	38,207591	37,178025	36,653823	37,789845	38,734242	36,444646	36,871037	99,985617	99,985015	63,058323	62,887239	63,022292	63,243926	100,010967	100,051188	37,223759	36,870420	37,492344
589,00	37,354860	62,064344	63,740778	61,494821	62,391907	61,566067	62,122297	61,222166	62,864894	61,102742	63,166857	38,256377	38,100299	36,927250	38,237000	37,206089	36,677888	37,819779	38,766003	36,470777	36,894196	99,978852	99,990672	63,010383	62,865710	62,994230	63,224280	100,008142	100,042701	37,257662	36,893582	37,533054
590,00	37,367961	62,039626	63,719273	61,465639	62,382627	61,548877	62,115216	61,184293	62,848026	61,074561	63,155347	38,285512	38,129985	36,956370	38,259685	37,232578	36,703068	37,849626	38,791934	36,500308	36,920288	99,969995	99,996728	62,974566	62,843275	62,969637	63,204026	100,010777	100,026023	37,288606	36,914825	37,557819
591,00	37,383774	62,027478	63,696605	61,451620	62,360144	61,510396	62,106031	61,161989	62,833446	61,042482	63,135928	38,324589	38,160038	37,004220	38,280627	37,260026	36,717942	37,891310	38,813657	36,528829	36,937290	99,994361	100,006247	62,952429	62,831390	62,939584	63,174725	100,029218	99,999022	37,313393	36,930782	37,589318
592,00	37,401330	61,992335	63,695359	61,429399	62,352747	61,488938	62,100923	61,135119	62,830126	60,996747	63,127160	38,362613	38,179809	37,042263	38,303512	37,287557	36,727902	37,935746	38,833386	36,565402	36,953676	100,001407	100,039434	62,931269	62,820148	62,908512	63,157618	100,066876	99,980247	37,336746	36,945698	37,612191
593,00	37,426081	61,956453	63,685018	61,404592	62,335086	61,463422	62,077695	61,112481	62,815082	60,967332	63,112688	38,375786	38,203105	37,064606	38,330662	37,300164	36,748776	37,959316	38,858876	36,583957	36,985737	99,995112	100,052845	62,909389	62,813771	62,865269	63,138855	100,039208	99,984217	37,346011	36,970696	37,628117
594,00	37,453669	61,943060	63,676858	61,394715	62,319249	61,477053	62,050325	61,100507	62,794405	60,963118	63,104665	38,403249	38,230062	37,081525	38,354933	37,320405	36,775523	37,981266	38,890141	36,612502	37,015259	100,004244	100,064766	62,886721	62,791258	62,848997	63,120127	100,036705	100,002980	37,365529	36,995679	37,651065
595,00	37,481457	61,946595	63,648176	61,383021	62,294531	61,465394	62,028462	61,078155	62,769347	60,961926	63,096040	38,439870	38,254529	37,115529	38,373101	37,341404	36,796856	37,997758	38,910380	36,633787	37,039745	100,019026	100,062072	62,873411	62,760645	62,823641	63,098407	100,040007	100,015056	37,388629	37,024060	37,679362
596,00	37,501267	61,942679	63,632822	61,362016	62,286019	61,454302	62,027574	61,047047	62,767994	60,942262	63,088655	38,488173	38,278407	37,147731	38,401395	37,371278	36,825863	38,036984	38,928860	36,666071	37,059295	100,043941	100,084114	62,859792	62,740237	62,816119	63,090837	100,081360	100,018466	37,418106	37,046319	37,716386
597,00	37,519971	61,927247	63,610286	61,345476	62,268823	61,426556	62,002742	61,021018	62,743366	60,907698	63,055837	38,513747	38,307849	37,180069	38,428482	37,397781	36,858639	38,063890	38,963076	36,690396	37,094557	100,045824	100,087130	62,836808	62,702382	62,797773	63,068879	100,089574	100,018644	37,445277	37,072003	37,744296
598,00	37,541214	61,901104	63,593525	61,317301	62,247455	61,402869	61,973852	61,001611	62,722731	60,882121	63,029832	38,526508	38,337100	37,202206	38,462055	37,428406	36,886749	38,080510	38,987583	36,709777	37,128955	100,041354	100,093961	62,803292	62,685388	62,764972	63,045126	100,066900	100,022924	37,472594	37,096798	37,757507
599,00	37,557167	61,883616	63,556653	61,296993	62,204516	61,382204	61,930215	60,987109	62,679458	60,838163	62,983298	38,538837	38,363060	37,228861	38,484156	37,456623	36,901042	38,098881	39,014670	36,731449	37,150556	100,040281	100,070763	62,756270	62,633562	62,717998	62,995666	100,064147	100,008786	37,500039	37,115544	37,770340
600,00	37,581304	61,866468	63,544989	61,278063	62,177080	61,353087	61,923504	60,975152	62,671793	60,810065	62,960076	38,555431	38,387403	37,251171	38,510713	37,476063	36,920586	38,111350	39,032939	36,754349	37,160641	100,047481	100,065565	62,738764	62,619722	62,677389	62,953174	100,064290	100,014830	37,523395	37,135160	37,785998
601,00	37,593612	61,834401	63,536441	61,243075	62,147480	61,319792	61,894888	60,943472	62,652361	60,770863	62,933683	38,588211	38,404080	37,277934	38,525024	37,501407	36,940175	38,146672	39,060870	36,791027	37,178791	100,044560	100,048316	62,705851	62,597185	62,642759	62,905592	100,076222	100,006199	37,548697	37,154377	37,827876
602,00	37,621906	61,820281	63,520980	61,218578	62,122822	61,288226	61,873746	60,920227	62,629336	60,765719	62,922376	38,624400	38,414982	37,310228	38,547042	37,516108	36,964282	38,178331	39,085507	36,816010	37,195754	100,029671	100,057495	62,688446	62,584668	62,612355	62,869966	100,079465	99,989051	37,574160	37,172177	37,867081
603,00	37,645614	61,788911	63,489950	61,184651	62,093264	61,262012	61,836076	60,877782	62,594080	60,742587	62,904227	38,656539	38,438645	37,339833	38,576141	37,544423	36,988217	38,214114	39,113852	36,835960	37,227169	100,021613	100,055015	62,652206	62,564588	62,584060	62,840956	100,074351	99,985677	37,596360	37,195927	37,899804
604,00	37,677395	61,753631	63,469386	61,172515	62,072569	61,237109	61,835253	60,847044	62,578893	60,717326	62,888944	38,688907	38,462436	37,367591	38,610563	37,565699	37,011430	38,239619	39,142609	36,856860	37,255085	100,025201	100,068057	62,636310	62,540537	62,560409	62,817782	100,078833	99,980998	37,622130	37,221906	37,926656
605,00	37,700963	61,715823	63,451403	61,152822	62,050676	61,212271	61,827868	60,811114	62,564898	60,691434	62,870973	38,727367	38,498658	37,387902	38,644412	37,594914	37,038594	38,257384	39,170337	36,888486	37,296209	100,039530	100,051725	62,610233	62,520349	62,532115	62,797076	100,069714	99,988425	37,645766	37,253642	37,960634
606,00	37,721935	61,694121	63,443804	61,140108	62,036633	61,180437	61,831129	60,796618	62,562454	60,660481	62,862796	38,755620	38,526690	37,407941	38,670504	37,611026	37,065014	38,276070	39,199519	36,913100	37,320599	100,030434	100,047612	62,592202	62,500137	62,494254	62,778980	100,053120	99,985564	37,667033	37,273648	37,978694
607,00	37,748563	61,682391	63,421988	61,104351	62,016374	61,143368	61,793369	60,769928	62,525529	60,631120	62,832367	38,776508	38,559017	37,436625	38,704029	37,633908	37,094828	38,293183	39,228246	36,928502	37,348592	100,019038	100,029445	62,569070	62,472093	62,461835	62,759757	100,034642	99,988401	37,682849	37,299597	37,990627
608,00	37,781855	61,667544	63,398898	61,079717	61,995608	61,112690	61,766309	60,757571	62,507010	60,603803	62,804335	38,793901	38,585666	37,463161	38,729721	37,658986	37,118581	38,309750	39,260143	36,950913	37,363818	100,020695	100,025368	62,555087	62,450641	62,449819	62,737060	100,031638	99,995428	37,707686	37,315288	38,006374
609,00	37,800807	61,641783	63,370931	61,052972	61,970252	61,087006	61,729938	60,721219	62,476087	60,582364	62,785947	38,818535	38,599327	37,494892	38,747364	37,685302	37,140742	38,336736	39,273137	36,977950	37,379351	100,013912	100,008094	62,525564	62,420851	62,433028	62,721944	100,052941	99,974024	37,735453	37,331218	38,032383
610,00	37,829313	61,616904	63,328433	61,040646	61,937451	61,065286	61,703658	60,696334	62,452358	60,563344	62,746871	38,837025	38,624138	37,511638	38,762736	37,706426	37,158871	38,362998	39,295438	37,005100	37,396014	100,013185	100,007808	62,498748	62,380856	62,420452	62,680590	100,060558	99,988455	37,756768	37,352464	38,063839
611,00	37,848076	61,603880	63,316709	61,016959	61,919093	61,055464	61,675894	60,663509	62,423348	60,538143	62,723482	38,860893	38,652003	37,540448	38,792363	37,729090	37,180233	38,399217	39,311963	37,029359	37,420803	100,007427	100,013280	62,476408	62,349439	62,404096	62,651765	100,066257	99,997401	37,780857	37,378731	38,089007
612,00	37,877563	61,583775	63,296306	60,984510	61,892748	61,026400	61,651933	60,637707	62,391680	60,503572	62,682861	38,895661	38,676235	37,549302	38,820621	37,751597	37,194839	38,427764	39,338928	37,055057	37,446377	100,009084	100,039852	62,456155	62,320006	62,372619	62,611985	100,059450	100,006521	37,802491	37,408283	38,117138
613,00	37,885225	61,570567	63,286227	60,954320	61,879808	60,997766	61,632115	60,611266	62,367404	60,470510	62,655818	38,924611	38,683063	37,560147	38,845229	37,761584	37,217519	38,452908	39,341587	37,074679	37,466076	100,002050	100,034666	62,432599	62,295473	62,350321	62,588656	100,045359	99,970704	37,824494	37,419030	38,141546
614,00	37,909335	61,554086	63,247347	60,940194	61,849332	60,955018	61,613119	60,595018	62,337017	60,436976	62,633699	38,942799	38,693133	37,571430	38,864595	37,776265	37,238303	38,468617	39,365330	37,083158	37,491140	100,018370	100,018156	62,405509	62,264830	62,327373	62,559569	100,025845	99,952537	37,836933	37,444401	38,155103
615,00	37,928346	61,545694	63,219249	60,936618	61,830992	60,944426	61,581361	60,571486	62,309033	60,422623	62,612838	38,964310	38,714114	37,603047	38,890880	37,795246	37,267128	38,490114	39,385495	37,104583	37,514496	100,032568	99,987149	62,398547	62,243968	62,325501	62,536192	100,012970	99,940592	37,862986	37,463009	38,182804
616,00	37,956604	61,525327	63,193655	60,919905	61,806685	60,906172	61,579084	60,537606	62,297106	60,397124	62,610459	38,989574	38,746449	37,632796	38,918531	37,817737	37,302318	38,512132	39,421099	37,123501	37,542307	100,038028	99,979854	62,363005	62,226427	62,290478	62,527496	100,010836	99,951500	37,879285	37,493163	38,202137
617,00	37,979016	61,512667	63,184375	60,887617	61,791748	60,874605	61,563390	60,491812	62,284392	60,373747	62,580228	39,014998	38,783219	37,664554	38,944694	37,847960	37,331146	38,547829	39,444518	37,148246	37,572333	100,014019	99,980325	62,343192	62,205148	62,253332	62,509829	100,026512	99,941045	37,904209	37,517425	38,234591
618,00	38,007885	61,500812	63,155270	60,843253	61,755252	60,841173	61,552310	60,460192	62,262881	60,346705	62,553585	39,031017	38,817674	37,679479	38,970539	37,861976	37,354717	38,560668	39,462584	37,159425	37,608770	100,020301	99,976510	62,300527	62,161243	62,226045	62,476712	100,014961	99,936056	37,916720	37,544033	38,250583
619,00	38,038746	61,487883	63,123953	60,820526	61,722201	60,819733	61,509138	60,441041	62,224811	60,317683	62,516832	39,048451	38,836819	37,700596	38,992172	37,891114	37,364438	38,588566	39,478987	37,184569	37,630653	100,031590	99,958152	62,297463	62,128752	62,220824	62,433201	100,008035	99,922299	37,939823	37,563434	38,274693
620,00	38,061076	61,468273	63,081270	60,821152	61,697900	60,807329	61,478335	60,427797	62,193203	60,299593	62,505144	39,067852	38,856629	37,706402	39,019379	37,904429	37,394750	38,598493	39,499459	37,200284	37,653816	100,056660	99,957436	62,274766	62,102038	62,207925	62,399381	99,971533	99,957216	37,955096	37,587100	38,276619
621,00	38,085833	61,444509	63,041544	60,810637	61,676008	60,773754	61,440432	60,412145	62,161803	60,277402	62,475359	39,102232	38,880202	37,740248	39,062238	37,950215	37,424725	38,637486	39,538547	37,232482	37,676781	100,041282	99,926704	62,258607	62,074149	62,187517	62,372738	99,991632	99,984902	37,989756	37,620372	38,305950
622,00	38,107288	61,419725	63,016826	60,777575	61,662936	60,761172	61,432666	60,379088	62,144828	60,260481	62,450773	39,124486	38,912198	37,766039	39,092755	37,971157	37,461278	38,655946	39,586553	37,252319	37,705982	100,016558	99,909079	62,220883	62,027526	62,146169	62,349498	99,982291	100,006068	38,024762	37,651622	38,317248
623,00	38,131875	61,373991	63,010824	60,726696	61,642957	60,724765	61,428666	60,338986	62,126404	60,226417	62,430334	39,159057	38,942805	37,797806	39,111340	37,998134	37,485397	38,679561	39,626315	37,281105	37,730181	99,976802	99,904197	62,179518	61,988717	62,108332	62,336290	100,006831	99,996209	38,061732	37,688744	38,350976
624,00	38,151133	61,333984	63,024920	60,695916	61,632448	60,693741	61,431497	60,298079	62,123698	60,210615	62,422425	39,177668	38,970673	37,814239	39,118510	38,005814	37,512189	38,697827	39,657700	37,294295	37,761277	99,959433	99,932534	62,140179	61,978459	62,075317	62,337720	99,984640	100,002563	38,066074	37,715426	38,368839
625,00	38,155365	61,315250	63,006091	60,692418	61,607593	60,670489	61,417371	60,298806	62,106907	60,212559	62,415099	39,209729	38,988218	37,840015	39,134875	38,025859	37,522733	38,725159	39,675239	37,313122	37,785131	99,972326	99,961829	62,123901	61,980963	62,083250	62,324601	99,992788	100,005651	38,074490	37,732831	38,392246
626,00	38,172445	61,292207	62,981093	60,685486	61,603016	60,661197	61,395079	60,291630	62,096804	60,194796	62,404323	39,240757	39,008397	37,873417	39,166591	38,042054	37,542751	38,754296	39,690211	37,350857	37,807325	99,996620	99,970734	62,101668	61,963719	62,069750	62,322336	99,986756	99,993348	38,083744	37,747037	38,412434
627,00	38,180417	61,282623	62,941557	60,671878	61,593771	60,643792	61,378324	60,291094	62,084937	60,175568	62,398326	39,267856	39,015424	37,902629	39,179525	38,071942	37,554958	38,781154	39,694065	37,382695	37,802860	100,022483	99,981135	62,081623	61,936659	62,058622	62,293941	100,001192	99,956757	38,118142	37,755474	38,432461
628,00	38,212138	61,248285	62,920862	60,651183	61,578405	60,618269	61,349362	60,253096	62,067491	60,147339	62,383562	39,304051	39,048755	37,930205	39,219943	38,107175	37,594020	38,812649	39,716953	37,424305	37,831697	100,013423	99,980855	62,054724	61,901838	62,035048	62,271589	100,013590	99,959737	38,155246	37,783390	38,461301
629,00	38,227996	61,226279	62,889993	60,640395	61,557180	60,587239	61,322582	60,231733	62,039793	60,143614	62,363631	39,322680	39,063954	37,950107	39,240852	38,127545	37,612766	38,840407	39,738026	37,443578	37,846860	100,014842	99,985075	62,026030	61,878759	62,021959	62,226081	100,020051	99,949098	38,179708	37,798551	38,489398
630,00	38,254550	61,195010	62,863576	60,632002	61,535436	60,587537	61,285079	60,229963	62,013620	60,145098	62,339491	39,346391	39,097008	37,972778	39,276248	38,140306	37,635976	38,860920	39,767087	37,472469	37,881911	99,987680	99,956727	62,008309	61,846042	62,010151	62,194842	99,995810	99,947608	38,196045	37,820214	38,505229
631,00	38,276342	61,198550	62,840849	60,627180	61,519289	60,587293	61,269510	60,223520	62,008286	60,142291	62,318373	39,362979	39,128631	37,996778	39,293247	38,154668	37,653661	38,878536	39,788222	37,491199	37,902996	99,987143	99,967104	61,974025	61,827135	61,963183	62,179261	99,987376	99,937296	38,203418	37,842456	38,519520
632,00	38,297063	61,187857	62,819934	60,600007	61,492002	60,577536	61,244184	60,230881	61,997265	60,137188	62,310863	39,383993	39,156598	38,018966	39,312664	38,186756	37,677801	38,896233	39,814168	37,510163	37,925297	99,968779	99,967033	61,941755	61,807674	61,927736	62,165570	99,954796	99,949241	38,212967	37,866497	38,531449
633,00	38,333249	61,168444	62,815458	60,589552	61,481661	60,545367	61,233932	60,188490	61,998457	60,111773	62,285978	39,403766	39,196545	38,047275	39,344451	38,220295	37,716794	38,925412	39,853573	37,538341	37,959254	99,962801	100,012004	61,909866	61,810333	61,878633	62,159389	99,971306	99,984771	38,232365	37,898988	38,559285
634,00	38,359496	61,127031	62,803769	60,568327	61,467379	60,515410	61,202562	60,183597	61,975092	60,095698	62,272573	39,432576	39,213961	38,073879	39,367878	38,252017	37,739944	38,964766	39,878216	37,575397	37,975952	99,956083	100,009489	61,882061	61,802679	61,854911	62,138063	99,962497	99,986053	38,254222	37,930706	38,593996
635,00	38,388863	61,125672	62,774992	60,573810	61,451662	60,515773	61,180371	60,170972	61,954147	60,098523	62,253535	39,468387	39,249760	38,110912	39,397171	38,292572	37,776148	39,004752	39,905819	37,616235	38,008550	99,969202	100,004339	61,878133	61,770219	61,838043	62,124777	99,987239	99,979514	38,284189	37,963662	38,626328
636,00	38,400707	61,100435	62,731415	60,539752	61,408460	60,508454	61,153013	60,163713	61,914611	60,089386	62,242758	39,501247	39,266843	38,148636	39,412966	38,328975	37,791318	39,034379	39,927423	37,657726	38,025853	99,961668	99,980348	61,851728	61,729079	61,802530	62,089282	99,987447	99,958348	38,316616	37,981296	38,649938
637,00	38,426590	61,097890	62,699741	60,538518	61,374682	60,508007	61,109239	60,161418	61,886501	60,098004	62,220335	39,538640	39,297581	38,198665	39,434293	38,362956	37,819892	39,063713	39,955169	37,692410	38,061756	99,988002	99,988288	61,834759	61,688155	61,787397	62,065363	100,007641	99,957240	38,360396	37,997341	38,670895
638,00	38,446355	61,059856	62,687606	60,515440	61,341631	60,462970	61,090088	60,132152	61,872315	60,064745	62,187541	39,563972	39,315838	38,239360	39,455783	38,387507	37,831238	39,102674	39,971703	37,727490	38,079944	99,972481	99,993646	61,774647	61,667585	61,746824	62,026060	100,017905	99,947912	38,392398	38,017324	38,694313
639,00	38,468021	61,056399	62,687093	60,527682	61,337429	60,458148	61,058789	60,140765	61,856371	60,074311	62,160015	39,597836	39,338380	38,271227	39,484251	38,421375	37,860247	39,144546	39,989093	37,763768	38,102925	100,000668	100,004435	61,746579	61,655498	61,734402	62,000948	100,023687	99,942052	38,418594	38,047808	38,728043
640,00	38,475662	61,030382	62,673342	60,519421	61,309648	60,448682	61,052972	60,120887	61,840951	60,059249	62,150604	39,616230	39,352131	38,283610	39,507911	38,449496	37,873647	39,169911	40,006724	37,794170	38,114259	99,991792	99,991059	61,712176	61,637163	61,700106	61,963093	100,015724	99,939460	38,422734	38,065135	38,741696
641,00	38,503006	61,015612	62,647879	60,513610	61,273313	60,461384	61,012655	60,115862	61,794114	60,072827	62,109601	39,638507	39,377576	38,301560	39,541489	38,470837	37,895706	39,189830	40,035340	37,829807	38,136378	100,002408	99,975038	61,708081	61,605054	61,672854	61,924440	99,993616	99,963194	38,436669	38,090405	38,758567
642,00	38,526782	60,998046	62,629515	60,490519	61,238176	60,437959	60,986918	60,087240	61,781526	60,056591	62,086564	39,658955	39,398253	38,326907	39,561349	38,486493	37,914431	39,206982	40,050900	37,847149	38,156834	99,991953	99,972802	61,673415	61,572993	61,635393	61,899221	100,013161	99,962699	38,446030	38,110110	38,770023
643,00	38,555741	60,973173	62,614667	60,462415	61,221617	60,408568	60,970736	60,078079	61,761153	60,035783	62,055373	39,688596	39,430431	38,353312	39,583796	38,512677	37,949109	39,237812	40,078312	37,882081	38,181335	99,952626	99,988866	61,648923	61,557800	61,593366	61,879057	100,011408	99,965358	38,468525	38,137928	38,809216
644,00	38,560939	60,961890	62,602156	60,452837	61,196607	60,384917	60,957313	60,077161	61,754739	60,020268	62,055820	39,724454	39,448774	38,382199	39,586422	38,545898	37,983373	39,276382	40,094712	37,910283	38,202357	99,960572	100,006557	61,626261	61,549264	61,573660	61,863631	100,043297	99,947762	38,499224	38,154536	38,838470
645,00	38,580036	60,955411	62,586820	60,457945	61,174643	60,372102	60,946596	60,079062	61,740679	60,021669	62,046194	39,759782	39,470363	38,413975	39,615753	38,571185	38,017467	39,306706	40,124920	37,945771	38,230160	99,981874	100,024021	61,612386	61,532748	61,573911	61,849791	100,027990	99,962586	38,515472	38,176832	38,862148
646,00	38,605237	60,934615	62,575305	60,447520	61,162978	60,360086	60,938543	60,050559	61,728871	60,010225	62,029862	39,787588	39,499313	38,432339	39,646253	38,600072	38,035131	39,340234	40,150082	37,979054	38,247758	100,007975	100,049555	61,584342	61,507493	61,550981	61,838025	100,028086	99,966156	38,535789	38,191402	38,875839
647,00	38,627443	60,914445	62,565172	60,430527	61,161298	60,368109	60,928392	60,031235	61,730695	59,998959	62,016314	39,806297	39,522281	38,458684	39,680347	38,626423	38,055634	39,371830	40,176162	38,021794	38,258937	100,021183	100,081265	61,555034	61,499149	61,509776	61,818659	100,017130	99,975777	38,553554	38,204464	38,908309
648,00	38,658139	60,874754	62,525374	60,403013	61,141491	60,332471	60,910094	60,021663	61,697561	59,970325	61,995304	39,830640	39,554706	38,477352	39,710239	38,657308	38,077840	39,394996	40,206417	38,055852	38,274014	99,995476	100,098443	61,530256	61,482847	61,439890	61,793429	100,008571	99,990785	38,583997	38,240573	38,939899
649,00	38,681462	60,877073	62,485552	60,393703	61,121821	60,321838	60,893297	60,031176	61,668134	59,961200	61,964262	39,863074	39,567223	38,520688	39,732131	38,688046	38,102353	39,421460	40,228695	38,079154	38,296124	100,032437	100,080526	61,520994	61,466235	61,425006	61,761069	100,020540	99,978328	38,608661	38,264114	38,974681
650,00	38,722941	60,863054	62,458223	60,391223	61,096662	60,293716	60,866058	60,023123	61,628008	59,956527	61,919522	39,907256	39,592230	38,543960	39,764979	38,716170	38,131201	39,450306	40,263882	38,111031	38,337234	100,049829	100,070608	61,522138	61,430240	61,415899	61,728138	100,030982	99,979854	38,638011	38,296697	39,000210
651,00	38,739431	60,866296	62,445945	60,375196	61,063540	60,291147	60,839647	59,990633	61,600542	59,940600	61,876875	39,931363	39,611861	38,568521	39,782608	38,729119	38,150042	39,478910	40,280655	38,135499	38,359314	100,066996	100,058246	61,503422	61,390179	61,402452	61,683005	100,030231	99,961734	38,664180	38,308945	39,027637
652,00	38,758847	60,855877	62,436342	60,341704	61,008745	60,268039	60,797048	59,968549	61,570936	59,913015	61,848408	39,944848	39,649341	38,589060	39,808583	38,738048	38,179243	39,496842	40,309510	38,158768	38,384169	100,052571	100,055730	61,480159	61,357594	61,377192	61,644816	100,039184	99,984276	38,687214	38,343346	39,044249
653,00	38,790685	60,840029	62,405646	60,304600	60,965842	60,237592	60,775054	59,947377	61,549342	59,883994	61,808932	39,958286	39,690450	38,614109	39,827138	38,761380	38,204360	39,507726	40,335557	38,165933	38,408402	100,035560	100,037742	61,434186	61,331159	61,363333	61,625981	100,030148	99,995291	38,698527	38,371930	39,062405
654,00	38,819939	60,811818	62,361509	60,266227	60,925889	60,206109	60,745698	59,921408	61,517596	59,852678	61,788213	39,982510	39,729366	38,626865	39,860713	38,780671	38,229769	39,528152	40,378779	38,181370	38,435349	100,022197	100,026584	61,412936	61,310774	61,351138	61,614043	100,014341	100,005877	38,710767	38,398650	39,067701
655,00	38,858199	60,793138	62,335050	60,259837	60,910869	60,175973	60,724819	59,879893	61,491716	59,824777	61,754107	40,012282	39,752239	38,649434	39,891893	38,803974	38,251615	39,555416	40,406418	38,209397	38,463187	100,028419	100,029945	61,381823	61,273426	61,323428	61,595660	100,020528	100,020778	38,739169	38,435557	39,096311
656,00	38,870305	60,755831	62,319142	60,213941	60,892504	60,141784	60,704035	59,821361	61,457431	59,778994	61,734480	40,026447	39,774922	38,673276	39,928257	38,809815	38,266525	39,574087	40,431187	38,232213	38,481417	100,021279	100,037634	61,365992	61,237168	61,292833	61,550736	100,025511	100,019860	38,765362	38,469768	39,116904
657,00	38,888928	60,737753	62,313658	60,185617	60,878509	60,104918	60,680348	59,786803	61,422163	59,740806	61,702502	40,048572	39,788032	38,705188	39,949337	38,838077	38,285619	39,595684	40,433106	38,258809	38,491577	100,054169	100,047016	61,337101	61,204028	61,277574	61,524904	100,061405	100,007319	38,792199	38,486272	39,153421
658,00	38,902158	60,705352	62,278098	60,133344	60,860747	60,060984	60,640264	59,715962	61,384934	59,705549	61,665130	40,067643	39,804471	38,719344	39,964610	38,851756	38,313645	39,613271	40,454656	38,275319	38,508800	100,050235	100,043941	61,320567	61,179173	61,263227	61,501235	100,059545	99,992257	38,810268	38,488263	39,177442
659,00	38,933948	60,680926	62,261033	60,094362	60,832918	59,980649	60,612261	59,640616	61,355978	59,639311	61,647779	40,080386	39,815366	38,729545	39,970914	38,855618	38,347304	39,619464	40,477046	38,284114	38,527283	100,059545	100,045371	61,290789	61,163533	61,232972	61,492586	100,023746	99,994010	38,820392	38,491374	39,201134
660,00	38,965565	60,646707	62,246317	60,042423	60,815108	59,920561	60,594183	59,557652	61,344707	59,565502	61,622149	40,097341	39,834774	38,742051	39,978543	38,854271	38,382298	39,634606	40,506884	38,301745	38,564494	100,056124	100,025630	61,272466	61,145335	61,213726	61,467218	100,039935	100,013638	38,846585	38,511810	39,223588
661,00	39,001617	60,600877	62,215716	59,987885	60,806972	59,845644	60,596335	59,484178	61,333418	59,481668	61,615324	40,124646	39,867723	38,757762	40,011570	38,861018	38,405263	39,649081	40,528286	38,313419	38,594165	100,070047	100,041234	61,247760	61,125630	61,187339	61,450124	100,025535	100,035703	38,861570	38,545704	39,242780
662,00	39,008349	60,551053	62,177891	59,939671	60,796690	59,776890	60,584664	59,424245	61,325502	59,405673	61,596990	40,155578	39,888120	38,771957	40,028644	38,870090	38,418105	39,675328	40,545559	38,328046	38,613126	100,061405	100,053132	61,228579	61,104399	61,166137	61,423707	100,079775	99,995363	38,886151	38,564357	39,265016
663,00	39,028102	60,514969	62,124634	59,890348	60,783935	59,718150	60,562944	59,359968	61,295462	59,345609	61,570919	40,174285	39,919648	38,794753	40,063912	38,880214	38,431922	39,694446	40,567380	38,333210	38,634765	100,076389	100,050116	61,222565	61,057740	61,145824	61,404032	100,059938	100,001121	38,905239	38,592377	39,286858
664,00	39,050537	60,483921	62,103659	59,837514	60,730380	59,658128	60,534441	59,309345	61,259007	59,278756	61,541963	40,185726	39,939585	38,805920	40,084285	38,875428	38,450959	39,688203	40,595463	38,336238	38,646314	100,100064	100,029612	61,223334	61,022353	61,130357	61,375809	100,075316	99,986243	38,925323	38,604337	39,303866
665,00	39,100239	60,462749	62,068820	59,783244	60,695726	59,634858	60,488009	59,220290	61,214972	59,228635	61,507803	40,204105	39,975348	38,827065	40,129727	38,879147	38,472104	39,700484	40,627155	38,345701	38,677430	100,135815	99,987817	61,226863	60,981935	61,125010	61,352080	100,063694	100,044823	38,969040	38,632870	39,335483
666,00	39,124942	60,383129	62,045920	59,720248	60,656220	59,553623	60,449386	59,121931	61,193603	59,137142	61,474657	40,230572	40,004194	38,837156	40,151158	38,879725	38,496763	39,705452	40,660125	38,357010	38,693827	100,086033	99,982077	61,174864	60,968173	61,091584	61,320943	100,067258	100,050533	38,998690	38,655800	39,365372
667,00	39,134312	60,328311	62,017488	59,662902	60,643250	59,482282	60,402942	59,032917	61,157840	59,056973	61,452025	40,257218	40,027812	38,844365	40,178177	38,901797	38,516971	39,722702	40,670395	38,374069	38,720214	100,049520	99,969214	61,116946	60,942727	61,069566	61,280775	100,074399	100,029755	39,027324	38,680685	39,393491
668,00	39,147836	60,270059	62,001967	59,597898	60,640353	59,407640	60,384005	58,987284	61,147887	58,966279	61,441171	40,271837	40,054241	38,855958	40,191448	38,915035	38,546750	39,726979	40,701550	38,381559	38,741076	100,017118	100,001574	61,076450	60,931563	61,043745	61,265939	100,061607	100,025964	39,045733	38,699290	39,395893
669,00	39,169002	60,254323	61,995775	59,547991	60,637873	59,348494	60,377383	58,930403	61,121535	58,914387	61,434108	40,281379	40,071055	38,863540	40,211946	38,927731	38,565007	39,747283	40,710574	38,381791	38,761494	100,032961	100,008273	61,067140	60,905391	61,026990	61,255050	100,024617	100,005031	39,059204	38,716090	39,413381
670,00	39,199722	60,237122	61,968535	59,503055	60,617423	59,293246	60,371321	58,877599	61,102450	58,843672	61,430055	40,302098	40,101954	38,887858	40,234715	38,930318	38,579777	39,770341	40,747303	38,395327	38,791102	100,020528	100,005794	61,042267	60,890198	61,024439	61,250734	100,007045	100,040936	39,095357	38,747883	39,447597
671,00	39,203647	60,227621	61,946112	59,464467	60,580462	59,234124	60,346699	58,809865	61,062670	58,789998	61,397386	40,320709	40,107554	38,896388	40,248778	38,938090	38,584149	39,779392	40,750957	38,407868	38,800639	100,015497	99,974751	61,018300	60,865951	61,008054	61,235458	99,968165	100,011325	39,113477	38,763854	39,479879
672,00	39,224416	60,195363	61,923003	59,420711	60,542649	59,190732	60,321230	58,760631	61,036742	58,728224	61,380374	40,343627	40,129495	38,912877	40,263915	38,947913	38,605475	39,784694	40,781280	38,428950	38,825405	100,023186	99,973512	61,003882	60,871392	60,990828	61,221415	99,982852	100,020695	39,130127	38,787717	39,490581
673,00	39,243007	60,155374	61,913717	59,371686	60,524219	59,156281	60,307389	58,709329	61,031538	58,695406	61,354542	40,354264	40,146703	38,912258	40,280181	38,967392	38,637909	39,798123	40,796062	38,431874	38,829684	100,038755	99,992269	60,988694	60,873097	60,949451	61,213595	99,962890	100,000608	39,132082	38,796604	39,493653
674,00	39,268756	60,108215	61,899489	59,352249	60,515952	59,109938	60,294801	58,669662	61,034524	58,662474	61,358529	40,383634	40,179428	38,943222	40,306810	38,991123	38,675174	39,817297	40,826902	38,457188	38,840675	100,025272	100,020075	60,958403	60,876459	60,935336	61,192334	99,992454	100,013208	39,134622	38,831836	39,512822
675,00	39,296496	60,082257	61,875516	59,331149	60,514873	59,093493	60,277253	58,653259	61,024112	58,636266	61,339796	40,411946	40,207234	38,971645	40,331364	39,017123	38,697404	39,845851	40,853074	38,478938	38,860747	100,020075	100,033939	60,927689	60,858476	60,917288	61,174726	100,017321	100,035381	39,165428	38,854799	39,550573
676,00	39,319950	60,054761	61,858034	59,307665	60,488439	59,049213	60,227233	58,623636	60,976440	58,596379	61,320722	40,432087	40,230122	39,007190	40,343937	39,029241	38,706440	39,860380	40,886882	38,507107	38,888088	99,985206	100,002837	60,886824	60,814619	60,907102	61,160105	100,021482	100,040889	39,190155	38,886249	39,570928
677,00	39,348152	60,031420	61,823446	59,260672	60,451460	59,006512	60,176694	58,601493	60,923433	58,564395	61,278576	40,452123	40,264705	39,016584	40,367907	39,033568	38,725698	39,883479	40,916660	38,514814	38,929719	99,965006	99,974275	60,848880	60,765570	60,862994	61,138225	100,014615	100,050724	39,227495	38,905421	39,584622
678,00	39,361507	60,021484	61,798996	59,211946	60,410023	58,958173	60,150439	58,561492	60,890329	58,532345	61,265838	40,471143	40,274280	39,028919	40,397888	39,047271	38,734999	39,901629	40,946114	38,530761	38,944724	99,948889	99,980521	60,813981	60,721195	60,829467	61,117613	99,991906	100,036883	39,244336	38,934144	39,589620
679,00	39,370579	59,994447	61,788410	59,196824	60,400820	58,944082	60,134172	58,535409	60,904086	58,520299	61,247164	40,510806	40,290087	39,061353	40,430391	39,079663	38,756952	39,934495	40,951276	38,556060	38,969457	99,938041	100,005305	60,795915	60,724437	60,800993	61,086011	100,031638	100,034630	39,279255	38,940579	39,614528
680,00	39,391872	59,982622	61,790878	59,189421	60,397816	58,954996	60,152620	58,537871	60,906458	58,522421	61,250472	40,537548	40,317518	39,094463	40,455112	39,122432	38,781169	39,980376	40,960908	38,593093	38,981694	99,965143	100,035083	60,785586	60,722029	60,773039	61,071944	100,042212	100,034416	39,297092	38,962850	39,638463
681,00	39,421025	59,951335	61,789519	59,205550	60,386556	58,961827	60,136628	58,535457	60,901964	58,528340	61,236310	40,561101	40,352753	39,133695	40,492967	39,156139	38,818493	40,006718	40,982884	38,625196	39,012828	99,943030	100,029898	60,750031	60,719156	60,727519	61,043757	100,043738	100,055993	39,322299	38,985828	39,658439
682,00	39,459229	59,945238	61,780661	59,213114	60,378557	58,978701	60,129893	58,564669	60,863066	58,538347	61,218989	40,597829	40,392974	39,163670	40,510768	39,178208	38,851604	40,041503	41,021574	38,653740	39,033586	99,956179	100,015891	60,723877	60,685426	60,683542	61,024088	100,007164	100,074279	39,336240	39,023289	39,673939
683,00	39,490712	59,962678	61,769855	59,213400	60,362566	59,001088	60,100573	58,585268	60,844618	58,551508	61,188912	40,636596	40,415141	39,189357	40,559268	39,224193	38,881648	40,072370	41,070637	38,693494	39,065751	99,927366	100,005758	60,712099	60,652465	60,674810	60,998505	100,025237	100,094843	39,366069	39,064786	39,709732
684,00	39,520374	59,988910	61,746997	59,239841	60,331190	59,037232	60,087007	58,648145	60,819823	58,579755	61,156052	40,672284	40,440562	39,222625	40,580705	39,266270	38,906556	40,114293	41,103286	38,742962	39,095840	99,951547	100,002003	60,698152	60,626626	60,685003	60,969085	100,031102	100,075603	39,391965	39,085042	39,744931
685,00	39,538535	59,985536	61,715001	59,240299	60,282606	59,067845	60,066986	58,680522	60,801923	58,606535	61,151063	40,690863	40,455705	39,265212	40,614316	39,330220	38,930756	40,164611	41,125533	38,786870	39,127740	99,940431	99,984050	60,672349	60,600448	60,648161	60,949355	100,048947	100,095952	39,412269	39,113876	39,779496
686,00	39,550105	59,981507	61,680156	59,281254	60,233432	59,114838	60,039920	58,716524	60,773271	58,658940	61,123335	40,716919	40,469635	39,304355	40,607789	39,370623	38,943899	40,207320	41,138306	38,826573	39,154202	99,937928	99,984092	60,624981	60,579395	60,603392	60,913092	100,034940	100,042570	39,424983	39,122653	39,794773
687,00	39,553958	59,983188	61,652189	59,298390	60,226351	59,173918	60,002494	58,754748	60,751569	58,720165	61,115462	40,762317	40,494746	39,346650	40,603691	39,420164	38,957328	40,259686	41,152829	38,871863	39,159545	99,923164	99,964273	60,589933	60,568041	60,564870	60,876012	100,044513	100,002050	39,431378	39,141232	39,817634
688,00	39,577481	60,021472	61,601299	59,354323	60,211504	59,240919	59,961963	58,844358	60,723448	58,811235	61,093676	40,802133	40,536773	39,381763	40,632048	39,461163	38,981435	40,307581	41,181439	38,924253	39,186895	99,940187	99,969327	60,588217	60,535365	60,560298	60,823071	100,041437	99,966055	39,449292	39,167538	39,848813
689,00	39,606404	60,017043	61,572939	59,375781	60,204226	59,272116	59,957594	58,918035	60,690957	58,856291	61,082137	40,839976	40,558717	39,426285	40,668339	39,517102	39,016113	40,353167	41,197276	38,970366	39,198858	99,925995	99,943471	60,565203	60,498822	60,528761	60,803568	100,036037	100,007236	39,462787	39,191875	39,872745
690,00	39,634851	60,037005	61,559004	59,415632	60,187715	59,319532	59,952241	59,002697	60,664964	58,943522	61,067778	40,875545	40,592343	39,465290	40,703401	39,562020	39,042699	40,398270	41,221097	39,018682	39,233565	99,937254	99,941981	60,566908	60,441971	60,504812	60,791427	100,038004	100,060332	39,481658	39,222607	39,887840
691,00	39,650482	60,046816	61,550581	59,449071	60,166472	59,380597	59,951693	59,065342	60,645068	59,011096	61,038321	40,904331	40,605581	39,494798	40,724790	39,610136	39,067185	40,421447	41,246337	39,069670	39,255819	99,941653	99,949431	60,546082	60,422635	60,486829	60,779715	100,040650	100,072813	39,506420	39,237231	39,899099
692,00	39,670131	60,073215	61,541027	59,502786	60,143828	59,462857	59,935224	59,153140	60,651731	59,094435	61,033159	40,953395	40,636227	39,541554	40,740725	39,658108	39,074057	40,458420	41,282803	39,130887	39,285293	99,982882	99,969512	60,537243	60,413557	60,481381	60,767335	100,077188	100,071073	39,536822	39,269927	39,921886
693,00	39,694285	60,080856	61,511326	59,533030	60,107481	59,506667	59,903753	59,220290	60,635096	59,144533	60,973406	40,995067	40,648738	39,580861	40,769839	39,716780	39,095080	40,499088	41,320828	39,197505	39,303973	99,986511	99,962407	60,493273	60,385287	60,463428	60,727018	100,064266	100,064480	39,565852	39,290714	39,948609
694,00	39,713058	60,085225	61,534411	59,580970	60,084414	59,549570	59,886336	59,301639	60,637599	59,211290	60,932130	41,044423	40,663573	39,633125	40,795085	39,766139	39,106944	40,553528	41,337666	39,257118	39,320239	99,975121	99,966127	60,473537	60,355383	60,439909	60,697633	100,065255	100,057042	39,591914	39,315629	39,971039
695,00	39,721188	60,096753	61,512935	59,615886	60,067165	59,593940	59,863603	59,357214	60,602617	59,285462	60,894418	41,069317	40,675324	39,669225	40,821773	39,798176	39,132693	40,600464	41,353476	39,301264	39,342472	99,983788	99,953246	60,443360	60,318816	60,405099	60,659820	100,022280	100,049579	39,604500	39,326841	39,995003
696,00	39,735642	60,117018	61,509246	59,661871	60,050374	59,625703	59,875977	59,409404	60,582322	59,370470	60,897112	41,082436	40,700024	39,699563	40,850499	39,833876	39,163572	40,644509	41,364843	39,335254	39,365718	100,013661	99,938655	60,440373	60,305560	60,390300	60,647017	100,010502	100,066423	39,619774	39,360538	40,002292
697,00	39,760783	60,135418	61,451358	59,682077	60,043299	59,650981	59,859538	59,444064	60,567576	59,440035	60,886931	41,110227	40,739620	39,720708	40,862781	39,854693	39,199743	40,685746	41,406605	39,368397	39,387897	100,072992	99,935019	60,435015	60,292798	60,368752	60,636306	100,002384	100,088465	39,637712	39,385834	40,031666
698,00	39,804378	60,154492	61,441892	59,712970	60,021681	59,679997	59,847093	59,490687	60,549426	59,502363	60,880029	41,159320	40,773723	39,765272	40,895322	39,895049	39,236188	40,736598	41,431582	39,424229	39,398757	100,106966	99,935728	60,450441	60,282207	60,382807	60,610628	100,028276	100,107396	39,672658	39,408764	40,072423
699,00	39,827621	60,139537	61,420399	59,706980	60,013521	59,692001	59,794831	59,516346	60,545588	59,500253	60,877633	41,211903	40,791997	39,811137	40,910244	39,929414	39,250290	40,776402	41,467336	39,464083	39,437094	100,094032	99,962515	60,432863	60,291606	60,349870	60,609162	100,076199	100,065243	39,725736	39,434162	40,128788
700,00	39,861470	60,129857	61,402935	59,712994	59,985095	59,712744	59,785044	59,549314	60,521173	59,526032	60,866058	41,250825	40,813157	39,864746	40,948638	39,982760	39,287364	40,816411	41,490200	39,513898	39,458561	100,087857	99,979955	60,411048	60,260946	60,346377	60,582280	100,087678	100,031698	39,747375	39,464748	40,159330
701,00	39,874211	60,095966	61,392224	59,680891	59,979635	59,677172	59,769911	59,555322	60,537863	59,522134	60,840136	41,249162	40,840492	39,882487	40,960667	40,008038	39,305264	40,832168	41,530734	39,536625	39,498007	100,042868	100,014091	60,361999	60,239351	60,291117	60,569865	100,065100	100,020695	39,751640	39,494464	40,159917
702,00	39,895421	60,081255	61,357045	59,698504	59,947848	59,698689	59,785402	59,604532	60,521531	59,563237	60,809767	41,263378	40,871784	39,892116	40,995488	40,037692	39,346913	40,845203	41,557530	39,570001	39,522457	100,072432	100,021219	60,351026	60,193205	60,284972	60,538924	100,027132	100,057673	39,740804	39,509019	40,168712
703,00	39,900243	60,068178	61,363739	59,677827	59,942538	59,704500	59,770763	59,618306	60,526729	59,557092	60,800523	41,268039	40,872332	39,903641	41,004232	40,062171	39,351758	40,857497	41,563416	39,593822	39,544949	100,064051	100,023222	60,329801	60,183859	60,246789	60,544693	100,003195	100,047302	39,756557	39,520606	40,185493
704,00	39,923003	60,061514	61,326665	59,695643	59,934312	59,747112	59,744412	59,655207	60,490876	59,562105	60,797137	41,309184	40,891010	39,932576	41,033897	40,106404	39,383289	40,898633	41,584727	39,645442	39,556575	100,095880	100,006843	60,319287	60,183072	60,249734	60,516524	100,023258	100,064003	39,793068	39,546418	40,229732
705,00	39,956528	60,055041	61,322343	59,685934	59,946346	59,757638	59,730387	59,646320	60,478735	59,559190	60,795057	41,345870	40,910131	39,972499	41,040599	40,135604	39,393207	40,932795	41,595539	39,685380	39,555973	100,061607	100,027895	60,283029	60,196805	60,203356	60,499758	100,011694	100,038266	39,821422	39,553469	40,252593
706,00	39,990729	60,031247	61,298889	59,692168	59,954667	59,751606	59,736937	59,649062	60,460979	59,567732	60,783201	41,372177	40,932986	40,004224	41,052657	40,156972	39,411926	40,976360	41,636738	39,722577	39,568183	100,048673	100,033820	60,245693	60,199189	60,183126	60,477602	100,016153	100,033045	39,839041	39,576843	40,260938
707,00	40,014210	60,013628	61,293948	59,694570	59,940064	59,754622	59,737742	59,671670	60,472882	59,585428	60,768449	41,401234	40,957576	40,024227	41,081715	40,175402	39,427170	40,994588	41,656402	39,725098	39,580274	100,056481	100,042021	60,219115	60,187852	60,157275	60,495198	100,009680	100,020850	39,850631	39,594775	40,273938
708,00	40,042010	60,014325	61,288106	59,710193	59,925157	59,772199	59,701276	59,687978	60,479563	59,614062	60,752290	41,422999	40,986404	40,057126	41,124672	40,212724	39,461854	41,027868	41,680378	39,759067	39,625138	100,113285	100,041378	60,232407	60,167700	60,188371	60,508662	100,062990	100,020039	39,885125	39,639649	40,306500
709,00	40,056950	59,991026	61,284900	59,722078	59,900796	59,781492	59,648710	59,707171	60,486388	59,627020	60,746872	41,449177	41,003785	40,075967	41,163498	40,242490	39,477828	41,039851	41,693044	39,793339	39,657521	100,117624	100,046992	60,224247	60,148424	60,185277	60,506558	100,064909	100,041986	39,907578	39,664581	40,330660
710,00	40,086347	59,987795	61,274886	59,707278	59,895778	59,772551	59,621286	59,675157	60,454851	59,639758	60,727221	41,451225	41,037187	40,090030	41,188467	40,250641	39,505389	41,054168	41,711590	39,819264	39,698192	100,102353	100,058794	60,217702	60,133624	60,184550	60,481077	100,033748	100,029635	39,920613	39,700055	40,334049
711,00	40,101498	59,948629	61,241007	59,687728	59,873646	59,761065	59,599560	59,692186	60,431105	59,633631	60,696214	41,470924	41,044003	40,093711	41,196644	40,252745	39,535266	41,078594	41,741183	39,830139	39,706159	100,056529	100,045145	60,200596	60,114050	60,158205	60,450101	100,004613	100,017631	39,919239	39,713067	40,351537
712,00	40,135041	59,956270	61,206877	59,666920	59,868509	59,744298	59,618008	59,696674	60,392928	59,626192	60,672879	41,493025	41,074666	40,127835	41,206989	40,275556	39,574033	41,109067	41,772664	39,847675	39,722759	100,038600	100,056243	60,191828	60,120279	60,158253	60,428846	100,005651	100,018334	39,940679	39,740360	40,384290
713,00	40,146199	59,951311	61,181378	59,693301	59,840941	59,752011	59,607071	59,719300	60,394531	59,632707	60,659474	41,529983	41,076675	40,163997	41,208142	40,311611	39,585525	41,135621	41,791353	39,888805	39,740902	100,049829	100,033164	60,208344	60,117930	60,163230	60,420793	100,022066	100,002599	39,971560	39,748967	40,416959
714,00	40,189487	59,969908	61,183977	59,699160	59,834427	59,742010	59,602952	59,708911	60,359371	59,659761	60,642886	41,548479	41,119584	40,189770	41,249761	40,349671	39,615047	41,150555	41,817674	39,922214	39,751267	100,053430	100,009334	60,191733	60,110378	60,159671	60,395628	100,019121	100,031579	39,997941	39,773425	40,428594
715,00	40,206572	59,966785	61,168689	59,714115	59,819078	59,736276	59,553409	59,697604	60,348386	59,685916	60,634279	41,573241	41,134453	40,195972	41,298169	40,357792	39,626434	41,161922	41,839695	39,944896	39,778256	100,040615	99,962312	60,184020	60,089564	60,140574	60,365540	100,003874	100,045955	40,014803	39,785630	40,435547
716,00	40,238023	59,963053	61,152172	59,717977	59,817553	59,748870	59,521687	59,727299	60,323793	59,709746	60,604435	41,594639	41,155362	40,217152	41,332930	40,372205	39,655223	41,193113	41,863292	39,969608	39,803997	100,010228	99,951148	60,163105	60,070539	60,123217	60,345352	100,039029	100,054777	40,038329	39,805830	40,445077
717,00	40,237990	59,948885	61,142898	59,689313	59,808517	59,749925	59,497148	59,727186	60,318112	59,674561	60,594881	41,626245	41,169205	40,250552	41,338563	40,394890	39,656907	41,243371	41,865733	39,998043	39,833450	99,981529	99,965048	60,148120	60,053498	60,083801	60,366893	100,070477	100,024295	40,078139	39,818147	40,460837
718,00	40,254635	59,951305	61,168027	59,712297	59,808809	59,759164	59,502238	59,758395	60,329342	59,679610	60,573399	41,647327	41,202548	40,282765	41,336918	40,412715	39,677837	41,279912	41,875061	40,015522	39,838904	99,999046	99,975562	60,140979	60,027236	60,080057	60,377884	100,106883	99,978781	40,101653	39,827126	40,481347
719,00	40,258190	59,944630	61,193705	59,696746	59,793109	59,744263	59,502488	59,739608	60,334414	59,675127	60,569763	41,675431	41,245973	40,307888	41,345578	40,432206	39,694163	41,312575	41,896427	40,041295	39,834934	99,998903	99,998450	60,148472	60,019636	60,071856	60,371357	100,100279	99,977601	40,118501	39,850694	40,507749
720,00	40,281633	59,935701	61,182982	59,725356	59,773493	59,727365	59,509146	59,750330	60,321796	59,709078	60,571659	41,690871	41,264531	40,330374	41,377363	40,443492	39,725387	41,328678	41,941753	40,054432	39,842293	100,003910	99,973059	60,151213	59,990710	60,097504	60,338360	100,083768	100,022626	40,127549	39,871493	40,537107
721,00	40,297756	59,927267	61,174113	59,707689	59,774733	59,721416	59,534132	59,741026	60,301942	59,711325	60,581803	41,698802	41,290668	40,336090	41,407958	40,464044	39,750493	41,333666	41,975543	40,079534	39,866942	99,985689	99,981254	60,139394	60,016656	60,080004	60,327041	100,039494	100,065494	40,124762	39,910153	40,554631
722,00	40,320218	59,939820	61,154771	59,701586	59,796143	59,726638	59,546459	59,742838	60,290104	59,709698	60,600078	41,715422	41,303760	40,358028	41,440830	40,490535	39,764321	41,338795	42,010251	40,112361	39,913195	99,975467	99,977851	60,104376	60,003614	60,073292	60,342228	100,036383	100,076437	40,139455	39,915544	40,585864
723,00	40,339771	59,939176	61,168766	59,693724	59,795666	59,720492	59,548765	59,743381	60,321575	59,692425	60,595751	41,745082	41,327015	40,370136	41,451946	40,517658	39,769307	41,342494	42,034703	40,150356	39,938563	99,956340	99,980867	60,088623	60,004759	60,038853	60,343027	100,046802	100,040245	40,145051	39,936024	40,593994
724,00	40,351593	59,908748	61,170048	59,658116	59,773290	59,700894	59,526271	59,738815	60,321069	59,672832	60,591799	41,771466	41,343784	40,402493	41,469014	40,542835	39,791036	41,367069	42,058957	40,173939	39,949924	99,910623	99,956441	60,074037	59,955174	60,034686	60,316515	100,068605	100,004947	40,192983	39,940396	40,616027
725,00	40,359250	59,924132	61,175120	59,683895	59,751272	59,692514	59,527498	59,752280	60,314989	59,676862	60,589480	41,796115	41,354427	40,397659	41,485718	40,552217	39,808461	41,381037	42,057621	40,175420	39,947787	99,923825	99,919218	60,085309	59,939718	60,030001	60,301709	100,069201	100,001299	40,203777	39,962986	40,628102
726,00	40,352067	59,943837	61,165571	59,691101	59,766209	59,737742	59,532958	59,759164	60,305178	59,695131	60,595137	41,785812	41,384748	40,401563	41,512683	40,548947	39,823177	41,391847	42,067519	40,176731	39,963147	99,964052	99,934691	60,096806	59,955090	60,052949	60,306430	100,027275	100,005293	40,214047	39,972234	40,621242
727,00	40,356150	59,997302	61,151594	59,747404	59,759659	59,783465	59,559482	59,785128	60,294163	59,726286	60,594350	41,807988	41,397983	40,417442	41,508281	40,566829	39,843795	41,410887	42,059845	40,202540	39,991969	100,032091	99,926066	60,113412	59,967375	60,062557	60,336059	100,021183	100,018644	40,218166	39,999080	40,631688
728,00	40,372369	59,969831	61,152917	59,737200	59,759939	59,789097	59,558713	59,791112	60,310304	59,732515	60,588640	41,822416	41,416246	40,471271	41,521671	40,590441	39,876595	41,433072	42,070866	40,233418	40,013945	100,031257	99,913329	60,104555	59,958303	60,056150	60,325885	100,027418	99,997801	40,237170	40,009144	40,627375
729,00	40,383145	59,992266	61,165071	59,745151	59,767902	59,775466	59,562439	59,827405	60,311460	59,764302	60,595721	41,857541	41,416854	40,509197	41,523707	40,611416	39,903218	41,463149	42,066342	40,254581	40,022629	100,046873	99,926913	60,114908	59,962970	60,046881	60,316128	100,055552	99,986672	40,266913	40,036327	40,663442
730,00	40,390790	59,973592	61,165631	59,739226	59,775889	59,745777	59,553903	59,838057	60,331136	59,786457	60,574728	41,868922	41,430613	40,538102	41,544858	40,638188	39,915141	41,482258	42,078730	40,269515	40,031213	100,014257	99,933451	60,127485	59,965283	60,019827	60,294473	100,069821	99,999762	40,283814	40,050694	40,682098
731,00	40,405032	60,009295	61,195707	59,732115	59,801006	59,752989	59,581953	59,853482	60,330737	59,816700	60,595059	41,881222	41,433856	40,543255	41,553691	40,657151	39,930210	41,498324	42,102444	40,273583	40,046921	99,995542	99,982870	60,113728	59,996885	60,004771	60,297972	100,047278	100,001931	40,282086	40,060243	40,687630
732,00	40,430763	60,008562	61,205250	59,744871	59,807384	59,741420	59,606415	59,823638	60,325575	59,791720	60,618073	41,903031	41,445109	40,569392	41,565651	40,671772	39,936981	41,506636	42,122394	40,285587	40,078923	99,933660	99,963194	60,087496	59,998196	59,982127	60,295910	100,053978	100,013995	40,278432	40,060270	40,705356
733,00	40,450355	60,004181	61,222720	59,756750	59,814167	59,789634	59,609175	59,841090	60,310227	59,782797	60,650772	41,933042	41,468823	40,560204	41,579875	40,668091	39,950421	41,514140	42,154637	40,293381	40,091717	99,963522	99,962014	60,095382	59,992999	59,992373	60,328734	100,037420	99,996638	40,266600	40,060285	40,713826
734,00	40,466240	59,991121	61,212689	59,797430	59,818602	59,804797	59,634948	59,860682	60,324675	59,782052	60,660064	41,949809	41,487056	40,567508	41,597000	40,656099	39,964864	41,519183	42,192337	40,303966	40,119052	99,977171	99,961203	60,106951	59,986895	60,005850	60,344803	100,004363	99,995935	40,279126	40,089625	40,742490
735,00	40,475583	59,985638	61,202860	59,811085	59,806162	59,824193	59,623593	59,896773	60,335326	59,817350	60,645998	41,973546	41,505474	40,565068	41,629085	40,683013	39,996243	41,529891	42,209315	40,315780	40,128690	100,034094	99,945658	60,131419	59,976411	60,033560	60,345858	99,960488	100,000346	40,303883	40,110859	40,746099
736,00	40,509471	60,031641	61,236060	59,850878	59,848773	59,806085	59,658223	59,916532	60,359651	59,869629	60,684723	41,981420	41,534606	40,581462	41,675603	40,692264	40,025529	41,537106	42,230099	40,323028	40,152904	100,013602	99,979287	60,139680	60,036284	60,060740	60,367018	99,952829	100,017154	40,321845	40,140992	40,748551
737,00	40,531722	60,040605	61,246794	59,825683	59,880066	59,808195	59,661257	59,911227	60,398912	59,868848	60,728759	42,000988	41,572145	40,593776	41,713637	40,722463	40,053779	41,564319	42,231503	40,333217	40,165797	100,000513	99,991602	60,131681	60,071045	60,051560	60,381806	99,954772	100,021708	40,361750	40,152481	40,752614
738,00	40,543148	60,054594	61,287504	59,831119	59,920257	59,838015	59,716582	59,910309	60,422057	59,858233	60,792047	42,012921	41,589060	40,601504	41,720113	40,723258	40,058106	41,566813	42,231658	40,368351	40,175191	99,981028	100,042295	60,119647	60,135651	60,047567	60,413182	99,938500	99,966156	40,366742	40,158036	40,763143
739,00	40,571177	60,062593	61,272359	59,835798	59,925932	59,868354	59,720731	59,947956	60,424119	59,877139	60,820508	42,032108	41,594204	40,629986	41,733113	40,747437	40,069455	41,584337	42,244166	40,383422	40,183461	100,019503	100,057101	60,123700	60,155797	60,056812	60,399532	99,923432	99,942422	40,385410	40,161583	40,779254
740,00	40,582371	60,066366	61,280537	59,887236	59,919965	59,887511	59,745729	59,961915	60,412157	59,891415	60,822111	42,040175	41,606963	40,663129	41,746616	40,773427	40,077496	41,607136	42,248490	40,426132	40,188476	100,023794	100,059438	60,145903	60,169405	60,091448	60,428232	99,932826	99,916786	40,398175	40,164950	40,811712
741,00	40,608776	60,084790	61,272126	59,926200	59,931064	59,927237	59,744871	60,007852	60,445929	59,926915	60,808516	42,043430	41,612458	40,685213	41,766265	40,784532	40,095401	41,644210	42,294568	40,422848	40,199620	100,043738	100,035679	60,185307	60,161912	60,143298	60,431296	99,923307	99,920619	40,396497	40,203083	40,832356
742,00	40,626180	60,096735	61,287242	59,941936	59,936351	59,926897	59,743929	59,983927	60,456353	59,922129	60,779434	42,076099	41,642037	40,701339	41,768008	40,822098	40,125671	41,667739	42,322481	40,455985	40,238464	100,009453	99,987328	60,180914	60,156775	60,136288	60,453600	99,909449	99,962282	40,415379	40,226001	40,856963
743,00	40,662515	60,140806	61,292398	59,981418	59,989947	59,930015	59,727478	60,029745	60,478151	59,964633	60,786694	42,117035	41,673622	40,719813	41,790664	40,839237	40,146428	41,678813	42,359546	40,458974	40,274227	100,035894	99,972594	60,221630	60,172915	60,155696	60,450834	99,926424	99,990547	40,427318	40,267360	40,868014
744,00	40,684521	60,172594	61,322188	59,999377	60,035014	59,915346	59,753603	60,029924	60,499161	59,987539	60,843945	42,149097	41,720265	40,755999	41,828084	40,876004	40,180394	41,701451	42,381242	40,498412	40,294605	100,009298	99,995059	60,231000	60,196626	60,164660	60,486859	99,977410	100,038195	40,485805	40,292865	40,895855
745,00	40,704691	60,199046	61,341727	60,048461	60,075128	59,951466	59,804678	60,087019	60,557449	60,025865	60,902017	42,171437	41,755077	40,779057	41,872063	40,897831	40,203002	41,748416	42,398503	40,519029	40,318125	100,068235	100,072026	60,277873	60,229099	60,221606	60,522336	100,006366	100,016212	40,504444	40,322906	40,926731
746,00	40,707546	60,228544	61,374450	60,057098	60,081404	59,989196	59,848392	60,090560	60,563731	60,043865	60,928762	42,182219	41,765544	40,792298	41,871205	40,915465	40,213016	41,776904	42,401516	40,535045	40,305820	100,046813	100,083554	60,292059	60,247314	60,237241	60,556346	99,972838	99,981689	40,521252	40,326524	40,933025
747,00	40,742007	60,243577	61,379558	60,108906	60,083646	60,015595	59,876657	60,126555	60,577154	60,066593	60,912311	42,224994	41,777897	40,832248	41,889665	40,933704	40,220422	41,802475	42,412063	40,558940	40,340033	100,066197	100,090063	60,321718	60,271960	60,275739	60,561717	99,971652	99,980754	40,526429	40,330547	40,957150
748,00	40,747893	60,254008	61,406362	60,105115	60,111684	60,041666	59,900266	60,128111	60,610181	60,067075	60,925829	42,256337	41,791224	40,870899	41,913852	40,950546	40,230885	41,816035	42,419028	40,588927	40,327409	100,043881	100,047076	60,325682	60,287428	60,274577	60,573488	99,998575	99,963844	40,565181	40,340984	40,987027
749,00	40,782565	60,237592	61,424273	60,135162	60,121763	60,082000	59,891981	60,185689	60,613942	60,107374	60,945845	42,284530	41,805780	40,903395	41,951093	40,979931	40,256366	41,852450	42,452517	40,641811	40,372416	100,061345	100,001585	60,350996	60,309130	60,305655	60,558963	100,027132	99,963003	40,580022	40,359783	41,022339
750,00	40,795133	60,281539	61,437947	60,158855	60,138291	60,128570	59,903514	60,234374	60,631502	60,136777	60,972482	42,294529	41,835827	40,904087	41,959861	41,003582	40,281859	41,844523	42,485470	40,655991	40,382320	100,085175	99,972594	60,366964	60,331678	60,336459	60,600466	100,026250	99,950767	40,601435	40,386075	41,049647
751,00	40,817723	60,289913	61,434996	60,159963	60,147601	60,126996	59,908116	60,246295	60,620672	60,140485	60,976338	42,304295	41,853750	40,907913	41,961262	41,009519	40,298039	41,852063	42,521608	40,675527	40,424877	100,026143	99,958181	60,381961	60,328543	60,369551	60,600811	99,985605	99,975640	40,615848	40,412736	41,060457
752,00	40,834546	60,363382	61,448085	60,202855	60,191584	60,154861	59,962451	60,261554	60,673940	60,159206	60,997283	42,319417	41,867810	40,916097	41,968587	41,024017	40,303528	41,854146	42,522490	40,681812	40,429798	100,024474	99,994117	60,425067	60,354501	60,406888	60,681659	99,964327	99,982309	40,647721	40,435237	41,090479
753,00	40,868518	60,372782	61,461717	60,256439	60,241300	60,178924	59,965152	60,293192	60,697925	60,211611	60,991037	42,351496	41,900650	40,938246	42,004818	41,067654	40,320987	41,903582	42,535567	40,708819	40,450832	100,005770	99,995303	60,474062	60,354930	60,444874	60,681975	99,982458	99,981934	40,681988	40,458339	41,122466
754,00	40,874368	60,425323	61,509883	60,310620	60,275584	60,208696	59,982830	60,323924	60,738820	60,253417	61,007404	42,374665	41,914624	40,963727	42,027980	41,118810	40,331042	41,937041	42,547414	40,731537	40,477863	100,032794	99,986023	60,501647	60,387820	60,475284	60,716975	100,013578	99,927402	40,715915	40,473324	41,149747
755,00	40,893283	60,472065	61,535108	60,323983	60,285699	60,211658	59,975201	60,366952	60,754871	60,275054	61,017323	42,419583	41,949096	40,997055	42,057812	41,144550	40,374726	41,962633	42,592782	40,750790	40,511638	100,069582	99,945974	60,551298	60,383636	60,495311	60,666585	100,058722	99,936712	40,742728	40,489137	41,190737
756,00	40,891200	60,517120	61,591601	60,328478	60,320371	60,239047	59,994376	60,382062	60,797000	60,295635	61,064291	42,405483	41,956571	40,998524	42,047498	41,131672	40,405881	41,958010	42,612401	40,744153	40,539023	100,073397	99,917948	60,566950	60,404891	60,512191	60,696119	99,999672	99,908507	40,724874	40,504152	41,174710
757,00	40,931216	60,573858	61,610335	60,374981	60,346007	60,286927	60,032368	60,458940	60,807490	60,367984	61,109197	42,440471	41,996154	41,034180	42,077041	41,135433	40,443024	41,983995	42,630398	40,789092	40,544438	100,100458	99,943125	60,641742	60,424650	60,576963	60,736960	100,027931	99,902064	40,743858	40,517625	41,188243
758,00	40,936774	60,576671	61,637563	60,393953	60,373706	60,324675	60,052496	60,443312	60,827422	60,356289	61,135608	42,448503	41,998568	41,052788	42,091918	41,149607	40,463650	42,021647	42,649800	40,804505	40,571666	100,032687	99,948549	60,601491	60,468417	60,574156	60,799044	100,019848	99,912596	40,759504	40,543273	41,193926
759,00	40,987626	60,558867	61,621648	60,392201	60,370862	60,329884	60,095018	60,447115	60,858816	60,348856	61,154509	42,518523	42,049745	41,109312	42,155492	41,190800	40,507314	42,081168	42,688414	40,860522	40,607607	99,987185	99,906492	60,620517	60,491729	60,559815	60,831964	100,080538	99,971408	40,807086	40,592358	41,243866
760,00	41,023722	60,576153	61,682695	60,386395	60,394681	60,355830	60,118461	60,433596	60,928667	60,350168	61,161649	42,531949	42,056102	41,109571	42,210406	41,197258	40,542743	42,100820	42,730436	40,870437	40,638393	99,950463	99,860269	60,621470	60,535371	60,579091	60,867316	100,076389	100,054085	40,830246	40,654451	41,301692
761,00	41,050258	60,588855	61,706603	60,414642	60,413319	60,379028	60,177249	60,458571	60,958028	60,422182	61,146289	42,565444	42,101899	41,131124	42,237037	41,215923	40,568984	42,103288	42,749798	40,905300	40,651143	99,942720	99,822623	60,683650	60,537153	60,641569	60,893261	100,107670	100,064814	40,861604	40,692532	41,321963
762,00	41,040698	60,665041	61,769593	60,461557	60,442519	60,434294	60,180235	60,484171	60,989988	60,490698	61,169446	42,572594	42,095208	41,151562	42,240465	41,227287	40,553585	42,105365	42,753497	40,899646	40,654963	99,995387	99,876994	60,738391	60,555631	60,702467	60,931045	100,103414	100,020635	40,899920	40,682113	41,339442
763,00	41,034618	60,694289	61,775661	60,503817	60,480100	60,466421	60,205877	60,515857	60,987437	60,531163	61,188984	42,591080	42,100430	41,184130	42,220992	41,249722	40,555990	42,121461	42,754272	40,911144	40,676010	100,003505	99,899590	60,768217	60,570467	60,703146	60,931283	100,077248	99,963933	40,891826	40,673783	41,346800
764,00	41,066319	60,734499	61,821246	60,542560	60,520273	60,493326	60,240740	60,584509	61,040610	60,559511	61,244994	42,606813	42,141357	41,196170	42,258778	41,281736	40,593109	42,125282	42,782360	40,936729	40,698087	100,026822	99,929708	60,787576	60,632902	60,736376	60,991836	100,018537	99,979395	40,903935	40,717775	41,376847
765,00	41,089740	60,730481	61,851209	60,547048	60,532284	60,512859	60,278606	60,625881	61,020267	60,559988	61,262667	42,630649	42,172039	41,199511	42,260358	41,300377	40,616527	42,152974	42,814651	40,983960	40,732142	99,983287	99,946594	60,793233	60,672879	60,754180	60,990679	100,009727	99,966407	40,903768	40,726092	41,394085
766,00	41,124231	60,762179	61,869335	60,585767	60,538679	60,553247	60,281038	60,649210	61,048049	60,584092	61,290240	42,657447	42,221901	41,235340	42,293522	41,326022	40,658689	42,180356	42,842221	41,016194	40,776867	100,025582	99,935728	60,841984	60,699415	60,783798	61,036325	100,035298	99,968475	40,953580	40,755367	41,403183
767,00	41,136777	60,778290	61,900485	60,588717	60,556692	60,581410	60,286152	60,661107	61,065966	60,605192	61,306959	42,697185	42,227376	41,267216	42,318076	41,346568	40,671182	42,225036	42,871594	41,029817	40,812165	100,033367	99,946207	60,881835	60,696995	60,773289	61,059153	100,067508	99,955630	40,960199	40,751180	41,427746
768,00	41,171438	60,815030	61,927384	60,636657	60,617620	60,596281	60,332853	60,669482	61,140835	60,643369	61,370581	42,702442	42,255712	41,305736	42,363217	41,363585	40,715778	42,245159	42,908996	41,057864	40,847087	100,014079	99,933374	60,907054	60,729051	60,791767	61,101514	100,065374	100,032377	40,985158	40,822843	41,485143
769,00	41,187999	60,846597	61,925298	60,643691	60,650223	60,640234	60,371172	60,684627	61,133289	60,684097	61,413097	42,723066	42,277515	41,323638	42,382199	41,384181	40,734485	42,263186	42,939413	41,067126	40,849248	99,998266	99,916148	60,953152	60,709876	60,832590	61,097926	100,003326	100,058413	40,989131	40,862751	41,508162
770,00	41,220164	60,873491	61,943066	60,660231	60,668039	60,661578	60,416186	60,676485	61,186785	60,687190	61,446553	42,723653	42,280594	41,340292	42,369395	41,409084	40,738124	42,293653	42,933169	41,088253	40,848702	99,943870	99,909830	60,945815	60,750228	60,881090	61,108738	100,001156	99,997276	41,034320	40,877673	41,551816
771,00	41,242453	60,904104	61,955869	60,680783	60,652101	60,704702	60,448927	60,747933	61,174893	60,709554	61,455905	42,764238	42,288417	41,350538	42,385074	41,429761	40,776885	42,310685	42,939413	41,123906	40,868703	100,008571	99,885857	60,990149	60,769773	60,929698	61,152083	99,982119	99,939203	41,038296	40,889826	41,563943
772,00	41,272923	60,909420	62,023830	60,725641	60,686022	60,718507	60,522646	60,810488	61,240542	60,766155	61,475354	42,787337	42,300907	41,363171	42,392391	41,433156	40,803945	42,314425	42,974773	41,122815	40,877455	99,951029	99,911928	60,974675	60,830092	60,939556	61,191118	99,967170	99,924499	41,033936	40,878850	41,589466
773,00	41,289985	60,932082	62,054157	60,781008	60,738969	60,776788	60,555446	60,877520	61,262339	60,811675	61,523974	42,811894	42,361411	41,400161	42,480960	41,446042	40,849227	42,344624	43,018687	41,165006	40,924510	99,995279	99,932349	61,028445	60,838747	60,961175	61,205357	99,950808	100,000918	41,043565	40,921342	41,585973
774,00	41,288221	60,941869	62,087339	60,799181	60,825258	60,791606	60,594881	60,913104	61,318254	60,863662	61,545944	42,824200	42,357937	41,428283	42,504895	41,469699	40,856874	42,371288	43,038371	41,151646	40,941358	99,965239	99,949682	61,076617	60,895944	60,951471	61,253476	99,983561	100,014925	41,072026	40,942913	41,597712
775,00	41,281554	60,983181	62,069976	60,839999	60,844660	60,847020	60,616946	60,923570	61,332732	60,846961	61,543614	42,843658	42,390606	41,476643	42,558444	41,499397	40,866360	42,425755	43,037716	41,217461	40,994966	99,998289	99,956846	61,120832	60,933071	60,981995	61,278826	100,040007	100,030148	41,095743	40,998489	41,601369
776,00	41,306356	61,037433	62,069422	60,861218	60,839444	60,880327	60,650516	60,969621	61,321580	60,902572	61,536115	42,864910	42,398036	41,491902	42,572814	41,519850	40,900642	42,423734	43,073931	41,234887	41,002434	100,037694	99,972266	61,147285	60,974610	61,031342	61,279142	100,025856	99,995661	41,111261	41,023552	41,617221
777,00	41,352174	61,079210	62,051272	60,877085	60,821563	60,925215	60,678983	60,955119	61,313051	60,905039	61,552459	42,896044	42,460936	41,517308	42,590016	41,546667	40,908250	42,465076	43,111661	41,270497	40,996760	100,006223	99,955386	61,141235	60,965657	61,033857	61,282909	100,020289	99,972510	41,132736	41,041425	41,619599
778,00	41,404617	61,121446	62,097973	60,904199	60,832721	60,954255	60,699940	60,994929	61,349362	60,957307	61,597615	42,918506	42,491192	41,517612	42,618671	41,580433	40,936780	42,470255	43,145075	41,284484	41,001090	100,053072	99,907756	61,184704	60,990161	61,098051	61,306828	100,010097	99,976379	41,174197	41,067582	41,634876
779,00	41,429302	61,125731	62,149262	60,954601	60,861510	60,974503	60,711551	60,989630	61,397642	60,988134	61,662138	42,936265	42,517105	41,540393	42,625132	41,602001	40,944272	42,517120	43,145740	41,320333	41,016978	100,034308	99,884856	61,224735	61,027128	61,111426	61,355877	100,040734	99,970376	41,208264	41,078869	41,672820
780,00	41,447079	61,152494	62,242776	61,000621	60,926104	60,994977	60,722584	61,018950	61,443865	61,024100	61,692262	42,905438	42,538235	41,537505	42,675701	41,605914	40,981266	42,532948	43,177304	41,319385	41,060582	100,066364	99,926078	61,264479	61,107713	61,154348	61,381960	99,990636	100,024331	41,233686	41,080731	41,689900
781,00	41,462037	61,172837	62,254071	61,004019	60,962844	61,011922	60,711664	61,025959	61,461735	61,029917	61,701429	42,947465	42,522508	41,588271	42,670196	41,629195	40,985489	42,567623	43,188751	41,341472	41,048542	100,048566	99,963379	61,278653	61,121505	61,174166	61,385667	100,011051	99,963951	41,267124	41,069040	41,739339
782,00	41,460374	61,206818	62,232852	61,005187	60,972065	61,051959	60,737050	61,059523	61,484820	61,065626	61,697811	42,977297	42,515317	41,633487	42,668030	41,639012	40,960962	42,606691	43,203473	41,341314	41,041225	100,054240	99,935019	61,319900	61,133975	61,217982	61,406451	100,027347	99,955630	41,320574	41,065007	41,740835
783,00	41,466424	61,233598	62,197775	61,025685	60,979199	61,101943	60,775912	61,088955	61,515850	61,112839	61,722350	43,043521	42,536119	41,680878	42,649961	41,673133	40,948823	42,617309	43,194112	41,378590	41,048586	100,004339	99,946249	61,290121	61,124134	61,258841	61,414564	100,075662	99,856973	41,338193	41,089642	41,785890
784,00	41,475052	61,238170	62,261993	61,023819	61,034876	61,121327	60,842967	61,112440	61,583364	61,130095	61,803377	43,038529	42,567921	41,661102	42,674682	41,678324	40,969586	42,637226	43,222168	41,388962	41,069198	99,979281	99,989569	61,293256	61,161411	61,256182	61,440885	100,007629	99,851137	41,345704	41,133624	41,812176
785,00	41,521251	61,266768	62,263125	61,043370	61,031389	61,165035	60,820544	61,114687	61,560547	61,123669	61,822629	43,058154	42,615855	41,662276	42,715451	41,685227	41,023594	42,625996	43,244863	41,395214	41,133592	99,985647	99,943441	61,295152	61,179823	61,276978	61,439663	99,965513	99,842674	41,323861	41,177890	41,826266
786,00	41,557199	61,314452	62,328845	61,098623	61,061037	61,208332	60,813093	61,170423	61,557174	61,160558	61,826187	43,079913	42,635146	41,674820	42,765644	41,703761	41,076112	42,689219	43,277821	41,447681	41,151774	100,052905	99,867898	61,378998	61,156493	61,341465	61,433452	99,964315	99,910825	41,369289	41,225487	41,843334
787,00	41,594326	61,339033	62,328815	61,163533	61,086828	61,197072	60,809469	61,239636	61,507916	61,204100	61,781633	43,081436	42,680073	41,709748	42,809156	41,744244	41,110447	42,719877	43,309224	41,476682	41,224280	100,057578	99,796730	61,446089	61,140531	61,360455	61,443722	100,054312	99,967337	41,401586	41,231841	41,860962
788,00	41,602588	61,335409	62,435549	61,200833	61,153841	61,203414	60,863328	61,277390	61,562103	61,235309	61,797380	43,097758	42,694458	41,725856	42,804545	41,787356	41,117820	42,732412	43,345448	41,507077	41,231146	100,045097	99,848783	61,472148	61,203128	61,374909	61,499143	100,092316	99,960291	41,431424	41,247639	41,900817
789,00	41,614628	61,330682	62,428421	61,189663	61,187452	61,194813	60,902280	61,262155	61,580861	61,226320	61,833173	43,133214	42,700139	41,780102	42,803243	41,812730	41,092926	42,716411	43,346375	41,519928	41,227901	100,022662	99,875665	61,472106	61,276555	61,375028	61,523968	100,150144	99,904847	41,458023	41,222900	41,923511
790,00	41,633025	61,340964	62,443179	61,224866	61,206585	61,251426	60,951734	61,245590	61,637539	61,212575	61,868972	43,196627	42,704773	41,812661	42,780903	41,833618	41,120219	42,756438	43,363017	41,531238	41,219845	100,013268	99,955833	61,447984	61,352110	61,405486	61,589086	100,177562	99,874490	41,517371	41,241017	41,970444
791,00	41,666600	61,368388	62,461060	61,237043	61,245346	61,256427	61,017632	61,255252	61,687624	61,195070	61,939877	43,226969	42,730317	41,846129	42,818356	41,839513	41,148803	42,781734	43,402404	41,577259	41,232106	99,987978	99,989694	61,429578	61,412603	61,389428	61,659408	100,196195	99,906075	41,546527	41,269565	41,966802
792,00	41,696742	61,396819	62,509966	61,261934	61,232013	61,254901	61,035079	61,258334	61,714709	61,212373	61,971664	43,212819	42,765844	41,827556	42,857549	41,847721	41,212204	42,785233	43,457118	41,578332	41,262254	99,978417	99,991858	61,441576	61,409056	61,406541	61,698800	100,073659	99,909329	41,530323	41,317841	41,958866
793,00	41,725051	61,430722	62,545443	61,260068	61,250216	61,244291	61,028606	61,267620	61,729568	61,233282	61,989135	43,222934	42,800686	41,841647	42,931241	41,843399	41,242528	42,767772	43,489704	41,588956	41,294423	100,023234	99,887979	61,445409	61,392337	61,421645	61,717314	99,989438	99,940103	41,501141	41,359115	41,937882
794,00	41,736436	61,459899	62,548155	61,295515	61,245579	61,227888	61,030489	61,318284	61,748201	61,266857	61,981702	43,234608	42,826462	41,875225	42,968723	41,891372	41,277331	42,802611	43,495044	41,560087	41,318139	100,037420	99,907005	61,473697	61,331099	61,467510	61,694050	99,964476	99,948031	41,504461	41,379926	41,972533
795,00	41,737354	61,450189	62,562227	61,310971	61,276400	61,229306	61,056250	61,331958	61,774749	61,263639	62,028223	43,250397	42,834011	41,922423	42,973998	41,893178	41,299209	42,846969	43,473682	41,571057	41,350734	100,008643	99,936849	61,453688	61,398321	61,413288	61,763209	100,020552	99,958581	41,533509	41,407666	42,018738
796,00	41,753513	61,502427	62,613237	61,342818	61,268711	61,250550	61,118597	61,362934	61,812967	61,292511	62,074172	43,248749	42,853954	41,946149	42,973188	41,899219	41,317487	42,854297	43,489277	41,606939	41,367358	100,001061	99,999064	61,508638	61,436141	61,386514	61,788416	100,026512	99,966002	41,556531	41,425988	42,048559
797,00	41,795483	61,542028	62,657702	61,355978	61,299783	61,285096	61,145997	61,377543	61,808103	61,329669	62,112474	43,286377	42,857468	41,932485	42,980421	41,887146	41,366032	42,873028	43,518397	41,626889	41,409495	100,009251	100,003314	61,535132	61,478925	61,416745	61,814284	100,004792	99,971557	41,567943	41,490728	42,044935
798,00	41,834506	61,602283	62,693286	61,406940	61,330140	61,332929	61,163920	61,445099	61,835909	61,358660	62,104553	43,328908	42,895740	41,938823	43,026927	41,913903	41,372767	42,887864	43,573180	41,644391	41,433680	100,078917	100,012469	61,587065	61,455613	61,498851	61,792314	99,969047	100,016260	41,571689	41,529918	42,034256
799,00	41,861427	61,612684	62,674451	61,397856	61,327857	61,343455	61,106950	61,472642	61,782670	61,366153	62,102950	43,396851	42,910367	41,963699	43,045971	41,940650	41,393200	42,958999	43,608600	41,668528	41,456717	100,049162	99,992269	61,566144	61,445528	61,560518	61,789703	99,995840	99,971521	41,587859	41,560256	42,067912
800,00	41,869968	61,637777	62,656981	61,397046	61,323714	61,349320	61,062342	61,485821	61,740708	61,369169	62,078947	43,425629	42,937270	42,001307	43,061909	41,950729	41,388530	42,995220	43,634182	41,714275	41,466716	100,042260	99,943334	61,574149	61,416352	61,569810	61,779630	100,011778	99,940985	41,602570	41,553146	42,125469
