Wavelength nm.	TIETE_AR_M03_A_NF_CDOM	IBI_BLANK_M01_A_NF_CDOM	IBI_BLANK_M02_A_NF_CDOM	IBI_BLANK_M03_A_NF_CDOM	IBI_BLANK_M04_A_NF_CDOM	IBI_BLANK_M05_A_NF_CDOM	IBI_BLANK_M06_A_NF_CDOM	IBI_BLANK_M07_A_NF_CDOM	IBI_SAMPLE_P01_A_NF_CDOM	IBI_SAMPLE_P01_A_F_CDOM	IBI_SAMPLE_P01_B_NF_CDOM	IBI_SAMPLE_P01_B_F_CDOM	IBI_SAMPLE_P01_C_NF_CDOM	IBI_SAMPLE_P01_C_F_CDOM	IBI_SAMPLE_P02_A_NF_CDOM	IBI_SAMPLE_P02_A_F_CDOM	IBI_SAMPLE_P02_B_NF_CDOM	IBI_SAMPLE_P02_B_F_CDOM	IBI_SAMPLE_P02_C_NF_CDOM	IBI_SAMPLE_P02_C_F_CDOM	IBI_SAMPLE_P03_A_NF_CDOM	IBI_SAMPLE_P03_A_F_CDOM	IBI_SAMPLE_P03_B_NF_CDOM	IBI_SAMPLE_P03_B_F_CDOM	IBI_SAMPLE_P03_C_NF_CDOM	IBI_SAMPLE_P03_C_F_CDOM	TIETE_AR_M01_A_NF_CDOM	TIETE_AR_M02_A_NF_CDOM
220,00	0,000064	0,106481	0,103329	0,104199	0,103423	0,104928	0,105064	0,107016	4,291729	4,310747	4,273977	4,293492	4,256646	4,305689	4,351017	4,293374	4,363417	4,284930	4,402590	4,326427	4,301090	4,259830	4,318185	4,271426	4,305269	4,278176	0,000063	0,000095
221,00	0,000092	0,103825	0,100963	0,102004	0,101256	0,102616	0,103179	0,105027	4,312400	4,258573	4,290038	4,280808	4,279468	4,285437	4,362846	4,373822	4,389421	4,331327	4,369478	4,351988	4,319145	4,299736	4,287462	4,277057	4,303276	4,320676	-0,000037	0,000189
222,00	-0,000008	0,101803	0,098964	0,099989	0,099361	0,100687	0,100836	0,102644	4,307956	4,279869	4,283823	4,298983	4,274251	4,297122	4,350089	4,339081	4,376606	4,345651	4,332131	4,372700	4,356670	4,289312	4,353391	4,275236	4,299897	4,284967	-0,000020	0,000146
223,00	-0,000007	0,099859	0,097156	0,098595	0,097543	0,099013	0,099199	0,100784	4,296770	4,330281	4,329216	4,302944	4,331485	4,297700	4,339252	4,326019	4,374995	4,338286	4,322556	4,316615	4,333056	4,288348	4,318938	4,317687	4,334123	4,312263	-0,000061	-0,000022
224,00	0,000149	0,098020	0,095525	0,096379	0,095523	0,097242	0,097262	0,099152	4,316035	4,288351	4,324090	4,274505	4,286562	4,302543	4,289311	4,226036	4,299563	4,221326	4,292417	4,229605	4,345791	4,285349	4,326039	4,332616	4,364828	4,294123	-0,000069	-0,000130
225,00	-0,000043	0,096037	0,093808	0,095034	0,094023	0,095701	0,095807	0,097491	4,301731	4,306244	4,309993	4,313680	4,348124	4,339611	4,192390	4,090053	4,182916	4,091484	4,179563	4,107807	4,348861	4,307777	4,333739	4,319308	4,311923	4,308434	-0,000157	0,000104
226,00	-0,000139	0,094227	0,092025	0,093182	0,092343	0,094075	0,094143	0,095938	4,357867	4,303149	4,285415	4,288826	4,281128	4,292086	3,970683	3,913902	3,988939	3,909183	3,971487	3,901041	4,318525	4,274130	4,317881	4,281078	4,294220	4,296381	-0,000272	0,000130
227,00	-0,000053	0,092765	0,090714	0,092011	0,091110	0,092585	0,092786	0,094546	4,288775	4,278534	4,281969	4,311178	4,259661	4,286126	3,733195	3,656684	3,756445	3,656271	3,738466	3,650794	4,243256	4,211519	4,253047	4,243860	4,265399	4,239552	-0,000334	-0,000044
228,00	0,000057	0,090997	0,089495	0,090322	0,089650	0,091320	0,091623	0,093281	4,216177	4,190223	4,209737	4,191153	4,200489	4,208488	3,486147	3,395625	3,490926	3,389523	3,491743	3,395851	4,127455	4,105346	4,145013	4,123329	4,154937	4,096647	-0,000073	0,000094
229,00	-0,000119	0,089565	0,087839	0,089147	0,088289	0,090107	0,090342	0,092076	4,075370	4,069214	4,031334	4,043062	4,058580	4,084139	3,242893	3,149779	3,242593	3,146710	3,247525	3,142660	3,935447	3,928378	3,920326	3,906499	3,961055	3,930605	-0,000170	0,000039
230,00	-0,000049	0,088138	0,086665	0,087831	0,087133	0,088778	0,088728	0,090688	3,805924	3,843290	3,803107	3,829771	3,814297	3,851164	3,025821	2,917006	3,023773	2,914778	3,019334	2,918772	3,659864	3,633116	3,653675	3,636360	3,658295	3,640274	-0,000137	0,000099
231,00	-0,000061	0,086897	0,085764	0,086289	0,085610	0,087475	0,087500	0,089245	3,517009	3,541302	3,509548	3,533486	3,520220	3,543269	2,808322	2,702235	2,809564	2,705395	2,807947	2,706641	3,351994	3,326136	3,345114	3,324206	3,346369	3,327928	0,000176	-0,000153
232,00	-0,000052	0,085176	0,084473	0,085237	0,084734	0,086270	0,086358	0,088155	3,217223	3,238002	3,216003	3,230244	3,214911	3,233818	2,623637	2,520168	2,623889	2,518225	2,620575	2,519188	3,054908	3,028892	3,053837	3,028062	3,057922	3,035312	-0,000184	-0,000018
233,00	-0,000182	0,084026	0,083364	0,084084	0,083256	0,085027	0,085535	0,087110	2,936987	2,947789	2,933856	2,945365	2,940215	2,950073	2,459779	2,358935	2,459008	2,357949	2,456450	2,353544	2,792279	2,768338	2,794801	2,770624	2,793853	2,768195	-0,000142	-0,000129
234,00	-0,000317	0,083188	0,082539	0,083015	0,082413	0,084029	0,084339	0,085950	2,678904	2,687406	2,675145	2,687243	2,679822	2,686491	2,316494	2,215402	2,316255	2,212652	2,314300	2,209023	2,557739	2,531317	2,557870	2,533188	2,563383	2,529340	0,000048	0,000057
235,00	-0,000246	0,081709	0,081237	0,081977	0,081407	0,083297	0,083313	0,084835	2,451581	2,456903	2,449839	2,455155	2,452841	2,454089	2,191748	2,089345	2,189614	2,087016	2,187376	2,085475	2,349045	2,324982	2,352170	2,323826	2,356123	2,324215	-0,000219	-0,000093
236,00	-0,000038	0,080572	0,080241	0,081016	0,080313	0,082113	0,082251	0,083968	2,254081	2,253133	2,252457	2,254991	2,255424	2,254214	2,082588	1,979930	2,081851	1,977934	2,078121	1,975073	2,170676	2,147760	2,174735	2,144762	2,177631	2,143524	-0,000257	-0,000183
237,00	-0,000109	0,080098	0,079616	0,079802	0,079419	0,081100	0,081628	0,083201	2,081005	2,077729	2,080149	2,080856	2,083143	2,076620	1,987712	1,883907	1,986294	1,883170	1,982660	1,880008	2,018244	1,992044	2,020140	1,990489	2,022485	1,989744	0,000064	-0,000314
238,00	-0,000023	0,078862	0,078322	0,079202	0,078750	0,080359	0,080830	0,082353	1,932817	1,927072	1,931707	1,928483	1,935733	1,925956	1,906234	1,800968	1,905009	1,801184	1,900443	1,798194	1,887134	1,861864	1,888338	1,860229	1,891236	1,858275	-0,000069	-0,000122
239,00	-0,000137	0,078261	0,077873	0,078609	0,077785	0,079510	0,079633	0,081289	1,810395	1,801591	1,807673	1,802467	1,811203	1,799346	1,835221	1,731929	1,834021	1,731770	1,830426	1,730969	1,777726	1,752940	1,778912	1,751935	1,781940	1,750263	0,000054	-0,000145
240,00	-0,000161	0,077297	0,076924	0,077700	0,077140	0,078886	0,079228	0,080725	1,703012	1,694595	1,699364	1,695071	1,703123	1,692580	1,774366	1,672381	1,773731	1,672890	1,769881	1,671188	1,684546	1,658325	1,685933	1,658410	1,688316	1,657625	-0,000245	-0,000217
241,00	-0,000039	0,076700	0,076454	0,077316	0,076433	0,078146	0,078545	0,079784	1,612678	1,602522	1,609591	1,603789	1,611738	1,601056	1,720015	1,620117	1,719806	1,619948	1,716465	1,618119	1,603140	1,579041	1,605580	1,578654	1,607996	1,577329	-0,000185	-0,000077
242,00	-0,000006	0,076324	0,075998	0,076678	0,075840	0,077503	0,077614	0,079082	1,536669	1,525896	1,533260	1,527107	1,535209	1,524174	1,674240	1,575487	1,674344	1,575600	1,670786	1,572905	1,537862	1,513426	1,539905	1,512506	1,542089	1,510757	-0,000046	-0,000048
243,00	-0,000059	0,075626	0,075287	0,075929	0,075338	0,076962	0,077092	0,078442	1,471941	1,460472	1,468757	1,462651	1,470481	1,460313	1,634132	1,535596	1,633207	1,535527	1,630727	1,533486	1,481032	1,457193	1,483936	1,455335	1,485513	1,454132	-0,000136	0,000019
244,00	-0,000155	0,074996	0,074662	0,075608	0,074711	0,076409	0,076305	0,077924	1,415692	1,403309	1,412807	1,406221	1,413701	1,403249	1,597400	1,499757	1,596735	1,499442	1,594485	1,497046	1,431248	1,407123	1,433369	1,405363	1,435432	1,404167	-0,000235	-0,000012
245,00	-0,000238	0,074504	0,074036	0,074991	0,074241	0,075896	0,075657	0,077258	1,367887	1,355143	1,365295	1,358164	1,365699	1,355144	1,564753	1,468694	1,564970	1,467786	1,563366	1,465731	1,389415	1,364039	1,390812	1,363259	1,392270	1,361449	-0,000225	0,000154
246,00	-0,000155	0,074091	0,073332	0,074389	0,073443	0,075138	0,075062	0,076451	1,327491	1,314332	1,325207	1,316388	1,325784	1,313293	1,536305	1,439564	1,536740	1,439865	1,534116	1,438285	1,352561	1,327123	1,353878	1,326581	1,355277	1,325638	-0,000136	0,000155
247,00	0,000034	0,073789	0,072938	0,073864	0,072863	0,074448	0,074820	0,076274	1,291912	1,279887	1,289358	1,280243	1,290132	1,277989	1,510002	1,415213	1,510496	1,414982	1,508514	1,413333	1,321383	1,296267	1,322381	1,295500	1,323845	1,294681	-0,000142	-0,000063
248,00	-0,000093	0,073476	0,072639	0,073628	0,072646	0,074153	0,074095	0,075680	1,262413	1,249736	1,259816	1,250825	1,260758	1,248764	1,487710	1,393093	1,488103	1,393357	1,486164	1,391533	1,294170	1,269068	1,295079	1,269095	1,297292	1,268680	0,000041	0,000120
249,00	-0,000159	0,073006	0,071975	0,073084	0,072289	0,073638	0,073412	0,074973	1,236413	1,223595	1,234239	1,224990	1,235430	1,223057	1,467557	1,374359	1,468102	1,373899	1,465765	1,371927	1,270847	1,246666	1,271997	1,246172	1,273688	1,245376	-0,000194	0,000101
250,00	-0,000297	0,072606	0,071688	0,072451	0,071604	0,072819	0,073078	0,074272	1,214580	1,201545	1,212213	1,202284	1,212679	1,200732	1,448724	1,356116	1,449025	1,355449	1,446660	1,353501	1,249920	1,226081	1,251505	1,225205	1,253230	1,224522	-0,000226	-0,000096
251,00	-0,000097	0,072349	0,071214	0,072191	0,070978	0,072714	0,072741	0,074229	1,194991	1,181308	1,192491	1,182571	1,193103	1,181717	1,431392	1,339332	1,431720	1,338628	1,429558	1,337127	1,232021	1,208220	1,233719	1,207484	1,235242	1,206410	-0,000138	0,000044
252,00	-0,000145	0,072041	0,070832	0,071599	0,070815	0,072245	0,072251	0,073418	1,177363	1,163963	1,174917	1,164894	1,175612	1,164092	1,414626	1,323556	1,415507	1,323173	1,413608	1,321088	1,215152	1,190964	1,216933	1,190410	1,218682	1,188989	-0,000256	0,000093
253,00	0,000037	0,071824	0,070481	0,071393	0,070412	0,071707	0,071893	0,073251	1,161159	1,147160	1,158733	1,148642	1,159627	1,147515	1,399533	1,308890	1,399990	1,308379	1,398580	1,306198	1,199835	1,175850	1,201269	1,174593	1,203111	1,173952	-0,000180	0,000038
254,00	0,000003	0,071543	0,069926	0,070923	0,070028	0,071234	0,071422	0,072867	1,146728	1,133049	1,144630	1,133688	1,145316	1,132528	1,385024	1,294573	1,386088	1,294493	1,383808	1,292560	1,185838	1,161759	1,187134	1,160726	1,188856	1,160485	-0,000093	0,000151
255,00	-0,000149	0,070947	0,069374	0,070358	0,069511	0,070903	0,071003	0,072444	1,132624	1,118587	1,130265	1,119704	1,131204	1,118218	1,370895	1,280319	1,371093	1,280174	1,369317	1,278943	1,172408	1,147941	1,173735	1,147405	1,175493	1,146442	-0,000365	-0,000009
256,00	-0,000027	0,070921	0,069412	0,070212	0,069212	0,070351	0,070656	0,072049	1,120141	1,105983	1,117837	1,106882	1,118350	1,105525	1,357751	1,267326	1,358086	1,267688	1,355949	1,266254	1,159905	1,135243	1,161183	1,134648	1,162905	1,134293	-0,000069	0,000033
257,00	-0,000118	0,070748	0,068877	0,069879	0,068880	0,070156	0,070345	0,071616	1,107927	1,093591	1,105784	1,094798	1,106463	1,093135	1,344983	1,255196	1,345211	1,254936	1,343297	1,253222	1,147713	1,123161	1,149068	1,123136	1,150662	1,121972	-0,000177	-0,000047
258,00	-0,000182	0,070437	0,068574	0,069734	0,068644	0,069765	0,069896	0,071289	1,096706	1,081707	1,093999	1,082832	1,094772	1,081236	1,331291	1,242528	1,331700	1,242933	1,330404	1,240880	1,136377	1,111836	1,137831	1,111449	1,139030	1,110126	-0,000204	-0,000175
259,00	-0,000076	0,070268	0,068208	0,069191	0,068276	0,069320	0,069583	0,070999	1,085265	1,070487	1,082770	1,071552	1,083430	1,070323	1,318477	1,230441	1,319087	1,230635	1,317472	1,228197	1,125174	1,100839	1,126823	1,100263	1,127746	1,099122	-0,000221	-0,000128
260,00	-0,000286	0,070072	0,067988	0,069087	0,068130	0,069055	0,069084	0,070472	1,074345	1,059855	1,072102	1,060317	1,072368	1,059093	1,306287	1,218671	1,306845	1,218624	1,304937	1,216634	1,114245	1,090016	1,115484	1,089303	1,117047	1,088483	-0,000102	0,000133
261,00	-0,000162	0,069914	0,067691	0,068515	0,067506	0,068545	0,069032	0,070250	1,063721	1,048730	1,061737	1,049834	1,061925	1,048409	1,293904	1,206658	1,294211	1,206348	1,292991	1,204709	1,103708	1,079171	1,104900	1,078619	1,106377	1,077335	-0,000224	0,000030
262,00	-0,000250	0,069585	0,067612	0,068501	0,067465	0,068461	0,068589	0,069829	1,053399	1,038239	1,051065	1,039319	1,051533	1,038128	1,281739	1,194691	1,282032	1,194555	1,280875	1,193287	1,092913	1,068663	1,093844	1,067641	1,095681	1,066421	-0,000177	-0,000152
263,00	-0,000167	0,069391	0,067095	0,068302	0,067225	0,068178	0,068420	0,069795	1,042995	1,027969	1,040520	1,028588	1,040934	1,027209	1,269521	1,183226	1,269588	1,182839	1,267864	1,181437	1,082388	1,057861	1,083606	1,057108	1,084767	1,056280	-0,000284	0,000042
264,00	-0,000058	0,069450	0,067176	0,068030	0,067168	0,068100	0,068119	0,069643	1,032755	1,017694	1,030133	1,018540	1,030489	1,017152	1,257054	1,171483	1,257645	1,171632	1,256270	1,169986	1,071524	1,047176	1,072729	1,046335	1,074179	1,045918	0,000100	0,000254
265,00	-0,000039	0,068948	0,066905	0,067826	0,066939	0,067950	0,067911	0,069287	1,022272	1,006947	1,019975	1,007977	1,020126	1,006812	1,244687	1,159499	1,244860	1,159825	1,243416	1,158140	1,060634	1,036555	1,061839	1,035890	1,063702	1,035256	-0,000046	0,000089
266,00	-0,000242	0,068947	0,066692	0,067541	0,066638	0,067510	0,067678	0,069005	1,011611	0,996513	1,009160	0,997461	1,009880	0,995999	1,231905	1,147444	1,232505	1,147253	1,231204	1,146222	1,049717	1,025558	1,050815	1,024883	1,052699	1,023831	-0,000212	-0,000091
267,00	-0,000136	0,068627	0,066403	0,067198	0,066362	0,067317	0,067304	0,068627	1,000650	0,985324	0,997961	0,986322	0,998304	0,985262	1,219040	1,134901	1,219691	1,135056	1,218113	1,133342	1,037886	1,014451	1,039360	1,013870	1,041063	1,012959	-0,000130	0,000109
268,00	-0,000066	0,068547	0,066255	0,067208	0,066285	0,067144	0,067228	0,068442	0,989502	0,974186	0,986951	0,974999	0,987599	0,974076	1,205775	1,122470	1,206455	1,122385	1,205006	1,120556	1,027049	1,002775	1,027998	1,002246	1,029637	1,001492	0,000048	0,000106
269,00	-0,000120	0,068102	0,065881	0,066724	0,065754	0,066871	0,066850	0,068229	0,978038	0,962952	0,975438	0,963526	0,976193	0,962466	1,193164	1,109642	1,193337	1,109791	1,191926	1,108016	1,015414	0,991144	1,015901	0,990490	1,017800	0,990138	-0,000328	0,000002
270,00	0,000022	0,067847	0,065750	0,066538	0,065681	0,066552	0,066679	0,068091	0,967162	0,951702	0,964297	0,952590	0,964821	0,951462	1,179520	1,097048	1,180094	1,096772	1,178515	1,095248	1,003498	0,979781	1,004355	0,979150	1,006117	0,978580	-0,000170	0,000139
271,00	-0,000131	0,067651	0,065473	0,066177	0,065449	0,066289	0,066456	0,067866	0,955204	0,939854	0,952543	0,940860	0,953000	0,939526	1,165753	1,083795	1,165941	1,083965	1,164339	1,082161	0,991122	0,967854	0,992201	0,967205	0,993996	0,966404	-0,000089	0,000050
272,00	-0,000005	0,067361	0,065229	0,066124	0,065114	0,066046	0,066351	0,067625	0,943172	0,928095	0,940558	0,928837	0,941465	0,927700	1,152211	1,070457	1,152002	1,070602	1,150756	1,069253	0,979252	0,955555	0,980106	0,955066	0,981835	0,954502	-0,000076	-0,000282
273,00	-0,000244	0,066939	0,064985	0,065733	0,064849	0,065784	0,065878	0,067225	0,931451	0,916389	0,928646	0,917267	0,929299	0,915901	1,138219	1,057092	1,138355	1,057381	1,137427	1,055515	0,966813	0,943239	0,967758	0,942819	0,969285	0,941827	-0,000082	-0,000191
274,00	-0,000155	0,066940	0,064781	0,065807	0,064820	0,065800	0,065928	0,067015	0,919399	0,904437	0,916785	0,905306	0,917211	0,904067	1,124255	1,043550	1,124666	1,043399	1,122966	1,042277	0,954073	0,931041	0,955318	0,930567	0,956663	0,929440	-0,000022	-0,000026
275,00	-0,000172	0,066520	0,064660	0,065355	0,064758	0,065783	0,065723	0,066973	0,907160	0,892012	0,904563	0,893050	0,904942	0,892110	1,110145	1,030345	1,110140	1,030243	1,108948	1,028801	0,941551	0,919000	0,942658	0,918155	0,944237	0,917384	-0,000235	0,000061
276,00	-0,000105	0,066309	0,064501	0,065142	0,064214	0,065113	0,065534	0,066686	0,895267	0,879819	0,892505	0,881276	0,893000	0,880334	1,095798	1,016801	1,096266	1,016269	1,094448	1,015298	0,928959	0,906014	0,930291	0,905887	0,931240	0,904829	-0,000182	-0,000129
277,00	-0,000290	0,065800	0,064214	0,064987	0,064166	0,065030	0,065143	0,066384	0,882940	0,867584	0,880083	0,868675	0,880382	0,867792	1,081738	1,002657	1,082164	1,002849	1,080583	1,001340	0,915745	0,893569	0,916911	0,892643	0,918367	0,892126	-0,000369	0,000211
278,00	-0,000124	0,065642	0,063981	0,064660	0,063994	0,064756	0,065248	0,066334	0,870196	0,855351	0,867842	0,856255	0,868024	0,855231	1,067303	0,988596	1,067622	0,988880	1,065822	0,987764	0,903250	0,880633	0,904166	0,880269	0,905705	0,879719	-0,000109	-0,000161
279,00	-0,000187	0,065283	0,063744	0,064438	0,063667	0,064686	0,064681	0,066080	0,857751	0,843018	0,855349	0,843531	0,855636	0,842761	1,052768	0,974942	1,052701	0,975237	1,051586	0,973378	0,889858	0,867928	0,891025	0,867640	0,892813	0,867025	-0,000138	0,000029
280,00	-0,000192	0,064901	0,063366	0,064295	0,063466	0,064475	0,064544	0,065763	0,845027	0,830082	0,842053	0,831265	0,842891	0,830200	1,037476	0,960410	1,037848	0,960822	1,036879	0,959444	0,876648	0,854791	0,877625	0,854459	0,879368	0,853875	-0,000182	-0,000128
281,00	-0,000075	0,064565	0,063360	0,063930	0,063308	0,064184	0,064493	0,065706	0,832623	0,817902	0,830014	0,818865	0,830383	0,817768	1,023272	0,946746	1,023461	0,946818	1,021908	0,945219	0,864215	0,842152	0,865139	0,841857	0,866742	0,841114	-0,000040	-0,000040
282,00	0,000028	0,064196	0,062912	0,063689	0,063079	0,063890	0,064233	0,065564	0,820327	0,805723	0,817454	0,806316	0,818043	0,805510	1,008848	0,932939	1,009374	0,932730	1,007795	0,931123	0,851123	0,829210	0,852219	0,828989	0,853555	0,828512	-0,000013	-0,000032
283,00	-0,000073	0,063785	0,062812	0,063593	0,062925	0,063758	0,064124	0,065282	0,807280	0,793017	0,804933	0,793516	0,805093	0,792679	0,993674	0,917853	0,993883	0,918173	0,992379	0,916907	0,837595	0,816129	0,838360	0,815560	0,839885	0,815004	-0,000311	-0,000024
284,00	-0,000298	0,063241	0,062625	0,063546	0,062805	0,063742	0,063726	0,064969	0,794759	0,780322	0,792328	0,780864	0,792307	0,780167	0,978847	0,904034	0,979177	0,904220	0,977796	0,902815	0,824540	0,802872	0,825539	0,802546	0,826644	0,802118	-0,000359	0,000097
285,00	0,000032	0,062942	0,062401	0,062871	0,062050	0,063235	0,063736	0,064907	0,782141	0,767965	0,779804	0,768571	0,780126	0,767704	0,963720	0,889312	0,963814	0,889613	0,962273	0,888279	0,810769	0,789899	0,812125	0,789808	0,813947	0,789042	-0,000225	-0,000228
286,00	-0,000130	0,062646	0,062273	0,063144	0,062305	0,063431	0,063562	0,064778	0,770058	0,755635	0,767476	0,756313	0,768121	0,755456	0,949643	0,875609	0,949808	0,876172	0,948539	0,874726	0,798425	0,777517	0,799767	0,777035	0,800995	0,776609	-0,000360	0,000219
287,00	-0,000265	0,062513	0,062009	0,062918	0,062082	0,063391	0,063182	0,064332	0,757619	0,743302	0,755482	0,744208	0,755747	0,743464	0,934960	0,861348	0,935024	0,861550	0,933931	0,860496	0,785524	0,764729	0,786616	0,764122	0,787886	0,763596	-0,000333	0,000123
288,00	-0,000191	0,062037	0,061849	0,062563	0,061921	0,062929	0,062945	0,064106	0,745401	0,730984	0,742973	0,732157	0,743434	0,731219	0,920224	0,847155	0,919919	0,847287	0,918856	0,846045	0,772443	0,751741	0,773756	0,751546	0,775298	0,751116	-0,000201	-0,000014
289,00	-0,000250	0,061530	0,061538	0,062337	0,061579	0,062718	0,062755	0,063881	0,733314	0,718985	0,731034	0,719917	0,731293	0,718951	0,905802	0,833399	0,905853	0,833615	0,904564	0,832268	0,759861	0,739613	0,761016	0,739164	0,762276	0,738437	-0,000303	0,000072
290,00	-0,000170	0,061478	0,061437	0,062225	0,061587	0,062541	0,062597	0,063676	0,721062	0,707086	0,718612	0,707703	0,719194	0,706823	0,891175	0,819126	0,891267	0,819193	0,890020	0,818324	0,746754	0,726520	0,747871	0,726274	0,749376	0,725679	-0,000243	0,000173
291,00	-0,000053	0,061301	0,061070	0,062027	0,061480	0,062487	0,062646	0,063800	0,709699	0,695293	0,707106	0,696188	0,707159	0,695265	0,876855	0,805706	0,877318	0,805758	0,875831	0,804731	0,734408	0,714471	0,736026	0,714389	0,736694	0,713886	-0,000160	0,000156
292,00	-0,000211	0,061020	0,061034	0,061945	0,061196	0,062231	0,062332	0,063490	0,697300	0,683464	0,694803	0,684136	0,695319	0,683314	0,862757	0,792247	0,862662	0,792111	0,861566	0,790964	0,721988	0,702302	0,722950	0,702058	0,724512	0,701157	-0,000040	0,000106
293,00	0,000037	0,060593	0,060826	0,061687	0,060892	0,062169	0,062080	0,063167	0,685466	0,671469	0,682850	0,672403	0,683289	0,671428	0,848528	0,778212	0,848785	0,778692	0,847401	0,777394	0,709431	0,690044	0,710768	0,689659	0,711995	0,689188	-0,000298	0,000100
294,00	-0,000505	0,060323	0,060570	0,061406	0,060814	0,061795	0,061678	0,062794	0,674076	0,660266	0,671645	0,661064	0,671838	0,659835	0,834674	0,765387	0,835007	0,765432	0,833553	0,764398	0,697346	0,678109	0,698501	0,677763	0,699955	0,677411	-0,000247	0,000140
295,00	-0,000252	0,060040	0,060524	0,061404	0,060578	0,061891	0,061512	0,062684	0,662932	0,649127	0,660668	0,650152	0,660834	0,649086	0,821253	0,752336	0,821554	0,752721	0,820325	0,751596	0,685682	0,666524	0,686774	0,666174	0,688130	0,665856	-0,000156	0,000176
296,00	0,000036	0,059915	0,060357	0,061114	0,060583	0,061533	0,061686	0,062712	0,652040	0,638404	0,649897	0,639428	0,649671	0,638153	0,808284	0,739938	0,808691	0,740452	0,807454	0,739222	0,674618	0,655522	0,675799	0,655400	0,676960	0,654715	-0,000197	0,000186
297,00	-0,000138	0,059731	0,060133	0,061172	0,060555	0,061649	0,061283	0,062236	0,640965	0,627532	0,638597	0,628505	0,638860	0,627301	0,795136	0,727705	0,795966	0,728061	0,794670	0,726887	0,663239	0,644287	0,663935	0,644080	0,665382	0,643342	-0,000154	0,000193
298,00	-0,000126	0,059637	0,060004	0,060733	0,060007	0,061286	0,061227	0,062297	0,630552	0,617317	0,628457	0,617779	0,628799	0,616813	0,783044	0,715693	0,783522	0,715858	0,782126	0,715061	0,652409	0,633739	0,653420	0,633413	0,654502	0,632683	-0,000062	0,000068
299,00	-0,000072	0,059183	0,059785	0,060702	0,060085	0,061162	0,061206	0,061996	0,619920	0,606997	0,617830	0,607738	0,618256	0,606613	0,770899	0,704001	0,770965	0,704166	0,769898	0,703323	0,641575	0,622986	0,642363	0,622802	0,643824	0,622253	-0,000118	0,000152
300,00	-0,000060	0,059230	0,059753	0,060737	0,059883	0,060918	0,061177	0,062004	0,610168	0,597099	0,607883	0,597905	0,607928	0,596493	0,758840	0,692663	0,759085	0,692865	0,757941	0,691848	0,631150	0,612647	0,632140	0,612557	0,633372	0,611940	-0,000013	0,000188
301,00	0,000044	0,058844	0,059566	0,060224	0,059653	0,060727	0,060992	0,061921	0,599969	0,586795	0,597799	0,587386	0,597765	0,586395	0,747139	0,681052	0,747184	0,681230	0,745719	0,680339	0,620818	0,602320	0,621532	0,602344	0,622856	0,601511	-0,000045	-0,000020
302,00	-0,000239	0,058832	0,059474	0,060023	0,059571	0,060479	0,060617	0,061477	0,589848	0,577034	0,587829	0,577449	0,587728	0,576566	0,735230	0,670102	0,735566	0,670187	0,734335	0,669120	0,609978	0,592279	0,611043	0,592184	0,612146	0,591127	-0,000019	0,000038
303,00	-0,000154	0,058432	0,058984	0,060023	0,059405	0,060538	0,060499	0,061277	0,579668	0,567005	0,577534	0,567634	0,577925	0,566845	0,724003	0,659039	0,724078	0,659265	0,723403	0,658172	0,600209	0,582452	0,600782	0,582373	0,602270	0,581386	-0,000060	0,000149
304,00	-0,000234	0,058214	0,058967	0,059485	0,059212	0,060083	0,060230	0,061288	0,570220	0,557698	0,568039	0,558114	0,568107	0,557169	0,712726	0,648167	0,712619	0,648322	0,711476	0,647463	0,590370	0,572539	0,591191	0,572391	0,592319	0,571552	-0,000010	0,000033
305,00	-0,000298	0,058401	0,058984	0,059653	0,059192	0,060214	0,060255	0,060974	0,560544	0,547751	0,558523	0,548581	0,558405	0,547481	0,701846	0,637644	0,702004	0,637736	0,700590	0,636983	0,580291	0,562614	0,580873	0,562428	0,582095	0,561732	-0,000142	0,000149
306,00	0,000180	0,055757	0,056141	0,057064	0,056841	0,057825	0,058092	0,058974	0,548470	0,536329	0,546705	0,536741	0,546704	0,535873	0,688854	0,625186	0,688423	0,625025	0,687754	0,624132	0,568354	0,551404	0,569597	0,550890	0,570652	0,550394	-0,000080	-0,000008
307,00	-0,000124	0,055615	0,056213	0,057080	0,056494	0,057562	0,057555	0,058407	0,539519	0,527260	0,537463	0,527693	0,537673	0,526820	0,678181	0,615046	0,678100	0,615180	0,677375	0,614255	0,559323	0,541879	0,559848	0,541711	0,560647	0,541121	-0,000157	0,000003
308,00	-0,000067	0,055539	0,055836	0,056903	0,056578	0,057424	0,057502	0,058518	0,530168	0,518042	0,528161	0,518579	0,528326	0,517652	0,667252	0,605177	0,667475	0,605292	0,666848	0,604069	0,549657	0,532892	0,550407	0,532490	0,551934	0,531781	0,000006	0,000026
309,00	-0,000268	0,055409	0,055895	0,056679	0,056324	0,057245	0,057630	0,058429	0,521308	0,509224	0,519261	0,509593	0,519735	0,508705	0,657545	0,595334	0,657664	0,595514	0,656513	0,594966	0,540694	0,523711	0,541597	0,523569	0,542585	0,522944	0,000096	-0,000094
310,00	0,000048	0,054912	0,055660	0,056603	0,056351	0,057102	0,057295	0,058151	0,512216	0,500433	0,510087	0,500800	0,510845	0,499883	0,647841	0,586273	0,648194	0,586362	0,646878	0,585257	0,532055	0,515033	0,532736	0,514429	0,533862	0,514333	-0,000064	-0,000020
311,00	-0,000235	0,054869	0,055177	0,056474	0,055987	0,056919	0,056970	0,057797	0,503892	0,491804	0,501427	0,492418	0,501934	0,491498	0,637936	0,577040	0,638203	0,577107	0,637106	0,576258	0,523088	0,506219	0,523692	0,505842	0,524849	0,505499	-0,000136	-0,000153
312,00	0,000100	0,054908	0,055522	0,056499	0,055998	0,056937	0,057145	0,058080	0,495322	0,483106	0,493003	0,483743	0,493397	0,483226	0,628442	0,567726	0,628541	0,568121	0,627506	0,567142	0,514437	0,497911	0,514963	0,497717	0,516183	0,497212	0,000051	0,000073
313,00	-0,000290	0,054327	0,055191	0,056406	0,055891	0,056777	0,056966	0,057456	0,486488	0,474839	0,484370	0,475289	0,484901	0,474363	0,618552	0,558601	0,619024	0,558700	0,618070	0,557883	0,505654	0,489015	0,506354	0,489066	0,507547	0,488705	-0,000144	0,000048
314,00	0,000259	0,054811	0,054949	0,055963	0,055538	0,056495	0,056774	0,057500	0,478013	0,466568	0,475915	0,466791	0,476400	0,466299	0,609090	0,550016	0,609464	0,550038	0,608563	0,549234	0,497407	0,481330	0,498048	0,481028	0,499319	0,480553	-0,000103	-0,000178
315,00	-0,000102	0,054280	0,055068	0,055861	0,055457	0,056296	0,056569	0,057391	0,469410	0,457537	0,467219	0,458561	0,467699	0,457650	0,599655	0,540720	0,599725	0,540883	0,598831	0,539744	0,488530	0,472347	0,489333	0,472193	0,490410	0,471607	0,000060	-0,000057
316,00	0,000123	0,054383	0,054873	0,055523	0,055248	0,056059	0,056531	0,057240	0,461353	0,449801	0,459411	0,450554	0,459531	0,449690	0,590618	0,531921	0,590325	0,532304	0,589588	0,531002	0,480256	0,464199	0,481017	0,464225	0,482335	0,463604	0,000105	-0,000222
317,00	-0,000222	0,054155	0,054685	0,055399	0,055033	0,056028	0,056247	0,056945	0,453426	0,441870	0,451512	0,442469	0,452136	0,441783	0,581678	0,523746	0,581743	0,523750	0,581005	0,522839	0,472358	0,456457	0,472574	0,455867	0,473913	0,455543	-0,000082	-0,000078
318,00	0,000091	0,053884	0,054469	0,055559	0,055199	0,056021	0,056207	0,057121	0,445602	0,433840	0,443196	0,434621	0,443494	0,433671	0,573264	0,515165	0,573142	0,515502	0,572153	0,514610	0,464657	0,448686	0,465130	0,448240	0,466078	0,448135	-0,000118	-0,000376
319,00	-0,000030	0,053649	0,054562	0,055036	0,054959	0,055707	0,056099	0,057000	0,437337	0,426341	0,435782	0,426628	0,436155	0,425929	0,564483	0,506829	0,564138	0,507001	0,563521	0,506203	0,456483	0,440599	0,457063	0,440519	0,457962	0,440519	-0,000107	-0,000276
320,00	-0,000153	0,053702	0,054239	0,055062	0,055072	0,055702	0,055754	0,056674	0,429660	0,418632	0,427905	0,418940	0,428451	0,418294	0,555835	0,498933	0,555978	0,499153	0,554937	0,498374	0,448866	0,433160	0,449205	0,432809	0,450371	0,432877	-0,000152	-0,000186
321,00	-0,000213	0,053411	0,054009	0,055172	0,054814	0,055374	0,055733	0,056338	0,421390	0,410536	0,419976	0,411383	0,420432	0,410459	0,547305	0,490964	0,547069	0,491132	0,545993	0,490387	0,440696	0,425296	0,441377	0,425249	0,442360	0,425107	-0,000361	-0,000095
322,00	0,000139	0,053259	0,054030	0,054703	0,054550	0,055569	0,055687	0,056293	0,414448	0,403240	0,412390	0,404004	0,412714	0,403064	0,538586	0,483051	0,538665	0,482981	0,537689	0,482098	0,433669	0,418246	0,434070	0,418235	0,435290	0,417644	-0,000261	-0,000278
323,00	-0,000206	0,053347	0,054021	0,054757	0,054777	0,055284	0,055370	0,056069	0,406841	0,396318	0,405427	0,396920	0,406100	0,396142	0,530407	0,475135	0,530350	0,475687	0,529631	0,474643	0,426154	0,411010	0,426722	0,410469	0,427834	0,410203	-0,000075	-0,000289
324,00	0,000039	0,054536	0,055065	0,055948	0,055365	0,056448	0,056819	0,057726	0,400824	0,389902	0,398836	0,390638	0,399248	0,390170	0,523155	0,468908	0,523096	0,468811	0,522472	0,467567	0,420140	0,405538	0,420887	0,405306	0,421787	0,404424	-0,000215	-0,000085
325,00	-0,000122	0,054500	0,055241	0,055927	0,055608	0,056602	0,056575	0,057343	0,393843	0,383159	0,392128	0,384070	0,392833	0,383227	0,515141	0,461148	0,515488	0,461545	0,514509	0,460181	0,412890	0,398236	0,413779	0,398046	0,414608	0,397798	-0,000033	-0,000204
326,00	0,000025	0,054434	0,054873	0,055730	0,055221	0,056279	0,056558	0,057149	0,387237	0,376614	0,385646	0,377642	0,386180	0,376777	0,507646	0,453745	0,507829	0,454016	0,507077	0,453107	0,406440	0,391585	0,406777	0,391361	0,407904	0,391223	-0,000116	-0,000218
327,00	-0,000170	0,054396	0,054787	0,055840	0,055272	0,056122	0,056211	0,057015	0,380935	0,370517	0,379310	0,371322	0,379638	0,370524	0,500230	0,446915	0,500040	0,447135	0,499278	0,446314	0,399340	0,385171	0,399955	0,384896	0,401332	0,384786	0,000034	-0,000234
328,00	-0,000124	0,054093	0,054718	0,055588	0,055173	0,056129	0,056250	0,057156	0,374669	0,364070	0,373031	0,364872	0,373292	0,364026	0,492358	0,440127	0,492706	0,440135	0,491931	0,439078	0,393172	0,378968	0,393763	0,378699	0,394865	0,378581	-0,000166	-0,000215
329,00	-0,000055	0,053975	0,054527	0,055306	0,054906	0,055976	0,056233	0,056957	0,368334	0,358109	0,366853	0,359044	0,367197	0,357867	0,485361	0,433195	0,485556	0,433302	0,484954	0,432278	0,386735	0,372940	0,387396	0,372771	0,388558	0,372303	-0,000101	-0,000071
330,00	0,000034	0,053965	0,054484	0,055608	0,055036	0,055985	0,056077	0,056928	0,362357	0,352181	0,360779	0,353128	0,361618	0,352114	0,478600	0,426946	0,478740	0,427176	0,477749	0,425784	0,380732	0,366912	0,381418	0,366902	0,382484	0,366511	-0,000143	-0,000025
331,00	-0,000036	0,053828	0,054214	0,055384	0,054966	0,055922	0,055884	0,056729	0,356603	0,346393	0,355193	0,347417	0,355144	0,346361	0,471326	0,420180	0,471697	0,420414	0,470639	0,419425	0,374664	0,361202	0,375505	0,360924	0,376572	0,360361	-0,000187	0,000026
332,00	0,000008	0,053731	0,054256	0,055216	0,054741	0,055589	0,055939	0,056718	0,351229	0,341084	0,349723	0,342024	0,350102	0,341069	0,464500	0,413941	0,464720	0,413850	0,463768	0,412909	0,369284	0,355440	0,369889	0,355446	0,370801	0,354919	-0,000073	-0,000253
333,00	-0,000200	0,053735	0,054231	0,055337	0,054650	0,055772	0,055615	0,056584	0,345763	0,335968	0,344314	0,336744	0,344886	0,335940	0,458094	0,407915	0,458575	0,407939	0,457506	0,407239	0,363686	0,350122	0,364517	0,350029	0,365215	0,349478	-0,000103	-0,000088
334,00	-0,000488	0,053377	0,054096	0,055367	0,054831	0,055844	0,055609	0,056113	0,340673	0,330648	0,338996	0,331310	0,339286	0,330470	0,452038	0,401961	0,452307	0,402401	0,451211	0,401063	0,358220	0,344636	0,358882	0,344517	0,359551	0,344145	-0,000138	0,000083
335,00	-0,000332	0,053550	0,053993	0,055179	0,054677	0,055557	0,055494	0,056414	0,335752	0,326130	0,334176	0,326481	0,334528	0,325706	0,445353	0,395830	0,445426	0,395700	0,444594	0,394948	0,352981	0,339431	0,353610	0,339312	0,354260	0,339299	-0,000069	-0,000026
336,00	-0,000293	0,053451	0,053892	0,055287	0,054792	0,055753	0,055373	0,056202	0,330691	0,321113	0,329132	0,321167	0,329283	0,320840	0,439297	0,390135	0,439539	0,390479	0,438665	0,389434	0,347810	0,334322	0,348431	0,334155	0,349002	0,333945	-0,000079	0,000055
337,00	-0,000334	0,053205	0,053793	0,055323	0,054694	0,055568	0,055314	0,056074	0,325633	0,315902	0,324091	0,316406	0,324405	0,315706	0,433059	0,384402	0,433203	0,384559	0,432259	0,383756	0,342569	0,329121	0,343132	0,329306	0,343967	0,328787	-0,000115	0,000065
338,00	-0,000164	0,053171	0,053827	0,055259	0,054708	0,055589	0,055505	0,055967	0,321056	0,311442	0,319505	0,311947	0,319690	0,311317	0,427071	0,378932	0,427468	0,379163	0,426209	0,378141	0,337639	0,324630	0,338330	0,324382	0,339184	0,324080	-0,000131	0,000328
339,00	-0,000398	0,053175	0,053798	0,054982	0,054585	0,055371	0,055212	0,055747	0,316209	0,306819	0,314808	0,307417	0,315015	0,306684	0,420842	0,373197	0,421289	0,373106	0,420140	0,372476	0,332491	0,319677	0,333295	0,319637	0,334256	0,318986	-0,000145	0,000216
340,00	-0,000262	0,053138	0,053792	0,055383	0,054378	0,055231	0,055175	0,055907	0,311747	0,302016	0,310064	0,302756	0,310411	0,302014	0,414799	0,367669	0,415368	0,367717	0,414134	0,366773	0,327724	0,314921	0,328375	0,314978	0,329121	0,314339	-0,000046	0,000245
341,00	-0,000106	0,052907	0,053789	0,055059	0,054257	0,055060	0,055049	0,055814	0,306969	0,297429	0,305735	0,298210	0,305824	0,297340	0,409073	0,361913	0,409327	0,362079	0,408173	0,361340	0,323006	0,310088	0,323377	0,310143	0,324039	0,309632	-0,000105	0,000045
342,00	-0,000024	0,052887	0,053607	0,054653	0,054335	0,055084	0,055000	0,055699	0,302713	0,293376	0,301282	0,293782	0,301432	0,293205	0,403244	0,356834	0,403456	0,356695	0,402440	0,355744	0,318303	0,305731	0,318932	0,305598	0,319637	0,305420	-0,000162	0,000141
343,00	-0,000360	0,052812	0,053355	0,054860	0,054256	0,055054	0,054881	0,055628	0,298330	0,288941	0,296834	0,289350	0,297048	0,288613	0,397704	0,351658	0,398103	0,351705	0,396808	0,350745	0,313639	0,301296	0,314342	0,301105	0,315112	0,300709	-0,000136	0,000189
344,00	-0,000402	0,052817	0,053617	0,054963	0,054400	0,055124	0,054953	0,055516	0,294025	0,284928	0,292543	0,285270	0,292625	0,284848	0,392139	0,346533	0,392529	0,346488	0,391431	0,345727	0,309158	0,296876	0,309831	0,296965	0,310719	0,296469	-0,000053	0,000178
345,00	-0,000194	0,052757	0,053586	0,054930	0,054406	0,055126	0,055028	0,055584	0,290043	0,280709	0,288348	0,281209	0,288542	0,280614	0,386896	0,341626	0,386970	0,341705	0,386093	0,340693	0,305004	0,292833	0,305474	0,292760	0,306507	0,292283	-0,000292	0,000337
346,00	-0,000360	0,053023	0,053551	0,054813	0,054273	0,054966	0,054927	0,055460	0,286007	0,276724	0,284242	0,277317	0,284644	0,276772	0,381359	0,336465	0,381220	0,336454	0,380292	0,335563	0,300296	0,288467	0,301153	0,288468	0,301826	0,287845	0,000001	0,000312
347,00	-0,000186	0,052650	0,053355	0,054731	0,054061	0,054854	0,054958	0,055562	0,281775	0,272579	0,280184	0,272898	0,280348	0,272694	0,375744	0,331414	0,375977	0,331621	0,375093	0,330569	0,296285	0,284631	0,297114	0,284375	0,297754	0,283825	-0,000183	0,000122
348,00	-0,000207	0,052706	0,053408	0,054721	0,054051	0,054825	0,054700	0,055247	0,277762	0,268617	0,276162	0,269144	0,276207	0,268781	0,370513	0,326642	0,370613	0,326577	0,369562	0,325755	0,291842	0,280324	0,292483	0,280082	0,293438	0,279589	-0,000134	0,000365
349,00	-0,000296	0,052522	0,053378	0,054468	0,053964	0,054506	0,054797	0,055274	0,273830	0,264881	0,272306	0,265434	0,272518	0,265004	0,365216	0,321627	0,365440	0,321587	0,364478	0,320720	0,287750	0,276195	0,288495	0,275998	0,289179	0,275666	-0,000178	0,000090
350,00	-0,000384	0,052449	0,053223	0,054463	0,053721	0,054703	0,054473	0,054941	0,269888	0,260875	0,268376	0,261282	0,268460	0,260771	0,360177	0,316928	0,360335	0,316980	0,359434	0,316048	0,283567	0,272062	0,284169	0,271755	0,284864	0,271340	-0,000287	0,000117
351,00	-0,000318	0,052403	0,053282	0,054381	0,053812	0,054491	0,054558	0,055115	0,266395	0,257377	0,264769	0,257794	0,264827	0,257225	0,355204	0,312156	0,355268	0,312133	0,354245	0,311488	0,279653	0,268107	0,280208	0,268090	0,281030	0,267785	-0,000248	0,000280
352,00	-0,000228	0,052663	0,053423	0,054196	0,053537	0,054329	0,054351	0,054923	0,262795	0,253689	0,261011	0,254269	0,261223	0,253694	0,350056	0,307476	0,349926	0,307686	0,349075	0,306855	0,275619	0,264394	0,276200	0,264312	0,277048	0,263920	-0,000195	0,000124
353,00	-0,000370	0,052448	0,052962	0,054212	0,053643	0,054350	0,054518	0,054901	0,258645	0,249715	0,257100	0,250264	0,257249	0,249771	0,345082	0,302981	0,345133	0,303055	0,344165	0,302159	0,271757	0,260595	0,272317	0,260520	0,273201	0,259922	-0,000258	0,000170
354,00	-0,000075	0,052449	0,053231	0,054120	0,053356	0,054250	0,054451	0,055092	0,255364	0,246618	0,253794	0,247126	0,253872	0,246486	0,340074	0,298617	0,340085	0,298452	0,339354	0,297539	0,268002	0,257154	0,268742	0,256891	0,269364	0,256515	0,000039	0,000001
355,00	-0,000145	0,052549	0,053117	0,054239	0,053631	0,054323	0,054396	0,054974	0,251616	0,242820	0,250087	0,243342	0,250413	0,242971	0,335360	0,294349	0,335428	0,294232	0,334600	0,293256	0,264343	0,253398	0,265070	0,253122	0,265718	0,252859	-0,000111	0,000164
356,00	-0,000133	0,052414	0,052847	0,054142	0,053683	0,054432	0,054290	0,054910	0,247964	0,239299	0,246620	0,240009	0,246693	0,239452	0,330971	0,290148	0,330972	0,290061	0,330061	0,289250	0,260569	0,249781	0,261486	0,249596	0,262072	0,249227	-0,000290	0,000301
357,00	0,000110	0,052336	0,052819	0,053944	0,053429	0,054057	0,054570	0,054850	0,244832	0,236188	0,243283	0,236837	0,243261	0,236205	0,326291	0,285736	0,326360	0,285627	0,325469	0,284757	0,257227	0,246611	0,257928	0,246228	0,258580	0,245866	-0,000206	0,000065
358,00	-0,000103	0,052510	0,052835	0,053828	0,053187	0,053951	0,054157	0,054918	0,241545	0,232793	0,239906	0,233695	0,240225	0,233038	0,321537	0,281289	0,321578	0,281294	0,320644	0,280454	0,253587	0,242982	0,254353	0,242590	0,254901	0,242352	0,000004	-0,000108
359,00	-0,000004	0,052266	0,052899	0,053887	0,053418	0,053969	0,054243	0,054846	0,238265	0,229715	0,236718	0,230259	0,236845	0,229767	0,317375	0,277567	0,317340	0,277464	0,316496	0,276615	0,250315	0,239493	0,251061	0,239453	0,251602	0,239145	-0,000164	0,000051
360,00	-0,000060	0,052290	0,052748	0,053691	0,053216	0,053899	0,054070	0,054693	0,235018	0,226537	0,233443	0,227167	0,233539	0,226614	0,312615	0,273289	0,312639	0,273384	0,312019	0,272460	0,246744	0,236183	0,247421	0,236036	0,247935	0,235645	-0,000098	0,000088
361,00	-0,000112	0,052317	0,052804	0,053657	0,053037	0,053790	0,054014	0,054537	0,231735	0,223269	0,230173	0,223883	0,230272	0,223261	0,308390	0,269171	0,308189	0,269300	0,307297	0,268354	0,243096	0,232771	0,243907	0,232765	0,244516	0,232261	0,000019	0,000059
362,00	0,000075	0,052241	0,052652	0,053566	0,052976	0,053632	0,054009	0,054678	0,228568	0,220117	0,227038	0,220644	0,227032	0,220081	0,303791	0,264968	0,303740	0,265081	0,302860	0,264384	0,239779	0,229569	0,240488	0,229376	0,241236	0,229119	-0,000091	0,000053
363,00	-0,000016	0,052363	0,052701	0,053350	0,052908	0,053482	0,054008	0,054432	0,225310	0,217036	0,223841	0,217805	0,223865	0,216995	0,299433	0,261129	0,299619	0,261183	0,298558	0,260392	0,236402	0,226206	0,237267	0,226135	0,237894	0,225767	0,000001	-0,000201
364,00	-0,000147	0,052020	0,052265	0,053350	0,052948	0,053467	0,053848	0,054361	0,222217	0,213906	0,220616	0,214572	0,220759	0,213996	0,295235	0,257469	0,295344	0,257495	0,294597	0,256748	0,233134	0,223106	0,234018	0,222974	0,234657	0,222707	-0,000167	-0,000134
365,00	-0,000029	0,052029	0,052280	0,053138	0,052781	0,053335	0,053730	0,054368	0,219293	0,210986	0,217653	0,211449	0,217735	0,211185	0,291118	0,253512	0,290897	0,253573	0,290254	0,252831	0,230180	0,220144	0,230940	0,219978	0,231408	0,219686	-0,000201	-0,000060
366,00	-0,000069	0,051959	0,052210	0,053171	0,052858	0,053209	0,053862	0,054287	0,216378	0,208006	0,214663	0,208639	0,214760	0,208005	0,287032	0,249953	0,287145	0,250153	0,286311	0,249111	0,227238	0,216983	0,227558	0,217004	0,228441	0,216703	-0,000007	0,000030
367,00	-0,000126	0,051840	0,052147	0,053285	0,052696	0,053202	0,053738	0,054220	0,213315	0,205105	0,211910	0,205502	0,211675	0,205011	0,282904	0,246201	0,282936	0,246422	0,282079	0,245453	0,223774	0,214012	0,224527	0,214014	0,225036	0,213479	-0,000203	-0,000028
368,00	0,000075	0,051850	0,052126	0,053085	0,052617	0,053011	0,053602	0,054045	0,210391	0,202248	0,208883	0,202821	0,208838	0,202451	0,278887	0,242560	0,278725	0,242843	0,277984	0,241938	0,220926	0,211113	0,221489	0,210943	0,222199	0,210681	-0,000080	-0,000163
369,00	-0,000019	0,052027	0,052097	0,052879	0,052643	0,053154	0,053642	0,054058	0,207530	0,199422	0,206063	0,200153	0,206069	0,199533	0,274766	0,239271	0,274979	0,239449	0,274118	0,238567	0,217753	0,208206	0,218556	0,208118	0,219189	0,207591	0,000101	0,000032
370,00	-0,000017	0,051644	0,051855	0,052923	0,052623	0,053191	0,053527	0,053998	0,204782	0,196589	0,203204	0,197273	0,203238	0,196715	0,271288	0,235750	0,271373	0,235755	0,270460	0,234992	0,215027	0,205245	0,215612	0,205279	0,216270	0,204848	-0,000188	0,000141
371,00	-0,000020	0,051711	0,051903	0,052881	0,052628	0,052896	0,053625	0,053966	0,202000	0,193877	0,200322	0,194360	0,200293	0,193958	0,267326	0,232278	0,267380	0,232267	0,266576	0,231529	0,212144	0,202591	0,212582	0,202393	0,213135	0,202081	-0,000246	-0,000024
372,00	-0,000027	0,051721	0,051779	0,052659	0,052305	0,052687	0,053548	0,053885	0,199246	0,191043	0,197742	0,191707	0,197850	0,191420	0,263505	0,228410	0,263538	0,228775	0,262617	0,227983	0,209214	0,199677	0,209730	0,199723	0,210357	0,199167	-0,000065	-0,000350
373,00	0,000186	0,051900	0,052166	0,053515	0,052956	0,053553	0,053964	0,054338	0,196457	0,188399	0,194806	0,188983	0,195086	0,188630	0,259931	0,225590	0,259897	0,225727	0,259043	0,224991	0,206452	0,197357	0,207056	0,197173	0,207791	0,196782	-0,000127	0,000232
374,00	0,000139	0,051670	0,052005	0,053567	0,053137	0,053495	0,053693	0,054100	0,193700	0,185668	0,191930	0,186244	0,192148	0,185942	0,256295	0,222324	0,256238	0,222488	0,255517	0,221679	0,203649	0,194535	0,204083	0,194223	0,204860	0,193987	-0,000122	0,000250
375,00	-0,000011	0,051789	0,052245	0,053425	0,052921	0,053385	0,053681	0,054078	0,191307	0,183221	0,189583	0,183869	0,189847	0,183557	0,252728	0,219147	0,252676	0,219370	0,251738	0,218484	0,200845	0,191803	0,201414	0,191620	0,202238	0,191425	0,000002	0,000376
376,00	0,000100	0,051901	0,052336	0,053537	0,052908	0,053325	0,053641	0,054080	0,188710	0,181119	0,187172	0,181364	0,187343	0,180967	0,249038	0,215844	0,249059	0,216096	0,248254	0,215257	0,198216	0,189182	0,198615	0,189094	0,199451	0,188872	0,000054	0,000128
377,00	0,000137	0,051824	0,052267	0,053448	0,052921	0,053314	0,053608	0,053998	0,186310	0,178540	0,184704	0,178911	0,184949	0,178688	0,245614	0,212810	0,245552	0,212984	0,244551	0,212172	0,195650	0,186514	0,195949	0,186485	0,196803	0,186323	0,000081	0,000293
378,00	-0,000060	0,051804	0,052247	0,053310	0,052729	0,053147	0,053313	0,053849	0,183833	0,176217	0,182322	0,176648	0,182338	0,176152	0,241824	0,209660	0,241884	0,209621	0,241012	0,209012	0,192752	0,184012	0,193158	0,183927	0,194076	0,183649	0,000143	0,000033
379,00	0,000015	0,051552	0,052141	0,053263	0,052613	0,053015	0,053241	0,053739	0,181347	0,173675	0,179765	0,174199	0,179959	0,173632	0,238577	0,206489	0,238506	0,206770	0,237689	0,205951	0,190477	0,181537	0,190793	0,181664	0,191581	0,181312	-0,000095	0,000135
380,00	0,000049	0,051617	0,052081	0,053214	0,052562	0,052963	0,053347	0,053777	0,179096	0,171436	0,177463	0,172074	0,177735	0,171524	0,235255	0,203781	0,235329	0,204013	0,234480	0,203199	0,188017	0,179211	0,188445	0,179227	0,189135	0,179071	0,000039	0,000131
381,00	0,000037	0,051516	0,052056	0,053168	0,052745	0,052985	0,053210	0,053742	0,176816	0,169295	0,175275	0,169786	0,175479	0,169295	0,232201	0,200944	0,232353	0,201215	0,231424	0,200365	0,185662	0,176918	0,185929	0,176919	0,186675	0,176653	0,000046	0,000236
382,00	-0,000060	0,051356	0,051950	0,053149	0,052564	0,052884	0,053050	0,053507	0,174616	0,167042	0,172987	0,167588	0,173230	0,167170	0,228988	0,198176	0,228945	0,198429	0,228240	0,197736	0,183292	0,174726	0,183616	0,174515	0,184518	0,174357	-0,000032	0,000197
383,00	0,000106	0,051439	0,051904	0,052897	0,052284	0,052746	0,053056	0,053657	0,172400	0,165038	0,170894	0,165392	0,171017	0,164920	0,225629	0,195277	0,225569	0,195396	0,224882	0,194623	0,180975	0,172268	0,181267	0,172249	0,181993	0,172072	-0,000009	0,000027
384,00	-0,000053	0,051374	0,051914	0,052881	0,052358	0,052742	0,053030	0,053543	0,170203	0,162773	0,168632	0,163220	0,168884	0,162747	0,222592	0,192567	0,222549	0,192621	0,221933	0,191888	0,178659	0,170077	0,178958	0,170140	0,179767	0,169830	-0,000110	0,000040
385,00	-0,000042	0,051290	0,051704	0,052701	0,052179	0,052650	0,052933	0,053399	0,168180	0,160643	0,166516	0,161167	0,166491	0,160595	0,219494	0,189742	0,219645	0,190077	0,218928	0,189172	0,176278	0,167944	0,176354	0,167854	0,177451	0,167612	-0,000216	0,000128
386,00	-0,000113	0,051280	0,051843	0,052720	0,052291	0,052464	0,052698	0,053450	0,166131	0,158589	0,164568	0,159216	0,164684	0,158646	0,216633	0,187187	0,216615	0,187535	0,215936	0,186714	0,173994	0,165721	0,174310	0,165672	0,175122	0,165415	-0,000079	0,000108
387,00	-0,000015	0,051116	0,051719	0,052494	0,052147	0,052477	0,052867	0,053438	0,164024	0,156502	0,162420	0,156960	0,162544	0,156543	0,213555	0,184715	0,213716	0,184885	0,212959	0,184084	0,171825	0,163636	0,172084	0,163712	0,172970	0,163382	-0,000230	0,000099
388,00	-0,000030	0,051107	0,051619	0,052418	0,052068	0,052348	0,052648	0,053269	0,161962	0,154593	0,160424	0,155113	0,160519	0,154670	0,210657	0,182157	0,210835	0,182337	0,210075	0,181602	0,169575	0,161642	0,169980	0,161612	0,170846	0,161371	-0,000162	0,000066
389,00	0,000134	0,051057	0,051583	0,052441	0,051995	0,052423	0,052884	0,053236	0,159879	0,152594	0,158525	0,153176	0,158452	0,152649	0,208048	0,179599	0,207926	0,180007	0,207385	0,179061	0,167761	0,159687	0,167942	0,159685	0,168764	0,159412	-0,000203	0,000021
390,00	-0,000052	0,050941	0,051452	0,052368	0,052032	0,052362	0,052670	0,053165	0,158080	0,150659	0,156533	0,151288	0,156645	0,150665	0,205188	0,177232	0,205159	0,177495	0,204405	0,176628	0,165490	0,157593	0,165770	0,157627	0,166763	0,157363	-0,000223	0,000004
391,00	-0,000016	0,051007	0,051406	0,052431	0,051868	0,052365	0,052588	0,053193	0,156262	0,148868	0,154721	0,149447	0,154692	0,148996	0,202565	0,174973	0,202512	0,175222	0,201933	0,174230	0,163594	0,155748	0,163826	0,155724	0,164702	0,155462	-0,000147	-0,000062
392,00	-0,000056	0,050903	0,051331	0,052313	0,051770	0,052428	0,052509	0,053052	0,154393	0,147069	0,152844	0,147648	0,152861	0,147111	0,199979	0,172708	0,199990	0,172921	0,199317	0,172050	0,161482	0,153831	0,161690	0,153743	0,162640	0,153601	-0,000143	-0,000115
393,00	-0,000126	0,050946	0,051368	0,052207	0,051807	0,052245	0,052432	0,052964	0,152507	0,145357	0,151139	0,146021	0,151268	0,145406	0,197314	0,170301	0,197236	0,170560	0,196834	0,169735	0,159667	0,151954	0,159735	0,151853	0,160669	0,151603	-0,000194	-0,000043
394,00	-0,000118	0,050849	0,051111	0,052112	0,051717	0,052122	0,052421	0,052836	0,150821	0,143535	0,149357	0,144066	0,149377	0,143648	0,194796	0,168162	0,194877	0,168386	0,194193	0,167499	0,157725	0,150118	0,158012	0,150108	0,158821	0,149953	-0,000319	-0,000108
395,00	0,000026	0,050785	0,051228	0,052141	0,051755	0,052099	0,052419	0,052853	0,149151	0,141774	0,147536	0,142490	0,147644	0,141847	0,192271	0,165958	0,192329	0,166161	0,191694	0,165479	0,155787	0,148295	0,156177	0,148315	0,156942	0,148167	-0,000255	0,000006
396,00	-0,000060	0,050606	0,050971	0,052060	0,051654	0,052066	0,052378	0,052877	0,147364	0,140228	0,145694	0,140729	0,145876	0,140175	0,189833	0,163824	0,189848	0,163964	0,189269	0,163297	0,154042	0,146635	0,154302	0,146633	0,155139	0,146417	-0,000353	-0,000108
397,00	-0,000018	0,050631	0,050992	0,052151	0,051748	0,052253	0,052323	0,052836	0,145776	0,138569	0,144085	0,139080	0,144266	0,138605	0,187572	0,161914	0,187718	0,162112	0,187135	0,161205	0,152307	0,144934	0,152465	0,144962	0,153405	0,144679	-0,000281	-0,000090
398,00	0,000093	0,050636	0,051004	0,051914	0,051607	0,051943	0,052221	0,052755	0,144144	0,136958	0,142558	0,137443	0,142691	0,136978	0,185144	0,159700	0,185265	0,159947	0,184584	0,159177	0,150458	0,143268	0,150724	0,143237	0,151584	0,143091	-0,000230	-0,000112
399,00	0,000028	0,050614	0,050939	0,052097	0,051701	0,052054	0,052153	0,052708	0,142470	0,135392	0,140920	0,135817	0,140990	0,135496	0,182891	0,157841	0,182990	0,157962	0,182508	0,157148	0,148655	0,141555	0,148748	0,141490	0,149790	0,141244	-0,000280	0,000101
400,00	0,000041	0,050526	0,050848	0,051982	0,051683	0,051929	0,052237	0,052674	0,140917	0,133870	0,139315	0,134242	0,139562	0,133832	0,180687	0,155951	0,180872	0,155934	0,180195	0,155271	0,147133	0,140009	0,147419	0,139956	0,148290	0,139780	-0,000325	0,000033
401,00	-0,000015	0,050524	0,050803	0,051962	0,051593	0,051945	0,051916	0,052681	0,139349	0,132395	0,137741	0,132867	0,137998	0,132431	0,178504	0,153917	0,178621	0,153852	0,178025	0,153348	0,145294	0,138303	0,145579	0,138298	0,146551	0,138091	-0,000399	-0,000031
402,00	-0,000053	0,050541	0,050777	0,051947	0,051562	0,051913	0,051941	0,052638	0,137969	0,131017	0,136266	0,131405	0,136496	0,131000	0,176435	0,152183	0,176520	0,152144	0,175932	0,151477	0,143814	0,136882	0,144043	0,136928	0,144976	0,136625	-0,000370	0,000080
403,00	0,000076	0,050605	0,050669	0,052028	0,051449	0,051872	0,051970	0,052779	0,136572	0,129648	0,134790	0,130024	0,135167	0,129595	0,174470	0,150409	0,174447	0,150354	0,173902	0,149597	0,142232	0,135490	0,142630	0,135420	0,143498	0,135271	-0,000336	0,000023
404,00	0,000085	0,050523	0,050677	0,051943	0,051378	0,051740	0,051914	0,052567	0,135405	0,128395	0,133531	0,128679	0,133674	0,128353	0,172269	0,148521	0,172387	0,148580	0,171733	0,147875	0,140674	0,133909	0,141053	0,133897	0,141869	0,133780	-0,000194	-0,000017
405,00	-0,000091	0,050462	0,050589	0,051995	0,051469	0,051739	0,051831	0,052432	0,133891	0,127076	0,132134	0,127281	0,132357	0,127041	0,170368	0,146830	0,170588	0,146924	0,169909	0,146335	0,139137	0,132526	0,139462	0,132426	0,140352	0,132220	-0,000202	0,000029
406,00	0,000041	0,050280	0,050543	0,051889	0,051485	0,051823	0,051964	0,052567	0,132533	0,125734	0,130868	0,125989	0,131079	0,125625	0,168511	0,145170	0,168508	0,145295	0,167994	0,144600	0,137957	0,131203	0,138166	0,131295	0,139078	0,131155	-0,000250	0,000101
407,00	0,000172	0,050222	0,050563	0,051793	0,051436	0,051600	0,051904	0,052514	0,131102	0,124313	0,129350	0,124618	0,129561	0,124276	0,166457	0,143442	0,166581	0,143587	0,165977	0,142937	0,136317	0,129783	0,136666	0,129708	0,137496	0,129681	-0,000257	-0,000044
408,00	0,000041	0,050350	0,050412	0,051738	0,051309	0,051594	0,051719	0,052420	0,129759	0,123144	0,128126	0,123357	0,128245	0,123075	0,164462	0,141722	0,164583	0,141851	0,164018	0,141183	0,134790	0,128279	0,135154	0,128467	0,136024	0,128136	-0,000124	0,000024
409,00	0,000020	0,050241	0,050385	0,051841	0,051190	0,051658	0,051757	0,052411	0,128468	0,121847	0,126732	0,122081	0,127007	0,121610	0,162733	0,140119	0,162693	0,140082	0,162231	0,139458	0,133386	0,127114	0,133832	0,127031	0,134643	0,126813	-0,000245	-0,000048
410,00	0,000016	0,050351	0,050501	0,051863	0,051368	0,051579	0,051643	0,052245	0,127260	0,120703	0,125625	0,120858	0,125725	0,120575	0,160931	0,138647	0,161131	0,138696	0,160466	0,138013	0,132033	0,125726	0,132571	0,125819	0,133291	0,125657	-0,000220	0,000061
411,00	0,000039	0,050231	0,050200	0,051894	0,051324	0,051510	0,051613	0,052277	0,126029	0,119401	0,124354	0,119513	0,124460	0,119267	0,159218	0,137155	0,159317	0,137105	0,158796	0,136532	0,130695	0,124524	0,131140	0,124439	0,131954	0,124325	-0,000234	0,000148
412,00	0,000004	0,050352	0,050378	0,051703	0,051245	0,051401	0,051608	0,052367	0,124875	0,118276	0,123357	0,118678	0,123343	0,118281	0,157400	0,135529	0,157526	0,135622	0,156849	0,134964	0,129330	0,123260	0,129817	0,123221	0,130628	0,123017	0,000066	0,000047
413,00	0,000009	0,050385	0,050355	0,051696	0,051247	0,051388	0,051525	0,052101	0,123745	0,117146	0,122035	0,117495	0,122028	0,117147	0,155720	0,134094	0,155723	0,134032	0,155244	0,133379	0,127912	0,121957	0,128462	0,121827	0,129276	0,121645	-0,000011	0,000092
414,00	-0,000038	0,050223	0,050203	0,051620	0,051144	0,051285	0,051413	0,052087	0,122479	0,115884	0,120765	0,116211	0,120856	0,115825	0,153963	0,132504	0,153896	0,132566	0,153365	0,132010	0,126568	0,120602	0,127014	0,120646	0,127891	0,120343	-0,000096	-0,000029
415,00	0,000025	0,050199	0,050267	0,051638	0,051078	0,051236	0,051489	0,051997	0,121193	0,114661	0,119612	0,115104	0,119659	0,114619	0,152288	0,131069	0,152261	0,131064	0,151610	0,130406	0,125262	0,119480	0,125783	0,119500	0,126674	0,119222	-0,000137	0,000022
416,00	0,000056	0,050183	0,050239	0,051636	0,050980	0,051184	0,051407	0,052094	0,120134	0,113671	0,118564	0,114091	0,118551	0,113661	0,150720	0,129651	0,150638	0,129707	0,150084	0,129027	0,124221	0,118406	0,124630	0,118464	0,125427	0,118121	-0,000029	-0,000020
417,00	0,000033	0,050204	0,050346	0,051542	0,050800	0,051102	0,051380	0,052004	0,119164	0,112650	0,117454	0,113092	0,117517	0,112694	0,149016	0,128163	0,149099	0,128216	0,148225	0,127525	0,122856	0,117239	0,123465	0,117276	0,124205	0,117025	-0,000010	-0,000167
418,00	0,000027	0,050164	0,050272	0,051559	0,050897	0,051124	0,051380	0,051878	0,117998	0,111492	0,116472	0,112079	0,116419	0,111756	0,147566	0,127002	0,147518	0,127040	0,146736	0,126257	0,121828	0,116082	0,122216	0,116161	0,123015	0,115946	0,000030	-0,000081
419,00	0,000064	0,050250	0,050187	0,051419	0,050726	0,050989	0,051428	0,051893	0,116829	0,110450	0,115392	0,110945	0,115369	0,110591	0,145951	0,125556	0,146034	0,125571	0,145203	0,124934	0,120581	0,114966	0,121176	0,115034	0,121728	0,114776	-0,000023	-0,000090
420,00	-0,000057	0,050121	0,050283	0,051280	0,050787	0,051041	0,051219	0,051760	0,115840	0,109561	0,114370	0,110114	0,114386	0,109714	0,144328	0,124050	0,144446	0,124243	0,143667	0,123596	0,119390	0,113869	0,119892	0,113819	0,120546	0,113632	0,000211	-0,000108
421,00	-0,000045	0,050199	0,050198	0,051341	0,050690	0,050916	0,051185	0,051706	0,114754	0,108412	0,113263	0,109014	0,113255	0,108583	0,142791	0,122843	0,142886	0,122901	0,142102	0,122276	0,118115	0,112716	0,118638	0,112765	0,119314	0,112379	0,000035	-0,000144
422,00	-0,000068	0,050081	0,050132	0,051256	0,050618	0,050861	0,051208	0,051738	0,113768	0,107467	0,112270	0,108212	0,112280	0,107634	0,141303	0,121524	0,141360	0,121601	0,140618	0,120996	0,117049	0,111670	0,117621	0,111792	0,118350	0,111426	0,000085	-0,000177
423,00	-0,000074	0,049993	0,050194	0,051125	0,050542	0,050752	0,051123	0,051605	0,112592	0,106360	0,111187	0,107001	0,111235	0,106592	0,139845	0,120337	0,139797	0,120409	0,139094	0,119617	0,115851	0,110545	0,116473	0,110578	0,117111	0,110394	0,000049	-0,000003
424,00	-0,000022	0,049865	0,050104	0,050986	0,050478	0,050695	0,051057	0,051439	0,111567	0,105264	0,110103	0,106077	0,110166	0,105429	0,138414	0,118965	0,138320	0,119134	0,137474	0,118342	0,114780	0,109495	0,115352	0,109677	0,115916	0,109329	-0,000037	-0,000146
425,00	0,000034	0,049984	0,050164	0,051006	0,050511	0,050666	0,051120	0,051426	0,110728	0,104420	0,109253	0,105010	0,109326	0,104573	0,136961	0,117775	0,136862	0,117903	0,136041	0,117181	0,113828	0,108642	0,114436	0,108706	0,114947	0,108428	0,000088	-0,000097
426,00	-0,000159	0,049979	0,050074	0,050886	0,050431	0,050703	0,050912	0,051236	0,109762	0,103536	0,108212	0,104203	0,108348	0,103662	0,135598	0,116612	0,135530	0,116746	0,134783	0,116109	0,112608	0,107502	0,113213	0,107613	0,113754	0,107288	0,000143	-0,000116
427,00	-0,000152	0,049824	0,050065	0,050712	0,050353	0,050513	0,050843	0,051125	0,108793	0,102724	0,107404	0,103337	0,107412	0,102838	0,134206	0,115280	0,134077	0,115477	0,133346	0,114816	0,111462	0,106449	0,112075	0,106425	0,112701	0,106208	0,000107	-0,000251
428,00	-0,000035	0,049669	0,049960	0,050696	0,050308	0,050446	0,050905	0,051157	0,107781	0,101680	0,106281	0,102355	0,106419	0,101890	0,132853	0,114212	0,132825	0,114334	0,132087	0,113703	0,110554	0,105585	0,111048	0,105672	0,111793	0,105369	0,000105	-0,000163
429,00	-0,000122	0,049628	0,049947	0,050739	0,050191	0,050442	0,050806	0,051175	0,106908	0,100791	0,105411	0,101391	0,105684	0,100914	0,131596	0,113134	0,131621	0,113267	0,130794	0,112659	0,109509	0,104589	0,110160	0,104634	0,110630	0,104317	0,000030	-0,000206
430,00	0,000104	0,049700	0,049968	0,050602	0,050103	0,050291	0,050909	0,051281	0,105874	0,099933	0,104489	0,100527	0,104577	0,100076	0,130120	0,111969	0,130145	0,112098	0,129303	0,111509	0,108644	0,103779	0,109247	0,103891	0,109778	0,103537	0,000097	-0,000186
431,00	-0,000205	0,049661	0,049891	0,050607	0,050159	0,050324	0,050697	0,051012	0,105081	0,099021	0,103641	0,099729	0,103824	0,099172	0,128930	0,110854	0,128850	0,110928	0,128087	0,110389	0,107504	0,102731	0,108102	0,102830	0,108728	0,102459	0,000023	-0,000212
432,00	-0,000066	0,049657	0,049866	0,050556	0,050029	0,050324	0,050737	0,051039	0,104185	0,098222	0,102734	0,098801	0,102902	0,098417	0,127556	0,109741	0,127629	0,109805	0,126707	0,109306	0,106546	0,101822	0,107226	0,101961	0,107700	0,101635	0,000044	-0,000182
433,00	-0,000189	0,049543	0,049794	0,050597	0,050015	0,050244	0,050528	0,050821	0,103240	0,097288	0,101850	0,097974	0,101910	0,097439	0,126325	0,108673	0,126445	0,108795	0,125514	0,108184	0,105508	0,100870	0,106003	0,100950	0,106691	0,100453	0,000027	-0,000184
434,00	-0,000075	0,049517	0,049725	0,050430	0,049982	0,050123	0,050621	0,051022	0,102331	0,096462	0,100927	0,097021	0,101027	0,096575	0,125135	0,107511	0,125160	0,107748	0,124227	0,107058	0,104715	0,100063	0,105346	0,100166	0,105808	0,099747	0,000011	-0,000228
435,00	-0,000153	0,049424	0,049717	0,050505	0,049910	0,050158	0,050435	0,050872	0,101497	0,095728	0,100197	0,096250	0,100305	0,095815	0,123943	0,106710	0,123959	0,106779	0,123170	0,106062	0,103702	0,099078	0,104273	0,099239	0,104866	0,098952	-0,000031	-0,000279
436,00	-0,000089	0,049296	0,049553	0,050529	0,050037	0,050113	0,050535	0,050865	0,100645	0,094934	0,099289	0,095472	0,099368	0,095023	0,122914	0,105770	0,122781	0,105740	0,121991	0,105209	0,102867	0,098334	0,103525	0,098433	0,103934	0,097979	-0,000012	-0,000197
437,00	-0,000173	0,049165	0,049530	0,050491	0,049900	0,049987	0,050415	0,050762	0,099749	0,094160	0,098523	0,094469	0,098482	0,094131	0,121623	0,104567	0,121576	0,104768	0,120765	0,104093	0,101846	0,097456	0,102433	0,097514	0,102922	0,097154	-0,000166	-0,000247
438,00	-0,000154	0,049255	0,049550	0,050582	0,049809	0,050161	0,050340	0,050747	0,099013	0,093498	0,097859	0,093839	0,097846	0,093511	0,120526	0,103776	0,120580	0,103901	0,119785	0,103382	0,101025	0,096500	0,101549	0,096711	0,101987	0,096285	0,000032	-0,000087
439,00	-0,000078	0,049182	0,049460	0,050509	0,049910	0,050100	0,050343	0,050865	0,098224	0,092606	0,097075	0,092962	0,096983	0,092657	0,119443	0,102867	0,119383	0,102907	0,118670	0,102293	0,100297	0,095836	0,100782	0,095999	0,101153	0,095577	-0,000112	-0,000106
440,00	-0,000117	0,049111	0,049392	0,050427	0,049820	0,049999	0,050391	0,050680	0,097309	0,091861	0,096209	0,092150	0,096194	0,091829	0,118331	0,101956	0,118294	0,101947	0,117582	0,101460	0,099306	0,095066	0,099939	0,095188	0,100351	0,094746	-0,000085	-0,000220
441,00	-0,000125	0,048976	0,049357	0,050512	0,049857	0,050076	0,050289	0,050725	0,096652	0,091225	0,095424	0,091446	0,095486	0,091117	0,117355	0,101108	0,117326	0,101242	0,116577	0,100623	0,098570	0,094333	0,099076	0,094425	0,099534	0,094032	-0,000136	-0,000061
442,00	-0,000136	0,049041	0,049390	0,050416	0,049773	0,050029	0,050210	0,050674	0,095921	0,090503	0,094696	0,090664	0,094776	0,090401	0,116222	0,100242	0,116308	0,100282	0,115487	0,099742	0,097729	0,093415	0,098177	0,093578	0,098634	0,093305	-0,000088	-0,000064
443,00	-0,000073	0,049066	0,049344	0,050419	0,049745	0,050045	0,050148	0,050674	0,095187	0,089772	0,093965	0,089982	0,093964	0,089766	0,115230	0,099299	0,115226	0,099533	0,114449	0,098934	0,096933	0,092771	0,097382	0,092886	0,097762	0,092422	-0,000035	-0,000038
444,00	-0,000017	0,049021	0,049269	0,050470	0,049858	0,050010	0,050123	0,050653	0,094429	0,089093	0,093362	0,089357	0,093395	0,089119	0,114283	0,098529	0,114327	0,098664	0,113472	0,098034	0,096137	0,091959	0,096641	0,092073	0,097129	0,091730	-0,000017	0,000037
445,00	-0,000148	0,048989	0,049253	0,050370	0,049674	0,049873	0,050088	0,050613	0,093841	0,088448	0,092645	0,088647	0,092626	0,088440	0,113245	0,097613	0,113118	0,097744	0,112338	0,097061	0,095270	0,091298	0,095785	0,091277	0,096195	0,090970	0,000003	-0,000067
446,00	-0,000074	0,049010	0,049268	0,050459	0,049708	0,050112	0,050106	0,050630	0,093196	0,087822	0,091909	0,088114	0,091955	0,087778	0,112308	0,096819	0,112367	0,097092	0,111479	0,096442	0,094609	0,090691	0,095120	0,090688	0,095547	0,090426	0,000007	-0,000012
447,00	-0,000178	0,048918	0,049192	0,050416	0,049662	0,049908	0,049966	0,050452	0,092363	0,087068	0,091242	0,087329	0,091203	0,087094	0,111310	0,096058	0,111354	0,096185	0,110520	0,095605	0,093795	0,089816	0,094212	0,089872	0,094619	0,089538	-0,000080	0,000053
448,00	-0,000093	0,048902	0,049139	0,050489	0,049772	0,049989	0,049970	0,050508	0,091613	0,086378	0,090541	0,086635	0,090528	0,086407	0,110476	0,095337	0,110395	0,095421	0,109662	0,094797	0,093075	0,089193	0,093596	0,089313	0,094158	0,088947	-0,000096	0,000038
449,00	-0,000061	0,048998	0,049174	0,050417	0,049784	0,049894	0,050018	0,050517	0,091178	0,085837	0,090081	0,086032	0,089940	0,085835	0,109555	0,094605	0,109568	0,094790	0,108844	0,094078	0,092426	0,088612	0,092911	0,088602	0,093356	0,088356	-0,000080	0,000066
450,00	-0,000192	0,048897	0,049073	0,050263	0,049692	0,049935	0,049971	0,050405	0,090600	0,085224	0,089410	0,085575	0,089226	0,085255	0,108642	0,093781	0,108584	0,093895	0,107898	0,093293	0,091760	0,087987	0,092131	0,087913	0,092718	0,087609	-0,000039	-0,000010
451,00	-0,000132	0,048864	0,049078	0,050264	0,049755	0,049937	0,049946	0,050389	0,089986	0,084554	0,088763	0,084811	0,088708	0,084663	0,107822	0,093154	0,107803	0,093265	0,107095	0,092634	0,091068	0,087260	0,091473	0,087293	0,091929	0,086983	-0,000019	-0,000008
452,00	0,000002	0,048922	0,049015	0,050161	0,049631	0,049770	0,049982	0,050298	0,089359	0,084134	0,088123	0,084325	0,088067	0,084106	0,106900	0,092299	0,106780	0,092471	0,106186	0,091828	0,090333	0,086685	0,090799	0,086740	0,091297	0,086309	-0,000028	0,000046
453,00	-0,000006	0,048766	0,049000	0,050123	0,049644	0,049856	0,049867	0,050371	0,088789	0,083437	0,087654	0,083825	0,087498	0,083513	0,105960	0,091571	0,106041	0,091797	0,105421	0,091129	0,089743	0,086127	0,090143	0,086097	0,090635	0,085722	0,000016	0,000069
454,00	-0,000042	0,048734	0,048982	0,049968	0,049572	0,049797	0,049859	0,050297	0,088195	0,082795	0,086955	0,083117	0,086793	0,082930	0,105066	0,090798	0,105057	0,090998	0,104491	0,090348	0,089091	0,085497	0,089395	0,085366	0,090049	0,085115	-0,000007	0,000034
455,00	0,000049	0,048705	0,048978	0,049970	0,049582	0,049749	0,049937	0,050360	0,087612	0,082225	0,086364	0,082688	0,086199	0,082397	0,104356	0,090172	0,104326	0,090335	0,103736	0,089777	0,088516	0,084912	0,088868	0,084968	0,089443	0,084733	0,000015	0,000073
456,00	-0,000057	0,048748	0,048936	0,049827	0,049478	0,049559	0,049827	0,050370	0,087102	0,081678	0,085801	0,082045	0,085628	0,081789	0,103356	0,089524	0,103406	0,089642	0,102897	0,088945	0,087842	0,084317	0,088174	0,084287	0,088735	0,083924	-0,000039	0,000081
457,00	-0,000087	0,048764	0,048888	0,049872	0,049518	0,049659	0,049766	0,050145	0,086474	0,081072	0,085188	0,081531	0,084981	0,081309	0,102717	0,088898	0,102733	0,089048	0,102230	0,088343	0,087159	0,083638	0,087581	0,083643	0,088111	0,083407	-0,000101	0,000099
458,00	-0,000035	0,048663	0,048819	0,049895	0,049448	0,049600	0,049794	0,050206	0,085960	0,080476	0,084645	0,080963	0,084474	0,080833	0,102000	0,088217	0,101916	0,088457	0,101480	0,087752	0,086620	0,082988	0,086875	0,083019	0,087398	0,082735	0,000040	0,000135
459,00	-0,000073	0,048598	0,048769	0,049744	0,049355	0,049513	0,049659	0,050104	0,085335	0,079904	0,084079	0,080465	0,083879	0,080180	0,101093	0,087523	0,101062	0,087734	0,100657	0,087018	0,085823	0,082421	0,086206	0,082469	0,086824	0,082137	-0,000099	0,000141
460,00	-0,000041	0,048521	0,048592	0,049706	0,049354	0,049533	0,049614	0,050070	0,084741	0,079319	0,083480	0,079883	0,083310	0,079599	0,100397	0,086830	0,100389	0,087059	0,099910	0,086342	0,085356	0,081939	0,085716	0,081896	0,086242	0,081668	-0,000099	0,000127
461,00	-0,000037	0,048533	0,048660	0,049637	0,049334	0,049542	0,049693	0,050131	0,084256	0,078824	0,082891	0,079409	0,082756	0,079109	0,099594	0,086204	0,099700	0,086440	0,099207	0,085764	0,084869	0,081410	0,085096	0,081406	0,085625	0,081086	0,000013	0,000107
462,00	0,000002	0,048550	0,048658	0,049708	0,049346	0,049481	0,049576	0,050066	0,083776	0,078344	0,082487	0,078934	0,082221	0,078695	0,098892	0,085556	0,098920	0,085921	0,098487	0,085095	0,084284	0,080872	0,084539	0,080870	0,085087	0,080627	-0,000016	0,000121
463,00	-0,000055	0,048495	0,048592	0,049663	0,049345	0,049340	0,049482	0,049926	0,083211	0,077866	0,081901	0,078501	0,081611	0,078186	0,098207	0,084989	0,098207	0,085292	0,097818	0,084587	0,083587	0,080305	0,083922	0,080277	0,084410	0,079984	-0,000054	0,000111
464,00	-0,000013	0,048464	0,048618	0,049496	0,049139	0,049192	0,049615	0,049862	0,082684	0,077275	0,081380	0,077959	0,081163	0,077657	0,097393	0,084327	0,097356	0,084512	0,096970	0,083841	0,083063	0,079802	0,083318	0,079831	0,083948	0,079511	0,000024	-0,000054
465,00	-0,000068	0,048419	0,048536	0,049536	0,049179	0,049260	0,049422	0,049822	0,082242	0,076763	0,080899	0,077363	0,080646	0,077233	0,096830	0,083845	0,096723	0,084055	0,096462	0,083391	0,082492	0,079297	0,082735	0,079189	0,083256	0,078907	-0,000047	0,000190
466,00	-0,000012	0,048310	0,048507	0,049498	0,049099	0,049213	0,049380	0,049802	0,081569	0,076238	0,080383	0,076870	0,080048	0,076602	0,096024	0,083217	0,096137	0,083442	0,095715	0,082743	0,081943	0,078738	0,082185	0,078655	0,082707	0,078421	-0,000079	0,000149
467,00	-0,000097	0,048280	0,048305	0,049478	0,049067	0,049110	0,049337	0,049717	0,080963	0,075692	0,079770	0,076296	0,079503	0,076082	0,095405	0,082542	0,095409	0,082864	0,095096	0,082096	0,081380	0,078211	0,081620	0,078201	0,082182	0,077891	-0,000118	0,000158
468,00	-0,000143	0,048225	0,048347	0,049397	0,049032	0,049177	0,049287	0,049648	0,080501	0,075178	0,079290	0,075763	0,078971	0,075626	0,094622	0,082011	0,094805	0,082267	0,094313	0,081551	0,080877	0,077671	0,081120	0,077691	0,081537	0,077334	-0,000155	0,000057
469,00	-0,000107	0,048258	0,048430	0,049518	0,048996	0,049046	0,049252	0,049560	0,080073	0,074786	0,078928	0,075502	0,078519	0,075224	0,094063	0,081519	0,094147	0,081746	0,093711	0,081030	0,080237	0,077152	0,080411	0,077028	0,081035	0,076768	-0,000046	0,000101
470,00	-0,000045	0,048298	0,048397	0,049229	0,048826	0,048898	0,049265	0,049551	0,079615	0,074404	0,078374	0,075001	0,078061	0,074749	0,093307	0,080678	0,093300	0,081020	0,092782	0,080329	0,079693	0,076666	0,079881	0,076593	0,080559	0,076324	-0,000027	0,000008
471,00	-0,000017	0,048042	0,048123	0,049291	0,048754	0,048869	0,049304	0,049545	0,078872	0,073777	0,077718	0,074339	0,077372	0,074159	0,092723	0,080242	0,092676	0,080441	0,092260	0,079758	0,079328	0,076271	0,079459	0,076118	0,080006	0,075820	-0,000121	0,000021
472,00	-0,000066	0,048127	0,048212	0,049235	0,048693	0,048718	0,049261	0,049467	0,078595	0,073409	0,077347	0,073970	0,076972	0,073788	0,092018	0,079671	0,091987	0,079921	0,091608	0,079300	0,078706	0,075785	0,078903	0,075678	0,079556	0,075343	-0,000104	-0,000016
473,00	-0,000042	0,048088	0,048267	0,049208	0,048666	0,048815	0,049169	0,049444	0,078102	0,072980	0,076919	0,073580	0,076556	0,073316	0,091543	0,079257	0,091417	0,079453	0,091090	0,078827	0,078284	0,075284	0,078341	0,075221	0,079024	0,074912	-0,000055	0,000076
474,00	-0,000043	0,048049	0,048182	0,049108	0,048591	0,048785	0,049192	0,049396	0,077617	0,072508	0,076466	0,073063	0,076040	0,072906	0,090790	0,078699	0,090797	0,078881	0,090379	0,078291	0,077838	0,074928	0,078039	0,074768	0,078536	0,074532	-0,000065	-0,000030
475,00	-0,000029	0,047999	0,048139	0,049059	0,048513	0,048631	0,049116	0,049469	0,077147	0,072072	0,076075	0,072671	0,075627	0,072476	0,090153	0,078111	0,090177	0,078403	0,089836	0,077639	0,077321	0,074462	0,077495	0,074356	0,078184	0,074066	-0,000125	-0,000043
476,00	-0,000119	0,047954	0,048046	0,048947	0,048470	0,048638	0,049058	0,049297	0,076709	0,071689	0,075548	0,072229	0,075132	0,071952	0,089627	0,077651	0,089590	0,077908	0,089093	0,077230	0,076793	0,073964	0,076987	0,073800	0,077585	0,073572	-0,000134	-0,000079
477,00	-0,000076	0,047933	0,048138	0,048983	0,048528	0,048617	0,049038	0,049390	0,076364	0,071385	0,075209	0,071866	0,074680	0,071738	0,089119	0,077225	0,089111	0,077437	0,088677	0,076686	0,076437	0,073539	0,076571	0,073471	0,077308	0,073246	-0,000085	-0,000055
478,00	0,000057	0,047883	0,048098	0,048986	0,048482	0,048570	0,048922	0,049244	0,075818	0,070911	0,074756	0,071471	0,074227	0,071144	0,088559	0,076748	0,088571	0,077013	0,088100	0,076200	0,075964	0,073142	0,076104	0,073021	0,076730	0,072773	-0,000141	-0,000001
479,00	-0,000063	0,047931	0,048027	0,049017	0,048417	0,048575	0,048864	0,049211	0,075462	0,070529	0,074296	0,071007	0,073885	0,070830	0,087969	0,076270	0,087986	0,076538	0,087516	0,075706	0,075514	0,072683	0,075588	0,072544	0,076248	0,072367	-0,000124	-0,000021
480,00	-0,000080	0,047784	0,047996	0,048975	0,048414	0,048527	0,048913	0,049142	0,075022	0,070175	0,073827	0,070456	0,073483	0,070388	0,087442	0,075827	0,087469	0,076069	0,087097	0,075376	0,075025	0,072276	0,075193	0,072157	0,075854	0,072025	-0,000146	-0,000064
481,00	0,000022	0,047793	0,048024	0,048996	0,048373	0,048482	0,048924	0,049135	0,074593	0,069758	0,073451	0,070206	0,073087	0,069987	0,086997	0,075417	0,087085	0,075646	0,086501	0,074885	0,074727	0,071955	0,074808	0,071814	0,075435	0,071578	-0,000203	-0,000069
482,00	-0,000053	0,047770	0,047927	0,048873	0,048340	0,048446	0,048874	0,049077	0,074231	0,069356	0,073085	0,069687	0,072560	0,069594	0,086395	0,074926	0,086471	0,075252	0,086013	0,074441	0,074285	0,071491	0,074331	0,071377	0,074942	0,071230	-0,000196	-0,000108
483,00	-0,000056	0,047758	0,047860	0,048936	0,048344	0,048446	0,048815	0,049007	0,073857	0,069072	0,072695	0,069348	0,072271	0,069258	0,085950	0,074525	0,086068	0,074756	0,085563	0,074106	0,073773	0,071154	0,074021	0,070945	0,074582	0,070755	-0,000194	-0,000034
484,00	-0,000055	0,047729	0,047809	0,048981	0,048275	0,048350	0,048769	0,048973	0,073404	0,068662	0,072350	0,068996	0,071882	0,068840	0,085450	0,074144	0,085484	0,074357	0,085134	0,073716	0,073372	0,070719	0,073503	0,070529	0,074232	0,070351	-0,000225	-0,000010
485,00	-0,000021	0,047671	0,047761	0,048710	0,048202	0,048236	0,048666	0,048919	0,072993	0,068338	0,071896	0,068587	0,071473	0,068438	0,084830	0,073589	0,084922	0,073936	0,084421	0,073223	0,073021	0,070434	0,073182	0,070233	0,073863	0,070042	-0,000242	-0,000126
486,00	0,000082	0,047660	0,047749	0,048871	0,048293	0,048336	0,048740	0,048900	0,072728	0,068019	0,071611	0,068347	0,071231	0,068160	0,084529	0,073411	0,084571	0,073662	0,084086	0,072898	0,072798	0,070199	0,072870	0,069964	0,073464	0,069834	-0,000209	0,000008
487,00	0,000038	0,047588	0,047718	0,048885	0,048273	0,048361	0,048670	0,048884	0,072351	0,067636	0,071184	0,067920	0,070803	0,067793	0,084058	0,072970	0,084052	0,073293	0,083599	0,072544	0,072257	0,069749	0,072420	0,069517	0,073042	0,069401	-0,000218	0,000036
488,00	0,000018	0,047603	0,047784	0,048695	0,048117	0,048179	0,048663	0,048939	0,071992	0,067343	0,070860	0,067596	0,070420	0,067400	0,083480	0,072535	0,083495	0,072748	0,082927	0,072030	0,071908	0,069365	0,072111	0,069241	0,072747	0,069053	-0,000226	-0,000094
489,00	-0,000049	0,047605	0,047816	0,048760	0,048184	0,048205	0,048634	0,048807	0,071603	0,066938	0,070568	0,067183	0,070094	0,067016	0,083105	0,072220	0,083111	0,072457	0,082537	0,071730	0,071484	0,068965	0,071672	0,068778	0,072359	0,068624	-0,000240	0,000003
490,00	0,000095	0,047440	0,047743	0,048629	0,048144	0,048137	0,048691	0,048856	0,071171	0,066585	0,070025	0,066811	0,069654	0,066627	0,082528	0,071728	0,082613	0,072032	0,082133	0,071267	0,071261	0,068691	0,071417	0,068509	0,072015	0,068362	-0,000272	-0,000105
491,00	0,000076	0,047503	0,047673	0,048684	0,048243	0,048217	0,048528	0,048877	0,070974	0,066333	0,069872	0,066523	0,069461	0,066472	0,082236	0,071486	0,082242	0,071753	0,081770	0,070975	0,070899	0,068353	0,070991	0,068227	0,071688	0,068072	-0,000221	0,000053
492,00	0,000033	0,047463	0,047707	0,048710	0,048098	0,048200	0,048598	0,048802	0,070550	0,066070	0,069501	0,066261	0,069096	0,066025	0,081824	0,071106	0,081781	0,071419	0,081319	0,070588	0,070449	0,068042	0,070716	0,067891	0,071272	0,067774	-0,000178	-0,000004
493,00	-0,000040	0,047489	0,047807	0,048742	0,048102	0,048181	0,048542	0,048756	0,070335	0,065736	0,069255	0,065986	0,068897	0,065779	0,081430	0,070775	0,081399	0,070997	0,080928	0,070256	0,070113	0,067700	0,070312	0,067564	0,070992	0,067347	-0,000187	0,000051
494,00	0,000021	0,047432	0,047694	0,048737	0,048096	0,048156	0,048505	0,048653	0,069982	0,065459	0,068938	0,065662	0,068529	0,065430	0,080975	0,070471	0,080996	0,070682	0,080451	0,070019	0,069757	0,067384	0,069956	0,067259	0,070577	0,067073	-0,000190	0,000042
495,00	0,000034	0,047488	0,047708	0,048677	0,048145	0,048071	0,048480	0,048658	0,069767	0,065211	0,068671	0,065394	0,068232	0,065207	0,080632	0,070128	0,080621	0,070356	0,080094	0,069665	0,069464	0,067165	0,069719	0,066974	0,070317	0,066748	-0,000209	0,000086
496,00	-0,000002	0,047525	0,047688	0,048696	0,048127	0,048091	0,048522	0,048679	0,069512	0,064871	0,068357	0,065105	0,067975	0,064904	0,080135	0,069850	0,080239	0,070015	0,079638	0,069394	0,069210	0,066935	0,069380	0,066706	0,070085	0,066558	-0,000182	0,000061
497,00	-0,000003	0,047491	0,047670	0,048690	0,048070	0,048066	0,048479	0,048558	0,069190	0,064651	0,068060	0,064865	0,067736	0,064623	0,079913	0,069528	0,079845	0,069754	0,079274	0,069053	0,068811	0,066491	0,069032	0,066426	0,069715	0,066241	-0,000195	0,000113
498,00	0,000111	0,047452	0,047665	0,048530	0,048042	0,048005	0,048468	0,048720	0,068919	0,064305	0,067727	0,064594	0,067409	0,064311	0,079519	0,069155	0,079407	0,069384	0,078884	0,068717	0,068626	0,066317	0,068736	0,066232	0,069498	0,066089	-0,000146	0,000030
499,00	0,000096	0,047468	0,047638	0,048521	0,048003	0,048071	0,048379	0,048598	0,068673	0,064005	0,067556	0,064269	0,067145	0,064034	0,079059	0,068839	0,079049	0,069061	0,078448	0,068392	0,068254	0,065902	0,068465	0,065840	0,069230	0,065741	-0,000228	0,000063
500,00	0,000049	0,047559	0,047641	0,048573	0,048130	0,048100	0,048336	0,048743	0,068543	0,063789	0,067403	0,064163	0,067080	0,063904	0,078787	0,068562	0,078676	0,068832	0,078124	0,068241	0,067998	0,065704	0,068131	0,065587	0,068962	0,065452	-0,000168	0,000044
501,00	0,000061	0,047685	0,047839	0,048693	0,048177	0,048298	0,048388	0,048692	0,068376	0,063656	0,067179	0,063982	0,066817	0,063822	0,078595	0,068490	0,078448	0,068625	0,077906	0,068078	0,067687	0,065395	0,067899	0,065316	0,068667	0,065251	0,000069	0,000211
502,00	0,000051	0,047582	0,047652	0,048693	0,048254	0,048245	0,048435	0,048830	0,067977	0,063285	0,066797	0,063621	0,066519	0,063369	0,078277	0,068166	0,078195	0,068418	0,077612	0,067819	0,067436	0,065181	0,067658	0,065163	0,068418	0,065042	-0,000076	0,000201
503,00	-0,000028	0,047520	0,047655	0,048673	0,048248	0,048244	0,048511	0,048792	0,067771	0,063062	0,066590	0,063414	0,066328	0,063268	0,077902	0,067827	0,077739	0,068108	0,077204	0,067626	0,067223	0,064999	0,067411	0,064829	0,068158	0,064780	-0,000076	0,000237
504,00	0,000083	0,047603	0,047756	0,048742	0,048306	0,048282	0,048409	0,048831	0,067584	0,062839	0,066352	0,063255	0,066074	0,062979	0,077682	0,067671	0,077411	0,067894	0,076955	0,067349	0,066951	0,064792	0,067206	0,064721	0,067964	0,064699	-0,000116	0,000326
505,00	0,000008	0,047570	0,047732	0,048746	0,048327	0,048353	0,048395	0,048804	0,067247	0,062573	0,066098	0,062991	0,065739	0,062777	0,077291	0,067360	0,077125	0,067583	0,076569	0,067027	0,066671	0,064483	0,066885	0,064435	0,067635	0,064355	-0,000112	0,000230
506,00	0,000063	0,047644	0,047741	0,048656	0,048224	0,048157	0,048448	0,048897	0,067121	0,062350	0,065939	0,062925	0,065642	0,062577	0,076824	0,066965	0,076664	0,067389	0,076124	0,066577	0,066478	0,064296	0,066685	0,064142	0,067381	0,064137	0,000008	0,000062
507,00	0,000054	0,047643	0,047817	0,048714	0,048311	0,048277	0,048483	0,048873	0,066814	0,062197	0,065787	0,062656	0,065428	0,062408	0,076580	0,066777	0,076463	0,067119	0,075973	0,066563	0,066210	0,063999	0,066446	0,064055	0,067146	0,063972	-0,000032	0,000225
508,00	-0,000031	0,047660	0,047716	0,048776	0,048396	0,048431	0,048431	0,048878	0,066526	0,062010	0,065494	0,062390	0,065291	0,062218	0,076382	0,066664	0,076216	0,067020	0,075656	0,066402	0,065967	0,063798	0,066265	0,063696	0,066904	0,063730	-0,000025	0,000216
509,00	0,000054	0,047789	0,047860	0,048747	0,048389	0,048418	0,048539	0,048884	0,066470	0,061858	0,065412	0,062348	0,065141	0,062130	0,076084	0,066424	0,075904	0,066649	0,075392	0,066167	0,065759	0,063656	0,066110	0,063694	0,066831	0,063598	0,000055	0,000250
510,00	0,000072	0,047912	0,047892	0,048855	0,048416	0,048409	0,048568	0,048950	0,066286	0,061727	0,065167	0,062211	0,064964	0,061954	0,075782	0,066211	0,075677	0,066527	0,075093	0,065973	0,065580	0,063503	0,065869	0,063474	0,066519	0,063447	0,000106	0,000254
511,00	0,000085	0,047838	0,047906	0,048890	0,048463	0,048474	0,048632	0,048982	0,066007	0,061493	0,064908	0,062026	0,064712	0,061800	0,075471	0,066016	0,075269	0,066251	0,074845	0,065774	0,065448	0,063324	0,065718	0,063287	0,066361	0,063336	0,000045	0,000186
512,00	0,000032	0,047874	0,047908	0,048933	0,048518	0,048616	0,048585	0,048878	0,065799	0,061306	0,064786	0,061831	0,064545	0,061579	0,075358	0,065800	0,075154	0,066074	0,074578	0,065565	0,065201	0,063036	0,065506	0,063021	0,066119	0,063085	-0,000045	0,000339
513,00	0,000008	0,047912	0,047936	0,048885	0,048534	0,048566	0,048615	0,048903	0,065655	0,061167	0,064547	0,061707	0,064355	0,061560	0,074998	0,065609	0,074835	0,065846	0,074289	0,065353	0,064995	0,062904	0,065259	0,062897	0,065902	0,062926	0,000003	0,000273
514,00	-0,000015	0,047907	0,047913	0,048735	0,048413	0,048590	0,048637	0,048905	0,065355	0,061027	0,064400	0,061418	0,064164	0,061260	0,074578	0,065319	0,074448	0,065580	0,073933	0,065100	0,064799	0,062634	0,065161	0,062720	0,065677	0,062737	-0,000060	0,000203
515,00	-0,000063	0,047882	0,047910	0,048859	0,048465	0,048630	0,048466	0,048821	0,065166	0,060709	0,064138	0,061286	0,063950	0,061097	0,074345	0,065141	0,074246	0,065329	0,073629	0,064891	0,064437	0,062344	0,064764	0,062427	0,065416	0,062446	-0,000074	0,000237
516,00	-0,000012	0,047926	0,047926	0,048856	0,048388	0,048592	0,048598	0,048815	0,064960	0,060619	0,064009	0,061189	0,063811	0,060934	0,074046	0,064869	0,073816	0,065118	0,073325	0,064676	0,064242	0,062188	0,064597	0,062274	0,065218	0,062302	0,000023	0,000195
517,00	0,000027	0,047936	0,047912	0,048723	0,048351	0,048372	0,048532	0,048797	0,064665	0,060489	0,063808	0,060967	0,063623	0,060752	0,073682	0,064506	0,073456	0,064739	0,072984	0,064330	0,064012	0,061955	0,064398	0,062044	0,064982	0,062103	0,000079	0,000082
518,00	-0,000025	0,047941	0,048013	0,048708	0,048356	0,048478	0,048555	0,048726	0,064552	0,060236	0,063664	0,060852	0,063422	0,060650	0,073366	0,064313	0,073188	0,064534	0,072726	0,064152	0,063825	0,061861	0,064230	0,061780	0,064780	0,061858	0,000117	0,000112
519,00	0,000043	0,047988	0,047945	0,048683	0,048359	0,048501	0,048538	0,048793	0,064387	0,060080	0,063391	0,060613	0,063245	0,060470	0,073098	0,064213	0,072997	0,064305	0,072426	0,064027	0,063559	0,061675	0,064014	0,061697	0,064582	0,061760	0,000038	0,000206
520,00	0,000082	0,047846	0,047860	0,048691	0,048326	0,048441	0,048533	0,048704	0,064091	0,059866	0,063110	0,060277	0,062920	0,060236	0,072784	0,063945	0,072649	0,064048	0,072095	0,063787	0,063295	0,061319	0,063767	0,061370	0,064284	0,061432	0,000030	0,000153
521,00	0,000090	0,047936	0,047923	0,048617	0,048288	0,048431	0,048438	0,048702	0,063889	0,059737	0,063042	0,060325	0,062785	0,060198	0,072454	0,063639	0,072323	0,063769	0,071803	0,063469	0,063066	0,061136	0,063561	0,061262	0,064053	0,061232	0,000089	0,000078
522,00	-0,000005	0,047844	0,047771	0,048568	0,048180	0,048312	0,048370	0,048618	0,063606	0,059485	0,062746	0,059955	0,062449	0,059829	0,072204	0,063485	0,071991	0,063585	0,071440	0,063171	0,062772	0,060989	0,063270	0,061000	0,063848	0,061116	0,000018	0,000027
523,00	-0,000007	0,047949	0,047743	0,048505	0,048199	0,048241	0,048437	0,048671	0,063453	0,059371	0,062626	0,059884	0,062376	0,059768	0,071788	0,063185	0,071729	0,063294	0,071019	0,062926	0,062612	0,060789	0,063173	0,060890	0,063661	0,060934	0,000047	0,000016
524,00	-0,000066	0,048009	0,047897	0,048510	0,048179	0,048221	0,048348	0,048524	0,063398	0,059257	0,062498	0,059693	0,062199	0,059642	0,071652	0,062995	0,071315	0,063066	0,070809	0,062788	0,062383	0,060424	0,062827	0,060555	0,063351	0,060691	0,000142	0,000066
525,00	-0,000009	0,047843	0,047790	0,048433	0,048146	0,048175	0,048273	0,048475	0,063072	0,058972	0,062284	0,059526	0,062032	0,059380	0,071297	0,062746	0,071106	0,062883	0,070548	0,062520	0,062083	0,060253	0,062596	0,060260	0,063103	0,060469	0,000063	-0,000012
526,00	0,000087	0,047787	0,047636	0,048386	0,048114	0,048112	0,048321	0,048457	0,062822	0,058820	0,062006	0,059229	0,061779	0,059107	0,070977	0,062493	0,070827	0,062661	0,070232	0,062280	0,061943	0,060086	0,062463	0,060309	0,063049	0,060255	0,000022	-0,000072
527,00	0,000158	0,047868	0,047618	0,048383	0,048147	0,048085	0,048404	0,048516	0,062713	0,058679	0,061801	0,059128	0,061591	0,058990	0,070780	0,062279	0,070552	0,062462	0,069985	0,062036	0,061731	0,059952	0,062296	0,060074	0,062819	0,060121	0,000124	-0,000013
528,00	0,000091	0,047768	0,047732	0,048443	0,048169	0,048105	0,048357	0,048467	0,062532	0,058572	0,061704	0,058984	0,061314	0,058759	0,070450	0,062164	0,070423	0,062243	0,069734	0,061949	0,061574	0,059806	0,062110	0,059868	0,062688	0,059990	0,000056	-0,000048
529,00	0,000170	0,047786	0,047682	0,048253	0,048045	0,048002	0,048308	0,048426	0,062395	0,058400	0,061571	0,058840	0,061235	0,058635	0,070130	0,061809	0,070021	0,061964	0,069432	0,061528	0,061388	0,059522	0,061845	0,059749	0,062381	0,059821	0,000083	-0,000000
530,00	0,000071	0,047766	0,047650	0,048330	0,048032	0,048081	0,048316	0,048374	0,062188	0,058243	0,061272	0,058638	0,061082	0,058444	0,069918	0,061651	0,069880	0,061764	0,069192	0,061419	0,061169	0,059341	0,061729	0,059426	0,062143	0,059536	0,000111	-0,000011
531,00	-0,000060	0,047703	0,047629	0,048344	0,048111	0,048191	0,048126	0,048204	0,061933	0,058068	0,061093	0,058409	0,060884	0,058357	0,069727	0,061499	0,069616	0,061542	0,068929	0,061296	0,060902	0,059077	0,061422	0,059242	0,061884	0,059282	0,000035	0,000110
532,00	-0,000011	0,047660	0,047597	0,048337	0,047985	0,048041	0,048121	0,048153	0,061777	0,057812	0,060858	0,058221	0,060646	0,058049	0,069385	0,061203	0,069280	0,061356	0,068691	0,060950	0,060705	0,058918	0,061181	0,059070	0,061754	0,059128	-0,000023	-0,000012
533,00	0,000034	0,047663	0,047525	0,048368	0,047962	0,047952	0,048249	0,048303	0,061678	0,057742	0,060723	0,058092	0,060503	0,057940	0,069120	0,061060	0,069054	0,061175	0,068390	0,060792	0,060556	0,058819	0,061038	0,058874	0,061578	0,059085	0,000040	-0,000025
534,00	0,000035	0,047633	0,047593	0,048441	0,048017	0,048030	0,048184	0,048212	0,061473	0,057587	0,060547	0,057932	0,060260	0,057739	0,068935	0,060890	0,068817	0,061064	0,068276	0,060637	0,060404	0,058565	0,060875	0,058740	0,061409	0,058865	0,000004	0,000008
535,00	0,000054	0,047620	0,047569	0,048366	0,047976	0,047948	0,048229	0,048272	0,061290	0,057449	0,060436	0,057746	0,060107	0,057597	0,068612	0,060637	0,068602	0,060761	0,067916	0,060349	0,060366	0,058507	0,060835	0,058684	0,061306	0,058754	-0,000004	-0,000003
536,00	0,000035	0,047664	0,047455	0,048278	0,047871	0,048017	0,048136	0,048264	0,061068	0,057150	0,060099	0,057476	0,059865	0,057416	0,068426	0,060434	0,068379	0,060582	0,067637	0,060202	0,060072	0,058233	0,060503	0,058414	0,061036	0,058474	-0,000049	-0,000047
537,00	0,000126	0,047607	0,047473	0,048183	0,047809	0,047899	0,048226	0,048353	0,060810	0,056949	0,059837	0,057177	0,059612	0,057115	0,067956	0,060129	0,067999	0,060183	0,067277	0,059925	0,059950	0,058083	0,060322	0,058216	0,060880	0,058371	-0,000070	-0,000130
538,00	0,000096	0,047527	0,047387	0,048229	0,047846	0,047989	0,048280	0,048264	0,060558	0,056700	0,059675	0,056977	0,059398	0,056979	0,067816	0,060008	0,067882	0,060160	0,067129	0,059818	0,059786	0,057961	0,060211	0,058192	0,060686	0,058265	-0,000176	-0,000102
539,00	0,000144	0,047424	0,047334	0,048363	0,047950	0,048081	0,048315	0,048306	0,060254	0,056528	0,059387	0,056810	0,059070	0,056696	0,067748	0,059989	0,067711	0,060109	0,067065	0,059769	0,059633	0,057850	0,060055	0,058027	0,060555	0,058115	-0,000437	-0,000031
540,00	0,000094	0,047550	0,047473	0,048339	0,047869	0,048058	0,048345	0,048308	0,060306	0,056525	0,059419	0,056757	0,059117	0,056687	0,067441	0,059812	0,067403	0,059869	0,066734	0,059581	0,059466	0,057635	0,059854	0,057947	0,060442	0,058004	-0,000203	-0,000064
541,00	0,000150	0,047566	0,047448	0,048283	0,047921	0,048021	0,048297	0,048354	0,060186	0,056465	0,059318	0,056633	0,058984	0,056632	0,067259	0,059546	0,067215	0,059746	0,066521	0,059468	0,059391	0,057585	0,059759	0,057845	0,060336	0,057917	-0,000204	-0,000115
542,00	0,000070	0,047584	0,047550	0,048229	0,047765	0,048021	0,048250	0,048310	0,060122	0,056404	0,059162	0,056529	0,058905	0,056440	0,067006	0,059460	0,067066	0,059547	0,066346	0,059320	0,059119	0,057393	0,059593	0,057591	0,060124	0,057715	-0,000215	-0,000153
543,00	0,000105	0,047461	0,047372	0,048239	0,047841	0,048007	0,048283	0,048358	0,059859	0,056121	0,058888	0,056290	0,058641	0,056212	0,066827	0,059380	0,066882	0,059470	0,066196	0,059120	0,059054	0,057363	0,059547	0,057610	0,059925	0,057692	-0,000319	-0,000090
544,00	0,000106	0,047433	0,047365	0,048171	0,047861	0,048007	0,048166	0,048267	0,059791	0,055939	0,058789	0,056144	0,058519	0,056074	0,066632	0,059145	0,066642	0,059233	0,065930	0,058975	0,058830	0,057143	0,059324	0,057313	0,059814	0,057492	-0,000253	-0,000058
545,00	0,000065	0,047434	0,047382	0,048109	0,047769	0,047972	0,048166	0,048185	0,059572	0,055780	0,058591	0,056006	0,058391	0,055946	0,066263	0,058933	0,066423	0,059029	0,065732	0,058833	0,058713	0,056906	0,059107	0,057211	0,059588	0,057267	-0,000241	-0,000006
546,00	0,000040	0,047328	0,047292	0,048044	0,047721	0,047927	0,047994	0,048099	0,059388	0,055640	0,058327	0,055837	0,058171	0,055689	0,065983	0,058799	0,066155	0,058843	0,065473	0,058636	0,058403	0,056740	0,058848	0,056935	0,059331	0,056984	-0,000288	-0,000041
547,00	0,000043	0,047268	0,047274	0,048068	0,047687	0,047870	0,048018	0,048142	0,059248	0,055388	0,058195	0,055691	0,057997	0,055540	0,065880	0,058598	0,065975	0,058739	0,065383	0,058521	0,058323	0,056620	0,058774	0,056898	0,059261	0,056855	-0,000292	-0,000060
548,00	0,000058	0,047185	0,047274	0,047875	0,047634	0,047843	0,047948	0,048023	0,059100	0,055308	0,058082	0,055608	0,057888	0,055449	0,065625	0,058375	0,065709	0,058525	0,065081	0,058272	0,058105	0,056396	0,058552	0,056668	0,058989	0,056754	-0,000287	-0,000062
549,00	-0,000070	0,047181	0,047251	0,047888	0,047678	0,047841	0,047943	0,047937	0,058993	0,055168	0,057970	0,055452	0,057775	0,055273	0,065432	0,058259	0,065435	0,058426	0,064914	0,058127	0,057927	0,056242	0,058256	0,056351	0,058772	0,056456	-0,000231	0,000061
550,00	0,000017	0,047178	0,047243	0,047937	0,047579	0,047822	0,047812	0,047949	0,058821	0,054995	0,057762	0,055355	0,057622	0,055194	0,065252	0,058117	0,065284	0,058238	0,064711	0,057969	0,057689	0,056125	0,058044	0,056310	0,058692	0,056324	-0,000228	0,000025
551,00	0,000014	0,047127	0,047264	0,047901	0,047576	0,047681	0,047840	0,047903	0,058817	0,054928	0,057671	0,055205	0,057471	0,055053	0,064974	0,057956	0,065069	0,058084	0,064463	0,057795	0,057566	0,055954	0,057934	0,056123	0,058460	0,056166	-0,000209	0,000034
552,00	0,000140	0,047092	0,047228	0,047870	0,047529	0,047688	0,047949	0,047963	0,058570	0,054724	0,057462	0,055062	0,057382	0,054983	0,064797	0,057753	0,064824	0,057869	0,064296	0,057631	0,057551	0,055882	0,057874	0,056052	0,058379	0,056128	-0,000162	-0,000030
553,00	0,000081	0,047200	0,047302	0,047902	0,047622	0,047812	0,047922	0,048027	0,058552	0,054683	0,057493	0,055021	0,057377	0,054929	0,064639	0,057665	0,064679	0,057784	0,064177	0,057567	0,057452	0,055820	0,057752	0,055954	0,058347	0,056038	-0,000135	0,000013
554,00	0,000086	0,047097	0,047277	0,048014	0,047617	0,047769	0,047903	0,048010	0,058376	0,054474	0,057312	0,054832	0,057243	0,054723	0,064497	0,057516	0,064508	0,057656	0,064040	0,057470	0,057327	0,055754	0,057721	0,055879	0,058157	0,055999	-0,000295	-0,000008
555,00	0,000101	0,047206	0,047283	0,048009	0,047607	0,047749	0,048002	0,048063	0,058282	0,054376	0,057173	0,054775	0,057112	0,054699	0,064380	0,057384	0,064370	0,057551	0,063899	0,057270	0,057307	0,055580	0,057646	0,055865	0,058165	0,055856	-0,000223	-0,000049
556,00	0,000126	0,047197	0,047377	0,048157	0,047699	0,047927	0,048043	0,048107	0,058224	0,054289	0,057107	0,054725	0,057002	0,054676	0,064157	0,057337	0,064237	0,057527	0,063784	0,057312	0,057198	0,055560	0,057544	0,055717	0,057975	0,055799	-0,000262	0,000048
557,00	0,000123	0,047301	0,047408	0,048248	0,047775	0,047977	0,048095	0,048163	0,058168	0,054235	0,057142	0,054703	0,057024	0,054628	0,064180	0,057215	0,064090	0,057502	0,063635	0,057257	0,057160	0,055525	0,057369	0,055693	0,057957	0,055768	-0,000277	0,000117
558,00	0,000166	0,047259	0,047384	0,048342	0,047809	0,047986	0,048043	0,048203	0,058131	0,054199	0,056991	0,054640	0,056989	0,054557	0,063955	0,057073	0,064004	0,057409	0,063560	0,057216	0,057128	0,055490	0,057379	0,055653	0,057940	0,055629	-0,000214	0,000053
559,00	0,000152	0,047316	0,047541	0,048420	0,047905	0,048105	0,048176	0,048307	0,058030	0,054203	0,056960	0,054612	0,056909	0,054514	0,063917	0,057093	0,063941	0,057372	0,063527	0,057167	0,057069	0,055435	0,057288	0,055585	0,057752	0,055618	-0,000244	0,000100
560,00	0,000134	0,047346	0,047575	0,048490	0,047954	0,048096	0,048200	0,048347	0,057981	0,054103	0,056782	0,054597	0,056813	0,054537	0,063768	0,056914	0,063779	0,057249	0,063391	0,057106	0,056987	0,055435	0,057216	0,055512	0,057680	0,055561	-0,000234	0,000056
561,00	0,000249	0,047502	0,047661	0,048498	0,048005	0,048157	0,048261	0,048481	0,058072	0,054071	0,056845	0,054605	0,056861	0,054533	0,063676	0,056844	0,063718	0,057167	0,063271	0,057018	0,056999	0,055358	0,057202	0,055533	0,057672	0,055471	-0,000148	0,000059
562,00	0,000152	0,047404	0,047572	0,048583	0,048087	0,048250	0,048254	0,048442	0,057898	0,053961	0,056746	0,054447	0,056747	0,054349	0,063562	0,056886	0,063592	0,057202	0,063167	0,056918	0,056815	0,055323	0,057019	0,055320	0,057519	0,055396	-0,000256	0,000171
563,00	0,000201	0,047511	0,047611	0,048556	0,048078	0,048238	0,048253	0,048367	0,057807	0,053902	0,056515	0,054389	0,056680	0,054330	0,063437	0,056811	0,063485	0,057080	0,063081	0,056757	0,056726	0,055151	0,056949	0,055231	0,057508	0,055265	-0,000246	0,000120
564,00	0,000098	0,047483	0,047665	0,048524	0,047972	0,048149	0,048199	0,048351	0,057703	0,053852	0,056536	0,054409	0,056556	0,054296	0,063233	0,056573	0,063166	0,056879	0,062819	0,056670	0,056542	0,054975	0,056778	0,055115	0,057241	0,055190	-0,000139	0,000110
565,00	0,000152	0,047481	0,047588	0,048475	0,047933	0,048117	0,048133	0,048348	0,057575	0,053750	0,056462	0,054288	0,056488	0,054132	0,063025	0,056418	0,063000	0,056754	0,062660	0,056482	0,056467	0,054956	0,056707	0,054982	0,057188	0,055059	-0,000141	0,000057
566,00	0,000114	0,047401	0,047600	0,048363	0,047856	0,048103	0,048126	0,048328	0,057427	0,053664	0,056356	0,054127	0,056405	0,054028	0,062782	0,056253	0,062766	0,056624	0,062434	0,056303	0,056263	0,054774	0,056558	0,054937	0,057019	0,054861	-0,000154	0,000041
567,00	0,000191	0,047379	0,047506	0,048383	0,047892	0,047973	0,048018	0,048323	0,057267	0,053435	0,056139	0,053947	0,056247	0,053863	0,062596	0,056114	0,062621	0,056508	0,062270	0,056174	0,056185	0,054587	0,056377	0,054737	0,056819	0,054731	-0,000214	0,000058
568,00	0,000151	0,047257	0,047567	0,048384	0,047758	0,048013	0,048010	0,048246	0,057188	0,053369	0,056080	0,053824	0,056148	0,053807	0,062435	0,055938	0,062436	0,056284	0,062027	0,055967	0,056048	0,054537	0,056225	0,054622	0,056676	0,054587	-0,000189	0,000028
569,00	0,000218	0,047281	0,047513	0,048256	0,047766	0,047896	0,048047	0,048345	0,057062	0,053213	0,056014	0,053812	0,056018	0,053646	0,062229	0,055741	0,062177	0,056166	0,061861	0,055805	0,055975	0,054433	0,056136	0,054544	0,056641	0,054465	-0,000162	-0,000022
570,00	0,000149	0,047232	0,047473	0,048231	0,047761	0,047867	0,047998	0,048300	0,056929	0,053117	0,055770	0,053645	0,055893	0,053547	0,062108	0,055632	0,062020	0,056061	0,061671	0,055713	0,055766	0,054363	0,055992	0,054406	0,056541	0,054388	-0,000197	0,000067
571,00	0,000131	0,047264	0,047439	0,048267	0,047763	0,047927	0,047985	0,048339	0,056814	0,053161	0,055766	0,053574	0,055841	0,053501	0,061962	0,055492	0,061919	0,055947	0,061479	0,055577	0,055721	0,054326	0,055947	0,054369	0,056392	0,054250	-0,000189	0,000041
572,00	0,000190	0,047212	0,047348	0,048263	0,047635	0,047811	0,047955	0,048279	0,056609	0,053025	0,055554	0,053433	0,055648	0,053328	0,061756	0,055341	0,061680	0,055794	0,061304	0,055450	0,055548	0,054164	0,055756	0,054273	0,056225	0,054226	-0,000234	0,000000
573,00	0,000098	0,047351	0,047494	0,048253	0,047712	0,047837	0,047981	0,048210	0,056734	0,053012	0,055628	0,053468	0,055692	0,053407	0,061640	0,055291	0,061595	0,055708	0,061123	0,055392	0,055411	0,054130	0,055700	0,054210	0,056069	0,054089	-0,000094	0,000027
574,00	0,000173	0,047452	0,047628	0,048246	0,047747	0,047826	0,047967	0,048199	0,056686	0,053093	0,055658	0,053462	0,055736	0,053444	0,061447	0,055185	0,061501	0,055671	0,061134	0,055329	0,055388	0,054000	0,055569	0,054121	0,056038	0,053969	-0,000068	-0,000060
575,00	0,000120	0,047483	0,047663	0,048233	0,047761	0,047956	0,048109	0,048319	0,056670	0,053079	0,055616	0,053431	0,055697	0,053424	0,061383	0,055153	0,061357	0,055581	0,060975	0,055164	0,055311	0,054056	0,055506	0,054162	0,056020	0,053940	-0,000073	-0,000050
576,00	0,000098	0,047601	0,047704	0,048257	0,047744	0,047923	0,048080	0,048356	0,056656	0,053101	0,055645	0,053430	0,055707	0,053520	0,061288	0,055026	0,061274	0,055606	0,060925	0,055150	0,055269	0,053953	0,055520	0,054157	0,055968	0,053967	0,000039	-0,000118
577,00	0,000125	0,047712	0,047898	0,048420	0,047836	0,048097	0,048270	0,048513	0,056739	0,053180	0,055773	0,053500	0,055803	0,053504	0,061328	0,055083	0,061245	0,055615	0,060914	0,055176	0,055381	0,054050	0,055554	0,054141	0,056001	0,054019	-0,000010	-0,000089
578,00	0,000151	0,047835	0,048028	0,048469	0,047923	0,048149	0,048365	0,048665	0,056769	0,053272	0,055768	0,053600	0,055830	0,053625	0,061257	0,054999	0,061167	0,055573	0,060757	0,055061	0,055392	0,054102	0,055623	0,054243	0,056026	0,054150	0,000036	-0,000125
579,00	0,000130	0,047963	0,048091	0,048742	0,048274	0,048315	0,048493	0,048742	0,056818	0,053295	0,055874	0,053593	0,055806	0,053630	0,061361	0,055184	0,061318	0,055713	0,060856	0,055222	0,055430	0,054161	0,055653	0,054268	0,056106	0,054161	0,000004	0,000004
580,00	0,000015	0,048175	0,048261	0,048810	0,048343	0,048431	0,048618	0,048855	0,056892	0,053344	0,055906	0,053661	0,055918	0,053746	0,061367	0,055159	0,061226	0,055745	0,060820	0,055204	0,055449	0,054223	0,055641	0,054322	0,056082	0,054253	0,000072	-0,000073
581,00	0,000180	0,048404	0,048503	0,048970	0,048473	0,048630	0,048893	0,049165	0,057030	0,053616	0,056086	0,053841	0,056042	0,053824	0,061333	0,055238	0,061295	0,055821	0,060802	0,055350	0,055709	0,054445	0,055861	0,054541	0,056403	0,054415	0,000074	-0,000189
582,00	0,000087	0,048555	0,048631	0,049175	0,048721	0,048891	0,049018	0,049244	0,057113	0,053702	0,056193	0,053923	0,056096	0,053933	0,061411	0,055403	0,061319	0,055878	0,060935	0,055440	0,055630	0,054411	0,055922	0,054600	0,056374	0,054409	0,000074	-0,000152
583,00	0,000036	0,048748	0,048901	0,049307	0,048820	0,048977	0,049215	0,049453	0,057243	0,053821	0,056323	0,054020	0,056169	0,054064	0,061526	0,055444	0,061359	0,055941	0,060955	0,055478	0,055703	0,054538	0,055932	0,054693	0,056447	0,054545	0,000050	-0,000248
584,00	0,000057	0,048913	0,049052	0,049680	0,049121	0,049253	0,049435	0,049610	0,057239	0,053955	0,056420	0,054170	0,056306	0,054176	0,061647	0,055583	0,061447	0,056225	0,061144	0,055651	0,055886	0,054601	0,056050	0,054796	0,056580	0,054655	0,000056	-0,000247
585,00	0,000058	0,049203	0,049223	0,049780	0,049249	0,049404	0,049540	0,049765	0,057421	0,054124	0,056550	0,054314	0,056554	0,054295	0,061667	0,055657	0,061537	0,056293	0,061225	0,055755	0,055935	0,054743	0,056120	0,054810	0,056602	0,054729	0,000117	-0,000236
586,00	0,000106	0,049470	0,049514	0,049950	0,049456	0,049602	0,049760	0,050058	0,057610	0,054381	0,056755	0,054496	0,056615	0,054485	0,061775	0,055801	0,061641	0,056315	0,061336	0,055825	0,056102	0,054944	0,056401	0,055133	0,056759	0,054923	0,000173	-0,000118
587,00	0,000064	0,049608	0,049669	0,050158	0,049587	0,049833	0,049950	0,050176	0,057754	0,054480	0,056838	0,054553	0,056703	0,054600	0,061937	0,055916	0,061667	0,056488	0,061336	0,055902	0,056146	0,055024	0,056412	0,055186	0,056904	0,055052	0,000210	-0,000125
588,00	0,000062	0,049800	0,049877	0,050408	0,049869	0,050088	0,050102	0,050295	0,057814	0,054631	0,057005	0,054688	0,056901	0,054763	0,062022	0,056062	0,061841	0,056652	0,061473	0,056059	0,056263	0,055103	0,056524	0,055322	0,056910	0,055099	0,000188	-0,000122
589,00	0,000069	0,049976	0,049945	0,050465	0,050020	0,050214	0,050369	0,050557	0,057755	0,054685	0,057022	0,054700	0,056897	0,054781	0,062106	0,056169	0,061815	0,056719	0,061609	0,056225	0,056343	0,055220	0,056706	0,055411	0,057092	0,055185	0,000157	-0,000179
590,00	0,000106	0,050121	0,050089	0,050690	0,050256	0,050430	0,050569	0,050808	0,057984	0,054789	0,057172	0,054854	0,057011	0,054909	0,062164	0,056271	0,061884	0,056788	0,061606	0,056246	0,056512	0,055515	0,056797	0,055624	0,057269	0,055355	0,000154	-0,000175
591,00	0,000054	0,050362	0,050299	0,050819	0,050446	0,050562	0,050762	0,050939	0,058012	0,054987	0,057241	0,054959	0,057138	0,055033	0,062255	0,056412	0,061954	0,056953	0,061609	0,056392	0,056696	0,055652	0,056950	0,055728	0,057352	0,055532	0,000053	-0,000183
592,00	0,000047	0,050584	0,050544	0,051203	0,050838	0,051010	0,050959	0,051168	0,058269	0,055107	0,057497	0,055184	0,057275	0,055224	0,062484	0,056601	0,062162	0,057230	0,061924	0,056671	0,056783	0,055773	0,057096	0,055850	0,057587	0,055690	0,000183	-0,000028
593,00	0,000060	0,050856	0,050794	0,051422	0,051042	0,051188	0,051154	0,051342	0,058424	0,055336	0,057673	0,055320	0,057503	0,055360	0,062545	0,056760	0,062310	0,057266	0,061955	0,056782	0,056935	0,055911	0,057263	0,056038	0,057678	0,055826	0,000161	-0,000097
594,00	0,000028	0,051057	0,051085	0,051740	0,051335	0,051501	0,051479	0,051592	0,058506	0,055503	0,057873	0,055580	0,057597	0,055588	0,062817	0,057009	0,062494	0,057580	0,062176	0,057028	0,057023	0,056070	0,057411	0,056224	0,057768	0,055960	0,000139	-0,000055
595,00	0,000033	0,051392	0,051381	0,052038	0,051659	0,051845	0,051755	0,051949	0,058797	0,055810	0,058094	0,055793	0,057864	0,055793	0,063022	0,057281	0,062634	0,057821	0,062428	0,057312	0,057350	0,056333	0,057627	0,056465	0,058029	0,056211	0,000119	-0,000062
596,00	0,000019	0,051769	0,051674	0,052384	0,052064	0,052150	0,052091	0,052334	0,059124	0,055983	0,058383	0,056096	0,058167	0,056090	0,063275	0,057640	0,062868	0,058084	0,062686	0,057644	0,057634	0,056698	0,058000	0,056803	0,058415	0,056616	0,000141	-0,000066
597,00	0,000095	0,052302	0,052243	0,052826	0,052520	0,052639	0,052552	0,052678	0,059524	0,056473	0,058822	0,056573	0,058534	0,056517	0,063606	0,057987	0,063235	0,058522	0,062989	0,057979	0,058030	0,057081	0,058304	0,057170	0,058688	0,057000	0,000168	-0,000005
598,00	0,000062	0,052695	0,052640	0,053276	0,053023	0,053045	0,053050	0,053170	0,059874	0,056864	0,059280	0,056919	0,058921	0,056904	0,063977	0,058387	0,063591	0,058877	0,063427	0,058313	0,058395	0,057527	0,058765	0,057627	0,059096	0,057351	0,000148	0,000027
599,00	0,000097	0,053260	0,053173	0,053841	0,053597	0,053647	0,053589	0,053722	0,060323	0,057260	0,059653	0,057369	0,059373	0,057438	0,064511	0,058832	0,064074	0,059344	0,063827	0,058811	0,058855	0,057935	0,059115	0,058050	0,059534	0,057889	0,000154	-0,000043
600,00	0,000158	0,053620	0,053526	0,054305	0,054119	0,054165	0,054082	0,054306	0,060711	0,057648	0,060053	0,057807	0,059774	0,057769	0,064929	0,059247	0,064484	0,059793	0,064225	0,059265	0,059285	0,058375	0,059604	0,058489	0,060005	0,058284	0,000086	0,000013
601,00	0,000151	0,054151	0,054042	0,054875	0,054644	0,054652	0,054546	0,054771	0,061042	0,058042	0,060469	0,058243	0,060141	0,058103	0,065293	0,059733	0,064883	0,060152	0,064650	0,059681	0,059721	0,058787	0,060038	0,058959	0,060298	0,058670	0,000118	0,000058
602,00	0,000111	0,054496	0,054423	0,055270	0,055063	0,055047	0,054924	0,055086	0,061457	0,058354	0,060771	0,058547	0,060582	0,058504	0,065642	0,060011	0,065206	0,060564	0,064912	0,060090	0,059963	0,059058	0,060272	0,059180	0,060656	0,059045	0,000116	0,000108
603,00	0,000195	0,054780	0,054633	0,055511	0,055344	0,055363	0,055218	0,055372	0,061602	0,058550	0,060940	0,058736	0,060795	0,058663	0,065816	0,060216	0,065376	0,060701	0,065059	0,060259	0,060241	0,059275	0,060517	0,059480	0,060856	0,059289	0,000099	0,000012
604,00	0,000165	0,055021	0,054844	0,055687	0,055490	0,055515	0,055364	0,055562	0,061728	0,058711	0,061137	0,058923	0,060892	0,058760	0,065990	0,060365	0,065433	0,060766	0,065142	0,060372	0,060324	0,059443	0,060537	0,059536	0,060977	0,059413	0,000041	0,000111
605,00	0,000126	0,055043	0,054867	0,055753	0,055707	0,055638	0,055507	0,055595	0,061796	0,058685	0,061100	0,058972	0,060928	0,058819	0,066048	0,060418	0,065462	0,060888	0,065247	0,060391	0,060413	0,059538	0,060649	0,059611	0,061036	0,059527	0,000024	0,000064
606,00	0,000086	0,055174	0,054989	0,055809	0,055681	0,055645	0,055525	0,055628	0,061907	0,058721	0,061135	0,058997	0,061048	0,058965	0,065983	0,060421	0,065467	0,060897	0,065209	0,060425	0,060422	0,059512	0,060683	0,059564	0,061054	0,059466	-0,000051	0,000030
607,00	0,000116	0,055239	0,055039	0,055891	0,055776	0,055722	0,055601	0,055680	0,062019	0,058768	0,061339	0,059087	0,061065	0,058935	0,065953	0,060427	0,065432	0,060800	0,065205	0,060383	0,060411	0,059577	0,060684	0,059582	0,061016	0,059467	0,000035	0,000009
608,00	0,000060	0,055115	0,054961	0,055790	0,055793	0,055795	0,055525	0,055675	0,061851	0,058624	0,061133	0,058984	0,060964	0,058809	0,065882	0,060379	0,065342	0,060765	0,065105	0,060255	0,060286	0,059396	0,060476	0,059477	0,060957	0,059326	-0,000072	-0,000007
609,00	-0,000009	0,055209	0,054997	0,055829	0,055788	0,055787	0,055554	0,055601	0,061906	0,058666	0,061189	0,059042	0,060986	0,058859	0,065758	0,060327	0,065290	0,060686	0,065047	0,060260	0,060248	0,059345	0,060459	0,059446	0,060894	0,059376	-0,000049	0,000038
610,00	-0,000028	0,055240	0,054970	0,055804	0,055796	0,055605	0,055540	0,055685	0,061854	0,058612	0,061046	0,059007	0,060973	0,058831	0,065694	0,060246	0,065177	0,060673	0,064896	0,060219	0,060301	0,059368	0,060407	0,059488	0,060849	0,059299	-0,000056	-0,000076
611,00	0,000043	0,055213	0,055029	0,055792	0,055732	0,055627	0,055516	0,055568	0,061832	0,058567	0,061019	0,058937	0,060952	0,058838	0,065577	0,060159	0,064996	0,060542	0,064790	0,060060	0,060226	0,059277	0,060336	0,059427	0,060746	0,059274	-0,000037	-0,000082
612,00	0,000114	0,055240	0,055034	0,055736	0,055789	0,055695	0,055544	0,055663	0,061837	0,058585	0,061051	0,059040	0,060990	0,058776	0,065534	0,060155	0,064967	0,060563	0,064741	0,060080	0,060269	0,059289	0,060335	0,059392	0,060767	0,059281	-0,000103	-0,000032
613,00	0,000079	0,055272	0,055021	0,055720	0,055801	0,055581	0,055509	0,055671	0,061805	0,058554	0,061075	0,058935	0,060944	0,058782	0,065404	0,060097	0,064876	0,060485	0,064652	0,059974	0,060195	0,059204	0,060328	0,059378	0,060769	0,059219	-0,000075	-0,000054
614,00	0,000028	0,055201	0,055073	0,055682	0,055702	0,055561	0,055580	0,055618	0,061826	0,058492	0,061025	0,058919	0,060927	0,058741	0,065299	0,059982	0,064729	0,060343	0,064492	0,059950	0,060216	0,059246	0,060218	0,059341	0,060688	0,059222	-0,000043	-0,000069
615,00	0,000066	0,055254	0,055006	0,055655	0,055753	0,055574	0,055453	0,055587	0,061659	0,058444	0,060913	0,058880	0,060809	0,058760	0,065226	0,059995	0,064742	0,060420	0,064486	0,059908	0,060148	0,059095	0,060126	0,059236	0,060502	0,059083	-0,000047	-0,000100
616,00	0,000027	0,055174	0,054997	0,055693	0,055674	0,055503	0,055444	0,055507	0,061615	0,058407	0,060847	0,058821	0,060720	0,058645	0,065166	0,059902	0,064674	0,060253	0,064433	0,059794	0,060144	0,059085	0,060005	0,059181	0,060587	0,059066	-0,000141	-0,000113
617,00	-0,000049	0,055213	0,055024	0,055646	0,055686	0,055516	0,055368	0,055449	0,061687	0,058415	0,060821	0,058847	0,060807	0,058720	0,065050	0,059836	0,064558	0,060217	0,064299	0,059722	0,059939	0,058989	0,059934	0,058976	0,060427	0,058871	-0,000030	-0,000139
618,00	-0,000015	0,055178	0,055011	0,055559	0,055641	0,055442	0,055403	0,055516	0,061568	0,058418	0,060772	0,058770	0,060643	0,058666	0,064946	0,059715	0,064482	0,060121	0,064169	0,059671	0,059885	0,058898	0,059935	0,058959	0,060372	0,058863	-0,000155	-0,000164
619,00	-0,000045	0,055129	0,054966	0,055539	0,055561	0,055430	0,055391	0,055602	0,061505	0,058307	0,060660	0,058622	0,060544	0,058528	0,064847	0,059654	0,064315	0,060019	0,064070	0,059530	0,059905	0,058908	0,059919	0,059033	0,060356	0,058864	-0,000152	-0,000216
620,00	-0,000039	0,055118	0,054954	0,055527	0,055535	0,055421	0,055334	0,055552	0,061518	0,058341	0,060713	0,058694	0,060579	0,058598	0,064748	0,059637	0,064302	0,060036	0,064071	0,059525	0,059873	0,058836	0,059752	0,059003	0,060267	0,058837	-0,000203	-0,000228
621,00	-0,000035	0,055205	0,055104	0,055666	0,055666	0,055499	0,055408	0,055683	0,061597	0,058362	0,060723	0,058666	0,060621	0,058591	0,064755	0,059726	0,064402	0,059960	0,064034	0,059492	0,059797	0,058835	0,059848	0,058953	0,060321	0,058836	-0,000128	-0,000181
622,00	-0,000008	0,055130	0,055030	0,055544	0,055633	0,055516	0,055453	0,055619	0,061449	0,058286	0,060550	0,058592	0,060533	0,058535	0,064659	0,059535	0,064263	0,059907	0,063932	0,059465	0,059770	0,058859	0,059774	0,058853	0,060247	0,058804	-0,000216	-0,000175
623,00	-0,000033	0,055124	0,055009	0,055641	0,055633	0,055461	0,055293	0,055612	0,061470	0,058178	0,060580	0,058598	0,060536	0,058572	0,064494	0,059576	0,064178	0,059773	0,063908	0,059419	0,059723	0,058769	0,059690	0,058866	0,060209	0,058745	-0,000204	-0,000256
624,00	-0,000006	0,055042	0,055051	0,055613	0,055644	0,055453	0,055494	0,055679	0,061463	0,058204	0,060507	0,058472	0,060434	0,058524	0,064462	0,059490	0,064091	0,059766	0,063847	0,059290	0,059756	0,058871	0,059831	0,058967	0,060242	0,058927	-0,000243	-0,000225
625,00	-0,000076	0,055184	0,055098	0,055619	0,055621	0,055414	0,055330	0,055561	0,061392	0,058215	0,060568	0,058480	0,060412	0,058526	0,064434	0,059475	0,064041	0,059789	0,063759	0,059324	0,059543	0,058711	0,059673	0,058835	0,060135	0,058707	-0,000242	-0,000192
626,00	0,000112	0,055244	0,055048	0,055769	0,055693	0,055509	0,055532	0,055727	0,061451	0,058168	0,060559	0,058503	0,060460	0,058563	0,064462	0,059510	0,064054	0,059760	0,063851	0,059256	0,059709	0,058865	0,059676	0,058917	0,060240	0,058783	-0,000200	-0,000145
627,00	0,000047	0,055224	0,055129	0,055773	0,055715	0,055501	0,055520	0,055701	0,061421	0,058183	0,060486	0,058406	0,060413	0,058547	0,064356	0,059515	0,064064	0,059702	0,063704	0,059305	0,059613	0,058756	0,059612	0,058898	0,060159	0,058743	-0,000266	-0,000198
628,00	0,000041	0,055258	0,055149	0,055756	0,055653	0,055459	0,055603	0,055739	0,061454	0,058111	0,060538	0,058456	0,060456	0,058452	0,064310	0,059400	0,063919	0,059643	0,063664	0,059268	0,059581	0,058803	0,059574	0,058954	0,060188	0,058795	-0,000187	-0,000211
629,00	0,000006	0,055313	0,055305	0,055944	0,055854	0,055573	0,055589	0,055796	0,061473	0,058205	0,060580	0,058459	0,060443	0,058564	0,064337	0,059556	0,064009	0,059751	0,063691	0,059373	0,059614	0,058813	0,059652	0,058862	0,060135	0,058763	-0,000204	-0,000165
630,00	0,000035	0,055472	0,055357	0,056027	0,055757	0,055582	0,055597	0,055802	0,061534	0,058306	0,060675	0,058507	0,060489	0,058499	0,064243	0,059494	0,063884	0,059685	0,063614	0,059216	0,059478	0,058797	0,059605	0,058870	0,060128	0,058833	-0,000161	-0,000227
631,00	0,000034	0,055433	0,055368	0,056066	0,055830	0,055664	0,055638	0,055789	0,061430	0,058356	0,060573	0,058461	0,060447	0,058559	0,064243	0,059511	0,063943	0,059814	0,063621	0,059291	0,059474	0,058789	0,059626	0,058829	0,060081	0,058763	-0,000136	-0,000182
632,00	-0,000079	0,055495	0,055402	0,056161	0,055999	0,055788	0,055709	0,055746	0,061496	0,058263	0,060583	0,058417	0,060434	0,058558	0,064216	0,059542	0,064009	0,059797	0,063637	0,059368	0,059353	0,058652	0,059508	0,058827	0,060048	0,058765	-0,000263	-0,000070
633,00	-0,000008	0,055474	0,055427	0,056146	0,055879	0,055704	0,055681	0,055998	0,061588	0,058273	0,060505	0,058393	0,060389	0,058506	0,064177	0,059457	0,063931	0,059687	0,063617	0,059218	0,059359	0,058698	0,059511	0,058701	0,059992	0,058810	-0,000223	-0,000233
634,00	-0,000003	0,055653	0,055603	0,056202	0,056014	0,055817	0,055714	0,056017	0,061575	0,058402	0,060649	0,058437	0,060385	0,058554	0,064198	0,059538	0,063954	0,059747	0,063675	0,059322	0,059248	0,058716	0,059562	0,058744	0,060039	0,058814	-0,000128	-0,000063
635,00	0,000058	0,055721	0,055700	0,056374	0,056093	0,055942	0,055778	0,056041	0,061618	0,058386	0,060696	0,058482	0,060474	0,058539	0,064290	0,059553	0,064065	0,059801	0,063668	0,059370	0,059339	0,058684	0,059550	0,058742	0,060038	0,058750	-0,000076	-0,000026
636,00	-0,000038	0,055703	0,055708	0,056343	0,056191	0,056032	0,055724	0,056042	0,061589	0,058485	0,060615	0,058430	0,060470	0,058558	0,064244	0,059598	0,064000	0,059778	0,063662	0,059417	0,059334	0,058676	0,059529	0,058726	0,059964	0,058678	-0,000147	0,000018
637,00	0,000051	0,055813	0,055766	0,056409	0,056247	0,056069	0,055824	0,056243	0,061617	0,058547	0,060661	0,058451	0,060393	0,058526	0,064220	0,059536	0,064011	0,059769	0,063650	0,059367	0,059377	0,058680	0,059608	0,058785	0,060097	0,058824	-0,000075	-0,000000
638,00	0,000071	0,055895	0,055838	0,056400	0,056189	0,056093	0,055817	0,056264	0,061571	0,058569	0,060708	0,058512	0,060411	0,058593	0,064151	0,059519	0,063894	0,059761	0,063592	0,059408	0,059275	0,058639	0,059524	0,058787	0,059999	0,058728	-0,000091	-0,000032
639,00	0,000050	0,055954	0,055884	0,056388	0,056318	0,056149	0,056001	0,056280	0,061515	0,058574	0,060693	0,058520	0,060420	0,058623	0,064199	0,059551	0,064019	0,059730	0,063598	0,059390	0,059463	0,058768	0,059589	0,058814	0,059992	0,058738	-0,000082	0,000075
640,00	0,000045	0,055990	0,055883	0,056486	0,056320	0,056135	0,055981	0,056324	0,061422	0,058533	0,060652	0,058558	0,060395	0,058506	0,064257	0,059527	0,064012	0,059708	0,063624	0,059436	0,059355	0,058696	0,059524	0,058797	0,060010	0,058750	-0,000107	-0,000026
641,00	-0,000058	0,056151	0,056144	0,056526	0,056402	0,056232	0,055976	0,056396	0,061688	0,058790	0,060797	0,058595	0,060564	0,058722	0,064202	0,059528	0,063997	0,059733	0,063578	0,059357	0,059372	0,058636	0,059504	0,058669	0,060010	0,058773	0,000042	-0,000064
642,00	0,000068	0,056104	0,056011	0,056589	0,056478	0,056393	0,056052	0,056497	0,061529	0,058623	0,060698	0,058586	0,060415	0,058583	0,064211	0,059584	0,063993	0,059802	0,063590	0,059359	0,059455	0,058802	0,059558	0,058815	0,060011	0,058826	-0,000099	0,000049
643,00	-0,000002	0,056202	0,056083	0,056620	0,056482	0,056476	0,056127	0,056550	0,061495	0,058709	0,060809	0,058641	0,060475	0,058596	0,064186	0,059535	0,063932	0,059726	0,063564	0,059401	0,059406	0,058642	0,059511	0,058765	0,059948	0,058779	-0,000086	-0,000019
644,00	-0,000016	0,056178	0,056079	0,056593	0,056488	0,056390	0,056136	0,056585	0,061446	0,058562	0,060718	0,058568	0,060373	0,058584	0,064108	0,059420	0,063950	0,059654	0,063539	0,059340	0,059482	0,058736	0,059445	0,058836	0,060020	0,058859	-0,000137	-0,000019
645,00	-0,000005	0,056254	0,056146	0,056644	0,056625	0,056532	0,056200	0,056699	0,061451	0,058644	0,060741	0,058655	0,060413	0,058552	0,064117	0,059510	0,063950	0,059734	0,063499	0,059443	0,059558	0,058726	0,059507	0,058865	0,060017	0,058855	-0,000131	0,000005
646,00	-0,000059	0,056317	0,056160	0,056784	0,056709	0,056590	0,056170	0,056684	0,061514	0,058669	0,060789	0,058671	0,060425	0,058492	0,064125	0,059525	0,063895	0,059783	0,063542	0,059441	0,059515	0,058684	0,059447	0,058812	0,060014	0,058749	-0,000114	0,000049
647,00	0,000074	0,056407	0,056226	0,056794	0,056699	0,056612	0,056362	0,056808	0,061472	0,058681	0,060731	0,058718	0,060378	0,058521	0,064137	0,059554	0,063896	0,059859	0,063568	0,059440	0,059615	0,058863	0,059672	0,058942	0,060097	0,058849	-0,000089	-0,000019
648,00	-0,000106	0,056358	0,056155	0,056765	0,056825	0,056629	0,056252	0,056852	0,061411	0,058564	0,060687	0,058624	0,060404	0,058495	0,064140	0,059548	0,063931	0,059803	0,063510	0,059389	0,059557	0,058719	0,059550	0,058878	0,060007	0,058864	-0,000205	-0,000064
649,00	-0,000035	0,056510	0,056337	0,056784	0,056844	0,056761	0,056421	0,056954	0,061626	0,058719	0,060796	0,058800	0,060482	0,058635	0,064205	0,059589	0,063875	0,059816	0,063491	0,059527	0,059576	0,058781	0,059516	0,058884	0,060058	0,058904	-0,000071	0,000057
650,00	-0,000033	0,056507	0,056406	0,056822	0,056855	0,056783	0,056553	0,056974	0,061571	0,058779	0,060792	0,058782	0,060561	0,058590	0,064187	0,059483	0,063826	0,059784	0,063414	0,059475	0,059581	0,058765	0,059599	0,058971	0,060105	0,058904	-0,000088	-0,000052
651,00	0,000005	0,056648	0,056537	0,056912	0,056938	0,056861	0,056578	0,057012	0,061693	0,058817	0,060827	0,058908	0,060668	0,058644	0,064236	0,059602	0,063803	0,059806	0,063521	0,059460	0,059697	0,058819	0,059645	0,058978	0,060209	0,058954	-0,000078	-0,000098
652,00	-0,000093	0,056634	0,056552	0,056938	0,057023	0,056989	0,056694	0,057137	0,061792	0,058788	0,060900	0,058879	0,060688	0,058652	0,064226	0,059630	0,063838	0,059818	0,063582	0,059523	0,059868	0,058932	0,059679	0,059039	0,060281	0,059073	-0,000100	-0,000100
653,00	-0,000031	0,056775	0,056649	0,057061	0,057155	0,057025	0,056917	0,057394	0,061847	0,058935	0,060993	0,058998	0,060694	0,058730	0,064390	0,059784	0,063918	0,059952	0,063650	0,059685	0,059971	0,059023	0,059852	0,059151	0,060436	0,059243	-0,000136	-0,000104
654,00	-0,000114	0,057094	0,056824	0,057284	0,057358	0,057397	0,056978	0,057641	0,062116	0,059125	0,061169	0,059214	0,060914	0,059023	0,064488	0,059855	0,064099	0,060121	0,063749	0,059794	0,060114	0,059114	0,059993	0,059320	0,060493	0,059319	-0,000052	-0,000149
655,00	-0,000051	0,057202	0,057073	0,057459	0,057548	0,057595	0,057219	0,057819	0,062287	0,059315	0,061339	0,059465	0,061011	0,059153	0,064567	0,060004	0,064179	0,060217	0,063830	0,059877	0,060293	0,059317	0,060207	0,059534	0,060757	0,059579	-0,000119	-0,000199
656,00	-0,000084	0,057574	0,057310	0,057819	0,057787	0,057738	0,057554	0,058146	0,062478	0,059485	0,061584	0,059656	0,061340	0,059437	0,064731	0,060168	0,064338	0,060482	0,064099	0,060123	0,060573	0,059631	0,060419	0,059808	0,061069	0,059780	-0,000173	-0,000307
657,00	-0,000086	0,057764	0,057476	0,058300	0,058136	0,058256	0,057837	0,058454	0,062724	0,059646	0,061699	0,059896	0,061593	0,059611	0,065071	0,060491	0,064636	0,060752	0,064308	0,060467	0,060841	0,059801	0,060631	0,059964	0,061198	0,059983	-0,000208	-0,000227
658,00	0,000047	0,058042	0,057758	0,058549	0,058476	0,058384	0,058179	0,058847	0,062987	0,059883	0,062033	0,060142	0,061874	0,059885	0,065371	0,060773	0,064807	0,061017	0,064534	0,060656	0,061180	0,060232	0,060947	0,060318	0,061524	0,060401	-0,000198	-0,000220
659,00	-0,000038	0,058250	0,057966	0,058751	0,058763	0,058735	0,058393	0,059074	0,063078	0,060041	0,062274	0,060226	0,062106	0,060195	0,065482	0,060938	0,064947	0,061223	0,064799	0,060875	0,061296	0,060293	0,061141	0,060542	0,061728	0,060512	-0,000169	-0,000224
660,00	-0,000069	0,058473	0,058206	0,058974	0,058900	0,058897	0,058588	0,059246	0,063370	0,060288	0,062403	0,060417	0,062230	0,060352	0,065648	0,061081	0,065178	0,061368	0,064990	0,061014	0,061474	0,060487	0,061296	0,060666	0,061811	0,060702	-0,000105	-0,000202
661,00	-0,000100	0,058523	0,058249	0,059097	0,059062	0,059112	0,058667	0,059269	0,063336	0,060300	0,062472	0,060515	0,062344	0,060433	0,065746	0,061244	0,065225	0,061485	0,064966	0,061134	0,061594	0,060532	0,061342	0,060676	0,061849	0,060797	-0,000140	-0,000198
662,00	-0,000078	0,058602	0,058361	0,059316	0,059179	0,059211	0,058792	0,059492	0,063426	0,060299	0,062457	0,060513	0,062353	0,060497	0,065826	0,061312	0,065298	0,061476	0,065114	0,061160	0,061694	0,060713	0,061458	0,060804	0,061986	0,060869	-0,000194	-0,000151
663,00	-0,000058	0,058705	0,058390	0,059314	0,059278	0,059238	0,058900	0,059558	0,063480	0,060350	0,062522	0,060591	0,062349	0,060436	0,065913	0,061353	0,065354	0,061650	0,065155	0,061304	0,061794	0,060690	0,061415	0,060833	0,062012	0,060972	-0,000194	-0,000114
664,00	-0,000042	0,058709	0,058461	0,059468	0,059320	0,059379	0,058943	0,059553	0,063340	0,060305	0,062509	0,060540	0,062411	0,060523	0,065914	0,061365	0,065366	0,061696	0,065230	0,061402	0,061770	0,060700	0,061462	0,060979	0,062119	0,060967	-0,000192	-0,000114
665,00	-0,000020	0,058788	0,058470	0,059518	0,059405	0,059461	0,059002	0,059596	0,063511	0,060418	0,062543	0,060630	0,062450	0,060611	0,065924	0,061404	0,065532	0,061761	0,065272	0,061456	0,061714	0,060763	0,061452	0,060901	0,062085	0,060979	-0,000157	-0,000066
666,00	0,000014	0,058929	0,058573	0,059555	0,059464	0,059382	0,059084	0,059653	0,063533	0,060367	0,062614	0,060696	0,062519	0,060675	0,065871	0,061502	0,065365	0,061728	0,065197	0,061449	0,061761	0,060756	0,061457	0,060902	0,062106	0,060931	-0,000181	-0,000079
667,00	0,000077	0,058920	0,058537	0,059571	0,059523	0,059522	0,059109	0,059695	0,063484	0,060358	0,062587	0,060578	0,062458	0,060663	0,065950	0,061525	0,065442	0,061755	0,065203	0,061468	0,061864	0,060838	0,061555	0,060879	0,062132	0,060965	-0,000231	0,000051
668,00	-0,000011	0,058942	0,058591	0,059601	0,059565	0,059482	0,059078	0,059726	0,063564	0,060347	0,062581	0,060622	0,062455	0,060659	0,065891	0,061490	0,065384	0,061741	0,065180	0,061522	0,061831	0,060860	0,061555	0,061087	0,062093	0,061041	-0,000196	-0,000089
669,00	-0,000045	0,059007	0,058609	0,059553	0,059555	0,059452	0,059174	0,059721	0,063504	0,060466	0,062689	0,060587	0,062493	0,060743	0,065932	0,061429	0,065383	0,061745	0,065168	0,061502	0,061819	0,060821	0,061604	0,061013	0,062201	0,061049	-0,000127	-0,000029
670,00	0,000046	0,059061	0,058666	0,059653	0,059633	0,059647	0,059113	0,059700	0,063595	0,060519	0,062696	0,060657	0,062603	0,060722	0,065957	0,061603	0,065422	0,061822	0,065208	0,061541	0,061796	0,060805	0,061481	0,060927	0,062103	0,060973	-0,000070	0,000015
671,00	0,000137	0,059102	0,058801	0,059561	0,059659	0,059625	0,059282	0,059896	0,063611	0,060505	0,062699	0,060569	0,062529	0,060773	0,065908	0,061527	0,065492	0,061871	0,065199	0,061519	0,061811	0,060883	0,061653	0,061111	0,062153	0,061133	-0,000076	0,000020
672,00	0,000067	0,059085	0,058775	0,059658	0,059768	0,059606	0,059289	0,059878	0,063604	0,060556	0,062705	0,060629	0,062522	0,060743	0,065944	0,061542	0,065486	0,061878	0,065285	0,061593	0,061759	0,060816	0,061562	0,060974	0,062137	0,061108	-0,000151	0,000058
673,00	0,000083	0,059105	0,058832	0,059733	0,059727	0,059720	0,059337	0,059880	0,063618	0,060553	0,062769	0,060636	0,062570	0,060759	0,065882	0,061627	0,065434	0,061884	0,065308	0,061641	0,061777	0,060853	0,061578	0,061010	0,062199	0,061131	-0,000188	0,000102
674,00	0,000101	0,059174	0,058900	0,059651	0,059752	0,059666	0,059430	0,059969	0,063729	0,060584	0,062787	0,060749	0,062550	0,060846	0,065807	0,061587	0,065383	0,061865	0,065244	0,061634	0,061832	0,060937	0,061662	0,061142	0,062260	0,061172	-0,000110	-0,000043
675,00	-0,000019	0,059220	0,059030	0,059702	0,059871	0,059751	0,059435	0,059956	0,063813	0,060676	0,062849	0,060797	0,062663	0,060938	0,065772	0,061710	0,065450	0,061865	0,065306	0,061616	0,061822	0,060884	0,061678	0,061097	0,062193	0,061144	-0,000056	0,000044
676,00	0,000062	0,059253	0,059034	0,059751	0,059881	0,059763	0,059463	0,059988	0,063707	0,060663	0,062843	0,060704	0,062666	0,060804	0,065809	0,061685	0,065377	0,061931	0,065386	0,061640	0,061763	0,061028	0,061687	0,061166	0,062221	0,061209	-0,000244	-0,000026
677,00	0,000041	0,059218	0,059169	0,059813	0,060034	0,059935	0,059570	0,060110	0,063778	0,060753	0,062917	0,060770	0,062701	0,060918	0,065941	0,061761	0,065552	0,062037	0,065387	0,061769	0,061887	0,061087	0,061804	0,061260	0,062314	0,061263	-0,000125	0,000107
678,00	0,000002	0,059460	0,059240	0,059845	0,060078	0,059949	0,059652	0,060094	0,063861	0,060919	0,063030	0,060925	0,062809	0,060984	0,065878	0,061823	0,065551	0,062040	0,065446	0,061790	0,061846	0,061003	0,061740	0,061291	0,062358	0,061243	-0,000150	0,000060
679,00	0,000047	0,059530	0,059383	0,059962	0,060114	0,060082	0,059786	0,060258	0,063903	0,060863	0,063150	0,060966	0,062843	0,061111	0,065905	0,061907	0,065622	0,062190	0,065585	0,061861	0,062024	0,061124	0,061931	0,061378	0,062374	0,061315	-0,000085	0,000079
680,00	0,000040	0,059617	0,059516	0,060102	0,060251	0,060217	0,059781	0,060265	0,064042	0,061056	0,063235	0,061074	0,062902	0,061231	0,065936	0,062089	0,065659	0,062228	0,065522	0,061891	0,061988	0,061177	0,061824	0,061401	0,062487	0,061335	-0,000063	0,000104
681,00	0,000005	0,059659	0,059703	0,060136	0,060227	0,060120	0,059851	0,060281	0,064155	0,061272	0,063290	0,061222	0,062963	0,061284	0,065903	0,062027	0,065609	0,062219	0,065573	0,061901	0,062073	0,061213	0,061950	0,061439	0,062449	0,061347	-0,000008	0,000033
682,00	0,000000	0,059865	0,059777	0,060347	0,060380	0,060280	0,059902	0,060352	0,064290	0,061387	0,063475	0,061302	0,063031	0,061442	0,065961	0,062167	0,065791	0,062359	0,065699	0,062118	0,062186	0,061411	0,061974	0,061538	0,062575	0,061418	-0,000008	0,000036
683,00	-0,000017	0,059980	0,059980	0,060381	0,060477	0,060334	0,060109	0,060515	0,064408	0,061598	0,063575	0,061485	0,063226	0,061508	0,066131	0,062310	0,065738	0,062448	0,065783	0,062189	0,062281	0,061457	0,062174	0,061691	0,062634	0,061562	0,000041	-0,000007
684,00	0,000047	0,060179	0,060146	0,060575	0,060602	0,060481	0,060216	0,060735	0,064504	0,061772	0,063691	0,061625	0,063321	0,061609	0,066199	0,062452	0,065876	0,062547	0,065894	0,062326	0,062516	0,061714	0,062350	0,061869	0,062781	0,061697	0,000039	0,000086
685,00	0,000109	0,060425	0,060358	0,060699	0,060786	0,060620	0,060389	0,060897	0,064679	0,061880	0,063831	0,061827	0,063539	0,061747	0,066297	0,062537	0,066042	0,062713	0,066033	0,062517	0,062614	0,061751	0,062397	0,062004	0,063037	0,061864	0,000066	-0,000028
686,00	0,000024	0,060577	0,060507	0,060931	0,060972	0,060781	0,060602	0,061058	0,064845	0,062085	0,064079	0,061982	0,063710	0,061969	0,066482	0,062673	0,066197	0,062840	0,066197	0,062573	0,062739	0,061938	0,062613	0,062125	0,063120	0,061998	0,000080	-0,000025
687,00	0,000124	0,060737	0,060696	0,061111	0,061113	0,060945	0,060804	0,061268	0,064966	0,062247	0,064138	0,062096	0,063824	0,062045	0,066659	0,062861	0,066329	0,062960	0,066248	0,062752	0,062948	0,062121	0,062796	0,062347	0,063361	0,062173	0,000004	-0,000081
688,00	0,000063	0,061056	0,060966	0,061497	0,061381	0,061259	0,061026	0,061480	0,065204	0,062542	0,064519	0,062448	0,064128	0,062355	0,066950	0,063152	0,066615	0,063284	0,066525	0,063124	0,063141	0,062346	0,062914	0,062467	0,063499	0,062398	0,000038	0,000101
689,00	0,000068	0,061260	0,061266	0,061735	0,061729	0,061562	0,061152	0,061708	0,065511	0,062809	0,064678	0,062648	0,064329	0,062586	0,067174	0,063450	0,066832	0,063445	0,066817	0,063298	0,063436	0,062513	0,063111	0,062697	0,063683	0,062526	0,000036	0,000070
690,00	0,000087	0,061481	0,061437	0,061952	0,061949	0,061708	0,061386	0,061893	0,065712	0,063013	0,064952	0,062815	0,064455	0,062846	0,067445	0,063789	0,067150	0,063738	0,067018	0,063563	0,063643	0,062766	0,063409	0,062942	0,064031	0,062699	0,000054	0,000002
691,00	0,000128	0,061868	0,061765	0,062309	0,062311	0,062078	0,061794	0,062222	0,066052	0,063353	0,065274	0,063145	0,064772	0,063104	0,067738	0,064051	0,067341	0,063977	0,067260	0,063870	0,064028	0,063072	0,063663	0,063243	0,064330	0,063153	-0,000019	0,000015
692,00	0,000073	0,062179	0,062162	0,062672	0,062807	0,062613	0,062143	0,062659	0,066275	0,063781	0,065559	0,063621	0,065183	0,063470	0,068196	0,064441	0,067743	0,064445	0,067720	0,064291	0,064330	0,063473	0,064031	0,063680	0,064693	0,063431	0,000027	0,000130
693,00	0,000115	0,062579	0,062477	0,063008	0,063062	0,062819	0,062680	0,062954	0,066668	0,064100	0,065943	0,063985	0,065526	0,063661	0,068544	0,064750	0,068078	0,064792	0,068028	0,064614	0,064815	0,063820	0,064425	0,064034	0,065005	0,063894	-0,000001	0,000031
694,00	0,000070	0,062901	0,062838	0,063467	0,063539	0,063297	0,062924	0,063305	0,066972	0,064419	0,066269	0,064342	0,065915	0,064192	0,068775	0,065177	0,068468	0,065108	0,068333	0,064993	0,065093	0,064212	0,064773	0,064384	0,065301	0,064197	0,000148	-0,000023
695,00	0,000113	0,063413	0,063252	0,063899	0,063975	0,063724	0,063452	0,063779	0,067341	0,064842	0,066697	0,064776	0,066301	0,064550	0,069227	0,065605	0,068847	0,065650	0,068795	0,065453	0,065577	0,064609	0,065313	0,064794	0,065858	0,064601	0,000085	0,000055
696,00	0,000006	0,063990	0,063861	0,064291	0,064504	0,064149	0,063931	0,064189	0,067952	0,065383	0,067165	0,065254	0,066857	0,065059	0,069657	0,065969	0,069289	0,065984	0,069181	0,065811	0,065975	0,064995	0,065582	0,065234	0,066223	0,064981	0,000058	0,000000
697,00	-0,000004	0,064436	0,064372	0,064930	0,065047	0,064694	0,064458	0,064837	0,068472	0,065845	0,067612	0,065882	0,067330	0,065555	0,070202	0,066645	0,069796	0,066584	0,069652	0,066403	0,066561	0,065566	0,066137	0,065753	0,066824	0,065553	0,000109	0,000089
698,00	-0,000012	0,065019	0,064854	0,065525	0,065618	0,065330	0,064953	0,065239	0,068953	0,066399	0,068163	0,066333	0,067855	0,066149	0,070742	0,067155	0,070422	0,067104	0,070230	0,066942	0,067042	0,066073	0,066744	0,066256	0,067226	0,066068	0,000112	0,000088
699,00	0,000151	0,065548	0,065466	0,066104	0,066250	0,065922	0,065596	0,065973	0,069547	0,066917	0,068748	0,066952	0,068450	0,066663	0,071281	0,067833	0,070949	0,067791	0,070894	0,067582	0,067797	0,066835	0,067311	0,066896	0,067939	0,066634	0,000077	0,000120
700,00	0,000079	0,066215	0,066018	0,066702	0,066880	0,066606	0,066241	0,066599	0,070150	0,067486	0,069236	0,067487	0,068967	0,067286	0,071893	0,068353	0,071553	0,068374	0,071389	0,068130	0,068346	0,067373	0,067884	0,067543	0,068574	0,067368	0,000049	0,000076
701,00	-0,000024	0,066910	0,066478	0,067254	0,067602	0,067190	0,066896	0,067229	0,070702	0,068014	0,069786	0,068186	0,069667	0,067817	0,072470	0,069049	0,072167	0,068955	0,071927	0,068715	0,068877	0,067849	0,068454	0,068108	0,069046	0,067833	0,000007	0,000132
702,00	0,000059	0,067628	0,067164	0,068048	0,068284	0,068017	0,067507	0,067862	0,071387	0,068699	0,070508	0,068843	0,070358	0,068630	0,073129	0,069822	0,072927	0,069710	0,072584	0,069429	0,069571	0,068611	0,069139	0,068659	0,069852	0,068503	-0,000095	0,000210
703,00	0,000074	0,068342	0,068040	0,068668	0,069063	0,068581	0,068324	0,068714	0,072154	0,069361	0,071216	0,069498	0,071108	0,069376	0,073832	0,070381	0,073488	0,070293	0,073193	0,070139	0,070252	0,069353	0,069884	0,069452	0,070487	0,069218	0,000008	0,000107
704,00	0,000054	0,069145	0,068644	0,069458	0,069870	0,069368	0,069040	0,069395	0,072968	0,070138	0,071909	0,070280	0,071844	0,070106	0,074662	0,071192	0,074390	0,071149	0,074006	0,070982	0,070949	0,070136	0,070654	0,070175	0,071194	0,069930	-0,000004	0,000217
705,00	0,000024	0,069881	0,069411	0,070161	0,070667	0,070238	0,069804	0,070130	0,073583	0,070809	0,072689	0,071022	0,072495	0,070763	0,075377	0,071914	0,075006	0,071881	0,074742	0,071588	0,071604	0,070816	0,071276	0,070854	0,071957	0,070576	-0,000087	0,000122
706,00	0,000105	0,070755	0,070294	0,071043	0,071566	0,070970	0,070731	0,071092	0,074472	0,071680	0,073524	0,071785	0,073360	0,071609	0,076196	0,072818	0,075868	0,072776	0,075503	0,072521	0,072393	0,071645	0,072181	0,071726	0,072820	0,071549	-0,000032	0,000135
707,00	0,000014	0,071656	0,071206	0,071926	0,072493	0,071897	0,071607	0,071990	0,075254	0,072540	0,074489	0,072597	0,074310	0,072483	0,076976	0,073714	0,076679	0,073658	0,076321	0,073374	0,073301	0,072405	0,073000	0,072569	0,073602	0,072348	0,000049	0,000272
708,00	0,000120	0,072644	0,072097	0,072822	0,073492	0,072876	0,072631	0,073064	0,076234	0,073432	0,075259	0,073585	0,075168	0,073385	0,077885	0,074656	0,077575	0,074588	0,077303	0,074385	0,074323	0,073589	0,074003	0,073616	0,074644	0,073458	-0,000068	0,000094
709,00	-0,000004	0,073885	0,073240	0,073990	0,074621	0,073978	0,073773	0,074232	0,077388	0,074563	0,076391	0,074602	0,076275	0,074701	0,078989	0,075715	0,078733	0,075695	0,078313	0,075337	0,075255	0,074553	0,075072	0,074709	0,075671	0,074475	-0,000053	0,000134
710,00	-0,000010	0,075060	0,074419	0,075014	0,075678	0,075053	0,074928	0,075378	0,078493	0,075733	0,077492	0,075731	0,077485	0,075824	0,079952	0,076753	0,079686	0,076722	0,079285	0,076440	0,076500	0,075676	0,076274	0,075797	0,076784	0,075547	-0,000154	-0,000026
711,00	-0,000089	0,076483	0,075722	0,076357	0,077097	0,076323	0,076274	0,076739	0,079743	0,076946	0,078695	0,077046	0,078715	0,077036	0,081247	0,078045	0,080967	0,078014	0,080506	0,077856	0,077649	0,076917	0,077452	0,077104	0,078045	0,076756	-0,000137	-0,000032
712,00	0,000092	0,077882	0,077125	0,077901	0,078541	0,077911	0,077661	0,078085	0,081153	0,078456	0,080101	0,078422	0,080101	0,078443	0,082629	0,079599	0,082435	0,079486	0,082014	0,079268	0,079102	0,078330	0,078808	0,078575	0,079441	0,078312	-0,000101	0,000024
713,00	0,000016	0,079406	0,078695	0,079289	0,080029	0,079390	0,079210	0,079751	0,082546	0,079880	0,081582	0,079943	0,081573	0,079888	0,084075	0,080897	0,083780	0,080833	0,083412	0,080685	0,080550	0,079854	0,080309	0,079999	0,080892	0,079861	-0,000088	-0,000066
714,00	-0,000006	0,081091	0,080400	0,080995	0,081723	0,081085	0,080828	0,081343	0,084219	0,081556	0,083160	0,081538	0,083208	0,081592	0,085623	0,082638	0,085363	0,082499	0,084930	0,082314	0,082196	0,081532	0,081895	0,081648	0,082649	0,081407	-0,000053	0,000017
715,00	-0,000032	0,082755	0,082043	0,082601	0,083432	0,082802	0,082572	0,083198	0,085846	0,083147	0,084795	0,083117	0,084768	0,083278	0,087195	0,084297	0,087086	0,084182	0,086549	0,083929	0,083938	0,083153	0,083600	0,083300	0,084330	0,083070	-0,000142	-0,000101
716,00	-0,000069	0,084825	0,084064	0,084578	0,085381	0,084701	0,084344	0,085078	0,087815	0,085231	0,086691	0,085159	0,086737	0,085202	0,089117	0,086129	0,088854	0,086075	0,088452	0,085835	0,085614	0,085025	0,085411	0,085095	0,086026	0,084950	0,000022	-0,000090
717,00	0,000006	0,086731	0,085991	0,086453	0,087260	0,086683	0,086411	0,086983	0,089598	0,087040	0,088538	0,086958	0,088505	0,086989	0,090910	0,088059	0,090750	0,087809	0,090313	0,087723	0,087542	0,086880	0,087369	0,087005	0,087932	0,086823	-0,000084	-0,000054
718,00	-0,000026	0,088749	0,088003	0,088535	0,089315	0,088607	0,088481	0,089001	0,091526	0,089061	0,090535	0,088909	0,090544	0,089002	0,092889	0,090055	0,092730	0,089769	0,092333	0,089703	0,089492	0,088820	0,089253	0,088990	0,089791	0,088738	-0,000103	-0,000090
719,00	-0,000061	0,090856	0,090010	0,090621	0,091365	0,090753	0,090473	0,091169	0,093544	0,091109	0,092473	0,090939	0,092485	0,090941	0,094944	0,092017	0,094879	0,091923	0,094396	0,091768	0,091489	0,090817	0,091310	0,091015	0,091866	0,090856	-0,000081	-0,000072
720,00	-0,000000	0,093111	0,092356	0,092819	0,093577	0,092977	0,092629	0,093295	0,095833	0,093327	0,094635	0,093117	0,094699	0,093250	0,097017	0,094186	0,096791	0,094088	0,096649	0,093863	0,093703	0,093062	0,093404	0,093310	0,094026	0,092931	-0,000076	-0,000088
721,00	-0,000021	0,095338	0,094628	0,095205	0,095908	0,095335	0,094768	0,095381	0,097953	0,095493	0,096806	0,095249	0,096689	0,095465	0,099211	0,096453	0,099128	0,096355	0,098829	0,096199	0,095844	0,095186	0,095581	0,095349	0,096138	0,095046	-0,000157	-0,000059
722,00	-0,000083	0,097595	0,096891	0,097468	0,098216	0,097529	0,097121	0,097726	0,100202	0,097844	0,099001	0,097550	0,098895	0,097632	0,101337	0,098724	0,101236	0,098582	0,101051	0,098419	0,098191	0,097424	0,097864	0,097650	0,098343	0,097344	-0,000081	-0,000046
723,00	0,000063	0,100067	0,099224	0,099864	0,100661	0,099958	0,099574	0,100225	0,102561	0,100183	0,101349	0,099863	0,101261	0,099940	0,103744	0,101037	0,103592	0,100903	0,103457	0,100670	0,100491	0,099749	0,100326	0,100135	0,100773	0,099761	-0,000149	-0,000104
724,00	-0,000116	0,102725	0,101985	0,102274	0,103030	0,102386	0,101984	0,102635	0,105194	0,102799	0,103886	0,102447	0,103860	0,102457	0,106126	0,103435	0,105981	0,103313	0,105753	0,103180	0,102987	0,102222	0,102624	0,102526	0,103151	0,102218	-0,000000	-0,000053
725,00	-0,000034	0,105453	0,104683	0,105214	0,105832	0,105359	0,104761	0,105306	0,107791	0,105539	0,106586	0,105110	0,106402	0,105173	0,108982	0,106306	0,108699	0,106136	0,108524	0,105949	0,105592	0,104899	0,105246	0,105255	0,105960	0,104883	-0,000127	0,000040
726,00	-0,000031	0,108388	0,107784	0,108092	0,108972	0,108292	0,107733	0,108331	0,110670	0,108406	0,109429	0,108024	0,109291	0,108053	0,111830	0,109207	0,111616	0,109065	0,111426	0,108883	0,108476	0,107817	0,108135	0,108053	0,108737	0,107825	-0,000041	0,000104
727,00	-0,000017	0,111749	0,111074	0,111436	0,112275	0,111639	0,110965	0,111590	0,113997	0,111658	0,112697	0,111202	0,112591	0,111307	0,115065	0,112451	0,114813	0,112309	0,114702	0,112141	0,111729	0,111025	0,111280	0,111326	0,111800	0,110989	-0,000046	0,000070
728,00	-0,000132	0,115314	0,114584	0,115007	0,115916	0,115190	0,114465	0,115163	0,117465	0,115097	0,116079	0,114745	0,116001	0,114834	0,118576	0,115985	0,118394	0,115899	0,118171	0,115649	0,115228	0,114501	0,114752	0,114739	0,115354	0,114498	-0,000094	0,000114
729,00	-0,000256	0,119437	0,118818	0,119034	0,119930	0,119319	0,118523	0,119232	0,121512	0,119193	0,120110	0,118778	0,119951	0,118846	0,122429	0,119954	0,122256	0,119891	0,122149	0,119635	0,119232	0,118495	0,118879	0,118752	0,119298	0,118571	-0,000051	0,000004
730,00	-0,000101	0,124077	0,123536	0,123645	0,124678	0,124084	0,123160	0,123951	0,126044	0,123776	0,124666	0,123399	0,124466	0,123415	0,127038	0,124480	0,126885	0,124512	0,126717	0,124263	0,123835	0,123161	0,123553	0,123489	0,123894	0,123303	0,000085	0,000007
731,00	-0,000016	0,129139	0,128522	0,128682	0,129864	0,129234	0,128320	0,129207	0,130786	0,128740	0,129547	0,128295	0,129337	0,128423	0,132061	0,129525	0,131844	0,129531	0,131663	0,129314	0,128774	0,128270	0,128531	0,128591	0,128842	0,128343	0,000027	0,000123
732,00	-0,000099	0,134165	0,133591	0,133752	0,134965	0,134342	0,133273	0,134222	0,135638	0,133581	0,134286	0,133207	0,134149	0,133282	0,136793	0,134613	0,136554	0,134530	0,136494	0,134244	0,133599	0,133085	0,133310	0,133445	0,133776	0,133177	0,000023	0,000080
733,00	-0,000154	0,138963	0,138387	0,138301	0,139802	0,139051	0,138043	0,139014	0,140386	0,138410	0,138878	0,137973	0,138658	0,137925	0,141415	0,139099	0,141257	0,139100	0,141027	0,138831	0,138141	0,137740	0,137906	0,138051	0,138370	0,137769	0,000005	0,000096
734,00	-0,000101	0,143360	0,142820	0,142717	0,144205	0,143563	0,142382	0,143491	0,144592	0,142680	0,143166	0,142206	0,142893	0,142208	0,145714	0,143473	0,145578	0,143397	0,145451	0,143275	0,142531	0,142173	0,142330	0,142346	0,142739	0,142220	0,000070	0,000119
735,00	-0,000059	0,147215	0,146768	0,146482	0,148127	0,147415	0,146185	0,147174	0,148368	0,146398	0,146852	0,146080	0,146632	0,146041	0,149264	0,147145	0,149156	0,147054	0,148986	0,146864	0,146264	0,145815	0,145980	0,146032	0,146512	0,145936	0,000113	-0,000028
736,00	0,000042	0,150507	0,149928	0,149662	0,151310	0,150584	0,149631	0,150646	0,151460	0,149514	0,149923	0,149242	0,149835	0,149101	0,152357	0,150143	0,152278	0,150183	0,152113	0,149969	0,149542	0,149047	0,149198	0,149371	0,149625	0,149162	0,000098	0,000012
737,00	-0,000043	0,153164	0,152601	0,152286	0,153868	0,153246	0,152229	0,153351	0,154121	0,152043	0,152617	0,151879	0,152511	0,151712	0,155022	0,152832	0,154820	0,152771	0,154691	0,152498	0,151982	0,151601	0,151855	0,151945	0,152294	0,151675	0,000169	0,000018
738,00	-0,000157	0,155463	0,154796	0,154449	0,156169	0,155402	0,154258	0,155437	0,156147	0,154168	0,154693	0,154008	0,154530	0,153918	0,157088	0,154948	0,156977	0,154852	0,156875	0,154716	0,153948	0,153611	0,153964	0,154076	0,154232	0,153822	0,000076	-0,000021
739,00	-0,000083	0,156950	0,156389	0,155995	0,157783	0,156960	0,155921	0,157089	0,157737	0,155768	0,156233	0,155595	0,156127	0,155560	0,158528	0,156402	0,158463	0,156517	0,158395	0,156230	0,155559	0,155218	0,155581	0,155540	0,155843	0,155330	0,000057	0,000055
740,00	-0,000145	0,158181	0,157431	0,157045	0,158966	0,158077	0,156968	0,158192	0,158900	0,156915	0,157452	0,156771	0,157394	0,156738	0,159798	0,157572	0,159590	0,157589	0,159597	0,157282	0,156670	0,156312	0,156644	0,156728	0,156981	0,156427	0,000133	-0,000111
741,00	-0,000132	0,159021	0,158188	0,157906	0,159682	0,158865	0,157756	0,158874	0,159664	0,157732	0,158289	0,157626	0,158199	0,157459	0,160514	0,158386	0,160268	0,158348	0,160182	0,158036	0,157477	0,157256	0,157434	0,157413	0,157663	0,157257	0,000043	-0,000102
742,00	-0,000105	0,159497	0,158731	0,158384	0,160218	0,159342	0,158380	0,159504	0,160381	0,158322	0,158868	0,158296	0,158749	0,158054	0,161123	0,158808	0,160872	0,158867	0,160829	0,158617	0,157986	0,157854	0,157967	0,158066	0,158372	0,157881	0,000012	-0,000185
743,00	-0,000095	0,159915	0,159131	0,158755	0,160585	0,159609	0,158599	0,159957	0,160797	0,158679	0,159336	0,158579	0,159271	0,158440	0,161415	0,159260	0,161408	0,159280	0,161170	0,159014	0,158394	0,158221	0,158379	0,158501	0,158738	0,158264	0,000205	-0,000125
744,00	-0,000201	0,160275	0,159362	0,159075	0,160786	0,159869	0,158987	0,160103	0,161134	0,159126	0,159735	0,158971	0,159629	0,158875	0,161750	0,159489	0,161621	0,159580	0,161454	0,159352	0,158735	0,158489	0,158684	0,158748	0,159002	0,158605	0,000157	-0,000174
745,00	-0,000167	0,160385	0,159511	0,159181	0,160968	0,160035	0,159110	0,160312	0,161348	0,159241	0,159939	0,159265	0,159886	0,159137	0,161956	0,159821	0,161880	0,159813	0,161623	0,159502	0,158823	0,158724	0,158870	0,158933	0,159200	0,158866	0,000254	-0,000147
746,00	-0,000199	0,160305	0,159604	0,159297	0,160999	0,160128	0,159270	0,160379	0,161567	0,159354	0,160057	0,159286	0,159970	0,159145	0,162072	0,159817	0,161940	0,159864	0,161751	0,159621	0,159055	0,158863	0,159038	0,159102	0,159415	0,158923	0,000184	-0,000295
747,00	-0,000164	0,160411	0,159693	0,159421	0,161317	0,160357	0,159368	0,160456	0,161715	0,159533	0,160263	0,159490	0,160228	0,159299	0,162288	0,160092	0,162153	0,159980	0,161901	0,159770	0,159153	0,158953	0,159146	0,159112	0,159541	0,159010	0,000041	-0,000124
748,00	-0,000043	0,160569	0,159671	0,159567	0,161129	0,160308	0,159492	0,160496	0,161815	0,159623	0,160419	0,159557	0,160291	0,159428	0,162407	0,160093	0,162237	0,160208	0,162114	0,159913	0,159279	0,159185	0,159359	0,159354	0,159698	0,159164	0,000105	-0,000065
749,00	-0,000034	0,160558	0,159689	0,159620	0,161246	0,160353	0,159704	0,160682	0,161944	0,159692	0,160578	0,159730	0,160431	0,159480	0,162589	0,160193	0,162394	0,160265	0,162121	0,159949	0,159478	0,159261	0,159670	0,159521	0,159978	0,159317	0,000086	-0,000318
750,00	-0,000095	0,160735	0,159840	0,159691	0,161268	0,160411	0,159622	0,160674	0,162187	0,159888	0,160767	0,159884	0,160692	0,159707	0,162659	0,160275	0,162536	0,160400	0,162107	0,159984	0,159511	0,159318	0,159463	0,159506	0,159914	0,159401	0,000151	-0,000228
751,00	-0,000121	0,160691	0,159681	0,159705	0,161188	0,160380	0,159621	0,160632	0,162288	0,159938	0,161021	0,159921	0,160831	0,159802	0,162723	0,160375	0,162619	0,160498	0,162199	0,160179	0,159498	0,159347	0,159662	0,159547	0,159957	0,159526	0,000035	-0,000249
752,00	-0,000202	0,160732	0,159730	0,159832	0,161385	0,160410	0,159699	0,160643	0,162298	0,159973	0,161079	0,159971	0,160841	0,159814	0,162909	0,160550	0,162687	0,160691	0,162404	0,160168	0,159620	0,159413	0,159796	0,159680	0,160132	0,159512	0,000092	-0,000205
753,00	-0,000146	0,160928	0,159852	0,159942	0,161499	0,160495	0,159701	0,160608	0,162477	0,160245	0,161189	0,160143	0,161065	0,159931	0,163108	0,160591	0,162957	0,160743	0,162583	0,160327	0,159630	0,159592	0,159775	0,159777	0,160350	0,159703	0,000091	-0,000104
754,00	-0,000073	0,160735	0,159752	0,159994	0,161451	0,160519	0,159884	0,160847	0,162455	0,160253	0,161120	0,160061	0,161019	0,159992	0,163232	0,160656	0,162990	0,160802	0,162579	0,160427	0,159895	0,159764	0,159976	0,159917	0,160395	0,159797	-0,000092	-0,000195
755,00	-0,000110	0,160723	0,159791	0,160113	0,161619	0,160683	0,159860	0,160863	0,162560	0,160377	0,161245	0,160172	0,161119	0,160030	0,163354	0,160805	0,163192	0,160988	0,162810	0,160590	0,160009	0,159732	0,160023	0,159937	0,160416	0,159833	0,000023	-0,000097
756,00	0,000009	0,160613	0,159631	0,160141	0,161634	0,160656	0,159966	0,160796	0,162449	0,160280	0,161321	0,160167	0,161116	0,160098	0,163438	0,160732	0,163271	0,160984	0,162801	0,160626	0,160018	0,159878	0,160047	0,160178	0,160499	0,159941	-0,000134	-0,000077
757,00	0,000030	0,160589	0,159691	0,160320	0,161736	0,160826	0,160105	0,160864	0,162605	0,160369	0,161446	0,160172	0,161215	0,160091	0,163795	0,160978	0,163305	0,161172	0,163032	0,160794	0,160293	0,159952	0,160238	0,160075	0,160587	0,160141	-0,000076	-0,000015
758,00	0,000037	0,160740	0,159698	0,160233	0,161601	0,160659	0,160055	0,160878	0,162653	0,160426	0,161503	0,160182	0,161470	0,160144	0,163795	0,160952	0,163377	0,161193	0,163068	0,160781	0,160253	0,159991	0,160193	0,160113	0,160658	0,160071	-0,000051	-0,000005
759,00	0,000058	0,160737	0,159491	0,160186	0,161570	0,160725	0,159803	0,160580	0,162616	0,160427	0,161525	0,160172	0,161321	0,160180	0,163725	0,160996	0,163337	0,161215	0,163121	0,160740	0,160051	0,159754	0,159993	0,160089	0,160500	0,159816	-0,000098	-0,000038
760,00	0,000151	0,160391	0,159190	0,160059	0,161308	0,160413	0,159780	0,160548	0,162381	0,160157	0,161316	0,159763	0,161081	0,159878	0,163516	0,160793	0,163186	0,160994	0,163014	0,160574	0,160060	0,159777	0,159987	0,160018	0,160492	0,159933	-0,000302	0,000040
761,00	0,000120	0,160280	0,159196	0,159935	0,161232	0,160355	0,159548	0,160412	0,162552	0,160225	0,161386	0,159937	0,161187	0,159922	0,163449	0,160623	0,163132	0,160885	0,162858	0,160406	0,159992	0,159731	0,159884	0,159909	0,160274	0,159770	-0,000269	0,000084
762,00	0,000035	0,160045	0,158918	0,159866	0,161110	0,160189	0,159400	0,160169	0,162275	0,160080	0,161255	0,159751	0,161022	0,159627	0,163468	0,160582	0,163022	0,160893	0,162899	0,160432	0,159953	0,159564	0,159758	0,159628	0,160271	0,159544	-0,000293	0,000069
763,00	0,000046	0,159982	0,158675	0,159737	0,160791	0,160027	0,159228	0,160049	0,162254	0,159980	0,161070	0,159636	0,160968	0,159607	0,163219	0,160390	0,162839	0,160664	0,162679	0,160171	0,159822	0,159488	0,159654	0,159686	0,160144	0,159448	-0,000217	0,000020
764,00	0,000113	0,159785	0,158542	0,159509	0,160744	0,159867	0,159033	0,159825	0,162106	0,159748	0,161069	0,159416	0,160847	0,159402	0,163134	0,160191	0,162697	0,160480	0,162536	0,160119	0,159532	0,159341	0,159490	0,159502	0,159939	0,159344	-0,000324	0,000085
765,00	0,000003	0,159472	0,158317	0,159438	0,160433	0,159629	0,158736	0,159563	0,161856	0,159544	0,160886	0,159290	0,160658	0,159192	0,162923	0,160082	0,162417	0,160266	0,162248	0,159801	0,159269	0,159021	0,159333	0,159226	0,159666	0,159086	-0,000262	0,000098
766,00	0,000074	0,159397	0,158054	0,159099	0,160042	0,159247	0,158534	0,159197	0,161818	0,159354	0,160714	0,159005	0,160426	0,158921	0,162715	0,159784	0,162218	0,160086	0,162041	0,159600	0,159017	0,158863	0,159129	0,159040	0,159585	0,158888	-0,000286	0,000030
767,00	0,000164	0,158753	0,157643	0,158840	0,159802	0,159062	0,158291	0,159123	0,161317	0,158912	0,160354	0,158542	0,159972	0,158508	0,162450	0,159488	0,161916	0,159827	0,161925	0,159335	0,158736	0,158576	0,158763	0,158802	0,159319	0,158604	-0,000341	0,000150
768,00	0,000026	0,158501	0,157420	0,158359	0,159435	0,158638	0,157892	0,158568	0,161080	0,158785	0,160050	0,158424	0,159755	0,158260	0,162102	0,159093	0,161652	0,159468	0,161521	0,158973	0,158351	0,158199	0,158426	0,158381	0,158862	0,158237	-0,000299	0,000069
769,00	0,000149	0,158156	0,157059	0,158015	0,159050	0,158287	0,157581	0,158288	0,160900	0,158398	0,159819	0,158008	0,159590	0,158030	0,161803	0,158792	0,161204	0,159057	0,161193	0,158742	0,158127	0,157920	0,158014	0,158034	0,158545	0,157935	-0,000254	0,000103
770,00	0,000167	0,157688	0,156641	0,157643	0,158722	0,157913	0,157116	0,157870	0,160494	0,157901	0,159392	0,157619	0,159115	0,157548	0,161353	0,158464	0,160818	0,158752	0,160846	0,158342	0,157795	0,157478	0,157809	0,157728	0,158157	0,157568	-0,000314	0,000193
771,00	0,000207	0,157317	0,156159	0,157160	0,158135	0,157351	0,156706	0,157352	0,160094	0,157565	0,159139	0,157308	0,158717	0,157187	0,160858	0,157889	0,160485	0,158170	0,160428	0,157822	0,157310	0,157042	0,157248	0,157209	0,157704	0,157065	-0,000232	0,000105
772,00	0,000138	0,156721	0,155654	0,156751	0,157555	0,156917	0,156252	0,157000	0,159647	0,157045	0,158626	0,156673	0,158366	0,156653	0,160415	0,157304	0,159981	0,157742	0,159935	0,157365	0,156822	0,156614	0,156778	0,156803	0,157395	0,156708	-0,000270	0,000109
773,00	0,000167	0,156102	0,155100	0,156076	0,156984	0,156332	0,155550	0,156209	0,159190	0,156397	0,158115	0,156193	0,157713	0,156142	0,159906	0,156834	0,159468	0,157201	0,159342	0,156805	0,156199	0,156111	0,156358	0,156270	0,156865	0,156103	-0,000322	0,000116
774,00	0,000298	0,155558	0,154632	0,155458	0,156308	0,155750	0,155112	0,155722	0,158668	0,155928	0,157493	0,155727	0,157288	0,155474	0,159330	0,156370	0,158750	0,156500	0,158763	0,156285	0,155687	0,155653	0,155887	0,155812	0,156355	0,155734	-0,000284	0,000124
775,00	0,000095	0,154877	0,153818	0,154973	0,155744	0,155092	0,154312	0,155039	0,158049	0,155403	0,156851	0,155012	0,156638	0,154955	0,158795	0,155749	0,158133	0,155959	0,158266	0,155678	0,155067	0,154829	0,155170	0,155140	0,155607	0,154950	-0,000257	-0,000007
776,00	0,000098	0,154136	0,153114	0,154224	0,155164	0,154477	0,153938	0,154586	0,157570	0,154646	0,156192	0,154467	0,156016	0,154245	0,158061	0,155233	0,157436	0,155280	0,157572	0,155044	0,154583	0,154465	0,154777	0,154691	0,155170	0,154411	-0,000263	-0,000132
777,00	0,000270	0,153736	0,152636	0,153510	0,154400	0,153779	0,153330	0,153859	0,157030	0,154115	0,155776	0,153897	0,155431	0,153644	0,157471	0,154480	0,156772	0,154582	0,156937	0,154388	0,153899	0,153972	0,154071	0,154106	0,154503	0,153868	-0,000229	-0,000104
778,00	0,000133	0,152922	0,151760	0,152742	0,153579	0,153086	0,152509	0,153176	0,156143	0,153396	0,154922	0,153100	0,154749	0,152958	0,156628	0,153627	0,155984	0,153758	0,156214	0,153679	0,153264	0,153104	0,153350	0,153279	0,153809	0,153036	-0,000155	-0,000309
779,00	0,000121	0,152182	0,151073	0,151934	0,152839	0,152252	0,151661	0,152381	0,155523	0,152809	0,154324	0,152494	0,154075	0,152260	0,155887	0,152973	0,155251	0,153085	0,155415	0,153080	0,152469	0,152352	0,152567	0,152629	0,153021	0,152330	-0,000325	-0,000253
780,00	0,000027	0,151385	0,150245	0,151192	0,151965	0,151450	0,150794	0,151446	0,154827	0,151884	0,153541	0,151642	0,153298	0,151534	0,155162	0,152115	0,154557	0,152291	0,154561	0,152287	0,151654	0,151405	0,151759	0,151618	0,152171	0,151499	-0,000131	-0,000171
781,00	0,000105	0,150474	0,149345	0,150379	0,151219	0,150658	0,149976	0,150642	0,154056	0,151150	0,152732	0,150858	0,152470	0,150675	0,154410	0,151300	0,153699	0,151515	0,153780	0,151474	0,150890	0,150684	0,150960	0,150937	0,151455	0,150710	-0,000168	-0,000122
782,00	0,000067	0,149727	0,148547	0,149490	0,150281	0,149735	0,149276	0,149848	0,153246	0,150479	0,151958	0,150123	0,151765	0,149873	0,153419	0,150457	0,152812	0,150740	0,152820	0,150538	0,150060	0,149930	0,150087	0,150039	0,150637	0,149893	-0,000085	-0,000199
783,00	0,000196	0,148801	0,147531	0,148568	0,149422	0,148826	0,148377	0,148970	0,152458	0,149546	0,151011	0,149244	0,150796	0,149094	0,152639	0,149624	0,151898	0,149806	0,152099	0,149722	0,149284	0,149006	0,149282	0,149257	0,149868	0,149052	-0,000102	-0,000269
784,00	0,000174	0,147827	0,146574	0,147586	0,148463	0,147919	0,147574	0,148216	0,151529	0,148665	0,150174	0,148270	0,149890	0,148092	0,151688	0,148725	0,151148	0,148797	0,151192	0,148810	0,148339	0,148222	0,148441	0,148211	0,148894	0,148150	-0,000093	-0,000277
785,00	0,000041	0,146870	0,145609	0,146842	0,147532	0,146981	0,146462	0,147146	0,150659	0,147823	0,149360	0,147464	0,148984	0,147288	0,150809	0,147859	0,150211	0,147972	0,150237	0,147932	0,147443	0,147126	0,147428	0,147386	0,147969	0,147103	-0,000041	-0,000084
786,00	0,000107	0,145852	0,144618	0,145746	0,146587	0,146077	0,145390	0,146259	0,149611	0,146746	0,148273	0,146515	0,147879	0,146209	0,149821	0,146858	0,149137	0,147029	0,149275	0,146952	0,146516	0,146248	0,146521	0,146355	0,146985	0,146321	-0,000165	-0,000167
787,00	-0,000006	0,144863	0,143598	0,144819	0,145610	0,145224	0,144450	0,145260	0,148734	0,145948	0,147352	0,145550	0,146966	0,145165	0,148948	0,145973	0,148176	0,146085	0,148334	0,146005	0,145418	0,145195	0,145456	0,145374	0,145915	0,145261	-0,000147	-0,000116
788,00	0,000035	0,144037	0,142648	0,143928	0,144626	0,144149	0,143468	0,144367	0,147885	0,145003	0,146427	0,144647	0,146141	0,144374	0,148010	0,144923	0,147334	0,145098	0,147343	0,145062	0,144653	0,144360	0,144575	0,144564	0,145047	0,144333	-0,000047	-0,000137
789,00	0,000006	0,142934	0,141598	0,142799	0,143530	0,143137	0,142423	0,143353	0,146832	0,144034	0,145466	0,143625	0,145124	0,143274	0,146970	0,143900	0,146214	0,144132	0,146458	0,144089	0,143657	0,143410	0,143615	0,143422	0,144126	0,143252	-0,000050	-0,000108
790,00	0,000047	0,141970	0,140650	0,141797	0,142583	0,142117	0,141440	0,142249	0,145810	0,142940	0,144411	0,142689	0,144190	0,142381	0,145974	0,142977	0,145254	0,143186	0,145331	0,143023	0,142458	0,142248	0,142562	0,142348	0,143047	0,142264	-0,000032	-0,000124
791,00	0,000120	0,141033	0,139550	0,140811	0,141581	0,141140	0,140542	0,141476	0,144965	0,141986	0,143617	0,141684	0,143186	0,141411	0,144990	0,141809	0,144315	0,141994	0,144251	0,142030	0,141640	0,141435	0,141599	0,141418	0,142003	0,141184	0,000013	-0,000098
792,00	-0,000024	0,139885	0,138592	0,139842	0,140625	0,140185	0,139369	0,140338	0,143780	0,140874	0,142525	0,140801	0,142200	0,140395	0,144131	0,141084	0,143260	0,141196	0,143355	0,141055	0,140632	0,140281	0,140557	0,140415	0,140957	0,140237	0,000042	0,000030
793,00	0,000015	0,138977	0,137632	0,138866	0,139664	0,139216	0,138510	0,139382	0,142986	0,139992	0,141701	0,139845	0,141174	0,139605	0,143102	0,140025	0,142270	0,140263	0,142313	0,140139	0,139716	0,139387	0,139579	0,139448	0,140180	0,139380	0,000163	0,000018
794,00	0,000092	0,137996	0,136558	0,137879	0,138696	0,138306	0,137448	0,138401	0,141961	0,138970	0,140583	0,138768	0,140225	0,138559	0,142156	0,139094	0,141309	0,139149	0,141346	0,139067	0,138644	0,138301	0,138689	0,138402	0,139014	0,138244	0,000054	0,000138
795,00	0,000084	0,136937	0,135543	0,136874	0,137836	0,137092	0,136620	0,137389	0,140900	0,137942	0,139585	0,137859	0,139161	0,137398	0,141164	0,138029	0,140394	0,138264	0,140323	0,138193	0,137687	0,137437	0,137590	0,137548	0,138152	0,137299	0,000073	0,000051
796,00	0,000060	0,136166	0,134609	0,135938	0,136817	0,136286	0,135586	0,136666	0,140070	0,137045	0,138758	0,136949	0,138316	0,136707	0,140314	0,137150	0,139347	0,137304	0,139512	0,137142	0,136641	0,136476	0,136757	0,136565	0,137202	0,136363	0,000092	0,000150
797,00	-0,000144	0,135316	0,133786	0,135103	0,135921	0,135318	0,134673	0,135617	0,139167	0,136233	0,137831	0,136030	0,137467	0,135850	0,139361	0,136232	0,138436	0,136281	0,138617	0,136277	0,135727	0,135398	0,135736	0,135569	0,136264	0,135449	0,000117	0,000164
798,00	0,000061	0,134331	0,132963	0,134399	0,135152	0,134648	0,134020	0,134903	0,138177	0,135165	0,136876	0,135133	0,136539	0,134874	0,138653	0,135582	0,137763	0,135648	0,137878	0,135454	0,135096	0,134764	0,134993	0,134866	0,135378	0,134679	-0,000069	0,000190
799,00	-0,000023	0,133592	0,132248	0,133497	0,134389	0,133752	0,133167	0,134080	0,137484	0,134479	0,136199	0,134306	0,135738	0,134282	0,137653	0,134605	0,136791	0,134831	0,136960	0,134544	0,134157	0,133925	0,134139	0,134014	0,134557	0,133856	0,000140	0,000303
800,00	-0,000054	0,132952	0,131451	0,132714	0,133688	0,133063	0,132409	0,133286	0,136770	0,133725	0,135357	0,133629	0,135082	0,133393	0,136985	0,133845	0,136038	0,134005	0,136167	0,133892	0,133487	0,133029	0,133406	0,133244	0,133739	0,133179	0,000146	0,000103
