Wavelength nm.	BBB_R_Amostra_03N_02_SET2025	BBB_R_Amostra_03N_02_SET2025_ext	BBB_R_Amostra_04N_01_SET2025	BBB_R_Amostra_04N_01_SET2025_ext	BBB_R_Amostra_04N_02_SET2025	BBB_R_Amostra_04N_02_SET2025_ext	BBB_R_Amostra_05_01_SET2025	BBB_R_Amostra_05_01_SET2025_ext	BBB_R_Amostra_05_02_SET2025	BBB_R_Amostra_05_02_SET2025_ext	BBB_R_Amostra_07_01_SET2025	BBB_R_Amostra_07_01_SET2025_ext	BBB_R_Amostra_10_02_SET2025	BBB_R_Amostra_10_02_SET2025_ext	BBB_T_Amostra_03N_02_SET2025	BBB_T_Amostra_03N_02_SET2025_ext	BBB_T_Amostra_04N_01_SET2025	BBB_T_Amostra_04N_01_SET2025_ext	BBB_T_Amostra_04N_02_SET2025	BBB_T_Amostra_04N_02_SET2025_ext	BBB_T_Amostra_05_01_SET2025	BBB_T_Amostra_05_01_SET2025_ext	BBB_T_Amostra_05_02_PARA-DENTRO_SET2025	BBB_T_Amostra_05_02_SET2025	BBB_T_Amostra_05_02_SET2025_ext	BBB_T_Amostra_07_01_SET2025	BBB_T_Amostra_07_01_SET2025_ext	BBB_T_Amostra_10_02_SET2025	BBB_T_Amostra_10_02_SET2025_ext	BNA_010618	BPR_R_Amostra_01_02_SET2025	BPR_R_Amostra_01_02_SET2025_ext	BPR_R_Amostra_03_01_SET2025	BPR_R_Amostra_03_01_SET2025_ext	BPR_R_Amostra_08_02_SET2025	BPR_R_Amostra_08_02_SET2025_ext	BPR_T_Amostra_01_02_SET2025	BPR_T_Amostra_01_02_SET2025_ext	BPR_T_Amostra_03_01_SET2025	BPR_T_Amostra_03_01_SET2025_ext	BPR_T_Amostra_08_02_SET2025	BPR_T_Amostra_08_02_SET2025_ext	Leitura_R_Ar_1	Leitura_R_Ar_1_ext	Leitura_R_BlackCap_1	Leitura_R_Branco_1	Leitura_R_Branco_1_ext	Leitura_R_Branco_2	Leitura_R_Branco_2_ext	Leitura_T_Ar_1	Leitura_T_Ar_1_ext	Leitura_T_Branco_1	Leitura_T_Branco_1_ext	Leitura_T_Branco_1-1_ext	Leitura_T_Branco_2	Leitura_T_Branco_2_ext	Leitura_T_Branco_2-2_ext
220,00	7,915640	15,321894	7,702614	13,962811	7,635020	15,152450	5,383393	4,927854	5,957668	4,315982	6,278686	8,224192	6,367423	7,214966	0,633611	0,241070	0,558175	0,237891	0,504558	0,433071	0,123890	0,094103	0,313154	0,136093	0,180655	0,239097	0,318544	0,262613	0,280399	7,635020	7,320962	11,805827	7,518771	8,240508	7,191392	5,760716	0,925296	0,713685	0,526608	0,187766	0,517267	0,112301	99,759668	99,945039	4,749089	37,208307	36,451295	37,062332	36,407742	100,223386	99,985528	2,374397	2,622970	2,705257	2,400402	3,008434	3,104007
222,00	8,268786	15,581325	7,773776	14,146614	7,701034	15,272070	5,476295	4,888347	5,897050	4,343345	6,395727	8,346718	6,385580	7,429773	0,680811	0,252734	0,615647	0,241066	0,516739	0,444609	0,119430	0,106099	0,319037	0,155521	0,175704	0,269339	0,325363	0,303827	0,320355	7,701034	7,428795	11,791806	7,685533	8,307587	7,450587	5,971659	0,974035	0,764557	0,558185	0,198678	0,615008	0,118116	99,928755	100,062072	4,686209	36,893776	36,121804	36,992505	36,315021	100,005066	99,762815	2,365469	2,579511	2,696386	2,339338	3,023246	3,083787
224,00	8,497371	15,888505	8,057137	14,349043	7,941167	15,431401	5,526645	5,044727	6,023635	4,288278	6,504618	8,488512	6,477349	7,548518	0,739719	0,263659	0,641064	0,257039	0,563983	0,485571	0,133894	0,098152	0,315225	0,158616	0,176930	0,281832	0,368557	0,302272	0,350546	7,941167	7,432067	11,874060	7,850502	8,442365	7,671295	6,192468	1,031497	0,804458	0,631552	0,225657	0,666448	0,129419	100,071311	99,976546	4,687605	37,016842	36,256045	36,890110	36,188552	100,153196	99,931318	2,392454	2,634778	2,769410	2,401971	2,987495	3,152042
226,00	8,811104	16,353264	8,213338	14,589117	8,210156	15,686941	5,616809	5,090542	6,054467	4,339380	6,626666	8,710538	6,666156	7,606360	0,795474	0,290747	0,688869	0,271926	0,600415	0,496050	0,144802	0,119450	0,341972	0,166386	0,224006	0,294774	0,372532	0,319000	0,370637	8,210156	7,581638	11,984482	8,073186	8,679306	7,942506	6,425077	1,059104	0,853518	0,665247	0,230895	0,687994	0,127764	100,015414	99,678057	4,643406	37,047166	36,325577	36,961964	36,316812	100,037122	100,166893	2,421883	2,743166	2,855116	2,426632	3,136090	3,291207
228,00	9,050994	16,621114	8,538579	14,998445	8,472282	15,875635	5,591764	5,101875	6,144723	4,409473	6,853420	8,900504	6,824902	7,913079	0,819425	0,311164	0,743619	0,310047	0,624379	0,555914	0,147445	0,127561	0,309786	0,183604	0,246874	0,322131	0,407855	0,356369	0,424590	8,472282	7,636037	12,130220	8,179738	8,847743	8,156311	6,667089	1,108043	0,897322	0,696451	0,271021	0,712868	0,136213	99,885458	99,865556	4,583790	37,176093	36,423522	37,131524	36,278519	100,037122	100,023878	2,485772	2,776818	2,925945	2,515470	3,158588	3,354860
230,00	9,515075	17,002155	8,770990	15,112504	8,607908	16,249870	5,687651	5,228358	6,247606	4,416884	6,967436	9,124722	6,974736	8,203883	0,846847	0,339518	0,741372	0,331484	0,658996	0,601271	0,149110	0,138270	0,322327	0,171045	0,244270	0,317779	0,432954	0,366946	0,476323	8,607908	7,794564	12,273376	8,424559	9,085181	8,306423	6,923284	1,114705	0,949039	0,712970	0,289045	0,732639	0,171877	99,986994	100,111663	4,564805	37,454379	36,860901	37,441760	36,688590	99,998116	99,990636	2,554465	2,862761	2,973673	2,578668	3,314313	3,484086
232,00	9,978858	17,294246	9,016785	15,300584	8,935788	16,247559	5,715576	5,308282	6,364868	4,428671	7,084196	9,353170	7,144087	8,395194	0,859978	0,365385	0,757958	0,356091	0,680076	0,645762	0,164938	0,170870	0,327510	0,181510	0,287989	0,329122	0,484051	0,369498	0,499590	8,935788	7,947489	12,361800	8,550327	9,262572	8,576493	7,263038	1,159176	1,014330	0,714375	0,341614	0,752210	0,174817	100,165808	100,089419	4,565585	37,870112	36,939597	37,583518	36,938316	100,145161	99,788320	2,619015	2,953170	3,122490	2,634978	3,436399	3,571961
234,00	10,527547	17,572480	9,392676	15,662479	9,338632	16,477247	5,849225	5,452198	6,493880	4,447908	7,321519	9,660541	7,413960	8,582949	0,869839	0,425069	0,781393	0,384795	0,693937	0,694911	0,134385	0,201630	0,324785	0,173518	0,306027	0,330225	0,553419	0,372063	0,555081	9,338632	8,076705	12,486956	8,735555	9,498971	8,938385	7,538623	1,204423	1,112652	0,732805	0,367493	0,749525	0,217053	100,034916	100,037265	4,555858	38,080770	37,322250	38,078794	37,243354	99,952388	99,782509	2,734037	3,128761	3,239416	2,741600	3,588042	3,736984
236,00	11,009741	17,839952	9,659862	15,895614	9,517141	16,578649	5,929725	5,602040	6,689990	4,539567	7,667810	9,875198	7,721408	8,865096	0,905868	0,469923	0,808811	0,428424	0,695466	0,759960	0,137479	0,213496	0,333341	0,173417	0,359122	0,323605	0,584419	0,391381	0,602794	9,517141	8,202576	12,611692	8,954421	9,682520	9,274480	7,841053	1,219050	1,185465	0,743845	0,397785	0,733660	0,233009	100,075269	100,135434	4,530131	38,211191	37,418833	38,132167	37,521687	99,993587	99,524802	2,863248	3,221394	3,420197	2,915798	3,731775	3,920195
238,00	11,557403	18,117979	9,966076	16,063300	9,770515	16,779736	6,038708	5,635200	6,799857	4,538198	7,912858	10,120682	8,039770	9,072197	0,896942	0,507263	0,842047	0,460884	0,726100	0,847165	0,126744	0,232077	0,339536	0,164168	0,398075	0,322837	0,662495	0,368438	0,670359	9,770515	8,295324	12,668633	9,171417	9,876670	9,759452	8,131133	1,275681	1,264614	0,762447	0,453263	0,762843	0,245712	99,517840	99,967951	4,443926	38,487113	37,735248	38,406655	37,717637	99,889809	100,262451	2,975168	3,342162	3,551267	3,019061	3,899810	4,068305
240,00	11,921861	18,328065	10,085494	16,319519	9,939491	16,935261	6,142167	5,787630	6,970389	4,626763	8,143458	10,356015	8,268771	9,340198	0,944315	0,509009	0,880377	0,514135	0,755868	0,883676	0,121371	0,254821	0,374122	0,153296	0,420427	0,354078	0,690970	0,373584	0,719719	9,939491	8,411705	12,846957	9,327954	10,053663	10,055900	8,480074	1,329715	1,345580	0,778829	0,487293	0,791178	0,277232	99,963647	99,844825	4,507848	38,816741	38,100779	38,622218	38,117096	100,113392	99,812388	3,104899	3,563051	3,750918	3,196847	4,050693	4,260669
242,00	12,219847	18,736750	10,375350	16,485816	10,188341	17,189832	6,201692	5,892549	7,147326	4,679941	8,317889	10,557792	8,455212	9,538808	0,945595	0,596918	0,881602	0,560819	0,771465	0,976097	0,116201	0,264711	0,379010	0,151181	0,468652	0,369476	0,773602	0,371578	0,778379	10,188341	8,505467	12,947600	9,464821	10,239842	10,301388	8,690254	1,379765	1,437892	0,790374	0,546797	0,815043	0,312816	100,055861	100,149214	4,502570	39,030445	38,457471	38,907662	38,230732	100,254321	99,897003	3,268033	3,698652	3,907575	3,314643	4,212996	4,429843
244,00	12,454577	18,876019	10,462568	16,683856	10,252514	17,252082	6,181030	6,018875	7,042900	4,729273	8,472178	10,779013	8,489261	9,730558	0,965577	0,659995	0,910372	0,580578	0,795857	1,042299	0,122746	0,314245	0,392843	0,149287	0,501026	0,367590	0,835583	0,396686	0,834589	10,252514	8,510774	12,977806	9,525779	10,330676	10,476851	8,917342	1,452468	1,493099	0,789352	0,562586	0,850985	0,349895	100,005484	100,184166	4,477785	39,191017	38,672438	39,274293	38,620064	99,938548	100,168419	3,391337	3,818266	4,108121	3,481294	4,422280	4,692029
246,00	12,584943	19,148383	10,507694	16,847454	10,349134	17,502707	6,159913	6,109444	7,038131	4,756560	8,429644	10,975127	8,486431	9,988709	0,989546	0,695193	0,926170	0,647737	0,792555	1,130312	0,119258	0,344495	0,399136	0,152025	0,578634	0,359202	0,905070	0,379275	0,920227	10,349134	8,545323	13,075517	9,560023	10,536861	10,631312	9,164812	1,512128	1,608295	0,822802	0,635810	0,876242	0,375642	100,144994	99,920601	4,469247	39,679578	39,097446	39,755934	39,033404	99,894774	100,061858	3,564595	4,027020	4,329645	3,651740	4,601749	4,945963
248,00	12,627096	19,368090	10,531984	17,114376	10,327748	17,623235	6,062322	6,264915	6,960820	4,845653	8,335385	11,263175	8,439226	10,176954	1,008961	0,778237	0,974002	0,702755	0,831340	1,223666	0,109197	0,384335	0,405876	0,157161	0,624296	0,379136	0,990042	0,375210	0,995244	10,327748	8,521113	13,245647	9,512704	10,687919	10,579984	9,337079	1,604790	1,732459	0,852332	0,704151	0,912661	0,415527	100,037837	100,006104	4,447740	40,059292	39,352638	39,950341	39,468825	100,043750	100,137770	3,738576	4,261285	4,531131	3,822148	4,891138	5,220746
250,00	12,729043	19,744557	10,535416	17,331207	10,294779	17,838682	5,937789	6,397869	6,841443	4,898744	8,337639	11,545630	8,321981	10,444015	1,019019	0,849443	1,005021	0,771404	0,849453	1,314280	0,103627	0,416923	0,396006	0,147381	0,673942	0,377311	1,071620	0,377963	1,080106	10,294779	8,522283	13,374919	9,514830	10,826332	10,565874	9,625632	1,660587	1,836843	0,871385	0,744160	0,951633	0,471175	99,948227	99,992102	4,440047	40,386772	39,688915	40,340096	39,847678	99,884790	99,878424	4,010583	4,510558	4,811911	4,017569	5,153611	5,445756
252,00	12,706803	20,004858	10,597429	17,596683	10,353582	18,061306	5,895928	6,533158	6,763406	4,972640	8,257645	11,771004	8,258046	10,638034	1,048146	0,932428	1,060097	0,825786	0,888974	1,418600	0,110610	0,461415	0,436632	0,151586	0,735609	0,402042	1,164863	0,378184	1,192191	10,353582	8,567856	13,486382	9,532019	10,976980	10,577555	9,725883	1,760108	1,939685	0,882956	0,811567	1,009412	0,513069	99,921715	99,860609	4,414258	40,817440	40,105313	40,714225	40,272111	99,920201	99,947238	4,240486	4,783555	5,051669	4,270645	5,477050	5,787080
254,00	12,769631	20,253392	10,631068	17,803603	10,483438	18,278362	5,767087	6,633995	6,672071	5,044715	8,256587	12,007106	8,223527	10,884439	1,097376	1,005164	1,101594	0,919310	0,938017	1,545024	0,110111	0,506819	0,438289	0,165429	0,846727	0,423759	1,256700	0,400682	1,283803	10,483438	8,566748	13,659061	9,538258	11,131413	10,477567	9,992677	1,871997	2,067439	0,934049	0,915451	1,045344	0,590719	99,956775	99,573207	4,409983	41,516590	40,718138	41,397175	40,751389	100,017321	100,032604	4,504405	5,068403	5,437305	4,543769	5,807391	6,144986
256,00	12,861665	20,716004	10,676891	18,114682	10,517998	18,601009	5,718828	6,813799	6,580698	5,133564	8,170345	12,302202	8,155558	11,176881	1,159474	1,128662	1,139993	1,030102	0,977382	1,688266	0,116357	0,566859	0,460983	0,172142	0,915798	0,444501	1,390170	0,402022	1,416607	10,517998	8,634936	13,859233	9,532884	11,366408	10,463578	10,259760	2,010287	2,213721	0,968937	0,993930	1,088774	0,648523	100,049829	100,005639	4,371661	42,224970	41,516477	42,111576	41,397819	99,790466	100,205612	4,833613	5,453081	5,786355	4,890263	6,134011	6,548481
258,00	12,967268	21,151708	10,775196	18,441126	10,581891	18,952739	5,659077	7,012506	6,536314	5,261257	8,161017	12,631324	8,157884	11,551449	1,217134	1,236029	1,228207	1,104322	1,041116	1,788056	0,124322	0,640610	0,472440	0,179722	1,028888	0,470916	1,538569	0,432487	1,572303	10,581891	8,618767	14,009842	9,534912	11,570849	10,441802	10,516330	2,152921	2,349688	1,014906	1,091200	1,129129	0,726980	100,164485	99,966413	4,313228	42,913958	42,056066	42,967904	42,227173	100,142229	100,010002	5,234355	5,870259	6,193851	5,274539	6,566723	7,014474
260,00	13,103652	21,568090	10,862240	18,805911	10,680559	19,255476	5,662719	7,198747	6,551906	5,370793	8,198234	12,999667	8,181255	11,834162	1,289838	1,362543	1,299908	1,206201	1,101458	1,973109	0,133607	0,719979	0,494170	0,190394	1,121920	0,491137	1,693616	0,449375	1,699682	10,680559	8,691575	14,279786	9,546793	11,818229	10,438622	10,808140	2,289043	2,552818	1,050339	1,218333	1,179301	0,812755	99,918175	100,110435	4,317234	43,671852	43,013036	43,577781	43,105182	100,071275	100,052822	5,618491	6,278428	6,676694	5,653740	7,059662	7,486880
262,00	13,142802	22,056662	10,938799	19,177173	10,745669	19,550441	5,653025	7,386336	6,476952	5,499966	8,241373	13,343607	8,181494	12,115466	1,390753	1,498943	1,393839	1,324323	1,183459	2,143905	0,143325	0,815061	0,520718	0,193774	1,255105	0,530048	1,836814	0,476026	1,882374	10,745669	8,777757	14,493077	9,593441	12,012996	10,424766	11,103545	2,481571	2,723110	1,100576	1,321329	1,243081	0,924584	100,287843	100,100374	4,311377	44,677207	43,879372	44,629821	44,076651	99,810869	99,849463	6,098776	6,725159	7,192297	6,087722	7,593419	7,997109
264,00	13,320664	22,492738	11,030945	19,503368	10,911605	19,899131	5,629012	7,567361	6,487777	5,559466	8,258749	13,679574	8,162949	12,468214	1,442135	1,675284	1,482829	1,446078	1,263822	2,319629	0,143859	0,892785	0,559855	0,215304	1,387426	0,560997	2,045938	0,502976	2,074742	10,911605	8,834932	14,682750	9,628968	12,257060	10,451254	11,393250	2,649931	2,915418	1,155509	1,450217	1,306450	1,020670	100,002515	99,719447	4,231684	45,642507	44,735014	45,544118	44,904521	99,992263	100,007522	6,590571	7,337917	7,756133	6,594199	8,163884	8,613990
266,00	13,471285	22,954871	11,188553	19,899908	11,048581	20,365414	5,573891	7,817146	6,526052	5,728178	8,344802	14,049467	8,223116	12,833884	1,557272	1,838400	1,624175	1,574573	1,382419	2,500622	0,168288	0,986717	0,610308	0,225557	1,530966	0,618390	2,256074	0,535251	2,260088	11,048581	8,968563	14,955766	9,735893	12,501651	10,489743	11,779135	2,848062	3,127787	1,216314	1,603053	1,381362	1,134584	100,154901	100,051451	4,242091	46,899825	45,544511	46,702492	45,973527	100,110769	99,797034	7,182382	7,947758	8,347314	7,153711	8,841040	9,274677
268,00	13,641387	23,508894	11,378184	20,270233	11,166460	20,739694	5,600901	8,096956	6,529111	5,905257	8,378152	14,550349	8,287918	13,225335	1,705088	2,049300	1,741609	1,718797	1,500851	2,699612	0,175986	1,121444	0,635868	0,252417	1,696716	0,652494	2,455779	0,601308	2,494272	11,166460	9,092548	15,232611	9,825578	12,719941	10,518537	12,069765	3,097182	3,344458	1,302529	1,778107	1,480948	1,272036	99,923605	99,963033	4,207009	47,830686	46,600923	47,740543	47,049552	99,925965	99,852568	7,746326	8,614971	9,031480	7,801426	9,533802	9,948084
270,00	13,874929	24,042185	11,574221	20,767687	11,357982	21,276838	5,612323	8,243841	6,570834	6,039436	8,546221	14,934437	8,352092	13,722928	1,836782	2,250379	1,913234	1,862586	1,628423	2,902502	0,184152	1,245159	0,699182	0,263209	1,883158	0,687237	2,720597	0,654687	2,720854	11,357982	9,148104	15,507948	9,928145	13,037981	10,652061	12,365849	3,337737	3,572461	1,384267	1,954638	1,580593	1,411794	99,948031	100,011063	4,197584	48,962390	47,697282	48,973113	48,298731	99,986565	99,850959	8,471177	9,326155	9,755513	8,460245	10,235288	10,737048
272,00	14,097951	24,643993	11,809105	21,207978	11,610319	21,621096	5,702684	8,563013	6,669065	6,261658	8,652438	15,456533	8,472690	14,055462	2,040301	2,456680	2,093079	2,013933	1,765120	3,177451	0,201567	1,402272	0,763848	0,288517	2,095647	0,778029	2,970613	0,719447	2,986302	11,610319	9,240959	15,858656	10,061333	13,349006	10,758898	12,732297	3,627417	3,821583	1,496994	2,143630	1,706632	1,575385	99,957716	99,858749	4,163470	50,254762	48,893195	50,230253	49,576533	100,150573	100,149369	9,187853	10,147364	10,547700	9,187590	11,083809	11,601598
274,00	14,322652	25,226304	11,956958	21,657020	11,804777	22,146775	5,703406	8,853894	6,745557	6,451155	8,773897	15,835677	8,636484	14,493583	2,223649	2,713767	2,285410	2,203817	1,951786	3,413374	0,230127	1,561373	0,822460	0,333355	2,307046	0,853875	3,275074	0,790197	3,275814	11,804777	9,429517	16,196230	10,221016	13,697733	10,861240	13,174050	3,874069	4,049433	1,623445	2,338646	1,863377	1,762698	99,958158	99,959099	4,125522	51,670825	50,181079	51,537704	50,743848	100,173056	100,001383	9,991160	10,944776	11,389101	9,988299	11,948520	12,425401
276,00	14,681135	25,794923	12,292286	22,114713	12,030752	22,478676	5,781778	9,147726	6,796550	6,687219	8,900163	16,341834	8,794923	14,941821	2,443252	2,968355	2,499134	2,373956	2,136568	3,686953	0,248979	1,705997	0,899047	0,365780	2,532203	0,960556	3,550936	0,877222	3,572737	12,030752	9,565929	16,432801	10,401830	13,955383	11,045452	13,597278	4,239404	4,320567	1,769364	2,531195	2,034911	1,926817	99,954569	99,931359	4,121008	52,919167	51,305127	52,800083	52,001733	100,176084	99,934477	10,834990	11,850736	12,278982	10,796521	12,905049	13,342091
278,00	14,964378	26,437098	12,434772	22,697280	12,319025	23,061362	5,873504	9,475127	6,912840	6,850114	9,173508	16,904396	8,991867	15,407182	2,709810	3,193093	2,725866	2,565140	2,332985	3,908455	0,270121	1,929768	0,995936	0,402414	2,802381	1,056774	3,891289	0,996194	3,888571	12,319025	9,753747	16,774867	10,558010	14,247665	11,251751	13,927813	4,563990	4,560127	1,919650	2,788941	2,195587	2,142657	99,773645	100,278163	4,115190	54,311407	52,673131	54,052538	53,518915	100,099778	100,082505	11,742815	12,759282	13,252494	11,717855	13,817786	14,304982
280,00	15,290233	27,051622	12,758382	23,064514	12,583625	23,442289	5,950721	9,804065	7,067293	7,079386	9,400220	17,359293	9,199431	15,827295	2,941724	3,531958	2,990989	2,743595	2,593837	4,192550	0,312452	2,121197	1,077089	0,449865	3,050523	1,171685	4,272442	1,098486	4,247905	12,583625	9,868050	17,077078	10,747183	14,574254	11,453737	14,294401	4,930687	4,836022	2,082588	3,032833	2,379280	2,329845	100,054240	99,974877	4,085664	55,700213	53,755355	55,424565	54,752684	100,122070	100,015187	12,582298	13,777728	14,193547	12,491660	14,785032	15,285544
282,00	15,706682	27,509090	13,080581	23,443829	12,857220	23,902966	6,107334	10,142503	7,244664	7,353573	9,660121	17,905778	9,411232	16,290291	3,253703	3,814836	3,264144	2,952496	2,828059	4,470658	0,354415	2,344288	1,176678	0,507724	3,337370	1,304033	4,575040	1,250693	4,567562	12,857220	10,087978	17,313673	10,991406	14,895146	11,712765	14,762808	5,293996	5,139855	2,263309	3,303631	2,647385	2,585998	99,883008	100,096238	4,094734	56,940037	54,814965	56,802642	55,964613	99,801552	99,885195	13,559133	14,752184	15,149985	13,518630	15,810174	16,259052
284,00	16,135246	28,125575	13,332500	23,851304	13,191606	24,405389	6,270762	10,501395	7,468457	7,576732	10,007605	18,425833	9,751522	16,757411	3,601198	4,111828	3,597619	3,160433	3,129965	4,780039	0,411141	2,598638	1,345456	0,578523	3,669212	1,482983	4,976184	1,432242	4,968229	13,191606	10,275082	17,620832	11,194066	15,165032	12,047327	15,133606	5,747713	5,383467	2,479840	3,579247	2,925345	2,798288	99,713624	100,092041	4,086407	58,163416	56,007123	58,020180	57,258767	100,130403	99,904269	14,566246	15,707020	16,206382	14,494655	16,794592	17,312790
286,00	16,659507	28,562406	13,772264	24,299994	13,653930	24,720560	6,517676	10,931659	7,837054	7,850925	10,459837	18,918540	10,203914	17,215428	4,020061	4,438548	3,953651	3,365777	3,486320	5,047933	0,478077	2,798065	1,506466	0,676611	3,966030	1,676473	5,374717	1,635421	5,301464	13,653930	10,482738	17,941120	11,591157	15,494590	12,538657	15,542831	6,106410	5,693712	2,724401	3,816112	3,242730	3,087892	100,096095	99,946958	4,076404	59,569770	57,056051	59,583008	58,477384	99,995893	100,026798	15,475641	16,730471	17,170355	15,435155	17,825279	18,370958
288,00	17,146054	29,149586	14,248149	24,693151	14,039259	25,129086	6,782838	11,268819	8,211936	8,170084	10,978398	19,434375	10,671892	17,649005	4,440648	4,770065	4,281695	3,587800	3,841123	5,327224	0,576077	3,079514	1,744683	0,786886	4,258004	1,920161	5,774973	1,885970	5,707328	14,039259	10,758057	18,158710	11,933257	15,750107	13,005114	15,942256	6,531444	5,951570	2,982858	4,129110	3,609490	3,361546	100,043643	99,930173	4,046411	60,809618	58,153164	60,718960	59,628028	100,130713	99,951762	16,484398	17,723528	18,149845	16,358107	18,829069	19,358848
290,00	17,801419	29,653603	14,687310	25,137055	14,423986	25,513741	7,178060	11,642239	8,652122	8,484435	11,554748	19,978188	11,204676	18,181254	4,907184	5,100471	4,668371	3,802392	4,191533	5,629319	0,666477	3,356701	1,963546	0,927291	4,587087	2,205461	6,125401	2,146853	6,052002	14,423986	10,930536	18,546295	12,277458	16,048795	13,605423	16,449894	6,923935	6,228881	3,308577	4,420265	4,047657	3,605333	100,207245	100,092363	4,086759	62,192619	59,117007	61,835533	60,716689	100,006998	99,935228	17,323928	18,723626	19,158335	17,316562	19,767685	20,313159
292,00	18,445478	30,288208	15,156732	25,493968	14,881775	25,836593	7,586804	12,033746	9,215526	8,830216	12,188008	20,356780	11,839099	18,650757	5,479148	5,432856	5,116209	4,018981	4,605423	5,922681	0,789427	3,663919	2,272756	1,094422	4,939273	2,508821	6,481592	2,467104	6,444267	14,881775	11,245881	18,665522	12,598948	16,345564	14,223504	16,976118	7,386193	6,476838	3,635511	4,696272	4,445196	3,893887	100,105238	100,043356	4,052778	63,192844	60,347277	62,874019	61,909217	100,185394	99,746823	18,339768	19,597879	20,088820	18,159653	20,685764	21,239562
294,00	19,083811	30,679181	15,614307	25,742328	15,352452	26,258329	8,076774	12,424016	9,829770	9,131365	13,009629	20,861362	12,593269	19,123268	5,998165	5,735128	5,570706	4,265402	5,019813	6,197615	0,949721	3,936476	2,590366	1,311783	5,270804	2,860361	6,902900	2,828305	6,834514	15,352452	11,487625	18,963420	13,010529	16,627736	14,858465	17,377715	7,800993	6,775673	3,977320	4,967214	4,902945	4,211622	100,065184	100,076318	4,042416	64,179975	61,072391	63,876659	62,853205	99,850202	100,270081	19,228341	20,572142	21,021610	19,077961	21,619944	22,202721
296,00	19,881803	31,182700	15,997902	26,107913	15,860601	26,594529	8,678727	12,797910	10,546862	9,458022	13,808286	21,306580	13,315797	19,560510	6,535392	6,095045	5,991039	4,472691	5,484258	6,485406	1,106532	4,183917	2,955824	1,519071	5,614170	3,211403	7,299386	3,230953	7,206548	15,860601	11,757323	19,176838	13,470346	16,946466	15,633467	17,865910	8,193639	7,070218	4,326053	5,293005	5,291938	4,487081	99,888551	100,011551	4,017128	65,269911	62,045205	64,850801	63,763911	99,846530	100,049102	20,042537	21,487510	21,833323	19,945981	22,551021	23,108625
298,00	20,425689	31,541330	16,469651	26,483408	16,282837	26,848090	9,195315	13,205086	11,181933	9,742550	14,514920	21,783827	13,957311	19,969104	7,043760	6,368976	6,370783	4,695426	5,855767	6,798340	1,279501	4,502514	3,312436	1,732373	5,930745	3,554798	7,676441	3,582565	7,534966	16,282837	11,988173	19,424459	13,748714	17,173345	16,207686	18,264157	8,573727	7,349855	4,586140	5,537968	5,726060	4,814446	99,927485	99,896461	4,004626	66,047972	62,813222	65,797365	64,647001	100,061321	99,989456	20,950527	22,319919	22,745332	20,750791	23,331521	23,909698
300,00	20,945935	31,899971	16,910523	26,772961	16,565472	27,161986	9,714233	13,585718	11,832719	10,023043	15,167613	22,192943	14,556882	20,380244	7,541108	6,713010	6,807698	4,938585	6,269936	7,121070	1,442038	4,791809	3,649468	1,945789	6,314935	3,873722	8,034846	3,916344	7,914511	16,565472	12,228522	19,562089	14,024062	17,359704	16,725297	18,622628	8,980867	7,636046	4,807303	5,849048	6,071154	5,119073	99,967557	99,730760	4,045814	66,915208	63,482779	66,718584	65,265900	99,743444	99,892539	21,619117	23,064271	23,522061	21,509530	24,070950	24,674401
302,00	21,421736	32,450107	17,250775	27,087823	16,904420	27,559894	10,083296	13,992232	12,360274	10,485394	15,696409	22,637136	14,980899	20,806481	7,948263	7,040284	7,109808	5,163424	6,615576	7,439838	1,610286	5,068240	3,949664	2,151552	6,573746	4,194747	8,405606	4,190927	8,290185	16,904420	12,388299	19,838533	14,252026	17,700352	17,156807	19,046558	9,275416	7,948156	5,051075	6,089012	6,341925	5,412349	99,920458	99,840093	4,022231	67,778045	64,428365	67,326128	66,063190	100,120103	99,747348	22,443220	23,824602	24,248654	22,242950	24,888012	25,389704
304,00	21,712841	32,624570	17,442681	27,379698	17,148332	27,776867	10,394880	14,378509	12,695692	10,792524	16,149472	23,098773	15,421668	21,287584	8,371751	7,419253	7,453123	5,452895	6,878982	7,744759	1,753553	5,327407	4,218435	2,318503	6,908826	4,422927	8,726069	4,460005	8,611161	17,148332	12,466778	20,022357	14,461854	17,978251	17,436418	19,354467	9,595799	8,172164	5,206294	6,325969	6,531758	5,705036	99,935335	100,031722	3,989384	68,210268	65,154970	68,045539	66,991973	100,149667	99,910295	23,091438	24,581833	24,991235	22,953327	25,578392	26,108676
306,00	22,015931	33,092579	17,731744	27,561918	17,411709	28,066954	10,685232	14,710529	13,104947	11,006846	16,507089	23,456487	15,701468	21,588326	8,659384	7,722789	7,697560	5,688716	7,178996	8,083402	1,891921	5,630714	4,434732	2,496555	7,244016	4,690014	9,104170	4,698644	8,946287	17,411709	12,667811	20,187546	14,652053	18,114324	17,742953	19,732557	9,958959	8,491243	5,303343	6,662756	6,768206	6,009013	100,115895	99,734735	4,038853	69,003224	65,708101	68,849212	67,521673	100,132596	99,923098	23,767085	25,199351	25,634277	23,489572	26,229197	26,763731
308,00	22,326413	33,413643	17,915612	27,952972	17,661831	28,221264	10,886039	15,150556	13,326660	11,379464	16,831188	23,872218	15,918835	21,994565	8,968959	8,121984	8,023854	5,931646	7,380898	8,397137	1,990275	5,896975	4,659295	2,629681	7,567080	4,901147	9,388424	4,894949	9,294376	17,661831	12,773143	20,348567	14,730750	18,360749	17,881238	20,095697	10,180005	8,783109	5,434053	6,861305	6,893613	6,331882	100,066566	99,840701	4,034934	69,646072	66,327977	69,048810	67,981428	100,337708	100,115144	24,387446	25,858802	26,208985	24,144404	26,843047	27,243760
310,00	22,527328	33,804747	18,109946	28,156012	17,788133	28,539735	11,023328	15,486866	13,425612	11,702026	16,987787	24,262059	16,090146	22,295719	9,233079	8,388004	8,217664	6,231465	7,614296	8,730481	2,087162	6,185010	4,753884	2,736925	7,936361	5,062501	9,740549	5,050526	9,536161	17,788133	12,887718	20,425853	14,839973	18,690489	17,982066	20,535284	10,366065	9,118604	5,502157	7,179688	6,948864	6,655281	99,953306	99,995112	3,998744	69,921613	66,961324	69,668424	68,682218	99,924499	100,109529	24,881996	26,352495	26,834273	24,606365	27,325505	27,887532
312,00	22,610053	34,188226	18,221444	28,339440	17,947987	28,642267	11,036038	15,887886	13,479245	11,960470	17,170653	24,636394	16,186228	22,617052	9,461507	8,716531	8,390488	6,550612	7,760217	9,029572	2,179061	6,454834	4,894585	2,866931	8,187199	5,167863	10,041251	5,165588	9,873379	17,947987	12,994289	20,757279	14,814471	18,789464	18,091124	20,863169	10,560672	9,337232	5,529809	7,389103	6,982437	6,953927	100,035715	99,998260	4,009756	70,409644	67,518526	70,000929	68,905139	100,060701	100,181448	25,361547	26,815921	27,350959	25,078437	27,891761	28,479654
314,00	22,886705	34,337762	18,350953	28,585383	18,196639	28,833991	11,103086	16,134171	13,587487	12,258038	17,300515	24,747349	16,318834	22,980432	9,661582	8,977145	8,553347	6,749064	7,949117	9,377125	2,247249	6,690004	4,986466	2,944640	8,465273	5,301832	10,302305	5,266648	10,140949	18,196639	13,061570	20,825841	14,922136	19,018546	18,072850	21,142033	10,794912	9,610031	5,502219	7,661308	6,990632	7,212555	100,281632	99,971151	3,989545	70,850444	67,784983	70,576459	69,325686	99,930817	100,104308	25,764108	27,238086	27,810755	25,459710	28,252900	28,746974
316,00	22,880356	34,696874	18,446167	28,745252	18,277299	29,048806	11,106887	16,550444	13,622901	12,607931	17,301820	25,226793	16,227172	23,224492	9,804151	9,291822	8,780749	7,048286	8,113959	9,665032	2,314813	6,951808	5,102620	3,038215	8,777963	5,391125	10,565045	5,384598	10,390635	18,277299	13,113144	20,956473	14,965604	19,140722	18,053380	21,506634	10,944360	9,821045	5,490243	7,844568	6,972639	7,509468	100,087190	100,020564	3,993132	71,151382	68,283796	70,790350	69,619578	100,296438	99,733388	26,225683	27,636546	28,133988	25,977066	28,543055	29,068324
318,00	22,960845	34,811172	18,513215	28,978983	18,361185	29,235619	11,025704	16,861580	13,506471	12,931931	17,308615	25,448695	16,247793	23,518558	9,925083	9,630881	8,891802	7,326532	8,193462	9,970917	2,361128	7,235011	5,131746	3,060273	9,123885	5,517553	10,840231	5,408721	10,675243	18,361185	13,221261	21,048160	14,954798	19,421810	18,009216	21,756896	11,122274	10,171843	5,495733	8,086207	6,923859	7,834046	100,242579	99,817830	3,999881	71,541274	68,183059	70,867509	69,814855	99,992108	99,957675	26,613995	28,136063	28,512886	26,175556	28,914386	29,504898
320,00	22,906977	35,099015	18,619594	29,318607	18,386598	29,407054	10,931162	17,255959	13,325791	13,210182	17,157277	25,873703	16,137834	23,878472	10,050197	9,934392	8,999059	7,639795	8,400174	10,321197	2,395375	7,480143	5,166865	3,075271	9,396253	5,547703	11,141445	5,462586	10,950770	18,386598	13,284253	21,300623	14,811419	19,657618	17,871805	22,200893	11,275285	10,378315	5,441343	8,327673	6,888217	8,148150	100,017345	100,270081	3,960911	71,442741	68,814695	71,173048	70,146292	100,242412	100,026226	26,856551	28,381091	28,805062	26,622140	29,286453	29,880783
322,00	22,948645	35,284528	18,646763	29,413292	18,440954	29,553771	10,832121	17,651251	13,246870	13,549900	17,048524	26,114726	15,950997	24,105112	10,116993	10,213258	9,102563	7,908638	8,411847	10,612751	2,414528	7,719452	5,156013	3,138078	9,648590	5,558435	11,474532	5,501120	11,240287	18,440954	13,295792	21,375126	14,801760	19,798084	17,725915	22,492121	11,473718	10,649306	5,401218	8,571226	6,806013	8,480337	99,941683	100,024080	3,941408	71,593738	69,209802	71,160543	70,165515	99,969286	100,218415	27,136877	28,651199	29,121599	26,865613	29,639530	30,060306
324,00	22,956301	35,569981	18,643105	29,505521	18,594080	29,639569	10,670757	18,008409	13,000070	13,936645	16,843495	26,558456	15,774581	24,439831	10,174550	10,586204	9,283827	8,213200	8,585997	10,958693	2,441252	8,067142	5,181197	3,154241	10,007558	5,589443	11,657624	5,511127	11,548815	18,594080	13,371317	21,613888	14,777637	20,088083	17,529467	22,793558	11,622246	10,964682	5,331859	8,817711	6,739935	8,788042	100,067937	99,918520	3,902710	71,919787	69,405180	71,363676	70,394599	100,208008	100,089812	27,375123	28,889409	29,417562	27,180079	29,854798	30,402699
326,00	22,874099	35,822654	18,577176	29,682124	18,480617	29,926148	10,441537	18,384296	12,795578	14,260355	16,680166	26,804361	15,558779	24,696116	10,232507	10,816532	9,305704	8,495478	8,633006	11,274676	2,429900	8,349213	5,175427	3,164558	10,308207	5,635932	11,955500	5,529688	11,785921	18,480617	13,371086	21,732605	14,733168	20,290716	17,457302	23,013523	11,728604	11,247846	5,367555	9,107056	6,731154	9,116805	100,057960	100,268459	3,927866	71,699435	69,587553	71,314645	70,503426	99,869514	99,952626	27,714029	29,112169	29,682720	27,418488	30,021870	30,602145
328,00	22,768801	35,939157	18,578698	29,880872	18,423122	29,947314	10,391256	18,845329	12,665336	14,581591	16,534682	27,084252	15,570682	25,014722	10,265835	11,121020	9,435344	8,775319	8,734365	11,558212	2,473300	8,562727	5,164575	3,176723	10,582148	5,697609	12,179641	5,575172	12,054890	18,423122	13,406533	21,867412	14,695750	20,465460	17,300490	23,399235	11,815342	11,406554	5,359862	9,337707	6,727901	9,420254	99,942708	100,079203	3,893773	71,922201	69,878477	71,394801	70,658106	99,957842	99,983132	27,920565	29,341993	29,940188	27,654502	30,271032	30,760524
330,00	22,635910	36,159775	18,645743	30,025199	18,520123	29,972184	10,155962	19,181806	12,440398	14,989321	16,311803	27,482197	15,309350	25,295302	10,316746	11,428991	9,491602	9,005334	8,750448	11,822704	2,489849	8,839579	5,152636	3,179885	10,884093	5,697891	12,432531	5,576535	12,296233	18,520123	13,437641	21,879600	14,626060	20,571856	17,179146	23,721161	11,935422	11,696533	5,399001	9,476762	6,693958	9,720407	99,986887	99,919200	3,870553	71,907967	70,083398	71,462893	70,646650	100,060880	100,280082	28,040487	29,586962	30,108887	27,884063	30,488104	31,013402
332,00	22,501078	36,279488	18,594399	30,087224	18,522462	30,087993	10,049033	19,490558	12,278516	15,280998	16,177271	27,657270	15,146530	25,459746	10,390000	11,724002	9,543654	9,268185	8,785549	12,112321	2,504298	9,088832	5,129900	3,216763	11,143353	5,725171	12,739679	5,557765	12,533124	18,522462	13,430884	21,962969	14,537767	20,737071	17,055979	23,943974	12,027660	11,862786	5,427628	9,723068	6,711977	9,972908	99,914825	99,935323	3,870023	72,049081	69,842929	71,448684	70,654619	99,997878	100,085866	28,249457	29,745531	30,357167	27,974206	30,617160	31,244510
334,00	22,465761	36,391935	18,639717	30,236709	18,498912	30,214944	9,899339	19,875245	12,126844	15,660898	16,024283	27,915403	15,033646	25,736102	10,417690	11,936987	9,591073	9,544352	8,853084	12,392330	2,527630	9,350695	5,095930	3,196612	11,422160	5,703054	12,908532	5,603014	12,722719	18,498912	13,490066	22,064538	14,612783	20,890483	16,999465	24,249110	12,116548	12,106135	5,442366	9,899948	6,772050	10,325529	100,136328	99,948478	3,862378	71,983820	69,995803	71,561021	70,722079	99,890161	99,932426	28,396133	29,912168	30,423200	28,170469	30,762711	31,284860
336,00	22,365154	36,591566	18,585442	30,384868	18,540049	30,337289	9,762695	20,251586	11,967703	15,984404	15,964438	28,126156	14,893606	25,958961	10,504165	12,175623	9,645323	9,766728	8,958808	12,600659	2,559015	9,573717	5,099665	3,234630	11,655750	5,775462	13,073491	5,616705	12,919080	18,540049	13,485458	22,048315	14,568494	21,070381	16,961178	24,503213	12,222039	12,245846	5,532968	10,087616	6,875001	10,555857	100,045502	99,822462	3,873929	71,962112	70,043206	71,501005	70,559645	100,048923	99,911547	28,563380	29,994628	30,519906	28,313830	30,931386	31,480363
338,00	22,329292	36,792070	18,629946	30,578819	18,526608	30,486080	9,695546	20,742399	11,833802	16,438782	15,794890	28,557423	14,797872	26,272172	10,557331	12,480161	9,771460	10,035127	9,024822	12,878650	2,580678	9,873325	5,104073	3,248134	11,956360	5,777960	13,423404	5,662750	13,199519	18,526608	13,509005	22,332639	14,659539	21,317221	16,995892	24,884802	12,319171	12,501082	5,662534	10,337067	7,010961	10,882357	100,076008	100,162280	3,808958	71,941775	70,141566	71,569300	70,758271	99,937737	100,311065	28,659919	30,163193	30,860722	28,446397	31,071052	31,737557
340,00	22,372657	36,993277	18,658200	30,640981	18,585712	30,517194	9,622554	21,126860	11,734633	16,808440	15,775162	28,758430	14,719713	26,546964	10,597590	12,689002	9,837423	10,237730	9,106433	13,072614	2,608390	10,128894	5,129578	3,298393	12,230797	5,864848	13,590646	5,703893	13,406929	18,585712	13,560346	22,323494	14,695066	21,527258	17,125386	25,144047	12,473936	12,668842	5,836257	10,518724	7,219212	11,090543	100,026333	100,111818	3,830608	71,812975	70,239699	71,451813	70,716178	100,023878	99,973834	28,822321	30,203435	30,819958	28,527984	31,160715	31,790286
342,00	22,393355	36,975271	18,709585	30,727550	18,591498	30,553645	9,569569	21,521863	11,711312	17,201409	15,691087	28,972957	14,749397	26,707715	10,654384	12,899816	9,930431	10,469827	9,199251	13,322681	2,676066	10,378042	5,177021	3,343122	12,544791	5,949929	13,838294	5,789946	13,645764	18,591498	13,590215	22,360504	14,842750	21,575762	17,265449	25,408438	12,562087	12,817556	6,091246	10,704570	7,576736	11,463150	99,854094	99,779135	3,828994	71,762449	70,045614	71,218199	70,516723	99,998319	100,044119	28,912359	30,393818	31,021181	28,594959	31,308898	31,922650
344,00	22,493698	37,126076	18,784532	30,796236	18,727328	30,670109	9,631935	21,904200	11,719365	17,605816	15,839913	29,329160	14,790717	27,041337	10,816531	13,135625	10,072294	10,636415	9,317823	13,448806	2,717954	10,623170	5,202983	3,414782	12,763515	6,040687	13,992169	5,899246	13,813385	18,727328	13,727020	22,514212	15,080105	21,723728	17,555493	25,680956	12,707560	12,936798	6,440758	10,817508	7,975301	11,680464	99,910718	99,971598	3,816653	71,737117	70,136881	71,239382	70,556253	100,119996	100,064087	29,039478	30,455530	31,049624	28,758499	31,347945	31,937617
346,00	22,536400	37,287483	18,852147	30,923080	18,815796	30,761555	9,727658	22,363545	11,801457	18,019834	15,884715	29,541430	14,865871	27,364364	10,953558	13,399771	10,171896	10,920128	9,448819	13,651678	2,799499	10,926973	5,286433	3,494072	13,035931	6,172347	14,275427	6,036898	14,021170	18,815796	13,789934	22,574672	15,273987	21,969910	17,920303	26,007879	12,890741	13,160753	6,824070	11,083610	8,493450	12,060641	100,057065	99,903649	3,771932	71,737486	70,159149	71,075487	70,532572	100,121021	100,045741	29,148728	30,699244	31,217051	28,877562	31,579423	32,112166
348,00	22,676177	37,342080	19,031504	31,040397	18,955702	30,812213	9,749599	22,758918	11,855516	18,433546	15,970242	29,812437	15,011865	27,526054	11,079348	13,584295	10,327721	11,035414	9,588168	13,904932	2,881310	11,183940	5,369984	3,574688	13,299339	6,310965	14,481445	6,147690	14,275457	18,955702	13,883725	22,684255	15,540874	22,045153	18,368882	26,283941	13,014972	13,328372	7,241802	11,244250	9,025715	12,282608	99,950254	99,906790	3,793712	71,457368	70,041502	71,126193	70,464915	100,009882	100,066888	29,276079	30,693817	31,381145	28,979552	31,577361	32,205310
350,00	22,819211	37,542900	19,177242	31,245965	19,084276	30,981931	9,860861	23,245330	11,971278	18,893376	16,110659	30,139482	15,104260	27,817902	11,231579	13,810070	10,452299	11,281502	9,698676	14,083852	2,958074	11,440143	5,460320	3,651356	13,578559	6,403932	14,683382	6,279760	14,509629	19,084276	13,949999	22,756711	15,754186	22,254738	18,821982	26,507321	13,108133	13,425399	7,622781	11,431488	9,517262	12,570454	99,978906	99,929810	3,788412	71,554655	70,089185	71,058100	70,398951	100,021422	100,046527	29,294112	30,811036	31,434560	29,058549	31,666908	32,296261
352,00	22,970413	37,707996	19,340557	31,266618	19,170476	31,075060	9,896412	23,653521	11,971774	19,333997	16,206260	30,366430	15,235104	28,087965	11,382931	13,972856	10,544625	11,444881	9,795783	14,254086	3,043262	11,731122	5,508830	3,756117	13,828270	6,537738	14,917776	6,411211	14,716776	19,170476	14,048280	22,840127	15,994917	22,418374	19,117513	26,830193	13,258211	13,573109	8,001640	11,612068	9,993064	12,790328	99,937052	100,065911	3,776520	71,517724	70,030522	71,067137	70,325142	100,109327	99,837363	29,382256	30,868000	31,529790	29,098925	31,713217	32,328606
354,00	22,955890	37,841469	19,291863	31,353813	19,204885	31,066841	9,900908	24,112350	12,039439	19,747590	16,196801	30,620477	15,221800	28,320795	11,422399	14,235462	10,653433	11,637926	9,907902	14,456995	3,088036	11,992998	5,585663	3,817280	14,119799	6,633847	15,118311	6,541168	14,925371	19,204885	14,069079	22,948764	16,137056	22,524716	19,359110	27,075750	13,383050	13,747516	8,272400	11,805069	10,347591	13,125296	100,070894	100,009656	3,758466	71,358991	70,089549	70,860094	70,171362	100,053179	100,081837	29,423678	30,989099	31,598529	29,203171	31,900570	32,486203
356,00	22,928594	37,889019	19,376592	31,491366	19,237909	31,161726	9,870616	24,520290	12,019628	20,133720	16,215235	30,845952	15,256441	28,644702	11,542086	14,370705	10,811197	11,827192	9,984634	14,565438	3,145068	12,198575	5,629575	3,864164	14,358239	6,736610	15,342990	6,644984	15,134399	19,237909	14,101200	23,001951	16,272193	22,636995	19,477488	27,358797	13,481382	13,885568	8,531150	11,969469	10,630842	13,355352	99,905324	99,917978	3,782687	71,267581	69,951940	70,757377	70,139956	100,026369	100,183213	29,574388	31,039193	31,714770	29,284656	31,931156	32,558259
358,00	22,896403	37,972033	19,428723	31,637669	19,340257	31,334206	9,828646	24,966013	11,931224	20,583634	16,127275	31,152728	15,209970	28,879634	11,581694	14,551644	10,841153	11,957943	10,056695	14,757125	3,197870	12,446660	5,674903	3,912422	14,605604	6,777627	15,488578	6,703167	15,322565	19,340257	14,147212	23,190981	16,340874	22,861271	19,576624	27,638644	13,583592	13,990881	8,676176	12,139134	10,820685	13,625741	99,931180	99,979347	3,766758	71,294671	69,866699	70,655876	70,122743	99,985498	100,012589	29,559016	31,086969	31,741017	29,318702	32,004392	32,584140
360,00	22,878717	38,076836	19,449383	31,744125	19,326286	31,302375	9,799082	25,375965	11,848827	20,952122	16,054638	31,449172	15,211651	29,083297	11,674289	14,774242	10,950433	12,133494	10,148943	14,893541	3,237591	12,658131	5,691176	3,948014	14,855891	6,839132	15,745445	6,802832	15,498318	19,326286	14,215972	23,234624	16,417499	22,980534	19,527258	27,928284	13,643122	14,116888	8,808675	12,296587	10,950749	13,880965	100,076103	99,979645	3,750012	71,104050	69,775665	70,679927	70,015925	100,106394	99,973786	29,670250	31,165299	31,816649	29,422349	31,998253	32,732788
362,00	22,812913	38,278276	19,448991	31,836221	19,377509	31,466132	9,704863	25,817657	11,779113	21,382524	16,028491	31,696674	15,103368	29,307979	11,699620	14,926064	11,012602	12,350676	10,213917	15,072028	3,255705	12,946725	5,691954	3,977273	15,110712	6,900726	15,921676	6,898269	15,692408	19,377509	14,264101	23,322958	16,459630	23,211806	19,519100	28,193632	13,734844	14,236632	8,952056	12,487132	11,068084	14,123943	100,112975	99,986005	3,764920	71,214694	69,717044	70,681226	69,927996	100,147557	99,923956	29,737541	31,236625	31,925175	29,496577	32,106674	32,806838
364,00	22,727707	38,374344	19,458340	31,953982	19,364393	31,558794	9,609076	26,195908	11,646285	21,796933	15,887545	31,961849	15,032557	29,587591	11,726999	15,127441	11,066288	12,458383	10,274924	15,223268	3,311316	13,156891	5,708999	3,987540	15,348837	6,927728	16,119315	6,956794	15,866020	19,364393	14,261162	23,457439	16,449682	23,332846	19,459993	28,456464	13,872653	14,363472	9,016554	12,662888	11,141572	14,399748	100,148702	100,065303	3,727412	70,894170	69,712484	70,510346	69,827044	100,064218	100,008762	29,888648	31,306341	31,904516	29,586327	32,197917	32,856205
366,00	22,635564	38,457024	19,441834	32,125694	19,382948	31,718579	9,505460	26,695719	11,533909	22,227471	15,771312	32,217178	14,944668	29,851380	11,748886	15,299518	11,183796	12,670133	10,346954	15,382186	3,319183	13,471225	5,706281	4,009729	15,605438	6,986348	16,334227	7,005343	16,093701	19,382948	14,311206	23,539184	16,452573	23,443747	19,342981	28,695899	13,917150	14,484859	9,103546	12,830244	11,149427	14,650099	100,031149	100,056756	3,735337	70,944786	69,549960	70,512944	69,769704	100,153208	100,067878	29,886672	31,412724	32,079312	29,677051	32,289878	32,971910
368,00	22,437455	38,574380	19,458568	32,292339	19,395903	31,787378	9,343522	27,001551	11,369155	22,559425	15,624402	32,439378	14,808394	30,072221	11,766874	15,471534	11,227131	12,832952	10,395720	15,482013	3,342149	13,640483	5,689807	4,040822	15,805037	6,976483	16,523868	7,030173	16,272742	19,395903	14,351408	23,679434	16,448621	23,682879	19,214101	28,977510	14,033775	14,587757	9,174380	12,973763	11,187456	14,854230	99,964213	99,968064	3,711408	70,791644	69,465506	70,354033	69,650245	100,114036	99,881637	29,971731	31,396493	32,164174	29,690391	32,358283	32,943267
370,00	22,396782	38,693908	19,453929	32,453972	19,425890	31,927049	9,205617	27,441320	11,198545	23,017384	15,451676	32,715309	14,634186	30,346343	11,782774	15,632758	11,226369	12,968156	10,413280	15,705867	3,350596	13,897738	5,648930	4,027117	16,071619	6,985243	16,696978	7,035325	16,478240	19,425890	14,369321	23,812251	16,497213	23,878679	19,094890	29,187077	14,088930	14,729939	9,238241	13,121212	11,238994	15,099271	99,989593	100,093186	3,702391	70,744425	69,350100	70,257598	69,520205	99,949294	100,027680	29,975465	31,420305	32,227883	29,783416	32,388288	33,067885
372,00	22,221376	38,802415	19,471437	32,572049	19,319792	32,087716	9,073391	27,824965	10,962622	23,362771	15,305842	32,985315	14,478761	30,588683	11,791880	15,815884	11,326838	13,176171	10,477217	15,849607	3,346001	14,115334	5,633741	4,020629	16,278103	7,021268	16,940844	7,070524	16,673857	19,319792	14,362074	23,902048	16,473205	24,012639	18,994994	29,479060	14,179941	14,897411	9,306205	13,321076	11,265846	15,290493	100,160754	99,985445	3,694746	70,590430	69,308263	70,298696	69,339180	99,985349	99,954140	30,026659	31,552920	32,240799	29,845071	32,439822	33,042470
374,00	22,045712	39,052230	19,304614	32,674849	19,348145	32,177413	8,867624	28,273261	10,735189	23,869485	14,946587	33,389217	14,190151	30,832210	11,744756	16,072959	11,378755	13,392884	10,534618	16,059713	3,343125	14,379753	5,515143	3,985598	16,635393	6,962559	17,164108	7,104389	16,896933	19,348145	14,531393	24,095333	16,424263	24,215049	18,704414	29,741526	14,293155	15,005474	9,357610	13,493511	11,278377	15,600964	99,979609	99,895799	3,746340	70,440966	69,056094	70,006937	69,242263	100,096118	100,075614	30,144241	31,658739	32,346845	29,863286	32,551038	33,189568
376,00	21,809810	39,227760	19,250713	32,813305	19,275565	32,231060	8,728849	28,673249	10,602514	24,292248	14,707719	33,744767	14,002433	31,102628	11,768883	16,241117	11,421385	13,542958	10,586265	16,213350	3,362798	14,589892	5,471829	3,992595	16,808245	6,946326	17,388107	7,096733	17,080764	19,275565	14,557177	24,266639	16,383594	24,406959	18,583876	30,048776	14,386523	15,112302	9,444790	13,646778	11,313540	15,831529	100,054836	99,930185	3,729872	70,304281	69,047660	69,865793	69,038659	100,133348	99,911016	30,231279	31,732675	32,399529	29,958487	32,578433	33,233774
378,00	21,719593	39,418525	19,263545	33,084559	19,298023	32,440346	8,558187	29,177502	10,414796	24,713054	14,519350	34,104881	13,794185	31,393862	11,727066	16,443771	11,477371	13,757338	10,605635	16,386145	3,362602	14,796361	5,430748	3,966993	17,060475	6,928487	17,605859	7,110510	17,252532	19,298023	14,638589	24,425399	16,432138	24,582902	18,401963	30,351585	14,467779	15,255566	9,515329	13,826475	11,347231	16,058892	99,998522	100,020170	3,729054	70,315814	69,007856	69,780886	69,099838	100,014579	100,111794	30,206823	31,778547	32,498521	30,001435	32,660148	33,386245
380,00	21,582352	39,628017	19,244562	33,200291	19,283330	32,669312	8,448294	29,545027	10,255312	25,072172	14,385059	34,333092	13,687326	31,732091	11,729141	16,629478	11,514086	13,904254	10,665896	16,550468	3,343883	15,046990	5,389766	3,965575	17,290850	6,941267	17,760411	7,139610	17,471132	19,283330	14,674672	24,581791	16,410469	24,790786	18,291052	30,640998	14,552017	15,389344	9,582219	13,988142	11,372814	16,262093	100,038075	99,994540	3,714464	70,159346	68,860888	69,648468	69,068289	99,950528	99,968612	30,270782	31,821007	32,551837	30,026406	32,666531	33,384177
382,00	21,481322	39,767325	19,256625	33,360097	19,272643	32,750738	8,331418	29,901376	10,139510	25,480059	14,251141	34,621248	13,583653	31,961608	11,743379	16,793400	11,589880	14,098357	10,700271	16,685352	3,379687	15,270732	5,366128	3,975084	17,497690	6,959409	17,942441	7,197420	17,663306	19,272643	14,722194	24,750346	16,448277	24,954805	18,174486	30,902198	14,684901	15,508302	9,664924	14,148682	11,433020	16,478789	100,011289	99,950099	3,700950	70,141631	68,795860	69,642431	68,928999	100,049317	100,033963	30,385777	31,846482	32,556543	30,084595	32,778320	33,451405
384,00	21,439786	39,965865	19,291328	33,598274	19,300383	32,936725	8,282187	30,352387	10,028963	25,869557	14,178242	34,923717	13,548103	32,243928	11,776666	16,981754	11,655163	14,261302	10,777483	16,885306	3,396734	15,488046	5,370897	3,974875	17,781082	6,995083	18,168606	7,197014	17,864481	19,300383	14,825517	24,909379	16,503462	25,236467	18,078920	31,191182	14,751364	15,641530	9,771728	14,342295	11,481218	16,714650	100,017941	100,066376	3,706174	70,032763	68,699300	69,523573	68,760717	99,995446	99,928838	30,398121	31,953719	32,691610	30,125839	32,859832	33,566612
386,00	21,355583	40,169209	19,327326	33,795971	19,370361	33,066794	8,271274	30,760685	9,991053	26,263478	14,146173	35,291374	13,505888	32,474670	11,802926	17,158531	11,729731	14,436483	10,842314	17,045034	3,436865	15,692939	5,353465	4,025457	17,982297	7,034945	18,419871	7,279313	18,062529	19,370361	14,924513	25,042650	16,524865	25,431752	18,073095	31,498587	14,860481	15,783198	9,860220	14,509396	11,545244	16,899282	99,949318	99,910575	3,704667	70,013773	68,596578	69,504339	68,805623	99,948210	99,984258	30,460343	32,059374	32,746747	30,188170	32,831919	33,573332
388,00	21,340682	40,278995	19,405220	33,937958	19,448809	33,257020	8,203216	31,140143	9,954759	26,667139	14,131767	35,605446	13,475819	32,784176	11,857580	17,363349	11,819530	14,629802	10,915011	17,199358	3,483170	15,961438	5,387262	4,036359	18,206002	7,096539	18,609208	7,332017	18,260616	19,448809	15,006584	25,192767	16,622314	25,645688	18,069696	31,733805	15,004165	15,959753	9,990131	14,691752	11,639792	17,159253	99,942052	100,026643	3,693232	69,892913	68,562597	69,396627	68,716794	100,004637	100,073934	30,556071	32,128841	32,880160	30,305433	33,014184	33,725333
390,00	21,301319	40,512839	19,481531	34,111559	19,505735	33,399555	8,212110	31,516960	9,926337	27,054381	14,116369	35,854438	13,502067	33,024529	11,887035	17,500076	11,908594	14,795116	11,017308	17,355846	3,510527	16,174527	5,384279	4,081400	18,437308	7,147556	18,834643	7,400768	18,481961	19,505735	15,086532	25,371352	16,728312	25,867206	18,080242	31,989029	15,123484	16,058794	10,080960	14,848043	11,728467	17,374554	100,080323	99,930298	3,701492	69,921774	68,438077	69,448096	68,576121	100,089920	100,092530	30,616188	32,137722	32,890069	30,331659	32,998449	33,752698
392,00	21,313021	40,695453	19,555968	34,336993	19,563124	33,555996	8,165511	31,910670	9,861240	27,401212	14,119594	36,154711	13,510208	33,295822	11,901137	17,667298	11,979432	14,972657	11,088237	17,499599	3,552953	16,360550	5,398120	4,113126	18,664889	7,200170	18,981557	7,456963	18,645850	19,563124	15,198809	25,564981	16,795760	26,068842	18,069978	32,243070	15,219085	16,194677	10,182060	15,011379	11,776636	17,553845	100,081706	100,011456	3,700499	69,870967	68,339533	69,282687	68,522191	99,932939	100,035143	30,643392	32,213867	32,947701	30,410987	33,074301	33,801606
394,00	21,284918	40,921536	19,571558	34,506407	19,635685	33,747754	8,148768	32,305282	9,825960	27,806461	14,111856	36,456284	13,512175	33,632618	11,954585	17,835759	12,068226	15,146333	11,148296	17,674243	3,580678	16,584930	5,396880	4,125604	18,887778	7,263033	19,210766	7,521019	18,844341	19,635685	15,265976	25,730625	16,877422	26,305267	18,037938	32,488179	15,320250	16,355193	10,287403	15,177399	11,846187	17,776532	100,056660	99,991506	3,684663	69,718933	68,308485	69,227099	68,387449	100,027180	100,010359	30,689684	32,277977	33,014539	30,462050	33,159369	33,881968
396,00	21,202835	41,049898	19,591326	34,753841	19,644503	33,912075	8,086222	32,645386	9,775823	28,132823	14,079675	36,752328	13,463068	33,868849	11,995203	17,996842	12,134597	15,326437	11,212305	17,815329	3,615079	16,774341	5,402706	4,165078	19,072047	7,319684	19,402340	7,575507	19,059570	19,644503	15,381496	25,871193	16,938509	26,495379	18,040043	32,806790	15,457255	16,508247	10,389852	15,336931	11,923344	17,962722	100,002003	100,023103	3,696905	69,658875	68,247628	69,121516	68,351930	99,975699	99,987030	30,810940	32,329282	33,075923	30,547351	33,202612	33,922961
398,00	21,112880	41,279897	19,633120	34,907463	19,624364	34,155384	8,016005	33,044770	9,687556	28,537664	14,028119	37,071812	13,417925	34,177303	11,997648	18,138604	12,191443	15,508808	11,255704	17,972070	3,626272	17,008370	5,364385	4,159832	19,313040	7,334971	19,633967	7,604554	19,259454	19,624364	15,444864	26,086521	17,008503	26,739523	17,971867	33,067134	15,565452	16,625839	10,477813	15,557085	11,961609	18,191744	100,043321	100,069809	3,682868	69,536293	68,248826	68,984365	68,256849	99,997824	100,069809	30,873248	32,451886	33,144969	30,588865	33,271858	34,015834
400,00	21,061726	41,443270	19,609824	35,137913	19,671309	34,291214	7,940021	33,445975	9,545691	28,893477	13,951440	37,354434	13,355193	34,420791	11,988465	18,309979	12,247191	15,675353	11,310122	18,155354	3,634844	17,204605	5,348777	4,160471	19,531661	7,336958	19,816077	7,631160	19,443350	19,671309	15,546270	26,224819	17,083775	26,965359	17,913657	33,352435	15,653689	16,775887	10,558905	15,699896	12,014638	18,369925	100,015080	100,019348	3,692530	69,432336	68,130440	68,987775	68,220681	99,963295	99,895555	30,918783	32,469022	33,232462	30,655956	33,329865	34,034088
402,00	20,910029	41,599292	19,598377	35,289618	19,649614	34,472412	7,812086	33,830780	9,410920	29,228768	13,800086	37,616503	13,235629	34,722543	11,941532	18,505932	12,272505	15,836327	11,314002	18,294990	3,615887	17,408270	5,284630	4,132249	19,780996	7,329822	20,055462	7,619497	19,642679	19,649614	15,639015	26,420498	17,106096	27,178839	17,809196	33,633980	15,756960	16,921698	10,605258	15,869041	12,032989	18,571995	99,985957	99,970782	3,685487	69,435751	68,032610	68,949854	68,069619	99,944478	100,086391	30,979535	32,545617	33,280575	30,664608	33,394203	34,105027
404,00	20,718306	41,850066	19,521470	35,522380	19,592281	34,651801	7,646037	34,167498	9,192219	29,589593	13,588165	37,921280	13,051304	34,999400	11,888383	18,620270	12,295617	15,984297	11,319426	18,425164	3,602346	17,587435	5,215340	4,104023	19,974095	7,309294	20,208268	7,598218	19,795029	19,592281	15,695399	26,584896	17,104378	27,406985	17,670995	33,864057	15,853922	17,047319	10,665860	16,030760	12,033194	18,731600	99,927408	99,935514	3,676136	69,272834	67,869264	68,830144	68,017697	99,984896	100,012195	31,080306	32,575399	33,308557	30,750448	33,459803	34,200141
406,00	20,464875	42,059994	19,400200	35,767061	19,499357	34,852234	7,480060	34,555730	8,987378	29,939610	13,374780	38,242158	12,842959	35,278797	11,814156	18,801980	12,292878	16,154242	11,310229	18,603554	3,572166	17,753533	5,133707	4,050454	20,146161	7,245882	20,399718	7,560099	20,013821	19,499357	15,759099	26,780584	17,069829	27,671111	17,504929	34,122163	15,971071	17,145738	10,721328	16,181269	12,015811	18,897890	99,940592	99,984777	3,663927	69,181794	67,839885	68,667555	67,971146	100,070965	99,951363	31,091157	32,628274	33,360854	30,822444	33,494148	34,244853
408,00	20,170824	42,258313	19,276774	35,985032	19,415945	35,035390	7,286640	34,927315	8,760149	30,302104	13,113917	38,549218	12,589952	35,607660	11,692639	18,969899	12,263232	16,354452	11,256628	18,777958	3,516261	17,977226	5,017990	3,990266	20,370270	7,158203	20,620671	7,493042	20,219113	19,415945	15,794116	26,949233	17,064741	27,929789	17,304905	34,444368	16,049966	17,316252	10,724331	16,364393	11,975815	19,137591	99,950999	99,961710	3,669466	69,143540	67,770404	68,583375	67,939860	99,929810	100,084221	31,146577	32,740203	33,454028	30,824986	33,591235	34,315431
410,00	19,936311	42,531145	19,183359	36,163074	19,295700	35,213616	7,106890	35,241699	8,535880	30,658466	12,860706	38,827503	12,384807	35,907441	11,600436	19,156216	12,273190	16,478820	11,248901	18,932664	3,482775	18,141674	4,931805	3,946389	20,548239	7,111929	20,827428	7,430863	20,394269	19,295700	15,872911	27,142116	17,098847	28,171784	17,132437	34,665355	16,146542	17,429571	10,760635	16,530146	11,952849	19,321133	100,051081	99,967265	3,659340	69,137836	67,713469	68,576944	67,790109	100,010562	99,963933	31,171408	32,725689	33,455205	30,925485	33,598834	34,344047
412,00	19,697401	42,783108	19,109531	36,388770	19,219793	35,452038	6,937908	35,666537	8,330559	30,923080	12,640022	39,153993	12,124829	36,189097	11,534681	19,277789	12,240106	16,658859	11,235504	19,062883	3,453488	18,341216	4,838432	3,885042	20,741948	7,037449	21,024247	7,375963	20,610863	19,219793	15,945724	27,344954	17,089635	28,461090	16,909127	34,914401	16,261557	17,587397	10,805965	16,731800	11,921330	19,514924	100,005209	99,986529	3,661020	69,038397	67,665040	68,467349	67,674494	100,017655	100,059533	31,205678	32,793429	33,542901	30,977491	33,683562	34,450167
414,00	19,483605	42,982528	19,040483	36,642656	19,159658	35,668296	6,789538	36,007059	8,154421	31,316873	12,431678	39,494246	11,959119	36,530650	11,464372	19,442265	12,277677	16,831473	11,217205	19,233838	3,430824	18,569465	4,798929	3,858338	20,988333	7,002573	21,260384	7,347337	20,822436	19,159658	16,039108	27,534667	17,134103	28,721574	16,804606	35,237008	16,340227	17,721400	10,878440	16,932842	11,930528	19,750962	99,962699	99,959010	3,658385	68,939966	67,543429	68,420064	67,581481	100,056219	100,047219	31,266794	32,851788	33,607709	30,997235	33,752701	34,482232
416,00	19,395985	43,287423	19,051366	36,967424	19,173385	35,904512	6,698614	36,425227	8,046330	31,690612	12,314230	39,849082	11,831696	36,866865	11,431642	19,640076	12,293352	17,040646	11,251982	19,406284	3,435685	18,738279	4,757662	3,846112	21,178162	7,000321	21,455851	7,348993	21,024007	19,173385	16,155531	27,804768	17,168969	29,046512	16,703025	35,553160	16,466272	17,889692	10,947669	17,111081	11,944309	19,940168	100,035191	100,103617	3,660899	68,860364	67,494804	68,298751	67,602652	100,016856	100,020230	31,321311	32,929963	33,669665	31,047374	33,802879	34,524989
418,00	19,363232	43,585971	19,094363	37,266219	19,217016	36,174506	6,665920	36,811614	7,973465	32,069311	12,241497	40,219966	11,793725	37,250796	11,461160	19,795206	12,407225	17,228943	11,328536	19,562246	3,474774	18,959306	4,763303	3,863281	21,371070	7,079724	21,649712	7,388497	21,257018	19,217016	16,279082	28,019303	17,313431	29,352593	16,692457	35,890725	16,577885	18,049586	11,094877	17,271616	12,020227	20,112744	99,961466	100,081336	3,672973	68,722463	67,424619	68,271208	67,513365	100,142848	100,027680	31,410065	32,956505	33,712688	31,137040	33,851868	34,640762
420,00	19,391811	43,823823	19,215479	37,509832	19,345045	36,419955	6,623321	37,238997	7,945489	32,473323	12,244198	40,542769	11,795122	37,597889	11,507705	19,968143	12,455449	17,418294	11,402919	19,712113	3,524161	19,161583	4,766136	3,903234	21,604088	7,129409	21,832830	7,445814	21,461385	19,345045	16,455503	28,281519	17,437160	29,653716	16,723886	36,212653	16,698246	18,200029	11,198120	17,481115	12,089207	20,315523	100,031686	100,002015	3,671051	68,758893	67,351151	68,236220	67,431933	100,047016	99,956620	31,418580	32,987094	33,766234	31,155938	33,894157	34,663191
422,00	19,423190	44,149533	19,293174	37,822762	19,465595	36,641574	6,617848	37,640151	7,924128	32,901359	12,249433	40,891612	11,783619	38,010037	11,589690	20,158577	12,585725	17,583269	11,522711	19,895460	3,580054	19,375585	4,805451	3,956720	21,798043	7,204324	22,071820	7,508829	21,635714	19,465595	16,616543	28,453693	17,558089	30,052742	16,752721	36,555064	16,851789	18,359934	11,343412	17,676233	12,154105	20,533501	99,964434	100,011945	3,646069	68,634093	67,255419	68,096280	67,320943	100,068307	99,978250	31,518590	33,066067	33,804634	31,214678	33,945283	34,689164
424,00	19,500241	44,443998	19,475204	38,096151	19,615282	36,893243	6,620111	38,067809	7,902076	33,347952	12,255946	41,289410	11,833043	38,403279	11,639384	20,348606	12,676342	17,803961	11,603417	20,080933	3,639881	19,638802	4,826496	4,013160	22,046772	7,267853	22,324924	7,588168	21,896881	19,615282	16,791387	28,714448	17,773725	30,354753	16,805328	36,900914	17,002158	18,508221	11,454640	17,908278	12,269029	20,769788	100,018990	100,038970	3,655250	68,581641	67,145038	68,028730	67,210001	100,062084	99,976832	31,556770	33,084115	33,829007	31,247580	34,010524	34,722576
426,00	19,542849	44,775689	19,602454	38,434687	19,739302	37,156719	6,579420	38,532603	7,865249	33,807486	12,244166	41,662616	11,820033	38,783792	11,703827	20,529418	12,804930	17,984138	11,707463	20,262526	3,685502	19,847783	4,850172	4,058314	22,255854	7,326053	22,535472	7,646516	22,150075	19,739302	16,969343	28,947777	17,942382	30,749154	16,823691	37,211019	17,130479	18,680860	11,592430	18,128513	12,331490	20,973916	99,992841	100,028050	3,643764	68,498528	67,113215	67,956662	67,216271	100,014639	100,024986	31,592569	33,146942	33,920613	31,320441	34,040874	34,834030
428,00	19,533128	45,060563	19,684324	38,751599	19,849037	37,456599	6,536387	38,921428	7,801410	34,212810	12,180636	42,082059	11,773948	39,215827	11,723988	20,720305	12,878750	18,188144	11,804922	20,424405	3,737138	20,042731	4,847246	4,080596	22,487129	7,338602	22,743233	7,690879	22,389454	19,849037	17,101702	29,226226	18,027531	31,074288	16,834022	37,569281	17,230125	18,830508	11,688969	18,337002	12,396674	21,207163	99,962449	100,038385	3,640277	68,414879	67,067796	67,889094	67,089635	99,996829	99,953300	31,636614	33,170846	33,937749	31,356731	34,041041	34,872714
430,00	19,462208	45,440030	19,745246	39,068863	19,945636	37,756175	6,466412	39,345786	7,735576	34,677231	12,095328	42,444846	11,680546	39,608151	11,729977	20,949179	12,955803	18,431419	11,876295	20,636515	3,763662	20,323084	4,838602	4,108342	22,745782	7,504357	22,995031	7,701766	22,642426	19,945636	17,319995	29,455790	18,169437	31,465182	16,778080	37,897140	17,384517	19,003113	11,801371	18,565230	12,424100	21,439180	99,992806	100,027680	3,633324	68,317908	66,939807	67,829710	67,124212	99,994385	100,041199	31,680307	33,275527	34,042558	31,397104	34,142223	34,915954
432,00	19,386296	45,791492	19,794124	39,441767	20,001818	38,020948	6,384122	39,808613	7,625976	35,147777	11,973269	42,851138	11,559898	40,013087	11,729624	21,129151	13,007401	18,626678	11,922306	20,833676	3,787478	20,543678	4,823081	4,104575	22,970386	7,594687	23,229553	7,698309	22,873892	20,001818	17,459279	29,775807	18,273777	31,869763	16,708224	38,305175	17,533670	19,177204	11,887006	18,780035	12,439350	21,617340	100,030065	100,096893	3,625941	68,261701	66,884565	67,685783	66,999280	100,039840	99,971092	31,736946	33,289048	34,065437	31,445694	34,176606	34,992355
434,00	19,329947	46,105531	19,851646	39,779857	20,076899	38,329673	6,298074	40,241191	7,531258	35,589543	11,845396	43,239290	11,446577	40,447122	11,691949	21,323682	13,066089	18,856877	11,964588	21,026181	3,804490	20,762320	4,802816	4,119651	23,201331	7,587425	23,491487	7,678535	23,148005	20,076899	17,658156	30,025524	18,375137	32,283124	16,613448	38,601980	17,643750	19,351885	11,991666	19,034342	12,438086	21,869148	99,962747	100,047779	3,622962	68,222880	66,761726	67,675066	66,910398	99,929619	99,989122	31,770331	33,357888	34,074566	31,466687	34,236142	35,048199
436,00	19,322115	46,513307	19,941907	40,134066	20,160806	38,624272	6,271549	40,666714	7,472608	36,030969	11,777359	43,627912	11,365568	40,920043	11,737182	21,555147	13,158672	19,089967	12,047656	21,227333	3,852614	21,000139	4,819793	4,150601	23,439878	7,593169	23,683165	7,701589	23,387550	20,160806	17,814119	30,317003	18,505286	32,659063	16,557883	39,021802	17,793649	19,500464	12,074217	19,247909	12,459877	22,070390	99,985713	100,015557	3,614532	68,128455	66,677058	67,659849	66,806906	99,994117	99,952513	31,838295	33,380851	34,154820	31,505498	34,261048	35,066736
438,00	19,424172	46,792138	20,085530	40,484834	20,360018	38,952005	6,291954	41,134599	7,489304	36,492649	11,805189	44,032571	11,403196	41,331255	11,809618	21,768408	13,320555	19,312066	12,168583	21,429434	3,927439	21,260335	4,881312	4,229646	23,712297	7,680359	23,959839	7,779913	23,663880	20,360018	18,054368	30,595842	18,723229	33,075133	16,597334	39,359701	17,965658	19,702423	12,209873	19,520575	12,542686	22,344416	100,070250	99,971145	3,611985	68,159789	66,642481	67,567599	66,711581	100,109327	100,043797	31,891683	33,443707	34,235927	31,585467	34,324989	35,184520
440,00	19,687682	47,196901	20,445424	40,866861	20,669998	39,257184	6,389966	41,580278	7,614186	36,986586	11,973821	44,442359	11,574216	41,804114	11,995783	22,004208	13,497978	19,550987	12,348583	21,646923	4,058709	21,504585	5,011453	4,356681	23,954560	7,827161	24,191830	7,926022	23,912613	20,669998	18,306240	30,884218	18,985768	33,490190	16,714126	39,777219	18,122786	19,876485	12,400768	19,732685	12,673469	22,560363	100,060248	99,969012	3,609113	67,995101	66,583288	67,525512	66,693950	99,990332	99,953735	31,951535	33,490354	34,282601	31,633288	34,390059	35,197684
442,00	20,164448	47,574320	20,845781	41,238993	21,119978	39,570943	6,574115	42,023942	7,816540	37,496755	12,277725	44,873983	11,913422	42,220265	12,270368	22,208214	13,767698	19,781032	12,643680	21,835786	4,247474	21,787062	5,192139	4,556681	24,211673	8,071670	24,441591	8,175974	24,127930	21,119978	18,617147	31,161770	19,312885	33,920452	17,046119	40,165326	18,311714	20,075525	12,613997	19,968194	12,900823	22,795287	99,972415	100,000525	3,602956	67,949975	66,473460	67,426038	66,600823	99,960738	99,986571	31,981063	33,523819	34,312049	31,677347	34,436139	35,247612
444,00	20,884873	47,981775	21,498913	41,603062	21,729015	39,878404	6,892947	42,519501	8,162782	38,008568	12,771225	45,248640	12,432998	42,637688	12,684985	22,435293	14,120728	20,011964	13,017540	22,041497	4,506857	22,060144	5,466403	4,825734	24,459246	8,422123	24,668819	8,524988	24,389778	21,729015	18,987890	31,454167	19,763201	34,323606	17,525977	40,502912	18,533875	20,238242	12,901253	20,226841	13,173960	23,002009	99,955344	99,966341	3,594271	67,807299	66,369760	67,263162	66,542143	100,051320	99,983972	32,049286	33,603284	34,402603	31,749788	34,480971	35,317123
446,00	21,789722	48,314369	22,259955	41,991025	22,526109	40,225974	7,340058	43,006507	8,673467	38,609001	13,471392	45,630178	13,145632	43,117446	13,184975	22,655673	14,543720	20,241278	13,494071	22,242075	4,841362	22,356668	5,816695	5,176025	24,746078	8,895306	24,913296	8,977056	24,660416	22,526109	19,401604	31,777570	20,361739	34,715703	18,217626	40,944576	18,747474	20,416373	13,230251	20,433570	13,547799	23,245503	99,935097	99,968863	3,583325	67,724395	66,345537	67,254376	66,443324	100,043535	100,040269	32,104346	33,649036	34,411293	31,774646	34,554291	35,353494
448,00	22,838072	48,627931	23,147097	42,364663	23,405491	40,533921	7,873330	43,547526	9,244269	39,148811	14,319092	46,004808	14,025752	43,502972	13,763477	22,848724	15,018724	20,456029	13,990343	22,443044	5,213276	22,615235	6,230955	5,566978	24,970689	9,415618	25,118220	9,468956	24,867573	23,405491	19,907454	32,073671	20,981303	35,166922	19,023541	41,348827	18,960147	20,573737	13,613689	20,674787	14,005232	23,449883	100,004399	99,968076	3,587868	67,746854	66,255546	67,234284	66,358322	100,009918	99,907732	32,116273	33,687818	34,460053	31,836909	34,582052	35,368407
450,00	23,881921	49,042553	24,034406	42,748278	24,305457	40,878913	8,432256	44,035771	9,909333	39,690804	15,202169	46,416873	14,943729	43,895242	14,356010	23,101291	15,482081	20,696619	14,500879	22,680433	5,600357	22,925287	6,639481	5,969268	25,295615	9,967515	25,358215	9,986553	25,152168	24,305457	20,389548	32,349086	21,640201	35,597679	19,910082	41,770709	19,208401	20,785677	14,000081	20,952198	14,486025	23,696983	100,057840	100,079906	3,569895	67,599314	66,204625	67,159480	66,332495	100,004077	100,082099	32,185188	33,778790	34,556457	31,861332	34,669027	35,499969
452,00	24,919610	49,325475	24,908794	43,130025	25,116304	41,208112	9,012979	44,517282	10,541840	40,246728	16,079825	46,761695	15,847600	44,272187	14,907157	23,295827	15,932029	20,926470	14,993680	22,847670	5,991188	23,176306	7,053315	6,379151	25,552687	10,503373	25,592670	10,483867	25,375664	25,116304	20,893234	32,641327	22,289020	35,984820	20,823041	42,100975	19,444875	20,957600	14,392263	21,161936	14,936839	23,887490	100,120831	99,962622	3,569341	67,620057	66,073209	67,139494	66,260314	100,107026	100,013995	32,223043	33,824521	34,608850	31,926161	34,720615	35,519436
454,00	25,835940	49,646389	25,671563	43,488011	25,903350	41,497970	9,556987	44,980037	11,135416	40,738055	16,882437	47,092402	16,681081	44,667587	15,407988	23,480360	16,343391	21,171324	15,435322	23,048335	6,345201	23,431554	7,420242	6,738105	25,785351	10,993035	25,774863	10,922699	25,615218	25,903350	21,373163	32,918826	22,957395	36,389732	21,654421	42,533934	19,672599	21,108913	14,779159	21,387950	15,368979	24,089709	100,063956	99,963462	3,577971	67,537427	66,028541	67,014623	66,197467	100,112605	100,018752	32,271999	33,848208	34,642151	31,973389	34,748337	35,540155
456,00	26,609966	49,986881	26,337418	43,843272	26,510340	41,810638	9,997442	45,386773	11,650905	41,165388	17,568995	47,439313	17,332862	45,023659	15,799277	23,673739	16,669486	21,377729	15,799503	23,237665	6,642198	23,694840	7,728580	7,065779	26,017249	11,401196	25,995409	11,297540	25,792810	26,510340	21,773334	33,171514	23,455033	36,768201	22,382857	42,859668	19,855946	21,272746	15,118495	21,608743	15,749989	24,329954	99,978548	99,969310	3,567294	67,380941	65,977430	66,934311	66,123712	99,965167	99,978799	32,290211	33,898970	34,698027	32,008380	34,788176	35,612246
458,00	27,232412	50,348485	26,917529	44,205666	27,106121	42,115527	10,406800	45,847294	12,086211	41,664571	18,119253	47,753084	17,927988	45,358789	16,161914	23,891778	16,959785	21,590798	16,133642	23,467082	6,897780	23,936149	7,981164	7,324947	26,262611	11,736745	26,207668	11,627111	26,032168	27,106121	22,153805	33,483115	23,960634	37,165433	23,004888	43,234515	20,059170	21,488424	15,400244	21,838254	16,064881	24,538614	100,011396	100,002253	3,555004	67,403388	65,913230	66,856676	66,032720	100,083506	100,023484	32,357356	33,956128	34,777495	32,078698	34,852642	35,653532
460,00	27,791026	50,664133	27,366629	44,516370	27,554628	42,419755	10,731515	46,172056	12,433752	42,061174	18,580371	48,056561	18,388328	45,689142	16,404866	24,099948	17,226119	21,796599	16,399552	23,627706	7,114122	24,168140	8,192716	7,554822	26,473075	12,002822	26,422855	11,882193	26,237270	27,554628	22,521187	33,778667	24,413955	37,529764	23,539534	43,555400	20,225799	21,625234	15,656939	22,050767	16,324866	24,719456	100,032866	99,958962	3,554795	67,330718	65,839148	66,865468	65,958267	100,002754	99,958664	32,390958	34,002641	34,802663	32,085246	34,902626	35,703668
462,00	28,238481	50,928861	27,852631	44,858998	27,983078	42,728728	10,990801	46,494755	12,714793	42,495996	18,898930	48,370990	18,753357	45,997363	16,658042	24,289794	17,464083	22,040063	16,645662	23,844776	7,306092	24,395779	8,386640	7,743663	26,718464	12,235670	26,646748	12,099413	26,462659	27,983078	22,864676	34,038165	24,794544	37,890235	23,954038	43,886712	20,399114	21,824946	15,888742	22,285707	16,567515	24,926323	100,039780	99,978811	3,544896	67,303556	65,731931	66,783446	65,885133	100,023484	100,055480	32,418782	34,050545	34,834880	32,136518	34,975514	35,786822
464,00	28,671396	51,299131	28,238159	45,186719	28,395057	43,027195	11,216885	46,925631	12,960786	42,851138	19,205050	48,718327	19,079326	46,336472	16,905732	24,471994	17,697078	22,240932	16,863474	24,027199	7,481872	24,574785	8,552601	7,918506	26,888075	12,463713	26,801801	12,289862	26,640767	28,395057	23,163913	34,365523	25,147608	38,280380	24,263437	44,247496	20,584691	22,007197	16,109268	22,473192	16,783106	25,144532	100,031531	99,999118	3,550676	67,223001	65,723479	66,694033	65,835947	100,083208	99,947226	32,491863	34,094664	34,934175	32,214546	34,993380	35,816696
466,00	29,078752	51,517457	28,656894	45,525941	28,804383	43,289316	11,452174	47,215682	13,229688	43,193245	19,494195	48,949736	19,384171	46,633261	17,130125	24,670558	17,911258	22,476360	17,126270	24,220176	7,668538	24,797703	8,746190	8,110601	27,105692	12,655619	27,011323	12,501563	26,848668	28,804383	23,490329	34,616765	25,470376	38,608089	24,576287	44,490665	20,745593	22,163135	16,312669	22,693986	16,980758	25,347117	100,021291	99,962515	3,540949	67,113477	65,609622	66,582751	65,792376	100,109673	100,015306	32,522947	34,184295	34,960210	32,241240	35,074443	35,887757
468,00	29,554164	51,791477	29,071856	45,860082	29,202160	43,623123	11,698621	47,584379	13,492705	43,568489	19,804864	49,225089	19,722110	46,904624	17,339428	24,871553	18,142501	22,689848	17,348094	24,416190	7,854886	25,005561	8,919299	8,305553	27,304697	12,866378	27,178332	12,715659	27,039212	29,202160	23,785058	34,896946	25,795305	38,954917	24,840789	44,818196	20,881638	22,356884	16,500725	22,916038	17,152560	25,516906	100,029969	99,990243	3,537975	67,039180	65,554547	66,563952	65,728843	99,987298	100,022388	32,575142	34,229636	35,024711	32,260501	35,129470	35,941297
470,00	30,022743	52,102894	29,542118	46,179402	29,625490	43,909112	11,955836	47,872293	13,795111	43,901217	20,106463	49,530083	20,066886	47,183168	17,604567	25,029284	18,378717	22,863550	17,609574	24,581246	8,050499	25,178349	9,138621	8,511263	27,467147	13,071908	27,346218	12,949693	27,203581	29,625490	24,077266	35,243744	26,146656	39,328834	25,124064	45,090815	21,058403	22,499758	16,703324	23,109791	17,297572	25,702509	100,005305	100,029826	3,530583	67,029434	65,555358	66,505504	65,670985	100,012827	99,981874	32,620427	34,269920	35,068130	32,323602	35,167569	36,006233
472,00	30,477738	52,347100	29,922640	46,525705	30,056214	44,181710	12,219971	48,164201	14,080353	44,201910	20,397310	49,780446	20,430635	47,455370	17,839125	25,214002	18,618850	23,083755	17,814077	24,787731	8,249118	25,367820	9,347259	8,701006	27,658311	13,275559	27,519771	13,151608	27,377555	30,056214	24,341249	35,485503	26,461315	39,624822	25,378278	45,298672	21,208081	22,678207	16,889532	23,293194	17,465323	25,886807	99,997449	100,006890	3,523693	66,929358	65,456355	66,416150	65,585363	100,050938	100,023079	32,651320	34,332260	35,137555	32,366920	35,189116	36,040607
474,00	30,976576	52,627873	30,364257	46,844608	30,480325	44,489333	12,479728	48,432273	14,372630	44,515389	20,740084	50,025797	20,765555	47,737798	18,084390	25,395486	18,819892	23,273794	18,047324	24,952345	8,445608	25,536996	9,538668	8,907392	27,815425	13,490781	27,668452	13,379480	27,549654	30,480325	24,654989	35,819471	26,830351	39,963764	25,650010	45,603809	21,370034	22,841930	17,083554	23,479755	17,625545	26,076940	100,027025	99,986780	3,530729	66,900146	65,391231	66,378748	65,561080	99,978882	99,978167	32,682273	34,381488	35,178775	32,396659	35,259283	36,091372
476,00	31,400621	52,885753	30,791488	47,124124	30,873865	44,775388	12,753592	48,708361	14,655323	44,832298	21,026157	50,255454	21,098961	48,016018	18,353055	25,575003	19,041213	23,496422	18,327545	25,124836	8,632320	25,711918	9,754718	9,119377	27,984223	13,690031	27,852926	13,582109	27,744859	30,873865	24,919380	36,056381	27,156368	40,262452	25,877208	45,860150	21,502711	23,011979	17,287536	23,682506	17,768964	26,249048	99,981344	100,018549	3,515888	66,820389	65,338737	66,301727	65,481979	99,941790	100,034404	32,711625	34,441686	35,214528	32,436904	35,314491	36,148906
478,00	31,828320	53,131503	31,170565	47,477856	31,255463	45,051384	12,999649	49,000278	14,910530	45,144957	21,318045	50,508773	21,432006	48,257351	18,565023	25,740209	19,275375	23,692828	18,538211	25,309163	8,822355	25,862935	9,949616	9,292915	28,139797	13,900986	27,999946	13,787533	27,907309	31,255463	25,186011	36,356944	27,464882	40,584886	26,120707	46,097252	21,658666	23,166671	17,496081	23,865098	17,910667	26,438612	99,927974	99,995732	3,512318	66,753113	65,263766	66,263354	65,470588	100,030172	100,046480	32,755509	34,478977	35,271177	32,499760	35,370973	36,217463
480,00	32,200754	53,374088	31,545818	47,756663	31,588638	45,354295	13,222101	49,269140	15,155339	45,451936	21,599513	50,734508	21,741906	48,542726	18,754572	25,891230	19,463700	23,878521	18,744436	25,501940	8,988187	26,044348	10,115559	9,472703	28,306916	14,077069	28,164226	13,984028	28,061837	31,588638	25,479275	36,614487	27,804625	40,882701	26,350793	46,349522	21,798398	23,329034	17,656741	24,052009	18,060781	26,582837	99,891174	99,980390	3,512830	66,667712	65,212846	66,210395	65,376741	99,974203	99,950868	32,826042	34,509528	35,310954	32,506552	35,390770	36,245614
482,00	32,535699	53,558743	31,883562	48,045766	31,955057	45,620883	13,403752	49,499160	15,352996	45,734471	21,836078	50,933903	21,989985	48,754016	18,936187	26,093763	19,633192	24,083047	18,923540	25,683850	9,137741	26,220861	10,252792	9,606004	28,486112	14,249910	28,345931	14,131376	28,252810	31,955057	25,729734	36,894435	28,087115	41,180083	26,599470	46,598867	21,940488	23,523724	17,815603	24,258280	18,205324	26,784724	100,001729	100,006378	3,513050	66,613466	65,126169	66,173780	65,355474	99,971199	100,068891	32,846823	34,579837	35,382596	32,546148	35,472783	36,318198
484,00	32,811373	53,821880	32,153201	48,349798	32,190245	45,917279	13,575044	49,772409	15,533765	46,056733	22,031327	51,160920	22,221434	49,030069	19,098110	26,238883	19,809267	24,273792	19,111781	25,849900	9,267722	26,373681	10,382102	9,743553	28,646114	14,400341	28,459424	14,283819	28,389966	32,190245	25,984138	37,177974	28,386709	41,469488	26,839969	46,858388	22,105920	23,676836	18,011364	24,400569	18,356687	26,921719	99,977678	100,004625	3,509865	66,606414	65,062368	66,110992	65,272349	100,043595	99,974692	32,906318	34,602147	35,388213	32,619339	35,477841	36,313477
486,00	33,006147	54,036760	32,420650	48,623633	32,455885	46,187425	13,700576	50,069511	15,667613	46,386606	22,184281	51,389700	22,394221	49,284360	19,224952	26,402426	19,970874	24,468550	19,263168	26,036033	9,376428	26,582283	10,495805	9,859361	28,804642	14,530429	28,642991	14,393596	28,570327	32,455885	26,271710	37,435758	28,653479	41,759473	27,021962	47,040576	22,254480	23,837483	18,179063	24,590176	18,474448	27,077040	99,962258	99,951357	3,503517	66,504806	65,001547	66,068864	65,179962	100,016642	99,955869	32,954711	34,677720	35,448024	32,668090	35,553706	36,407557
488,00	33,228981	54,271889	32,643601	48,984912	32,695022	46,506196	13,833433	50,336117	15,813100	46,716338	22,303924	51,657337	22,520234	49,522087	19,348729	26,573873	20,117244	24,676487	19,395952	26,218945	9,487925	26,762801	10,614038	9,966657	28,982225	14,648300	28,793499	14,522414	28,733829	32,695022	26,526928	37,780353	28,885153	42,076871	27,246958	47,335771	22,405547	24,025843	18,322170	24,783902	18,625267	27,264839	99,945289	100,044131	3,504872	66,471189	64,962685	66,010457	65,140951	100,033796	99,980617	33,016679	34,704486	35,502398	32,728481	35,583282	36,474067
490,00	33,391815	54,524279	32,863185	49,298424	32,876763	46,786952	13,998356	50,596672	15,957510	47,028881	22,443095	51,874804	22,660233	49,775618	19,458431	26,735812	20,237908	24,872866	19,530600	26,417381	9,597059	26,939660	10,705476	10,072058	29,178050	14,749850	28,962222	14,635126	28,919771	32,876763	26,783541	38,082367	29,120308	42,399874	27,495643	47,563660	22,530460	24,190074	18,481998	24,952754	18,759128	27,408159	99,938983	100,069308	3,494957	66,413438	64,955497	65,918082	65,119684	100,079083	100,003958	33,048838	34,760875	35,556701	32,770252	35,632354	36,510172
492,00	33,629325	54,740286	33,125842	49,590623	33,140999	47,089249	14,134651	50,854373	16,144376	47,363976	22,602671	52,098113	22,827584	50,037676	19,586371	26,927042	20,386904	25,102988	19,674034	26,601940	9,731346	27,155966	10,814708	10,182481	29,348779	14,868546	29,140842	14,733459	29,104668	33,140999	27,068573	38,387746	29,379541	42,661536	27,770647	47,782037	22,685319	24,382621	18,608505	25,157353	18,896537	27,577868	99,964666	100,075948	3,505896	66,372538	64,869392	65,909213	65,038979	99,961442	100,036848	33,098277	34,824744	35,633314	32,840359	35,708553	36,564749
494,00	33,853713	54,919773	33,367366	49,864674	33,409429	47,346860	14,341314	51,064956	16,356872	47,694436	22,772655	52,292776	23,006582	50,237536	19,710590	27,087885	20,529515	25,304678	19,838524	26,798511	9,861238	27,337807	10,946734	10,316190	29,501751	15,003164	29,276842	14,851172	29,221487	33,409429	27,342260	38,681838	29,610658	42,944127	28,030875	47,992963	22,796112	24,557793	18,755981	25,348297	19,047378	27,731743	100,019455	100,060678	3,499748	66,354936	64,802438	65,843934	64,972258	100,024772	100,009239	33,133012	34,873921	35,667887	32,854548	35,742530	36,620212
496,00	34,129643	55,142862	33,691162	50,168228	33,668998	47,623503	14,615643	51,362926	16,658284	47,982022	22,987603	52,456725	23,252523	50,467229	19,852763	27,245709	20,700355	25,491768	19,995537	26,967785	10,024690	27,523476	11,119338	10,485720	29,674670	15,143818	29,448399	15,007749	29,408127	33,668998	27,613860	38,975796	29,866046	43,231973	28,305668	48,237422	22,940563	24,740294	18,913670	25,503960	19,198829	27,905443	100,024247	100,066638	3,500485	66,300505	64,751059	65,808135	64,925957	99,981028	100,018275	33,179143	34,935874	35,721362	32,888913	35,791865	36,658847
498,00	34,549409	55,343747	34,043396	50,445956	34,033310	47,929236	14,931367	51,570076	17,015462	48,221502	23,274532	52,639401	23,547143	50,653011	20,081754	27,393627	20,910829	25,698841	20,213993	27,131388	10,223737	27,681240	11,321749	10,693330	29,827598	15,352194	29,558757	15,213041	29,516807	34,033310	27,891967	39,302808	30,148309	43,493235	28,671864	48,422822	23,112245	24,878360	19,097634	25,667134	19,407858	28,031042	99,987417	100,051129	3,498339	66,271597	64,694613	65,805322	64,879727	100,139618	99,952924	33,250785	34,954825	35,767448	32,976985	35,802546	36,682895
500,00	34,918985	55,539000	34,385404	50,710183	34,390128	48,172650	15,320401	51,750898	17,431109	48,539656	23,591244	52,802914	23,928109	50,876403	20,287189	27,555212	21,122932	25,897163	20,434207	27,322432	10,444848	27,857661	11,582060	10,921846	29,990837	15,554449	29,689333	15,393268	29,693320	34,390128	28,194070	39,594945	30,448964	43,769220	29,014537	48,664415	23,242040	25,086734	19,273902	25,852558	19,595297	28,165242	99,994582	100,123847	3,494756	66,170955	64,662629	65,710306	64,832079	100,081253	99,995470	33,295596	35,013235	35,815543	32,996207	35,875487	36,737779
502,00	35,425195	55,679291	34,810328	51,008302	34,773633	48,462632	15,772220	51,984006	17,922665	48,751822	24,013294	52,954590	24,369211	51,024902	20,545930	27,706227	21,339542	26,087543	20,682994	27,515772	10,691027	28,038576	11,855378	11,208142	30,133295	15,793930	29,842827	15,659836	29,851288	34,773633	28,490192	39,886084	30,805191	43,999818	29,415378	48,835313	23,394994	25,269493	19,471134	26,016530	19,794621	28,335956	99,943298	100,014412	3,495161	66,050196	64,570296	65,644968	64,765412	100,084507	100,047052	33,363315	35,072944	35,883346	33,041972	35,923237	36,816415
504,00	35,998449	55,934185	35,261020	51,312530	35,232303	48,748198	16,321871	52,190554	18,512782	48,994809	24,463388	53,113490	24,880520	51,273131	20,842648	27,876630	21,593875	26,302281	20,950344	27,684742	10,991126	28,205645	12,191927	11,510313	30,280656	16,075985	30,002981	15,902482	30,018279	35,232303	28,821787	40,188596	31,181487	44,250098	29,874149	49,054441	23,550054	25,437605	19,699405	26,167041	20,019943	28,494424	100,059700	100,053704	3,493924	66,037714	64,530927	65,566373	64,696050	100,119197	100,032926	33,378425	35,106766	35,924676	33,079815	35,962564	36,854768
506,00	36,631894	56,071299	35,799104	51,515639	35,728115	48,991853	16,924134	52,326679	19,171120	49,228448	25,025567	53,270221	25,480133	51,411778	21,153465	28,020787	21,847488	26,488790	21,237113	27,870104	11,319076	28,353941	12,560181	11,869361	30,442739	16,399907	30,111960	16,227111	30,162480	35,728115	29,159614	40,528470	31,596667	44,479692	30,346942	49,257591	23,696019	25,628698	19,913369	26,350424	20,252363	28,651842	99,952972	100,033736	3,490978	65,968668	64,432043	65,539896	64,596963	100,100398	100,016487	33,424544	35,160092	35,987413	33,133292	36,056080	36,900797
508,00	37,259629	56,264919	36,316794	51,812285	36,235684	49,267277	17,589989	52,516919	19,891426	49,462631	25,610474	53,452110	26,114640	51,606828	21,498165	28,164661	22,157878	26,688838	21,538773	28,037536	11,673395	28,516865	12,947147	12,231662	30,561206	16,739349	30,240995	16,560811	30,284891	36,235684	29,496434	40,827954	31,980374	44,783348	30,871284	49,423099	23,871447	25,815868	20,152530	26,519465	20,485979	28,784233	99,917716	100,088263	3,492160	65,925437	64,385766	65,451932	64,548922	100,126839	99,994218	33,510560	35,211861	36,015812	33,204457	36,051896	36,933330
510,00	37,971249	56,418365	36,905113	52,058440	36,805040	49,555060	18,300837	52,688938	20,646542	49,685842	26,285422	53,591824	26,805055	51,757318	21,828040	28,305587	22,422212	26,875490	21,834722	28,193828	12,010255	28,665471	13,364683	12,596895	30,669898	17,062193	30,406791	16,906756	30,414647	36,805040	29,859939	41,152138	32,445064	45,009667	31,405044	49,634197	24,041155	25,982061	20,373374	26,682651	20,723170	28,929210	100,018311	100,024593	3,493544	65,915442	64,331222	65,451640	64,493555	100,086212	100,031459	33,519346	35,260791	36,082062	33,201978	36,101070	36,992648
512,00	38,690299	56,573135	37,472257	52,326882	37,357208	49,817944	19,031346	52,854532	21,472374	49,897212	26,948667	53,732902	27,560690	51,941460	22,172494	28,460053	22,713965	27,039948	22,132395	28,373939	12,379620	28,811949	13,785022	12,982680	30,806836	17,429565	30,503550	17,254534	30,582371	37,357208	30,215907	41,450173	32,929844	45,283943	31,952319	49,805507	24,162008	26,146156	20,608157	26,839322	20,984130	29,063031	100,027847	99,987549	3,487489	65,862429	64,229751	65,383255	64,417231	99,998122	99,933088	33,542112	35,285026	36,092460	33,291018	36,151409	37,025189
514,00	39,344901	56,741863	37,985539	52,619845	37,859112	50,076193	19,808953	53,078640	22,326826	50,136340	27,653036	53,901356	28,308907	52,133477	22,539884	28,626594	23,000331	27,263740	22,466560	28,554308	12,766759	28,981358	14,219661	13,401000	30,960467	17,818736	30,625471	17,617020	30,722526	37,859112	30,571711	41,749972	33,369881	45,528987	32,540467	49,982965	24,324055	26,357609	20,855640	27,009729	21,219444	29,233098	99,963552	100,003290	3,484175	65,744990	64,191163	65,275401	64,379716	100,088716	100,009429	33,611047	35,343951	36,194485	33,304489	36,201945	37,072384
516,00	40,068325	56,923485	38,547412	52,867836	38,454086	50,319743	20,566857	53,223610	23,159626	50,344032	28,381670	54,048574	29,101720	52,293694	22,874899	28,793931	23,290826	27,451086	22,768287	28,755906	13,111593	29,138741	14,634480	13,769022	31,129694	18,186970	30,779108	17,973879	30,889457	38,454086	30,970994	42,098662	33,878690	45,793605	33,130786	50,165480	24,459308	26,547623	21,114250	27,193370	21,496302	29,375383	100,083089	100,046265	3,492293	65,729213	64,129812	65,293014	64,311332	100,006306	100,012505	33,643559	35,393852	36,227566	33,362433	36,253414	37,133256
518,00	40,693122	57,051599	39,083645	53,091562	38,947287	50,605422	21,318981	53,416818	23,943754	50,552177	29,118472	54,192823	29,845420	52,459514	23,188981	28,902596	23,539457	27,626875	23,063362	28,904280	13,471338	29,262987	15,022756	14,137799	31,214812	18,563843	30,889153	18,319070	30,989844	38,947287	31,325346	42,416671	34,355068	46,013537	33,739677	50,373560	24,637787	26,706597	21,357745	27,337903	21,736194	29,505119	100,061131	100,027204	3,494899	65,727049	64,064842	65,225184	64,241391	99,973565	99,991030	33,696279	35,423934	36,253917	33,379695	36,295962	37,157354
520,00	41,350543	57,263887	39,602351	53,403175	39,444676	50,883472	22,047514	53,628623	24,713057	50,823337	29,798937	54,388988	30,600548	52,701843	23,512322	29,069209	23,807661	27,811995	23,382503	29,070687	13,811910	29,390576	15,420149	14,511588	31,360075	18,921314	31,006777	18,667239	31,110775	39,444676	31,715056	42,762905	34,831786	46,343589	34,354684	50,565404	24,780516	26,881307	21,609522	27,488607	22,032364	29,655212	100,042558	100,089335	3,481822	65,600067	64,029497	65,107691	64,235479	99,983126	99,920249	33,732814	35,473710	36,306977	33,433178	36,317417	37,227550
522,00	41,952279	57,379758	40,080312	53,644806	39,931247	51,130760	22,712746	53,775334	25,448176	50,945008	30,471864	54,519129	31,313765	52,795154	23,819105	29,183975	24,081327	28,021833	23,677622	29,236704	14,132893	29,563725	15,810776	14,851744	31,514636	19,280031	31,158173	19,010386	31,281641	39,931247	32,068661	43,035111	35,292935	46,509036	35,013008	50,731939	24,945012	27,107733	21,873765	27,663261	22,315875	29,809502	100,000238	99,986410	3,486573	65,608633	63,939738	65,076363	64,127785	100,088322	99,969691	33,802739	35,525694	36,362493	33,497488	36,400813	37,251931
524,00	42,494565	57,569098	40,537429	53,883982	40,373805	51,421601	23,370492	53,967583	26,139289	51,214784	31,110445	54,662156	32,012174	52,995306	24,113145	29,341114	24,336958	28,205565	23,935391	29,399753	14,448306	29,692292	16,146873	15,170766	31,638679	19,618459	31,264850	19,350766	31,377661	40,373805	32,491156	43,387517	35,771823	46,771404	35,684907	50,936657	25,112349	27,266732	22,136454	27,808568	22,574863	29,936492	100,008130	99,974233	3,489702	65,499449	63,939226	64,988321	64,087152	100,019181	99,900705	33,836547	35,565367	36,404067	33,523768	36,407489	37,308827
526,00	43,054414	57,768625	41,027585	54,147440	40,811643	51,666498	23,977366	54,169357	26,784885	51,436269	31,688574	54,868543	32,681465	53,147668	24,362069	29,465619	24,570806	28,356275	24,195065	29,547495	14,710394	29,789746	16,452140	15,444922	31,743008	19,922361	31,413040	19,637474	31,557983	40,811643	32,895920	43,755105	36,236346	47,074711	36,335158	51,169747	25,266665	27,420163	22,342014	27,972114	22,863662	30,056575	100,033998	100,047302	3,483733	65,459883	63,903099	64,975047	64,071059	100,061166	99,894804	33,848011	35,593110	36,434510	33,550912	36,442983	37,348193
528,00	43,563712	57,914454	41,486308	54,379177	41,296250	51,945728	24,482316	54,342884	27,329415	51,653737	32,266849	55,013895	33,298448	53,303933	24,618196	29,641202	24,810582	28,596470	24,450812	29,763600	14,950368	29,996631	16,703229	15,703931	31,892958	20,218433	31,536272	19,930287	31,683531	41,296250	33,275995	44,056278	36,692184	47,331533	37,023503	51,362592	25,418520	27,641132	22,572781	28,177002	23,134474	30,232644	100,051463	100,046194	3,487364	65,435767	63,854474	64,954972	64,018667	100,077558	100,049841	33,902660	35,664174	36,514828	33,609945	36,538827	37,447974
530,00	43,985748	58,035564	41,815999	54,591268	41,668978	52,149200	24,952273	54,518467	27,823985	51,813883	32,686085	55,135441	33,812839	53,489226	24,830875	29,812250	25,001323	28,786677	24,683467	29,923680	15,178630	30,153444	16,940954	15,925269	32,041562	20,465858	31,704003	20,161732	31,838223	41,668978	33,622551	44,340777	37,091830	47,554523	37,659514	51,524937	25,564688	27,835688	22,767943	28,349289	23,390575	30,406314	99,986506	100,004959	3,479424	65,306765	63,753462	64,848077	63,912755	100,028610	100,021803	33,960399	35,724857	36,548871	33,616149	36,591443	37,477961
532,00	44,409883	58,205932	42,183465	54,844284	42,008430	52,411646	25,307524	54,628509	28,221926	52,035630	33,117840	55,237693	34,270343	53,656501	25,028285	29,917324	25,200412	28,958869	24,874035	30,047268	15,362301	30,251589	17,143694	16,120572	32,140863	20,679152	31,774393	20,381857	31,954911	42,008430	33,980557	44,710952	37,492597	47,812477	38,296846	51,753044	25,701779	27,993450	22,974344	28,480303	23,652208	30,533990	99,995607	99,974984	3,486237	65,271831	63,684380	64,807016	63,860887	99,972934	99,865913	33,966735	35,736892	36,596173	33,663535	36,631516	37,528962
534,00	44,777915	58,364618	42,548379	55,101478	42,366010	52,661586	25,637582	54,835612	28,547591	52,184248	33,487180	55,402344	34,724504	53,805017	25,237936	30,061969	25,401258	29,164562	25,112990	30,253941	15,521614	30,383185	17,302321	16,268530	32,270473	20,910268	31,929675	20,590630	32,090163	42,366010	34,376866	45,040521	37,895298	48,088273	38,926238	51,951522	25,871018	28,182486	23,169716	28,673357	23,899311	30,688372	99,988991	100,048053	3,483732	65,253210	63,651037	64,754796	63,834834	100,045240	99,993658	34,028199	35,783046	36,661690	33,721107	36,668435	37,525895
536,00	45,172077	58,520955	42,891327	55,373675	42,702290	52,923161	25,882593	54,977769	28,778076	52,383745	33,767867	55,537182	35,070840	54,017270	25,417081	30,219483	25,581080	29,341009	25,320172	30,445912	15,653285	30,533749	17,433488	16,409205	32,389024	21,066010	32,070923	20,767203	32,227746	42,702290	34,718254	45,386714	38,272321	48,344553	39,510357	52,170110	26,012713	28,400776	23,346880	28,822333	24,171375	30,859500	100,024092	100,012243	3,476606	65,194011	63,620067	64,703864	63,774538	100,029504	100,023675	34,053126	35,862702	36,728114	33,767268	36,740062	37,653995
538,00	45,517349	58,677500	43,209302	55,560017	43,041819	53,166181	26,027378	55,122674	28,984123	52,612835	33,952233	55,657929	35,364872	54,136223	25,594366	30,346590	25,756925	29,532301	25,506839	30,587053	15,763049	30,649942	17,508562	16,504125	32,521668	21,229368	32,177690	20,934902	32,368428	43,041819	35,069829	45,675007	38,603562	48,608825	40,083221	52,382487	26,159728	28,551692	23,488039	29,000854	24,387692	30,996460	100,010049	100,022650	3,462764	65,143102	63,530654	64,639902	63,722831	100,078666	100,003469	34,087014	35,895166	36,746293	33,793432	36,753228	37,649450
540,00	45,848426	58,809423	43,510073	55,774939	43,353814	53,373712	26,140156	55,265009	29,069963	52,764118	34,106559	55,781758	35,636747	54,270858	25,754923	30,485654	25,938916	29,690528	25,704312	30,757889	15,817836	30,788186	17,582935	16,589719	32,643744	21,366133	32,286775	21,092482	32,485977	43,353814	35,419419	46,050826	38,938046	48,889327	40,600011	52,568471	26,331794	28,739488	23,655920	29,150656	24,603753	31,134731	99,943620	100,012124	3,460188	65,070319	63,443547	64,578950	63,641375	100,109398	99,969244	34,151849	35,917962	36,792877	33,849186	36,805871	37,680781
542,00	46,187931	58,938777	43,868202	56,005043	43,680492	53,622723	26,217085	55,418372	29,204345	52,930868	34,284657	55,946821	35,904598	54,448295	25,918770	30,624634	26,103020	29,891029	25,889084	30,915552	15,875021	30,919456	17,642163	16,654982	32,748231	21,477497	32,430866	21,239097	32,633841	43,680492	35,752904	46,345857	39,258611	49,144626	41,104954	52,762383	26,457378	28,949016	23,767881	29,332525	24,794757	31,278279	100,010037	100,013387	3,459350	65,063047	63,414705	64,561218	63,614285	100,120652	100,036752	34,179893	36,001736	36,861783	33,865634	36,865130	37,732613
544,00	46,545210	59,082919	44,212097	56,196690	43,957156	53,832197	26,291716	55,525017	29,262498	53,111452	34,421906	56,018031	36,118817	54,542619	26,065779	30,745107	26,266986	30,038077	26,071867	31,047973	15,941942	31,020135	17,662686	16,696666	32,851264	21,604611	32,514390	21,364667	32,726067	43,957156	36,077613	46,695343	39,542523	49,344295	41,577780	52,909410	26,588848	29,113299	23,884751	29,493490	24,979158	31,415540	99,951887	100,007844	3,457050	64,986682	63,376951	64,550763	63,572395	100,080454	99,974287	34,243050	36,028275	36,907110	33,927971	36,900219	37,771761
546,00	46,880290	59,202582	44,555748	56,409413	44,280899	54,078525	26,359978	55,695212	29,305020	53,249294	34,567803	56,148416	36,360276	54,725617	26,223981	30,855289	26,430732	30,202061	26,250792	31,221995	16,004105	31,158906	17,707431	16,757779	32,945225	21,720657	32,637483	21,475399	32,867286	44,280899	36,441821	47,038722	39,830509	49,615434	41,996673	53,126103	26,742136	29,305840	24,003094	29,632801	25,150487	31,549075	100,004661	100,000513	3,462360	64,979041	63,318896	64,486647	63,510126	100,045443	99,933225	34,254524	36,070064	36,918086	33,972839	36,945793	37,803456
548,00	47,189438	59,319323	44,895935	56,615883	44,605240	54,263532	26,403183	55,838424	29,363218	53,431433	34,681153	56,252629	36,581138	54,861546	26,401660	31,004179	26,614454	30,384478	26,464194	31,366268	16,041751	31,285396	17,739329	16,816638	33,101737	21,819791	32,768193	21,630909	32,991868	44,605240	36,747035	47,344410	40,105271	49,843588	42,348260	53,285271	26,876658	29,497504	24,114695	29,786575	25,314564	31,699806	99,981844	99,989945	3,450975	64,914382	63,257974	64,397532	63,466811	100,139892	100,010610	34,309956	36,131147	37,005433	34,016898	37,014228	37,873700
550,00	47,495320	59,388936	45,177373	56,787056	44,916126	54,436332	26,468945	55,937529	29,407877	53,581363	34,792858	56,346315	36,788160	54,984111	26,516694	31,158304	26,788726	30,564103	26,611790	31,537500	16,102853	31,409743	17,768633	16,859441	33,214179	21,908180	32,866210	21,707359	33,133456	44,916126	37,059930	47,635773	40,338629	50,057912	42,674932	53,431422	26,981455	29,682130	24,174935	29,958802	25,417504	31,843477	99,948013	100,005043	3,449085	64,825976	63,165241	64,331836	63,345855	100,062060	100,006115	34,342566	36,157668	37,028182	34,017944	37,095031	37,932023
552,00	47,835284	59,564662	45,530337	57,006526	45,262349	54,661953	26,521689	56,096739	29,446009	53,785890	34,890044	56,487012	36,985573	55,166113	26,688507	31,296378	26,962242	30,713797	26,818001	31,680116	16,150019	31,548697	17,814416	16,897288	33,341736	21,999973	32,990140	21,839100	33,279830	45,262349	37,379861	47,987518	40,590712	50,322843	43,017906	53,662056	27,139971	29,870978	24,243884	30,108529	25,544861	31,963786	99,973905	99,983460	3,450653	64,778304	63,093638	64,328164	63,325197	100,027788	99,981898	34,374276	36,223537	37,077370	34,072319	37,110275	37,957650
554,00	48,129097	59,701449	45,786649	57,212317	45,512107	54,925317	26,515794	56,243092	29,469612	53,977537	34,981555	56,609702	37,136468	55,264866	26,803011	31,418493	27,115011	30,884776	26,989254	31,820107	16,197520	31,668785	17,839809	16,951868	33,455718	22,105174	33,084247	21,937358	33,380410	45,512107	37,668756	48,323491	40,783292	50,577545	43,258432	53,845960	27,260473	30,036908	24,304081	30,260992	25,625926	32,104865	100,007200	100,012064	3,440798	64,774686	63,111562	64,242119	63,273001	99,983901	99,966156	34,422794	36,249131	37,115672	34,125739	37,130010	38,011295
556,00	48,413831	59,797919	46,095580	57,419115	45,818806	55,110794	26,500076	56,377453	29,447976	54,146868	35,045919	56,717181	37,319228	55,423164	26,918063	31,544834	27,250201	31,084609	27,141914	31,974915	16,246051	31,804487	17,860776	16,983971	33,573616	22,180294	33,227625	22,024912	33,498237	45,818806	37,976933	48,637018	40,987313	50,805205	43,429521	54,041433	27,378112	30,244142	24,328861	30,422103	25,708792	32,274330	100,068212	99,995631	3,441922	64,712507	63,051528	64,223105	63,239485	99,964869	100,008857	34,456611	36,298394	37,188539	34,160051	37,193429	38,053426
558,00	48,621038	59,900951	46,342450	57,553035	46,028340	55,292416	26,439646	56,503242	29,360318	54,273641	35,024330	56,773549	37,393409	55,549973	27,051449	31,673816	27,434877	31,257764	27,316386	32,113588	16,297427	31,937307	17,872770	17,030491	33,698282	22,265330	33,347970	22,122398	33,650899	46,028340	38,229495	48,906437	41,098896	51,039290	43,533316	54,167342	27,527454	30,419540	24,372767	30,577564	25,773922	32,391670	99,976349	99,975932	3,433635	64,648145	62,956339	64,175010	63,151163	100,075221	100,066543	34,538528	36,333612	37,222302	34,217221	37,240452	38,105476
560,00	48,833779	60,065037	46,572730	57,762343	46,238068	55,457944	26,360485	56,623232	29,241085	54,468822	34,979421	56,911808	37,457830	55,662453	27,134377	31,800303	27,557364	31,413841	27,447152	32,260597	16,325793	32,051805	17,868824	17,043000	33,793420	22,318153	33,440539	22,178632	33,734414	46,238068	38,454932	49,232116	41,222650	51,271957	43,552494	54,326952	27,645805	30,597839	24,376860	30,725703	25,766090	32,510749	100,001383	99,968076	3,434650	64,567792	62,945974	64,088088	63,118988	100,057542	100,059557	34,557047	36,370197	37,264121	34,260476	37,280178	38,117859
562,00	49,033639	60,147744	46,800476	57,926935	46,462670	55,643094	26,225445	56,720817	29,096663	54,578286	34,933889	57,010013	37,446064	55,811501	27,213261	31,896564	27,665451	31,560889	27,564973	32,400104	16,313644	32,156825	17,834961	17,048584	33,921626	22,327289	33,553642	22,216615	33,844793	46,462670	38,697243	49,531469	41,313428	51,453060	43,592921	54,491389	27,772346	30,771717	24,350975	30,868775	25,775015	32,647634	100,091636	99,971497	3,428550	64,595377	62,885576	64,099401	63,053846	100,064301	99,967521	34,601575	36,413658	37,291899	34,289071	37,291026	38,186330
564,00	49,101621	60,264665	46,949112	58,091682	46,587172	55,852467	26,038486	56,892312	28,855899	54,775506	34,777984	57,116598	37,368417	55,939549	27,295887	32,026768	27,759674	31,713602	27,684376	32,549137	16,314623	32,279336	17,790456	17,036317	34,003901	22,321700	33,642459	22,227894	33,981040	46,587172	38,871115	49,850830	41,329998	51,699036	43,473083	54,620713	27,869838	30,939904	24,338579	31,012657	25,693229	32,769948	100,037825	100,038683	3,424371	64,502996	62,842250	64,026177	63,036269	100,028539	99,979621	34,641469	36,472127	37,357104	34,344405	37,342584	38,231173
566,00	49,137115	60,338902	47,022769	58,256030	46,720004	56,035900	25,814223	57,013023	28,584751	54,913622	34,567130	57,230729	37,187076	56,070536	27,328476	32,151395	27,860931	31,868827	27,773473	32,669231	16,306596	32,389849	17,738225	17,011866	34,122857	22,275093	33,765489	22,220679	34,079784	46,720004	39,014119	50,140297	41,281164	51,904404	43,299329	54,795426	27,964967	31,129554	24,258643	31,154820	25,647169	32,901952	99,987245	100,022924	3,424296	64,426744	62,798572	63,975739	63,005406	100,040483	100,028813	34,679070	36,518627	37,408793	34,363663	37,393853	38,294426
568,00	49,222580	60,462290	47,171479	58,417022	46,844813	56,195897	25,557390	57,123750	28,319865	55,039072	34,320849	57,329410	37,024298	56,170589	27,350000	32,262000	27,925548	31,989104	27,868712	32,803431	16,270590	32,481185	17,677732	16,982242	34,213084	22,253494	33,860359	22,189060	34,183070	46,844813	39,213389	50,425732	41,289464	52,081448	43,125817	54,922044	28,059688	31,261605	24,181353	31,282949	25,547740	33,043107	100,082719	99,974197	3,418164	64,397871	62,769961	63,930625	62,915921	99,996054	100,025666	34,717944	36,571753	37,423694	34,393090	37,423664	38,316858
570,00	49,236912	60,520160	47,226688	58,558983	46,913520	56,338578	25,285405	57,212979	27,979973	55,179179	34,025380	57,398736	36,752671	56,268370	27,379343	32,373774	27,969792	32,138443	27,933100	32,928944	16,266099	32,578292	17,623204	16,960423	34,322974	22,165003	33,934993	22,148380	34,278402	46,913520	39,329779	50,697511	41,207802	52,265859	42,845309	55,060643	28,133243	31,439504	24,131233	31,415567	25,457609	33,163053	100,059974	99,987686	3,413921	64,379346	62,721419	63,908356	62,891018	100,087738	100,037706	34,735239	36,606872	37,484351	34,454960	37,474805	38,374797
572,00	49,206784	60,646832	47,264525	58,706129	46,983242	56,477159	24,993259	57,337981	27,656943	55,348271	33,673468	57,552946	36,466026	56,339943	27,378657	32,472241	28,015608	32,276475	27,971479	33,052719	16,238135	32,677990	17,533393	16,931038	34,397271	22,098328	34,033498	22,069749	34,375277	46,983242	39,458615	51,005238	41,114604	52,480644	42,555690	55,194443	28,225645	31,587306	24,020754	31,553510	25,318262	33,272931	100,024474	100,012505	3,414694	64,319909	62,655157	63,854754	62,866038	100,043821	100,033259	34,768990	36,658746	37,517393	34,471026	37,517697	38,419333
574,00	49,167427	60,681403	47,285426	58,831197	46,964234	56,595719	24,669990	57,426840	27,293918	55,445999	33,312330	57,600206	36,116597	56,420755	27,385148	32,590333	28,053084	32,417220	28,017503	33,182448	16,222173	32,765317	17,470771	16,893481	34,500709	21,989858	34,138829	21,989816	34,477380	46,964234	39,505777	51,205802	41,015425	52,609336	42,236516	55,303764	28,309220	31,755617	23,935436	31,684375	25,190315	33,404651	99,972534	99,986368	3,402218	64,231771	62,597245	63,736218	62,829912	100,072181	100,032151	34,806249	36,685503	37,572205	34,505343	37,542993	38,484588
576,00	49,122506	60,743934	47,307193	58,914757	46,992385	56,754869	24,370223	57,500106	26,940596	55,591494	32,971123	57,674885	35,818326	56,530106	27,414986	32,677054	28,120387	32,537308	28,060812	33,284396	16,206579	32,870609	17,415169	16,876680	34,596202	21,920563	34,223786	21,929641	34,563982	46,992385	39,641556	51,458460	40,887263	52,771145	41,912559	55,368972	28,394794	31,912938	23,851568	31,795138	25,064853	33,523646	99,966657	99,972862	3,400570	64,178932	62,541831	63,734066	62,736046	100,063670	100,004840	34,831050	36,728400	37,619928	34,551454	37,610444	38,507643
578,00	49,090648	60,817462	47,339812	59,066445	47,046924	56,891882	24,088344	57,622451	26,612580	55,714989	32,595950	57,768285	35,518414	56,603158	27,391419	32,778308	28,127769	32,673997	28,109047	33,412325	16,204607	32,983223	17,364639	16,862236	34,689483	21,813892	34,300220	21,864420	34,684989	47,046924	39,707538	51,724255	40,811235	52,918917	41,603127	55,473304	28,479472	32,064742	23,764132	31,910640	24,947597	33,636886	99,987721	99,961072	3,405524	64,140928	62,510467	63,715708	62,741685	100,003099	100,056851	34,854749	36,775410	37,668914	34,596577	37,633663	38,556546
580,00	49,052575	60,860252	47,352916	59,137589	47,056088	57,001060	23,820421	57,674938	26,313144	55,772501	32,281053	57,789385	35,207435	56,655109	27,401519	32,883027	28,157035	32,782382	28,137591	33,524859	16,180104	33,056855	17,300877	16,832401	34,774968	21,728323	34,396952	21,785261	34,760562	47,056088	39,780176	51,932389	40,705246	53,049183	41,332114	55,546284	28,529298	32,222116	23,674169	32,032311	24,803419	33,752620	99,999940	99,971890	3,396702	64,095068	62,435299	63,637793	62,674594	99,980730	100,042248	34,894362	36,819324	37,707451	34,601146	37,662733	38,596988
582,00	49,044850	60,956401	47,366005	59,281653	47,106257	57,168466	23,550111	57,776821	26,027203	55,934441	31,970000	57,866901	34,918767	56,766099	27,417001	32,960597	28,209683	32,921791	28,185737	33,639699	16,190031	33,143121	17,258547	16,829449	34,851402	21,640840	34,473464	21,727684	34,842876	47,106257	39,873469	52,195984	40,631112	53,210276	41,063005	55,698895	28,594053	32,326558	23,601462	32,140183	24,701826	33,859861	100,009894	100,093997	3,393897	64,056808	62,427127	63,602513	62,667978	99,970210	100,016642	34,918785	36,856994	37,750787	34,664094	37,692460	38,657001
584,00	49,055117	60,955310	47,424752	59,337592	47,142646	57,252789	23,336783	57,805187	25,782955	55,970937	31,684655	57,878047	34,666008	56,771272	27,463412	33,043504	28,270185	33,014643	28,244224	33,726284	16,202091	33,227304	17,244041	16,826782	34,926692	21,564926	34,530234	21,669354	34,911102	47,142646	39,980969	52,354193	40,558213	53,306103	40,871775	55,760491	28,676763	32,459146	23,529945	32,232934	24,598478	33,959103	100,045848	100,017333	3,394618	64,029157	62,355447	63,538867	62,557244	99,980897	99,999166	34,964725	36,882663	37,777373	34,679586	37,731856	38,686165
586,00	49,042276	61,068696	47,447738	59,453136	47,203189	57,363224	23,105535	57,934809	25,516480	56,095052	31,428900	57,964098	34,418526	56,874216	27,519798	33,127132	28,328690	33,144948	28,307977	33,820066	16,224949	33,335412	17,219409	16,864929	34,990320	21,527937	34,622151	21,638793	35,014504	47,203189	40,002868	52,576905	40,522343	53,466344	40,647089	55,880660	28,752866	32,623273	23,490590	32,339776	24,522716	34,042013	99,994439	100,060081	3,391258	63,995796	62,304062	63,545573	62,579340	100,044215	100,054955	35,019574	36,936939	37,819809	34,740990	37,751263	38,722283
588,00	49,058393	61,048204	47,510484	59,519571	47,223824	57,434654	22,923239	57,972568	25,279051	56,183130	31,201968	58,030069	34,213573	56,922585	27,559441	33,215779	28,382143	33,248508	28,383309	33,939853	16,218273	33,394986	17,190012	16,845889	35,082978	21,460208	34,718391	21,589811	35,091192	47,223824	40,116802	52,750170	40,494689	53,536028	40,476817	55,940819	28,827158	32,733592	23,428047	32,436794	24,438536	34,149715	99,963921	100,003994	3,387146	63,904333	62,219071	63,461822	62,499905	100,006282	99,983561	35,038158	36,967337	37,863195	34,748399	37,804049	38,740712
590,00	49,112338	61,121273	47,571886	59,632903	47,289291	57,532930	22,713539	58,038700	25,070024	56,268281	30,958655	58,044189	34,030229	56,969374	27,600110	33,297747	28,441414	33,351099	28,456619	34,022224	16,242105	33,494577	17,175384	16,866060	35,150805	21,428962	34,796378	21,577154	35,143334	47,289291	40,216529	52,953809	40,461841	53,671199	40,314311	56,050098	28,935272	32,859403	23,399414	32,529548	24,379861	34,235173	100,006652	100,074136	3,388057	63,850427	62,197196	63,432997	62,488967	100,027215	100,019944	35,067257	37,027976	37,874913	34,794748	37,845391	38,796061
592,00	49,243250	61,166662	47,691563	59,674639	47,406465	57,622808	22,584274	58,103698	24,920104	56,331968	30,805480	58,116496	33,879757	57,042110	27,690941	33,360425	28,529266	33,455521	28,526580	34,134877	16,270690	33,574963	17,178756	16,891161	35,230029	21,379697	34,857383	21,561259	35,247421	47,406465	40,332377	53,108460	40,514100	53,768396	40,241128	56,086695	29,020268	32,976219	23,378177	32,621139	24,340685	34,327897	100,073087	100,036395	3,385615	63,853335	62,191230	63,487816	62,401944	100,060022	100,004292	35,127419	37,043080	37,913245	34,867078	37,878415	38,834649
594,00	49,291122	61,159015	47,783324	59,738874	47,487605	57,682514	22,428343	58,147347	24,726814	56,355727	30,617729	58,124506	33,732811	57,065678	27,756888	33,478183	28,600931	33,595604	28,619295	34,255970	16,294284	33,683595	17,152822	16,904077	35,325295	21,352854	34,936273	21,532214	35,356238	47,487605	40,416786	53,280830	40,491599	53,827739	40,105045	56,169087	29,069871	33,124825	23,364730	32,744861	24,320936	34,463322	100,013971	99,990195	3,387892	63,822860	62,083513	63,393456	62,305385	100,072408	100,088120	35,174093	37,099361	38,011032	34,895283	37,944385	38,908350
596,00	49,352196	61,243993	47,817466	59,823823	47,538918	57,773232	22,272514	58,170146	24,556294	56,469399	30,426452	58,146542	33,571744	57,118469	27,805915	33,538523	28,686443	33,674926	28,686735	34,319860	16,303375	33,771238	17,144783	16,915292	35,377711	21,335007	35,004970	21,525691	35,396725	47,538918	40,491354	53,474140	40,486625	53,956062	40,000880	56,224763	29,149720	33,240995	23,359019	32,830128	24,267153	34,539002	99,949867	100,032997	3,385844	63,746703	62,068152	63,249320	62,272817	100,009668	99,983859	35,177463	37,139454	38,018653	34,910592	37,952721	38,926837
598,00	49,424422	61,227387	47,898322	59,854299	47,643647	57,833821	22,129220	58,176446	24,403833	56,474262	30,298001	58,165377	33,452111	57,139772	27,848771	33,623645	28,740105	33,764866	28,745586	34,414729	16,318287	33,829659	17,113811	16,906103	35,461539	21,316376	35,080492	21,505031	35,496581	47,643647	40,606871	53,600335	40,536699	54,037416	39,939773	56,281590	29,213294	33,392018	23,359290	32,913285	24,246864	34,617510	99,941081	99,997538	3,386617	63,697016	61,986268	63,238913	62,229419	99,977702	100,026703	35,213706	37,177819	38,068381	34,943363	38,020957	38,956201
600,00	49,450096	61,323738	47,934106	59,962344	47,652215	57,970428	21,921414	58,277953	24,164692	56,582403	30,072832	58,222622	33,274934	57,236153	27,905038	33,697566	28,807193	33,882192	28,820345	34,531680	16,289723	33,897588	17,074069	16,902564	35,550430	21,264544	35,184082	21,486522	35,568124	47,652215	40,695822	53,801709	40,515459	54,163867	39,832506	56,394327	29,297706	33,501396	23,375203	33,012700	24,223095	34,708413	99,930525	100,074744	3,387262	63,629711	62,022430	63,186640	62,218094	100,003457	100,033236	35,256326	37,221912	38,125670	34,979871	38,067666	38,999027
602,00	49,378958	61,245376	47,936612	59,967619	47,641242	57,969457	21,687867	58,226347	23,925981	56,583667	29,841423	58,204943	33,088306	57,190400	27,944732	33,763009	28,848225	33,988547	28,867671	34,585899	16,261542	33,967534	16,991846	16,860017	35,615686	21,222851	35,235912	21,454513	35,642546	47,641242	40,751153	53,937483	40,481907	54,191899	39,678046	56,421465	29,365811	33,610877	23,381269	33,103099	24,167962	34,806445	99,998456	100,024641	3,386211	63,630307	61,906761	63,157225	62,148893	100,007653	100,000906	35,303050	37,246129	38,149789	35,010162	38,103133	39,042148
604,00	49,264064	61,277002	47,840121	60,063797	47,610831	58,039606	21,432754	58,305943	23,615324	56,636316	29,591990	58,268321	32,838571	57,243937	27,911216	33,833951	28,881738	34,049064	28,877419	34,663773	16,186178	34,028175	16,914687	16,793433	35,666883	21,157719	35,279950	21,387845	35,691652	47,610831	40,808845	54,077578	40,429819	54,326695	39,502922	56,496096	29,431400	33,741128	23,370461	33,175090	24,132615	34,891251	99,968839	100,048435	3,381705	63,583696	61,866724	63,094038	62,113774	100,058079	99,985975	35,348737	37,291232	38,192064	35,059655	38,113326	39,074326
606,00	49,069715	61,307418	47,731301	60,078263	47,517341	58,100843	21,115857	58,304685	23,293333	56,622279	29,284281	58,255059	32,556203	57,227379	27,891278	33,917785	28,849643	34,132266	28,856650	34,758499	16,108130	34,099540	16,787425	16,708335	35,725930	21,074443	35,358420	21,326298	35,762933	47,517341	40,820149	54,215413	40,331000	54,355222	39,215165	56,541193	29,510027	33,837715	23,339675	33,272240	24,068889	34,956989	99,995130	100,010407	3,379287	63,515306	61,791736	63,060409	62,031353	100,052333	100,001466	35,395908	37,337831	38,220924	35,127372	38,179424	39,145318
608,00	48,827788	61,346567	47,526988	60,140461	47,353113	58,211809	20,786117	58,338344	22,937599	56,688708	28,978050	58,283031	32,208320	57,347405	27,827311	33,990037	28,853959	34,222925	28,815803	34,844279	16,018425	34,163785	16,661245	16,605936	35,787326	20,973858	35,416377	21,224275	35,829821	47,353113	40,795672	54,367632	40,155992	54,502273	38,936749	56,613243	29,540628	33,936736	23,308776	33,361545	23,985949	35,044476	99,988222	100,082481	3,378841	63,466245	61,819345	62,976837	62,039638	100,072515	100,021398	35,433432	37,378749	38,261425	35,166922	38,198513	39,163607
610,00	48,567352	61,315215	47,343209	60,162681	47,154963	58,152449	20,449223	58,265084	22,569188	56,624287	28,645173	58,238852	31,869662	57,298523	27,768934	34,051281	28,841144	34,338218	28,788695	34,943360	15,918638	34,212407	16,527073	16,488400	35,879335	20,866641	35,503098	21,120317	35,919324	47,154963	40,762153	54,470789	40,011406	54,541332	38,570786	56,606960	29,618630	34,069687	23,255830	33,465058	23,889130	35,143134	99,987483	100,003612	3,380488	63,437617	61,681050	62,909436	61,954361	100,054777	100,044036	35,478827	37,422621	38,329679	35,206100	38,259369	39,200577
612,00	48,204976	61,349261	47,081006	60,224766	46,950018	58,231407	20,115548	58,263880	22,230248	56,650394	28,311744	58,283156	31,485951	57,300764	27,686909	34,122258	28,794098	34,409508	28,733534	35,012063	15,805039	34,262162	16,384476	16,369291	35,914022	20,740367	35,526258	21,017309	35,974997	46,950018	40,700749	54,600608	39,788917	54,584271	38,186875	56,688541	29,652697	34,168887	23,217396	33,527935	23,788856	35,213727	99,933028	99,984378	3,375525	63,332957	61,623192	62,888819	61,895877	100,105941	99,989587	35,528296	37,430295	38,354298	35,227832	38,271663	39,231977
614,00	47,868139	61,394286	46,918803	60,270125	46,778533	58,317351	19,824457	58,335841	21,900015	56,696033	28,015631	58,319962	31,157598	57,357270	27,597442	34,181821	28,738603	34,510076	28,691325	35,109082	15,710431	34,328592	16,252676	16,282184	35,952911	20,634022	35,601565	20,933539	36,067235	46,778533	40,654624	54,744995	39,614809	54,665953	37,824428	56,718290	29,689419	34,263784	23,167118	33,635262	23,692365	35,322383	99,983895	100,042868	3,382014	63,309169	61,596495	62,831956	61,849183	100,045025	100,008857	35,552779	37,476036	38,420558	35,281718	38,337681	39,288089
616,00	47,592267	61,392325	46,724147	60,325509	46,590501	58,360058	19,571947	58,328962	21,629597	56,650895	27,729383	58,336914	30,893484	57,385850	27,524278	34,251225	28,707394	34,588155	28,657252	35,155842	15,636823	34,372970	16,159287	16,193677	36,018300	20,559935	35,667184	20,834738	36,116111	46,590501	40,628532	54,872996	39,480150	54,747021	37,505081	56,759441	29,762736	34,384668	23,138429	33,682200	23,606513	35,400763	99,960327	99,991500	3,373365	63,259387	61,589080	62,823784	61,804354	100,077379	100,004756	35,601112	37,531877	38,444865	35,308304	38,376272	39,314798
618,00	47,328204	61,398679	46,519229	60,367352	46,430215	58,408332	19,345678	58,339024	21,384512	56,669885	27,509764	58,332855	30,573517	57,403833	27,471021	34,355772	28,703609	34,697855	28,612188	35,254392	15,578666	34,459063	16,072895	16,121036	36,111650	20,482796	35,760152	20,764248	36,199048	46,430215	40,609118	55,006713	39,378422	54,818803	37,238830	56,803703	29,790637	34,508926	23,137909	33,785221	23,553392	35,484219	99,966502	99,997079	3,373706	63,202471	61,543453	62,731099	61,738217	100,023890	100,026047	35,621563	37,565553	38,516322	35,344219	38,449228	39,375058
620,00	47,131962	61,395729	46,406040	60,369444	46,325293	58,442223	19,167803	58,315951	21,206084	56,681627	27,280065	58,342302	30,328345	57,392919	27,439827	34,405386	28,690442	34,772786	28,604937	35,335881	15,555958	34,505540	16,031815	16,098252	36,160892	20,409034	35,813409	20,714024	36,266795	46,325293	40,613273	55,113602	39,270270	54,884315	37,002575	56,791365	29,863372	34,602210	23,156162	33,879012	23,502563	35,537919	99,937367	99,999064	3,375495	63,155437	61,430407	62,689322	61,666536	100,056696	100,017846	35,671502	37,619582	38,517487	35,380277	38,473976	39,389333
622,00	46,977103	61,436349	46,261558	60,460216	46,242377	58,498675	19,034499	58,338171	21,051429	56,715465	27,119437	58,373934	30,163890	57,440764	27,422893	34,477264	28,690800	34,871548	28,618422	35,430774	15,547818	34,576795	15,983438	16,076995	36,216086	20,390472	35,877982	20,706014	36,340711	46,242377	40,612888	55,217475	39,214090	54,942453	36,818120	56,874400	29,921982	34,686843	23,215264	33,973899	23,535243	35,606238	100,020170	100,059354	3,374445	63,151282	61,397183	62,686074	61,670303	100,084710	100,093937	35,720527	37,653264	38,582811	35,424274	38,533837	39,465487
624,00	46,851081	61,436284	46,201256	60,484987	46,218970	58,542395	18,934172	58,345222	20,939036	56,745154	26,953927	58,374172	30,015838	57,468581	27,415523	34,539109	28,720313	34,966236	28,632930	35,503900	15,549651	34,667838	15,970376	16,072424	36,274007	20,351562	35,938591	20,710413	36,413902	46,218970	40,695304	55,343986	39,220852	54,986763	36,764032	56,894493	29,969776	34,818509	23,279065	34,021744	23,536363	35,716203	99,981898	99,978429	3,373537	63,095295	61,365241	62,635249	61,604041	100,063539	100,032890	35,730809	37,708104	38,625509	35,452834	38,541046	39,523306
626,00	46,753204	61,445868	46,171701	60,517126	46,154866	58,559257	18,855958	58,361614	20,850292	56,727970	26,836041	58,396429	29,899517	57,459497	27,465385	34,553683	28,758392	35,032794	28,689423	35,551319	15,582593	34,686479	15,974782	16,085143	36,313143	20,373762	36,003095	20,729741	36,439082	46,154866	40,743247	55,480355	39,245152	55,091041	36,695182	56,939775	30,045843	34,902400	23,391876	34,100613	23,635049	35,759026	99,969065	99,975359	3,374224	63,048077	61,285359	62,552512	61,575371	100,012290	99,989492	35,788628	37,714496	38,647947	35,499522	38,572797	39,514783
628,00	46,679986	61,454630	46,165389	60,534453	46,196628	58,605194	18,811300	58,423984	20,793934	56,784809	26,787668	58,400077	29,816997	57,484990	27,511382	34,665862	28,834623	35,107595	28,749496	35,656941	15,618360	34,731084	15,988190	16,128547	36,379874	20,387016	36,068696	20,771238	36,519775	46,196628	40,786397	55,585063	39,292586	55,148959	36,716405	56,963164	30,127883	34,998313	23,532620	34,197626	23,746818	35,852197	100,000608	100,001442	3,369192	63,027412	61,268806	62,551653	61,523008	100,048721	99,985105	35,841271	37,759200	38,694105	35,527757	38,620508	39,574042
630,00	46,688211	61,469126	46,169481	60,589230	46,179339	58,649242	18,818404	58,400786	20,762543	56,784517	26,739928	58,418137	29,777774	57,528937	27,595955	34,733149	28,908178	35,196123	28,833547	35,717237	15,658550	34,820703	16,013318	16,178824	36,453855	20,448357	36,160180	20,835534	36,624393	46,179339	40,880010	55,703366	39,455670	55,222106	36,821121	57,017076	30,189487	35,091865	23,732549	34,279096	23,904274	35,932177	100,009739	100,005841	3,370568	62,959707	61,231399	62,529695	61,473948	100,091898	99,996030	35,851666	37,826625	38,751477	35,562721	38,672784	39,623097
632,00	46,699986	61,482346	46,220675	60,606486	46,231186	58,690578	18,844098	58,413708	20,784435	56,792939	26,730567	58,435225	29,781798	57,552391	27,681389	34,803903	28,981748	35,288516	28,913990	35,809994	15,752502	34,892488	16,055150	16,230337	36,493647	20,497297	36,176133	20,938219	36,671534	46,231186	41,048476	55,795217	39,577141	55,264455	37,018311	57,046032	30,270427	35,200825	23,944578	34,363574	24,099822	35,978138	100,028896	99,977338	3,375162	62,924379	61,198956	62,468034	61,413449	100,041652	99,966848	35,915849	37,829372	38,761955	35,620177	38,692653	39,653945
634,00	46,773160	61,515266	46,286547	60,658437	46,315747	58,710986	18,885340	58,456093	20,841867	56,815666	26,772314	58,416873	29,870838	57,549840	27,774712	34,880731	29,093242	35,369432	29,039219	35,896778	15,828153	34,979934	16,126361	16,314907	36,623824	20,593207	36,281431	21,073933	36,765897	46,315747	41,206685	55,898225	39,794973	55,364609	37,278363	57,087374	30,370364	35,323274	24,210118	34,453478	24,336451	36,106092	100,007939	99,988192	3,375281	62,882537	61,161196	62,410682	61,366779	100,038183	100,059867	35,940638	37,909088	38,847005	35,663131	38,779199	39,720100
636,00	46,930900	61,532289	46,443498	60,679895	46,463722	58,771336	19,041707	58,451444	20,967573	56,862646	26,931405	58,467478	30,021656	57,604921	27,959299	34,921983	29,199693	35,432035	29,162976	35,939384	15,949863	34,982231	16,204309	16,441527	36,620462	20,716274	36,317047	21,238649	36,808240	46,463722	41,388139	56,014431	40,076232	55,419368	37,613294	57,145256	30,472440	35,396239	24,480417	34,520686	24,583137	36,154962	99,999887	100,022113	3,368624	62,848169	61,112857	62,384313	61,346579	100,026011	99,983478	35,960644	37,919721	38,863114	35,679573	38,788113	39,728487
638,00	47,078338	61,556441	46,555680	60,705310	46,603912	58,789492	19,213995	58,429611	21,165600	56,832600	27,114886	58,463079	30,275491	57,566130	28,115523	35,007304	29,341131	35,540372	29,339728	36,017621	16,121069	35,059384	16,345052	16,578779	36,678630	20,903438	36,390269	21,479730	36,857840	46,603912	41,538307	56,145012	40,356654	55,519354	37,959853	57,171923	30,553752	35,488102	24,798840	34,592420	24,905315	36,219978	100,062299	99,956930	3,369429	62,835675	61,053580	62,349087	61,276704	100,020945	100,037265	35,980174	37,975943	38,924447	35,688365	38,833991	39,753288
640,00	47,249144	61,552399	46,707988	60,754341	46,707952	58,878887	19,459802	58,437300	21,404094	56,766027	27,415469	58,437163	30,589566	57,558519	28,300783	35,083908	29,487380	35,639682	29,491833	36,112273	16,297771	35,075802	16,522896	16,791981	36,757478	21,149583	36,445868	21,721426	36,947224	46,707952	41,739932	56,207806	40,665072	55,557823	38,382098	57,180196	30,676422	35,618609	25,143465	34,693190	25,224605	36,328334	100,013137	99,963874	3,370675	62,764502	61,016631	62,285709	61,177152	100,009811	100,012326	36,016923	38,019803	38,941148	35,740957	38,878977	39,826691
642,00	47,348702	61,547428	46,825835	60,796916	46,843287	58,862382	19,745648	58,427519	21,671477	56,783289	27,761832	58,458745	30,939069	57,582778	28,510699	35,126662	29,623812	35,727623	29,673171	36,202413	16,520271	35,141632	16,712447	16,986234	36,790693	21,423769	36,512792	22,022797	37,000549	46,843287	41,903275	56,351227	40,945601	55,675906	38,773119	57,239544	30,786198	35,703099	25,460386	34,781405	25,572154	36,396131	100,012815	99,969882	3,363820	62,736213	60,979408	62,266779	61,167103	100,049186	100,067437	36,063397	38,039640	38,997304	35,795221	38,904813	39,852732
644,00	47,420037	61,591721	46,891794	60,876530	46,929377	58,906186	19,990587	58,366507	21,921869	56,699783	28,099173	58,480096	31,306326	57,638627	28,636789	35,224673	29,713431	35,793442	29,799795	36,270458	16,724893	35,155311	16,888267	17,190312	36,812350	21,678558	36,548641	22,304726	37,073651	46,929377	42,077410	56,457108	41,177091	55,744344	39,055580	57,262009	30,882782	35,799712	25,755537	34,863347	25,849533	36,469328	99,970108	100,076246	3,362700	62,673384	60,935652	62,183142	61,150140	99,988633	100,082731	36,057812	38,111192	39,025420	35,805264	38,955849	39,892691
646,00	47,413826	61,620528	46,862298	60,921031	46,922743	59,010643	20,255008	58,371305	22,171032	56,626540	28,470147	58,509201	31,659535	57,664615	28,781393	35,241342	29,849774	35,862836	29,898530	36,324635	16,914156	35,144809	17,041542	17,382051	36,807850	21,932000	36,601302	22,577164	37,106162	46,922743	42,190877	56,601608	41,360512	55,847633	39,267749	57,292181	30,983886	35,854873	26,002586	34,927124	26,114684	36,534715	99,992442	100,038338	3,364191	62,652546	60,888600	62,153363	61,139089	99,985427	99,946356	36,117005	38,120219	39,044043	35,843718	38,952392	39,928791
648,00	47,200459	61,613506	46,682504	60,921425	46,817535	58,992767	20,398669	58,211744	22,294705	56,537235	28,703865	58,464384	31,853577	57,614362	28,866658	35,338107	29,914051	35,936531	29,969457	36,417264	17,061706	35,199115	17,155071	17,539206	36,873910	22,141114	36,638686	22,802617	37,180510	46,817535	42,200688	56,661296	41,379964	55,887586	39,331567	57,306397	31,072834	35,982817	26,276019	35,019788	26,350632	36,621398	99,921942	100,002968	3,368428	62,599224	60,827637	62,080163	61,044633	100,073647	100,051641	36,182678	38,158563	39,135465	35,891569	39,021075	39,994353
650,00	46,850654	61,667639	46,487027	60,962957	46,583879	59,015995	20,425254	58,197016	22,317834	56,436062	28,834927	58,479011	31,954819	57,590348	28,838423	35,381266	29,887828	35,997775	29,949081	36,463624	17,157932	35,170037	17,191809	17,599536	36,866710	22,296935	36,714756	22,966880	37,224486	46,583879	42,230037	56,785548	41,374189	55,933547	39,224929	57,347333	31,156227	36,069378	26,463321	35,099807	26,450562	36,651587	100,029790	100,010657	3,368798	62,537092	60,809284	62,070906	61,030072	100,029349	100,034106	36,238953	38,205418	39,137745	35,938236	39,077201	39,995998
652,00	46,236396	61,670905	45,990205	60,990250	46,208915	59,044605	20,314941	58,117610	22,205219	56,295347	28,755510	58,426863	31,804347	57,607681	28,701478	35,417879	29,793602	36,077598	29,828587	36,545762	17,134979	35,172451	17,147502	17,574878	36,909747	22,307986	36,745244	23,003916	37,289774	46,208915	42,077136	56,873524	41,174489	55,971986	38,880017	57,338440	31,182519	36,164647	26,546758	35,160279	26,464421	36,716226	99,977475	100,030947	3,371451	62,536222	60,794991	62,025636	60,988992	99,986547	100,029910	36,237094	38,237843	39,173889	35,942659	39,094317	40,039107
654,00	45,359200	61,647350	45,333850	61,004061	45,562243	59,098715	20,010667	58,006918	21,821301	56,147605	28,485888	58,387649	31,438491	57,535106	28,421155	35,517588	29,581460	36,176997	29,580724	36,644191	16,994195	35,157725	16,969042	17,437033	36,929309	22,209248	36,809817	22,935177	37,343901	45,562243	41,843677	56,968427	40,781438	56,039095	38,233632	57,333648	31,210801	36,266288	26,585773	35,288197	26,375219	36,818889	99,927253	99,975061	3,370643	62,428188	60,737735	61,966085	60,918403	100,030267	100,059938	36,280841	38,298360	39,271358	36,014649	39,117870	40,097246
656,00	44,180557	61,694247	44,431540	61,067975	44,743928	59,124935	19,487272	57,898742	21,300042	56,026798	27,995560	58,375621	30,770448	57,581979	28,010291	35,527152	29,265249	36,208069	29,210004	36,674130	16,731876	35,130668	16,658762	17,168023	36,912459	21,997552	36,845666	22,710986	37,380323	44,743928	41,537091	57,099104	40,240330	56,131697	37,355971	57,332635	31,197512	36,374810	26,531813	35,337746	26,128688	36,863482	99,985266	100,013900	3,365849	62,417877	60,730278	61,956668	60,868210	99,988157	100,020170	36,344284	38,308820	39,273113	35,995215	39,175501	40,134254
658,00	42,729253	61,664665	43,276212	61,090338	43,705022	59,154153	18,679160	57,730538	20,464402	55,782390	27,203059	58,319813	29,815629	57,517642	27,435905	35,598710	28,839028	36,312759	28,737250	36,739406	16,327366	35,055625	16,194527	16,707323	36,900154	21,616645	36,884853	22,332969	37,405291	43,705022	41,084415	57,161814	39,447740	56,229186	36,170015	57,288933	31,185225	36,421397	26,367909	35,404900	25,761944	36,943746	99,962801	100,042248	3,373828	62,362587	60,626370	61,893678	60,838747	100,008988	100,052476	36,370566	38,338315	39,320010	36,067611	39,197591	40,179554
660,00	41,025308	61,646432	41,946784	61,108369	42,422128	59,171009	17,646006	57,573682	19,392857	55,535096	26,189449	58,296710	28,570607	57,441759	26,732963	35,640174	28,314206	36,359274	28,108025	36,806014	15,753841	35,016772	15,584987	16,128939	36,823761	21,103320	36,899129	21,773426	37,478247	42,422128	40,487522	57,295430	38,542712	56,323606	34,752864	57,266986	31,101894	36,517209	26,125330	35,470611	25,294355	36,979133	99,939775	100,028789	3,377221	62,325591	60,580570	61,804402	60,861397	100,039434	100,084341	36,397526	38,379464	39,373887	36,075589	39,230934	40,192437
662,00	39,264229	61,703742	40,542230	61,147392	41,053021	59,152693	16,524878	57,340080	18,230297	55,176187	25,023142	58,218616	27,179307	57,422459	25,950879	35,677704	27,728626	36,431500	27,423200	36,875933	15,088704	34,911758	14,895330	15,451877	36,771765	20,478663	36,922160	21,136473	37,481090	41,053021	39,925194	57,352263	37,572157	56,327480	33,257243	57,223326	31,053713	36,607194	25,801888	35,573813	24,726263	37,019283	99,958915	100,059664	3,385008	62,278867	60,574955	61,787575	60,751683	100,100148	100,059974	36,458451	38,420287	39,393958	36,129600	39,276558	40,253770
664,00	37,478888	61,663836	39,109010	61,148012	39,683217	59,157771	15,372604	57,123452	17,026685	54,887503	23,780164	58,136082	25,709409	57,380205	25,186363	35,736161	27,126813	36,496112	26,738361	36,928922	14,404421	34,805253	14,187716	14,734820	36,717024	19,759855	36,934188	20,452528	37,492457	39,683217	39,342836	57,438022	36,608955	56,351393	31,714609	57,164174	30,994901	36,699596	25,413889	35,649577	24,155168	37,103105	99,938226	100,051939	3,389224	62,228954	60,502499	61,753738	60,721219	100,127876	100,098610	36,500916	38,475028	39,458492	36,167613	39,323634	40,290424
666,00	35,815659	61,589068	37,717041	61,114609	38,383344	59,144080	14,281172	56,827307	15,898591	54,475790	22,563207	58,041346	24,259391	57,269293	24,398442	35,743845	26,535985	36,525857	26,052037	36,939985	13,683867	34,680453	13,471742	14,005314	36,659577	19,073659	36,919829	19,725648	37,470895	38,383344	38,736007	57,523292	35,667956	56,401950	30,274561	57,060796	30,907038	36,758986	25,042257	35,684997	23,576809	37,112540	100,000525	100,011206	3,391010	62,179995	60,463971	61,707890	60,662133	100,103021	99,943894	36,528549	38,499495	39,464512	36,234173	39,358509	40,308502
668,00	34,426802	61,673111	36,599886	61,196715	37,245637	59,210891	13,393697	56,675839	14,967074	54,218376	21,516341	58,031166	23,025703	57,251871	23,719315	35,778096	26,012090	36,571136	25,463194	36,976776	13,089666	34,538504	12,877937	13,378336	36,562815	18,438743	36,916742	19,129220	37,494960	37,245637	38,246238	57,610333	34,883559	56,453711	29,089150	57,060516	30,832824	36,833823	24,694018	35,752228	23,085268	37,181699	100,043571	100,134981	3,398531	62,183350	60,408521	61,666483	60,654253	100,076997	99,981904	36,566600	38,512790	39,489219	36,245555	39,343417	40,329444
670,00	33,323583	61,617649	35,686088	61,194879	36,342335	59,232998	12,723625	56,456709	14,257607	53,907770	20,707054	57,943350	22,123842	57,156104	23,242530	35,833102	25,643030	36,673835	24,999225	37,060893	12,647322	34,535226	12,442859	12,921721	36,559919	17,999078	36,958665	18,634281	37,567428	36,342335	37,878773	57,666808	34,241164	56,494617	28,107908	57,009184	30,818960	36,958644	24,480307	35,821897	22,712788	37,242663	99,879777	100,061095	3,406114	62,085211	60,411936	61,572903	60,605282	100,063872	100,033534	36,603358	38,610691	39,602730	36,279404	39,428613	40,436172
672,00	32,617828	61,618364	35,096794	61,230206	35,727319	59,254050	12,307810	56,332338	13,833138	53,820860	20,182891	57,928061	21,476673	57,141709	22,899446	35,866603	25,395596	36,691669	24,719116	37,109211	12,365935	34,463215	12,168173	12,624379	36,529255	17,675322	36,980924	18,309455	37,585726	35,727319	37,617919	57,825178	33,852696	56,562483	27,488908	57,001936	30,810788	37,008977	24,318977	35,881639	22,453773	37,293833	99,960864	100,080514	3,419675	62,027311	60,395139	61,566180	60,603130	100,136149	100,027180	36,647472	38,645980	39,585170	36,335301	39,459297	40,415692
674,00	32,231009	61,569244	34,782296	61,195153	35,392961	59,265053	12,089378	56,194597	13,616805	53,698647	19,828811	57,834601	21,036801	57,082844	22,722015	35,924131	25,226134	36,749488	24,514322	37,206244	12,242340	34,478369	12,035581	12,471364	36,539498	17,451002	37,011987	18,089552	37,613922	35,392961	37,504414	57,812637	33,664128	56,570542	27,093810	56,983471	30,839550	37,119278	24,202693	35,939363	22,307190	37,349308	100,055933	100,081766	3,439047	62,063766	60,324317	61,573017	60,546243	100,008273	100,072622	36,656350	38,669690	39,649782	36,346772	39,501113	40,506685
676,00	32,022658	61,530876	34,657115	61,172694	35,257471	59,220904	12,036643	56,167531	13,545164	53,637522	19,660310	57,754546	20,815374	57,025933	22,615972	35,946441	25,217658	36,818883	24,469288	37,259778	12,221155	34,524110	12,011619	12,462883	36,573315	17,360397	37,058854	17,968802	37,637451	35,257471	37,447807	57,845044	33,523357	56,585854	26,776114	56,968081	30,841282	37,176740	24,183941	36,015618	22,252460	37,403193	99,982476	100,032794	3,444147	61,981922	60,266161	61,493790	60,487783	99,970841	100,056541	36,676112	38,692799	39,685887	36,385190	39,562386	40,526092
678,00	32,100531	61,578709	34,773755	61,232787	35,301736	59,258562	12,148295	56,133765	13,663505	53,709990	19,672512	57,772189	20,800394	56,997257	22,701892	36,019349	25,284469	36,886764	24,571030	37,285414	12,352426	34,563619	12,142589	12,577491	36,631376	17,390996	37,094843	17,978911	37,712088	35,301736	37,464711	57,954633	33,549103	56,638765	26,758981	56,981444	30,953342	37,262085	24,253163	36,060977	22,319217	37,482035	100,017631	100,069904	3,461323	62,029493	60,254216	61,489844	60,435188	100,019681	100,046062	36,734131	38,718331	39,729363	36,433274	39,585641	40,582171
680,00	32,509431	61,587179	35,170686	61,284626	35,653785	59,287852	12,495133	56,220114	14,021754	53,791869	19,930200	57,734936	21,079046	57,056934	22,927350	36,048508	25,532326	36,916620	24,788521	37,337708	12,653448	34,672871	12,436491	12,877241	36,625794	17,597915	37,096578	18,212441	37,717706	35,653785	37,638247	58,004087	33,769140	56,686687	26,962477	57,056957	31,078506	37,325487	24,449374	36,123258	22,462533	37,495244	100,043416	100,033689	3,491868	61,969274	60,168964	61,447018	60,418761	100,001764	99,974298	36,770511	38,742283	39,746341	36,480314	39,585906	40,578833
682,00	33,336559	61,563879	35,898799	61,250782	36,322081	59,288651	13,194108	56,318504	14,759131	53,923202	20,590618	57,723284	21,809871	57,063890	23,366901	36,099780	25,959176	36,966705	25,215533	37,374678	13,206670	34,771547	12,957732	13,442931	36,779940	18,051013	37,172759	18,662748	37,776130	36,322081	38,000858	58,059871	34,251621	56,687784	27,505109	57,034719	31,204429	37,362495	24,754898	36,203212	22,809905	37,587175	99,973226	100,022948	3,500077	61,887491	60,141301	61,419892	60,358572	99,956250	100,031197	36,808357	38,770822	39,806736	36,486459	39,667457	40,626952
684,00	34,657165	61,576891	37,015167	61,314076	37,409064	59,331119	14,370279	56,460750	15,990227	54,264599	21,771841	57,807130	23,112410	57,072514	24,078165	36,177307	26,543710	37,064064	25,902218	37,470055	14,102255	34,940138	13,803937	14,331254	36,921579	18,810979	37,276372	19,409595	37,868264	37,409064	38,537070	58,124590	35,015002	56,765687	28,510907	57,121414	31,392092	37,452066	25,245595	36,267045	23,356156	37,669981	99,939269	100,050676	3,533506	61,872751	60,100508	61,360472	60,302246	99,991846	100,026715	36,815366	38,850725	39,841902	36,529714	39,694339	40,663555
686,00	36,395204	61,557454	38,510591	61,258227	38,825130	59,287810	16,088274	56,642687	17,751645	54,553837	23,471227	57,744324	24,938183	57,124323	24,997663	36,243516	27,264044	37,161446	26,717618	37,535235	15,240572	35,148090	14,956640	15,489736	37,055734	19,877906	37,326032	20,404392	37,958944	38,825130	39,231518	58,118552	36,105725	56,740171	29,880756	57,188165	31,591791	37,538812	25,909472	36,347678	24,075200	37,729669	99,920923	99,984628	3,567579	61,834979	60,033226	61,286670	60,259247	99,967897	99,975675	36,884236	38,851166	39,865416	36,552611	39,761001	40,732419
688,00	38,586837	61,549503	40,333194	61,319470	40,588528	59,295177	18,339451	56,830734	20,044982	54,869550	25,720629	57,797533	27,378604	57,143325	26,168999	36,329594	28,175381	37,189034	27,748862	37,558404	16,688116	35,416871	16,407685	16,971464	37,242770	21,222535	37,410572	21,723528	37,987596	40,588528	40,074027	58,148789	37,464127	56,751120	31,753275	57,251370	31,851184	37,616390	26,703706	36,380538	24,996975	37,798214	100,000322	99,917549	3,605855	61,785632	59,994328	61,283118	60,232842	99,969572	99,994177	36,904222	38,903949	39,915389	36,578673	39,779189	40,768415
690,00	41,067487	61,612850	42,359725	61,337912	42,500672	59,336996	21,114172	57,071841	22,874980	55,315423	28,383467	57,874215	30,237582	57,182550	27,414343	36,370105	29,160109	37,327498	28,885829	37,656620	18,384437	35,644829	18,080482	18,651050	37,422457	22,736458	37,497652	23,222555	38,140580	42,500672	41,119656	58,235765	39,090765	56,833082	33,992538	57,404906	32,133406	37,702188	27,611685	36,474797	26,098242	37,887582	100,039589	99,993533	3,655852	61,818504	59,997129	61,331940	60,240078	99,930811	100,026155	36,987773	38,979757	39,957151	36,614639	39,856040	40,798327
692,00	43,558085	61,602354	44,290948	61,325175	44,440663	59,314775	24,072792	57,250607	25,977227	55,646986	31,146789	57,902157	33,247486	57,197988	28,639174	36,463046	30,168122	37,393758	30,009237	37,737694	20,076986	35,869473	19,814639	20,367080	37,610686	24,323945	37,613308	24,707790	38,200340	44,440663	42,031974	58,319438	40,664676	56,827879	36,356515	57,584697	32,390809	37,784192	28,568280	36,563861	27,216554	37,967438	99,917758	99,963343	3,711493	61,745089	59,977633	61,204362	60,179943	99,934745	100,019062	36,961165	39,006060	39,979216	36,600778	39,887515	40,826494
694,00	45,802024	61,611116	46,111220	61,303723	46,096268	59,357512	27,033368	57,422918	28,947142	55,902702	33,814770	57,924980	36,180893	57,265198	29,857564	36,534187	31,080583	37,436339	31,003937	37,803993	21,688025	36,033881	21,485431	21,992822	37,739217	25,832194	37,628183	26,171675	38,255185	46,096268	42,950416	58,341831	42,245424	56,883878	38,724700	57,606912	32,661986	37,834007	29,562372	36,593232	28,352484	38,002479	99,906152	99,959421	3,770408	61,726654	59,896654	61,125076	60,115796	100,087500	99,944979	37,023178	39,038026	40,029275	36,716148	39,897910	40,850085
696,00	47,972715	61,616009	47,774121	61,362243	47,740078	59,327680	29,999006	57,644111	31,887370	56,272733	36,482403	57,950032	39,053035	57,287836	30,889931	36,554474	31,868705	37,514895	31,920055	37,833244	23,232998	36,216286	23,061939	23,543362	37,908304	27,214453	37,730461	27,465755	38,340995	47,740078	43,844303	58,363181	43,732661	56,934148	41,030616	57,672763	32,844365	37,891316	30,389470	36,693627	29,396108	38,095656	100,033569	99,988627	3,853102	61,673152	59,865338	61,158657	60,052246	99,894369	99,967366	37,028092	39,050043	40,079367	36,724073	39,939708	40,883499
698,00	49,810314	61,623567	49,189863	61,435324	49,096760	59,419489	32,667124	57,834536	34,617442	56,509960	38,858470	58,041263	41,506109	57,371837	31,818202	36,635751	32,568619	37,543955	32,744855	37,899059	24,627317	36,400935	24,544874	24,995036	38,002530	28,473288	37,842637	28,670084	38,437283	49,096760	44,586599	58,426684	45,069146	57,009917	43,170625	57,823116	33,088920	37,964475	31,266665	36,675122	30,390209	38,170373	99,963534	100,010288	3,945518	61,616015	59,855485	61,097288	60,054588	100,066733	99,937791	37,110448	39,104211	40,115464	36,804402	39,960042	40,912619
700,00	51,282519	61,686987	50,350606	61,431122	50,128233	59,429085	35,098734	58,073652	37,046447	56,763166	40,855458	58,055335	43,625507	57,383478	32,577300	36,718762	33,148503	37,652743	33,388945	37,987468	25,841802	36,579254	25,816327	26,193708	38,163990	29,524696	37,883034	29,625991	38,492885	50,128233	45,289162	58,507037	46,254054	56,932604	45,031634	57,913870	33,230323	38,046077	31,915116	36,763912	31,194523	38,222209	99,962133	100,058472	4,066258	61,619294	59,778529	61,060399	60,064524	100,035870	99,934942	37,083721	39,134729	40,156239	36,787364	40,024558	41,013294
702,00	52,469522	61,690086	51,253647	61,430347	50,989711	59,454763	37,257141	58,186954	39,235622	57,007802	42,572311	58,104575	45,475233	57,500118	33,195591	36,775434	33,626363	37,708291	33,905211	38,021815	26,911360	36,738408	26,948667	27,308285	38,266644	30,441657	37,960887	30,488896	38,603574	50,989711	45,877665	58,583820	47,223952	57,052624	46,647054	58,016509	33,369797	38,091159	32,526574	36,864597	31,928957	38,282931	99,966776	100,055552	4,199292	61,580116	59,802830	61,049539	59,997100	100,029862	99,974370	37,112847	39,164150	40,183794	36,815292	40,058297	41,025501
704,00	53,453058	61,754102	52,018875	61,491400	51,708162	59,486276	39,191857	58,352906	41,129890	57,234246	44,084233	58,202899	46,983969	57,552803	33,660153	36,801913	34,006786	37,761933	34,380272	38,107109	27,913672	36,866772	28,000829	28,295073	38,362840	31,239036	38,024634	31,250092	38,630009	51,708162	46,281636	58,557075	48,031175	57,034719	47,935843	58,047694	33,524856	38,152191	33,034647	36,916867	32,586968	38,343030	99,866778	100,132108	4,352736	61,503816	59,754395	61,029989	60,020363	100,058341	99,992788	37,170747	39,218983	40,255874	36,877424	40,091211	41,082978
706,00	54,186612	61,675423	52,533299	61,447299	52,211690	59,443015	40,894371	58,468008	42,829788	57,399315	45,306319	58,166969	48,188928	57,530516	34,037510	36,907440	34,324500	37,816274	34,748945	38,144928	28,786156	36,997700	28,879356	29,143125	38,513440	31,891590	38,103640	31,822255	38,725454	52,211690	46,671712	58,581716	48,674124	57,087767	49,054268	58,098590	33,611080	38,245961	33,470666	36,967686	33,122662	38,417876	99,873972	99,964875	4,546980	61,485022	59,744501	60,924852	59,903318	100,019515	99,977213	37,222278	39,246562	40,251055	36,909661	40,102759	41,084102
708,00	54,784602	61,717767	52,978021	61,439079	52,687681	59,428430	42,447624	58,543295	44,332114	57,573599	46,447068	58,243853	49,324906	57,578689	34,380549	36,949107	34,553328	37,915692	35,015661	38,181478	29,524925	37,140736	29,619363	29,872355	38,672179	32,509080	38,159934	32,324582	38,768768	52,687681	46,977004	58,552879	49,282050	57,044190	49,989977	58,126414	33,715034	38,254112	33,832282	37,010452	33,569348	38,450944	99,880415	100,016069	4,754400	61,476868	59,677261	60,937178	59,857243	100,065541	99,930185	37,249392	39,281568	40,301645	36,912057	40,134013	41,150075
710,00	55,181718	61,718053	53,381586	61,464262	53,077883	59,446073	43,870583	58,653897	45,751745	57,771963	47,446963	58,258486	50,256330	57,625437	34,641707	36,997354	34,782985	37,963045	35,234958	38,196895	30,207545	37,277287	30,430040	30,586150	38,746655	33,023566	38,235366	32,797545	38,871571	53,077883	47,232515	58,659071	49,767625	57,114720	50,864047	58,113539	33,805171	38,363400	34,158820	37,072185	33,936396	38,528660	99,878550	99,898934	4,997803	61,469674	59,669125	60,933059	59,870541	100,130224	99,942368	37,286797	39,334479	40,323344	36,976609	40,221962	41,188920
712,00	55,645484	61,773318	53,705156	61,578739	53,326339	59,509468	45,214063	58,836961	47,088870	57,990372	48,410597	58,368790	51,150846	57,718486	34,838295	37,039298	34,955969	38,017735	35,407743	38,316575	30,863094	37,368670	31,036368	31,205815	38,850650	33,507279	38,324913	33,171314	38,947627	53,326339	47,573480	58,701223	50,220913	57,133049	51,682645	58,228356	33,879456	38,460931	34,465232	37,157035	34,342590	38,556159	99,949396	100,049675	5,285653	61,480075	59,723198	61,010295	59,831721	99,999738	99,970472	37,296095	39,399678	40,382469	36,972579	40,240109	41,222131
714,00	55,944008	61,753339	53,926051	61,469859	53,532261	59,488666	46,412838	58,956194	48,181230	58,109033	49,184549	58,345824	51,895255	57,730836	35,043824	37,103385	35,120124	38,091668	35,596508	38,389352	31,440228	37,496352	31,647110	31,796035	38,950011	33,933699	38,377753	33,530512	38,990104	53,532261	47,695130	58,762205	50,544846	57,157195	52,344853	58,303934	33,988339	38,482720	34,741610	37,195477	34,692088	38,669595	99,896598	99,961722	5,603433	61,440587	59,641182	60,853976	59,833854	100,009441	100,027013	37,318772	39,433506	40,392846	37,045884	40,269279	41,281906
716,00	56,244677	61,790735	54,169255	61,487377	53,751403	59,515429	47,484389	59,022975	49,189523	58,274460	49,952969	58,418453	52,577418	57,752037	35,225880	37,216723	35,276169	38,151950	35,773805	38,391963	32,039940	37,537196	32,184747	32,344845	39,024460	34,357274	38,422602	33,890453	39,014649	53,751403	47,877970	58,764935	50,873256	57,152337	53,012401	58,337283	34,035575	38,567153	34,950024	37,268630	34,997326	38,712546	100,011027	100,000513	5,968262	61,356956	59,601140	60,819393	59,787101	100,028789	99,961072	37,364942	39,418525	40,470549	37,036332	40,306857	41,311491
718,00	56,516391	61,803746	54,337692	61,584961	53,941953	59,499633	48,555058	59,133810	50,267571	58,398223	50,733948	58,470124	53,320742	57,827663	35,360157	37,220564	35,429418	38,234249	35,909367	38,491112	32,571176	37,679046	32,713360	32,916045	39,144588	34,721097	38,537389	34,201008	39,164490	53,941953	48,166692	58,854008	51,273412	57,159287	53,638643	58,385700	34,119922	38,585195	35,243413	37,328628	35,328043	38,772008	99,961829	100,049949	6,356971	61,395025	59,623778	60,884041	59,782726	100,134778	100,032544	37,389895	39,526862	40,520537	37,119552	40,313748	41,349012
720,00	56,750017	61,822647	54,602706	61,614180	54,141176	59,556532	49,502450	59,222686	51,150751	58,563572	51,400441	58,521158	53,900635	57,910442	35,511172	37,304676	35,504472	38,246822	36,012605	38,517070	32,982844	37,791112	33,255944	33,328864	39,176983	35,087949	38,567144	34,459779	39,225829	54,141176	48,379049	58,896405	51,519477	57,262015	54,135907	58,433396	34,205556	38,670745	35,415512	37,327629	35,591564	38,792938	99,995959	100,028253	6,791988	61,420202	59,578139	60,849291	59,799111	99,972534	100,019574	37,439805	39,520225	40,581739	37,087190	40,349105	41,352516
722,00	56,919384	61,826283	54,687810	61,577117	54,279953	59,500253	50,337440	59,308088	52,022600	58,630860	51,951283	58,598506	54,356861	57,901877	35,611302	37,353364	35,620317	38,319933	36,134553	38,588378	33,467761	37,841350	33,653176	33,780742	39,243567	35,442951	38,631162	34,776106	39,263403	54,279953	48,472214	58,965558	51,747143	57,217026	54,628092	58,456486	34,277225	38,752320	35,643908	37,375009	35,836673	38,874081	99,880010	99,982864	7,311273	61,368102	59,605193	60,858995	59,764373	100,006986	100,039029	37,450230	39,549893	40,632933	37,162364	40,417594	41,394025
724,00	57,068455	61,901820	54,933113	61,655390	54,339802	59,621930	51,131701	59,390312	52,758914	58,812559	52,490616	58,683676	54,823047	58,054250	35,750118	37,374333	35,757506	38,353705	36,281165	38,595676	33,860713	37,899604	34,100842	34,151754	39,301315	35,726154	38,653338	35,021684	39,282668	54,339802	48,636630	59,043711	51,925647	57,333118	55,114394	58,551306	34,322089	38,767165	35,741884	37,423924	36,096257	38,917932	99,955714	100,151336	7,837530	61,372739	59,658426	60,894537	59,790158	100,083733	100,007951	37,477359	39,520833	40,571034	37,191305	40,403408	41,448596
726,00	57,194239	61,913049	54,980910	61,719424	54,488802	59,691548	51,777029	59,501565	53,354126	58,940524	53,028286	58,726990	55,235422	58,088773	35,837477	37,396386	35,823104	38,387367	36,375403	38,605604	34,228858	37,988678	34,393859	34,508878	39,344415	36,026379	38,660085	35,205600	39,316872	54,488802	48,776826	59,086651	52,157313	57,377493	55,439299	58,600801	34,377590	38,817769	35,921514	37,441784	36,345378	38,934940	99,779642	100,075579	8,407783	61,256403	59,631640	60,817307	59,813607	100,009835	99,845910	37,509024	39,529532	40,619984	37,185287	40,380481	41,434708
728,00	57,359779	61,950463	55,122191	61,773473	54,646975	59,760505	52,477229	59,571224	53,991252	59,101558	53,397667	58,787179	55,678040	58,167911	35,939091	37,502602	35,877457	38,505775	36,428469	38,722989	34,539068	38,140047	34,753460	34,809655	39,489469	36,285090	38,825783	35,381562	39,468724	54,646975	48,896113	59,200168	52,413958	57,443208	55,814070	58,673960	34,429494	38,943627	36,079216	37,549531	36,422339	39,052373	99,917567	100,109804	9,031300	61,378354	59,715784	60,833937	59,857845	99,900591	100,094259	37,499678	39,661390	40,675437	37,198362	40,484902	41,524681
730,00	57,561100	61,969829	55,292404	61,747634	54,831374	59,741724	53,012419	59,654456	54,588145	59,230518	53,832227	58,859348	56,107616	58,240664	36,042672	37,600076	35,974580	38,564926	36,524907	38,768765	34,907827	38,217571	35,063133	35,125056	39,556038	36,510730	38,874543	35,616452	39,532253	54,831374	49,014014	59,265864	52,567703	57,488769	56,112796	58,773965	34,495103	38,995248	36,230507	37,610766	36,624753	39,089504	99,885350	100,089264	9,669647	61,377466	59,645057	60,861260	59,796071	100,056851	100,202286	37,588391	39,691761	40,735617	37,277523	40,576038	41,572702
732,00	57,727963	61,988628	55,387545	61,745006	54,919344	59,816629	53,560382	59,686512	55,047071	59,267324	54,187298	58,924848	56,429440	58,285928	36,159351	37,542209	36,116296	38,558304	36,654237	38,753971	35,175782	38,219237	35,367104	35,413882	39,563906	36,708587	38,916013	35,809335	39,524218	54,919344	49,188328	59,324604	52,814490	57,433754	56,430417	58,754241	34,548524	39,064935	36,362892	37,611857	36,806175	39,109123	99,854052	100,027871	10,394741	61,383611	59,698004	60,883093	59,889024	100,048792	99,998450	37,573048	39,692184	40,674555	37,299201	40,522373	41,585881
734,00	57,862198	62,021077	55,588120	61,805415	55,088711	59,835875	54,052734	59,868258	55,517292	59,439719	54,594195	58,992571	56,782562	58,362108	36,217585	37,603801	36,118680	38,611516	36,700332	38,819024	35,351518	38,272122	35,594189	35,638866	39,621016	36,922958	38,939190	35,958576	39,599979	55,088711	49,274176	59,409314	52,901185	57,468492	56,703907	58,797556	34,581363	39,099267	36,508256	37,641239	36,944339	39,149696	99,883658	100,117946	11,154492	61,441410	59,613109	60,899377	59,895539	99,916422	99,969375	37,548485	39,694005	40,747845	37,320235	40,578020	41,562608
736,00	57,934964	62,062192	55,640507	61,832833	55,177993	59,826553	54,432577	59,905714	55,865449	59,550375	54,900271	59,023964	56,959802	58,427572	36,267099	37,708285	36,252972	38,681614	36,825305	38,905388	35,578719	38,360557	35,778472	35,876408	39,710090	37,052000	38,997471	36,085063	39,671382	55,177993	49,428424	59,425884	53,086352	57,543689	56,914783	58,860338	34,653619	39,160416	36,533082	37,724799	37,100774	39,232549	99,882418	99,993688	11,889464	61,417520	59,658396	60,898888	59,923112	99,903470	99,994135	37,584370	39,749798	40,774596	37,321073	40,594828	41,637048
738,00	58,033127	62,105447	55,764151	61,871707	55,207241	59,871799	54,769647	60,013062	56,145090	59,597099	55,118841	59,121799	57,170701	58,502525	36,351037	37,703884	36,330086	38,698855	36,873984	38,913941	35,808608	38,378671	36,002228	36,089671	39,735672	37,274638	39,021266	36,228570	39,689609	55,207241	49,504766	59,516227	53,165209	57,633346	57,063860	58,901089	34,719181	39,168572	36,675513	37,794766	37,225497	39,257032	99,740320	100,031984	12,650122	61,364490	59,693313	60,859329	59,951222	100,000751	99,991202	37,647223	39,768216	40,802953	37,376526	40,643552	41,638970
740,00	58,270198	62,073022	55,915767	61,935723	55,382532	59,862792	55,181158	59,990895	56,589252	59,632075	55,529624	59,102339	57,501680	58,546883	36,478338	37,741202	36,441281	38,802707	36,991403	38,958305	36,008689	38,519755	36,200225	36,273858	39,794961	37,440631	39,112031	36,363906	39,724123	55,382532	49,683684	59,535825	53,324199	57,677346	57,300526	58,894569	34,816134	39,304131	36,799556	37,811193	37,367380	39,319471	99,939078	100,018668	13,510333	61,496073	59,760404	60,993481	59,926122	99,991983	100,007296	37,725854	39,804119	40,856051	37,379420	40,668911	41,697812
742,00	58,240891	62,176389	55,913389	62,063879	55,431277	60,014164	55,372405	60,186529	56,758177	59,814382	55,621099	59,320378	57,576203	58,724785	36,574182	37,805259	36,458570	38,794386	37,166655	39,034000	36,190259	38,539177	36,365497	36,418343	39,857501	37,575418	39,129439	36,446133	39,818788	55,431277	49,704120	59,743339	53,420806	57,788694	57,422060	59,087992	34,862936	39,367303	36,894360	37,848482	37,484863	39,350772	99,861193	100,176549	14,296249	61,417884	59,813702	61,016327	60,033709	100,016189	100,036812	37,761697	39,804953	40,879595	37,433946	40,682197	41,662559
744,00	58,425480	62,293917	56,112283	62,165934	55,581450	60,158002	55,747229	60,266984	57,148480	59,994686	55,873811	59,478015	57,865638	58,764333	36,626846	37,876126	36,558154	38,951135	37,158200	39,077759	36,367717	38,644058	36,506617	36,544570	39,903623	37,676793	39,225242	36,602902	39,940080	55,581450	49,831563	59,849590	53,542948	57,949948	57,571220	59,214950	34,916240	39,447895	36,939099	37,955225	37,516749	39,453852	99,887770	100,205219	15,170136	61,544061	59,894967	61,022556	60,135722	99,995458	100,053930	37,788075	39,839041	40,873814	37,459019	40,765125	41,739708
746,00	58,560282	62,261319	56,197572	62,123340	55,681860	60,100693	55,905038	60,289246	57,336760	59,964502	56,091207	59,438664	58,022183	58,825523	36,709476	37,932351	36,600122	38,953865	37,226591	39,138231	36,521205	38,709569	36,697194	36,741436	39,981228	37,815017	39,271849	36,685517	39,938530	55,681860	50,010955	59,862167	53,690511	57,860917	57,731003	59,094888	34,964094	39,492208	37,011033	37,999272	37,632796	39,513573	99,973083	100,035870	16,011292	61,589706	59,802419	61,178046	60,040796	99,998331	99,948370	37,777221	39,926749	40,938750	37,478578	40,731221	41,796124
748,00	58,630461	62,389934	56,337726	62,228239	55,775625	60,163587	56,156224	60,396707	57,577205	60,135996	56,282794	59,502244	58,125120	58,933544	36,761314	38,007060	36,646882	39,029494	37,345999	39,178577	36,663681	38,718751	36,743629	36,861420	40,064251	37,929860	39,379790	36,785850	39,968950	55,775625	50,093120	60,013801	53,783160	57,971931	57,855254	59,308445	35,051662	39,580211	37,135592	38,022649	37,710840	39,583886	99,866450	99,976522	16,873623	61,612540	59,958965	61,120605	60,184044	100,059557	99,937582	37,867481	39,949554	40,988529	37,538737	40,806571	41,884461
750,00	58,789939	62,444532	56,352687	62,301999	55,912340	60,290366	56,424379	60,459632	57,673728	60,274267	56,460786	59,619278	58,355498	59,005493	36,814126	38,039303	36,718410	39,131486	37,377617	39,235672	36,768875	38,776824	36,848199	36,989862	40,091217	37,989613	39,418563	36,862111	40,096694	55,912340	50,135154	60,096502	53,908986	58,076036	57,920426	59,321046	35,021633	39,666834	37,184656	38,088250	37,753665	39,619386	99,882209	100,129151	17,749111	61,583996	60,015517	61,154872	60,218608	99,961764	100,023496	37,847579	39,943740	41,069180	37,553349	40,867388	41,884345
752,00	58,849460	62,534630	56,549489	62,356436	56,008005	60,398215	56,588048	60,553050	57,849449	60,337859	56,582665	59,730148	58,482605	59,164530	36,838827	38,068917	36,763328	39,108986	37,429795	39,350301	36,867931	38,895836	36,968440	37,118694	40,202886	38,032132	39,488831	36,946094	40,077704	56,008005	50,290400	60,247254	53,971601	58,107787	58,045870	59,451413	35,076132	39,688039	37,202424	38,191727	37,826324	39,697379	99,802369	100,093830	18,629859	61,624146	60,059559	61,267149	60,337442	99,924356	100,002539	37,836725	40,062377	41,130778	37,502933	40,885118	41,900748
754,00	58,959812	62,547523	56,653214	62,412119	56,177330	60,503417	56,764257	60,690039	58,082217	60,416025	56,774795	59,750926	58,682674	59,267175	36,973679	38,133007	36,877894	39,197049	37,555459	39,350715	37,017262	38,915408	37,153706	37,216896	40,226218	38,182378	39,525041	37,080783	40,216646	56,177330	50,401264	60,276884	54,144961	58,174986	58,117539	59,501046	35,229769	39,737540	37,317285	38,228044	37,937269	39,747784	99,929434	100,084925	19,484763	61,701816	60,176021	61,274183	60,380006	100,033426	99,994886	37,888554	40,090811	41,150475	37,593037	40,906578	41,971898
756,00	59,101522	62,554049	56,719571	62,429285	56,287813	60,497743	56,987691	60,792184	58,304256	60,480112	56,913543	59,877908	58,788317	59,238154	36,953282	38,132018	36,881673	39,268649	37,571040	39,401877	37,103117	38,962036	37,153709	37,280810	40,314674	38,253126	39,534900	37,131336	40,291032	56,287813	50,612968	60,365975	54,275775	58,212924	58,372712	59,543896	35,211796	39,813769	37,385991	38,246575	37,968391	39,717856	99,970025	100,058532	20,349035	61,903423	60,149986	61,348391	60,335326	99,955386	100,019896	37,906274	40,111730	41,214263	37,653217	40,939859	41,977060
758,00	59,273326	62,609112	56,937200	62,592894	56,448406	60,584670	57,236230	60,866290	58,457458	60,566527	57,096487	59,974384	58,972764	59,361964	37,056863	38,236028	36,960661	39,318258	37,692317	39,467412	37,157458	39,004543	37,259188	37,378696	40,298045	38,343066	39,621016	37,232566	40,242717	56,448406	50,732350	60,467660	54,425228	58,403623	58,489388	59,607071	35,251662	39,907882	37,536708	38,335758	38,044465	39,871329	99,927229	100,072289	21,186970	61,964434	60,303366	61,542994	60,460472	99,938655	99,976104	37,951139	40,112069	41,197586	37,635201	41,009608	42,038491
760,00	59,218687	62,705600	57,008010	62,580842	56,382692	60,632336	57,322836	60,915506	58,600682	60,683686	57,188022	59,988320	58,956110	59,336972	37,075147	38,314399	36,985534	39,338440	37,705567	39,496955	37,285659	39,074457	37,364957	37,497661	40,390766	38,429788	39,679101	37,264520	40,348184	56,382692	50,768757	60,455477	54,347789	58,402920	58,433419	59,688967	35,333678	39,904109	37,540394	38,346654	38,084292	39,837006	99,860299	99,938565	21,999106	61,826646	60,247940	61,447763	60,383713	100,031006	99,997991	37,971345	40,156296	41,188428	37,716201	41,038951	42,032242
762,00	59,346461	62,745011	57,099485	62,561661	56,594384	60,684615	57,465613	60,984516	58,786249	60,725617	57,346493	60,092366	59,239560	59,530371	37,158668	38,277596	37,094235	39,438164	37,831733	39,578819	37,482998	39,142522	37,474376	37,643242	40,450972	38,522089	39,673465	37,403122	40,390691	56,594384	50,913328	60,656810	54,554051	58,469105	58,581632	59,742409	35,447511	40,027845	37,644586	38,425100	38,220301	39,944503	99,913216	99,980211	22,890759	62,035573	60,371572	61,626703	60,496676	100,059700	99,971128	38,098872	40,223274	41,289806	37,752166	41,022110	42,091811
764,00	59,418547	62,837017	57,136202	62,685436	56,682712	60,795861	57,626903	61,102694	58,856159	60,881406	57,483572	60,197395	59,288377	59,531450	37,182713	38,351142	37,080920	39,465809	37,828088	39,630172	37,497181	39,127940	37,521240	37,652436	40,478313	38,549301	39,743528	37,371600	40,467605	56,682712	51,067513	60,665518	54,661810	58,534271	58,702898	59,836501	35,411489	40,001789	37,656882	38,485673	38,183793	39,953774	99,859130	100,079691	23,635226	62,119347	60,427326	61,612314	60,613680	99,921244	99,995035	38,084489	40,223113	41,317904	37,776721	41,078225	42,088500
766,00	59,462637	62,873316	57,200450	62,781852	56,727391	60,813093	57,772219	61,162144	58,932531	60,863906	57,493263	60,329640	59,274197	59,600991	37,219167	38,420409	37,115279	39,561993	37,842453	39,682567	37,547612	39,229566	37,566745	37,745503	40,554845	38,664952	39,818275	37,480468	40,510619	56,727391	51,099223	60,771191	54,771930	58,667034	58,719343	59,930724	35,457265	40,123963	37,716007	38,551238	38,316646	40,080577	99,822843	100,091517	24,441728	62,104696	60,435545	61,638600	60,711408	99,897212	100,020373	38,145840	40,321621	41,312432	37,812924	41,135117	42,206368
768,00	59,647053	62,875509	57,417554	62,759364	56,914663	60,844511	57,960624	61,097348	59,229589	60,981095	57,656687	60,378307	59,548604	59,754419	37,308297	38,440627	37,245333	39,570996	37,966582	39,755043	37,691024	39,306986	37,669900	37,850085	40,632176	38,713160	39,891443	37,539819	40,532508	56,914663	51,266009	60,855800	54,939187	58,634591	58,885038	59,972042	35,556352	40,195075	37,779176	38,667077	38,375401	40,129158	99,864149	99,888527	25,248230	62,240547	60,533988	61,816436	60,665923	100,010669	100,019717	38,173944	40,354523	41,413939	37,880856	41,145360	42,250288
770,00	59,701073	62,924510	57,517123	62,780946	56,992662	60,980189	58,142865	61,288482	59,295243	61,029428	57,879049	60,374922	59,685510	59,785336	37,344575	38,560522	37,217054	39,657611	37,987584	39,834449	37,751418	39,392322	37,698659	37,928191	40,655050	38,775048	39,934528	37,573081	40,637735	56,992662	51,404488	60,910082	55,016029	58,660483	58,966517	59,984827	35,553828	40,312290	37,863427	38,639224	38,423145	40,177813	100,022519	99,929184	25,996736	62,302351	60,534817	61,875647	60,744047	99,976641	100,084066	38,107282	40,358490	41,437805	37,878236	41,212118	42,294312
772,00	59,766978	63,002253	57,460797	62,904823	57,023597	61,092776	58,174974	61,404037	59,366786	61,154383	57,842219	60,407931	59,614092	59,924203	37,388143	38,543078	37,328130	39,712992	38,057968	39,785159	37,820470	39,312309	37,777787	37,956142	40,627491	38,868698	39,904031	37,591976	40,535796	57,023597	51,434696	61,069316	55,035651	58,888197	59,046638	60,102421	35,599834	40,334547	37,881175	38,631442	38,403243	40,189093	99,987203	99,945867	26,679912	62,281275	60,614610	61,904174	60,831797	99,893725	100,030863	38,177505	40,415871	41,447154	37,873107	41,255677	42,268458
774,00	59,854776	62,943405	57,606488	63,003474	57,159537	61,158264	58,327979	61,435646	59,491724	61,227065	58,035481	60,568798	59,715056	59,906906	37,547123	38,586080	37,359715	39,808697	38,095379	39,885911	38,017291	39,415646	37,977755	38,184276	40,693551	38,947010	39,998350	37,723625	40,605465	57,159537	51,595861	61,129993	55,150616	58,895564	59,111291	60,223567	35,728058	40,430558	37,948748	38,773608	38,535553	40,184945	99,845296	99,820226	27,474943	62,312484	60,762519	61,930352	60,869706	100,015926	99,977231	38,294089	40,421090	41,541347	37,956828	41,247132	42,358860
776,00	59,946066	63,049692	57,692105	63,032919	57,272124	61,104524	58,497632	61,519796	59,606463	61,211115	58,146614	60,532093	59,889507	60,021114	37,546122	38,674024	37,512031	39,849526	38,221064	39,926559	38,080823	39,483902	37,991524	38,164771	40,735787	39,008513	40,099904	37,787265	40,734765	57,272124	51,719034	61,156178	55,224013	59,047723	59,135503	60,253751	35,753903	40,420040	38,029030	38,784894	38,686916	40,293702	99,954641	100,070119	28,171360	62,432307	60,734588	61,954647	60,994244	100,004554	99,972987	38,307282	40,441650	41,570392	37,956494	41,319415	42,366645
778,00	59,900278	63,294590	57,620734	63,168347	57,256836	61,268175	58,491415	61,646616	59,651685	61,443198	58,079058	60,681540	59,826791	60,059047	37,533700	38,687199	37,501729	39,863220	38,230792	40,055120	38,117385	39,516336	38,083461	38,235593	40,775859	39,126396	40,084907	37,796998	40,812016	57,256836	51,678234	61,303496	55,169392	59,108746	59,242523	60,372680	35,851550	40,483722	38,062909	38,868177	38,659564	40,335318	99,778211	99,996573	28,758606	62,458885	60,809261	61,950845	61,097890	100,108397	100,058973	38,307181	40,517864	41,554803	38,027245	41,332236	42,365590
780,00	60,103446	63,234693	57,940698	63,154089	57,470882	61,437821	58,651793	61,572945	59,755194	61,469197	58,325136	60,804969	59,959233	60,073978	37,646043	38,753143	37,542763	39,890975	38,273636	40,064198	38,220853	39,566386	38,137683	38,356614	40,885398	39,151374	40,110883	37,924033	40,781632	57,470882	51,896483	61,362767	55,377632	59,154105	59,347743	60,307556	35,886917	40,556127	38,151115	38,902509	38,763112	40,408260	100,005400	99,931234	29,489923	62,544692	60,900253	62,036592	61,116427	99,967366	100,099003	38,367575	40,522635	41,629684	38,094306	41,402942	42,447594
782,00	60,147768	63,220775	58,010089	63,171917	57,424146	61,331141	58,760667	61,681598	59,951532	61,493486	58,412457	60,782355	60,106879	60,243887	37,695658	38,784072	37,628782	39,931652	38,392404	39,979208	38,338813	39,618501	38,201156	38,461649	40,870976	39,220965	40,187219	38,036349	40,832570	57,424146	51,992357	61,353505	55,416989	59,155059	59,348369	60,411453	35,969985	40,561277	38,212311	38,933077	38,762254	40,383500	99,789613	99,935102	30,067959	62,547839	60,789663	62,070709	61,031801	100,160766	99,835622	38,440102	40,508026	41,610759	38,062233	41,447821	42,369315
784,00	60,222977	63,207215	58,094239	63,208884	57,542294	61,338556	58,900666	61,663622	60,002416	61,558592	58,469415	60,832798	60,205364	60,208434	37,704718	38,868615	37,641570	39,932406	38,366047	40,073732	38,363406	39,548290	38,200986	38,437036	40,889519	39,173067	40,259215	37,936801	40,848118	57,542294	52,099454	61,498690	55,476397	59,209025	59,508902	60,420859	36,004058	40,645999	38,249475	39,014685	38,760740	40,445024	100,005519	99,809629	30,738270	62,643778	61,087126	62,207407	61,158395	99,898839	100,072718	38,388434	40,613094	41,746199	38,069707	41,442120	42,532590
786,00	60,320365	63,331586	58,095127	63,302457	57,719827	61,491793	58,981347	61,789536	60,107094	61,698198	58,559382	60,799992	60,247517	60,315359	37,792546	38,916129	37,701440	40,154904	38,520509	40,218055	38,408673	39,728639	38,309190	38,543442	41,088673	39,300478	40,406018	38,106799	41,009197	57,719827	52,245295	61,624151	55,562627	59,402430	59,563679	60,559046	36,049953	40,827373	38,303551	39,144430	38,843137	40,595466	99,991852	99,950719	31,321707	62,705660	60,992646	62,237257	61,256510	99,944407	100,222802	38,450402	40,745077	41,811305	38,151497	41,544136	42,607585
788,00	60,307831	63,305843	58,171791	63,363618	57,723838	61,482203	59,141392	61,862642	60,123646	61,600709	58,546263	61,006778	60,297996	60,468626	37,822613	38,883981	37,868407	40,149420	38,565522	40,255556	38,496321	39,707065	38,411495	38,657635	40,996057	39,368179	40,307170	38,111466	41,042960	57,723838	52,238339	61,671507	55,706209	59,337085	59,576124	60,672361	36,194932	40,784118	38,357857	39,035311	38,919541	40,536675	99,867421	99,978238	31,863591	62,711328	61,073554	62,262988	61,305261	100,057065	99,966055	38,455135	40,636882	41,743982	38,255450	41,517654	42,542809
790,00	60,507530	63,398379	58,223921	63,440824	57,761288	61,564469	59,150183	61,828113	60,236156	61,683017	58,704239	60,985720	60,335493	60,394895	37,863776	38,941884	37,799481	40,156823	38,611352	40,215808	38,613069	39,731514	38,473684	38,670853	41,098294	39,441636	40,365741	38,197085	41,056338	57,761288	52,371430	61,667752	55,768085	59,513605	59,551436	60,582364	36,180228	40,770176	38,407212	39,129221	38,886318	40,617749	99,912310	99,932802	32,398614	62,717086	61,093599	62,358505	61,243910	100,142765	100,000679	38,584664	40,670779	41,837293	38,206962	41,537330	42,582893
792,00	60,412574	63,579470	58,308834	63,637537	57,855278	61,669642	59,297937	62,026900	60,341942	61,962968	58,783299	61,166912	60,442668	60,564065	37,899208	39,028117	37,869939	40,204576	38,601878	40,249097	38,638362	39,880630	38,507119	38,686970	41,118377	39,538634	40,433171	38,169557	41,132233	57,855278	52,534556	61,809939	55,776531	59,629822	59,633327	60,841906	36,194649	40,926883	38,433734	39,203319	38,896751	40,711194	100,003123	99,967712	32,871047	62,750781	61,138856	62,398928	61,314332	100,082898	99,972242	38,599148	40,780765	41,848031	38,285932	41,646612	42,590350
794,00	60,452604	63,636947	58,322078	63,508320	57,964373	61,695033	59,334517	62,065107	60,341614	61,962146	58,731025	61,168617	60,492045	60,694849	37,925667	39,087161	37,869722	40,224257	38,706553	40,373158	38,659039	39,904746	38,617405	38,791981	41,187453	39,474791	40,480506	38,231334	41,224054	57,964373	52,471918	61,908513	55,853504	59,590399	59,594178	60,941762	36,246943	40,975091	38,440567	39,274514	39,007443	40,777469	99,817258	100,102997	33,394361	62,867373	61,263400	62,446779	61,457515	99,940526	100,052714	38,587376	40,761626	41,962007	38,339537	41,641980	42,711627
796,00	60,634160	63,592279	58,426714	63,609630	57,931101	61,847961	59,453273	62,089074	60,418475	61,941636	58,826047	61,181647	60,467762	60,713845	37,997401	39,163634	37,911302	40,397811	38,712865	40,444046	38,709173	39,875776	38,572130	38,949698	41,226614	39,538774	40,561253	38,350147	41,202223	57,931101	52,560765	61,972338	55,852288	59,718299	59,669858	60,939115	36,290705	41,065484	38,597593	39,330152	39,035285	40,886426	99,961609	100,073791	33,767042	62,827694	61,253518	62,396133	61,422306	99,953276	100,179160	38,665500	40,875691	41,964486	38,335320	41,725379	42,799172
798,00	60,735959	63,609385	58,553642	63,559073	58,087683	61,815983	59,500605	62,126219	60,496175	61,937678	59,058106	61,218095	60,763216	60,670871	37,983072	39,121562	37,992474	40,347221	38,761836	40,417117	38,798615	39,938718	38,708955	38,980290	41,271991	39,545763	40,535665	38,370019	41,291514	58,087683	52,700776	62,000924	56,018710	59,669298	59,827840	60,954291	36,353007	41,012132	38,569772	39,313993	39,087695	40,820760	100,008237	99,979502	34,301817	62,930900	61,218154	62,511158	61,530083	99,999893	100,054359	38,633597	40,818942	41,841757	38,219768	41,668591	42,703593
800,00	60,623896	63,746768	58,398438	63,733727	58,024132	61,849189	59,503394	62,281787	60,527945	62,119663	58,967787	61,463445	60,619581	60,814142	38,056833	39,151573	38,104817	40,433678	38,805687	40,551299	38,846123	39,963019	38,717580	38,977829	41,270915	39,756247	40,610012	38,453615	41,254291	58,024132	52,573037	62,149739	55,930150	59,831649	59,639710	60,987419	36,420369	41,088164	38,643855	39,380863	39,082557	40,910834	99,909079	100,069118	34,583336	62,825549	61,337340	62,434196	61,422086	99,922162	99,972826	38,611081	40,928569	42,016414	38,394699	41,783297	42,795226
