Wavelength nm.	BBB_R_Amostra_02_01_SET2025	BBB_R_Amostra_02_01_SET2025_ext	BBB_R_Amostra_02_02_SET2025	BBB_R_Amostra_02_02_SET2025_ext	BBB_R_Amostra_03N_01_SET2025	BBB_R_Amostra_03N_01_SET2025_ext	BBB_R_Amostra_06_01_SET2025	BBB_R_Amostra_06_01_SET2025_ext	BBB_R_Amostra_08_01_SET2025	BBB_R_Amostra_08_01_SET2025_ext	BBB_T_Amostra_02_01_SET2025	BBB_T_Amostra_02_01_SET2025_ext	BBB_T_Amostra_02_02_SET2025	BBB_T_Amostra_02_02_SET2025_ext	BBB_T_Amostra_03N_01_SET2025	BBB_T_Amostra_03N_01_SET2025_ext	BBB_T_Amostra_03N_01_SET2025_ext_OK	BBB_T_Amostra_06_01_SET2025	BBB_T_Amostra_06_01_SET2025_ext	BBB_T_Amostra_08_01_SET2025	BBB_T_Amostra_08_01_SET2025_ext	BBR_R_Amostra_03_02_SET2025	BBR_R_Amostra_03_02_SET2025_ext	BBR_R_Amostra_04_01_SET2025	BBR_R_Amostra_04_01_SET2025_ext	BBR_R_Amostra_04_02_SET2025	BBR_R_Amostra_04_02_SET2025_ext	BBR_R_Amostra_06_01_SET2025	BBR_R_Amostra_06_01_SET2025_ext	BBR_R_Amostra_06_01_SET2025_ext_OK	BBR_T_Amostra_03_02_SET2025	BBR_T_Amostra_03_02_SET2025_ext	BBR_T_Amostra_04_01_SET2025	BBR_T_Amostra_04_01_SET2025_ext	BBR_T_Amostra_04_02_SET2025	BBR_T_Amostra_04_02_SET2025_ext	BBR_T_Amostra_06_01_SET2025	BBR_T_Amostra_06_01_SET2025_ext	BIB_R_Amostra_01_01_SET2025	BIB_R_Amostra_01_01_SET2025_ext	BIB_R_Amostra_01_01_SET2025_OK	BIB_R_Amostra_06_01_SET2025	BIB_R_Amostra_06_01_SET2025_ext	BIB_R_Amostra_06_01_SET2025_OK	BIB_R_Amostra_06_01_SET2025_OK_OK	BIB_T_Amostra_01_01_SET2025	BIB_T_Amostra_01_01_SET2025_ext	BIB_T_Amostra_06_01_SET2025	BIB_T_Amostra_06_01_SET2025_ext	BNA_R_Amostra_06_01_SET2025	BNA_R_Amostra_06_01_SET2025_ext	BNA_R_Amostra_06_01_SET2025_OK	BNA_T_Amostra_06_01_SET2025	BNA_T_Amostra_06_01_SET2025_ext	BPR_R_Amostra_02_02_SET2025_ext	BPR_R_Amostra_02_02_SET2025_OK	BPR_R_Amostra_02_02_SET2025_OK_OK	BPR_R_Amostra_07_02_SET2025	BPR_R_Amostra_07_02_SET2025_ext	BPR_R_Amostra_09_01_SET2025	BPR_R_Amostra_09_01_SET2025_ext	BPR_T_Amostra_02_02_SET2025	BPR_T_Amostra_02_02_SET2025_ext	BPR_T_Amostra_07_02_SET2025	BPR_T_Amostra_07_02_SET2025_ext	BPR_T_Amostra_09_01_SET2025	BPR_T_Amostra_09_01_SET2025_ext	Leitura_R_Ar_1	Leitura_R_Ar_1_ext	Leitura_R_Branco_1	Leitura_R_Branco_1_ext	Leitura_R_Branco_1_OK	Leitura_R_Branco_2	Leitura_R_Branco_2_ext	Leitura_T_Ar_1	Leitura_T_Ar_1_ext	Leitura_T_Branco_1	Leitura_T_Branco_1_ext	Leitura_T_Branco_2	Leitura_T_Branco_2_ext
220,00	7,389073	14,806493	7,717597	9,434403	8,024777	14,513138	5,860833	4,041534	6,333246	4,901216	0,684365	0,768319	0,665047	0,261138	0,756548	0,353368	0,738144	0,259928	0,076733	0,475681	0,308088	6,513479	7,387323	7,110047	8,907995	6,844760	6,949177	7,345832	8,054402	6,788563	0,398267	0,465605	0,764927	0,467185	0,540195	0,504619	0,635391	0,257700	0,375302	6,911239	6,319538	0,469853	8,196068	6,319538	7,028794	0,349698	0,302605	0,453911	0,140595	1,046199	14,963175	8,788198	1,005616	0,747900	8,880434	7,028794	7,517334	8,174396	12,539104	8,490476	7,300461	0,498896	0,309894	0,885170	0,340376	0,773729	0,134237	99,201912	99,988484	2,438557	36,185178	36,374700	36,456996	36,019030	99,953538	99,920988	2,622774	2,601094	2,682835	2,373066
222,00	7,707697	14,891273	7,897425	9,706347	8,282770	14,814597	5,973392	4,036858	6,519908	4,864381	0,763127	0,819092	0,741629	0,246886	0,853733	0,415461	0,830247	0,303528	0,096959	0,520734	0,316675	6,725719	7,485247	7,311061	9,125981	6,982283	7,055030	7,640313	8,126941	6,856594	0,455968	0,484305	0,855664	0,508798	0,592102	0,535098	0,720861	0,262719	0,392132	6,872638	6,437086	0,519513	8,397781	6,437086	7,272183	0,355413	0,315482	0,487951	0,135924	1,076082	15,047783	9,173747	1,016102	0,784189	8,931018	7,272183	7,667648	8,413590	12,717292	8,851685	7,549945	0,508136	0,317496	0,933847	0,372240	0,831927	0,144146	100,233042	100,005019	2,401276	36,148471	36,369136	36,596641	35,994452	100,089920	99,791127	2,677768	2,609671	2,700897	2,363545
224,00	7,923946	15,225057	8,117441	9,780019	8,491161	15,048540	6,028580	4,003884	6,713605	4,895936	0,865507	0,847032	0,808272	0,282211	0,867230	0,459985	0,867293	0,293048	0,113803	0,539768	0,369782	6,792433	7,595562	7,397823	9,218559	7,127278	7,148309	7,797067	8,315630	7,052934	0,494412	0,521926	0,905753	0,550980	0,647797	0,537746	0,752211	0,252618	0,440754	7,086158	6,627454	0,570042	8,502057	6,627454	7,410026	0,445757	0,342754	0,526365	0,160760	1,184926	15,469113	9,435008	1,141640	0,814752	9,149816	7,410026	7,859055	8,693603	13,001256	9,094096	7,929454	0,567655	0,360969	0,981234	0,381710	0,914982	0,148872	100,207174	100,281870	2,386440	36,164778	36,298716	36,431152	35,925093	99,971807	99,937302	2,679921	2,744816	2,699238	2,399180
226,00	8,166552	15,444875	8,369963	10,013377	8,884816	15,369977	6,305028	3,963235	6,862089	4,991638	0,907148	0,886647	0,825643	0,291524	0,956597	0,486680	0,915492	0,335315	0,128086	0,601404	0,393870	6,949358	7,774462	7,651015	9,378892	7,314707	7,361422	7,983413	8,417836	7,282550	0,509754	0,594544	0,922955	0,584451	0,672731	0,570596	0,800210	0,286263	0,446233	7,103647	6,721760	0,591334	8,617129	6,721760	7,606790	0,475946	0,336067	0,536962	0,190968	1,192263	15,731199	9,747157	1,159277	0,866228	9,183183	7,606790	8,009111	8,957061	13,224962	9,416387	8,243307	0,619177	0,389742	1,092234	0,400870	0,963030	0,174381	99,525064	100,167739	2,432673	36,266911	36,159194	36,490381	36,000440	99,771225	99,926287	2,735442	2,820661	2,757944	2,480586
228,00	8,419917	15,547575	8,599697	10,265832	9,082390	15,655291	6,422178	4,018225	6,929911	5,014624	0,952804	0,930434	0,915587	0,322456	1,002475	0,542501	0,987580	0,358332	0,151841	0,622429	0,431846	6,986832	7,868698	7,736413	9,600732	7,521787	7,529375	8,224696	8,665891	7,456824	0,550584	0,583934	0,992315	0,636175	0,706431	0,671517	0,831659	0,320489	0,447120	7,202755	6,806941	0,644882	8,672718	6,806941	7,674594	0,452112	0,391383	0,561561	0,196620	1,265765	16,040775	10,093901	1,198019	0,934038	9,347868	7,674594	8,170673	9,178758	13,612626	9,708112	8,495744	0,647302	0,427697	1,076365	0,457533	0,954287	0,203491	99,752104	100,006723	2,539053	36,422959	36,440104	36,625931	36,023980	99,646360	100,115645	2,869237	2,914965	2,855052	2,526187
230,00	8,640593	16,023746	8,923806	10,571670	9,462433	15,968235	6,442159	3,999158	7,094902	5,218654	0,981604	1,015772	0,929518	0,339663	1,048647	0,586134	1,050243	0,392228	0,180698	0,658528	0,489716	7,168039	8,045883	8,026661	9,892830	7,623201	7,690408	8,461265	8,888182	7,697335	0,568496	0,628979	1,025448	0,670005	0,738813	0,681061	0,892438	0,333359	0,507531	7,299629	6,968974	0,614426	8,810564	6,968974	7,949352	0,487295	0,389399	0,570231	0,211938	1,276862	16,247444	10,360566	1,257352	0,983757	9,523708	7,949352	8,350430	9,373355	13,836575	10,098761	8,847832	0,649607	0,473831	1,129054	0,483948	1,018329	0,234259	99,866998	100,148964	2,608490	36,798126	36,659682	36,934951	36,363333	99,887651	99,814993	2,911277	2,991106	2,945428	2,590341
232,00	9,030444	16,201943	9,231547	10,722498	9,774962	16,083436	6,485818	4,047583	7,337406	5,261504	0,989858	1,059921	0,963620	0,381610	1,078252	0,638223	1,122875	0,376901	0,195064	0,669913	0,526066	7,260865	8,263378	8,122318	10,119168	7,733677	7,871980	8,741481	9,086385	7,902568	0,573364	0,728587	1,062530	0,732186	0,728383	0,777234	0,905405	0,390541	0,485248	7,448845	6,944597	0,600378	8,992284	6,944597	8,001948	0,483323	0,426880	0,563354	0,238439	1,319105	16,548321	10,700735	1,228165	1,033909	9,604273	8,001948	8,379636	9,738586	14,127058	10,274456	9,162664	0,620830	0,505464	1,160471	0,549732	0,986390	0,249798	99,548507	99,710864	2,698174	36,794350	36,888507	36,956042	36,680108	99,950236	99,954468	3,019546	3,132663	3,036010	2,735448
234,00	9,442592	16,408178	9,563166	10,948361	10,264555	16,484810	6,681307	4,037697	7,505396	5,356877	0,997652	1,175859	0,991666	0,446092	1,070197	0,687433	1,200527	0,364785	0,204566	0,666733	0,591363	7,458719	8,335519	8,413332	10,321041	7,993872	8,134952	9,120987	9,327739	8,108947	0,577157	0,753029	1,062791	0,769679	0,723787	0,842923	0,912126	0,403004	0,501968	7,563949	7,279123	0,628735	9,039175	7,279123	8,217610	0,468394	0,473319	0,576565	0,280711	1,353636	16,743937	11,094150	1,252206	1,123033	9,783041	8,217610	8,685163	10,133719	14,436947	10,744359	9,542879	0,628624	0,550358	1,168916	0,609056	0,924714	0,274461	99,930435	99,642563	2,777192	37,278712	37,260890	37,474412	36,936444	99,892747	100,133157	3,183004	3,271332	3,169650	2,832582
236,00	9,765427	16,667743	9,905452	11,152515	10,692471	16,746867	6,808966	4,113817	7,867687	5,507717	0,990994	1,220210	1,013454	0,461368	1,106570	0,763496	1,307372	0,360495	0,256619	0,687357	0,636931	7,705117	8,521917	8,738923	10,565097	8,229488	8,259571	9,501964	9,616708	8,317869	0,558825	0,811444	1,117442	0,851565	0,731869	0,907566	0,924533	0,446772	0,510489	7,725105	7,399335	0,604106	9,251684	7,399335	8,369312	0,484647	0,504834	0,538512	0,311263	1,350894	17,035489	11,378856	1,266587	1,194848	9,995492	8,369312	8,829168	10,517478	14,821166	11,185101	9,953644	0,598379	0,610251	1,204880	0,638515	0,919396	0,288624	99,812311	100,082898	2,929135	37,544698	37,441617	37,595645	37,276176	100,219560	99,902081	3,253293	3,410032	3,315074	2,968303
238,00	10,099877	16,959420	10,248113	11,407144	11,123421	17,023963	7,076842	4,157554	8,107090	5,667694	1,003188	1,322209	1,039623	0,512473	1,107705	0,851648	1,411962	0,365900	0,271541	0,687828	0,687085	7,884033	8,662007	8,969082	10,682969	8,419844	8,431122	9,907337	9,777010	8,569121	0,583973	0,909030	1,174101	0,907965	0,782884	0,941673	0,956571	0,472010	0,516413	7,848701	7,513164	0,609941	9,333952	7,513164	8,480816	0,465111	0,571418	0,531506	0,329573	1,380577	17,254387	11,708372	1,319198	1,255693	10,076534	8,480816	8,981839	10,809556	15,050595	11,650953	10,263948	0,598392	0,693071	1,195142	0,704342	0,922340	0,338286	99,959642	99,871802	3,077051	37,856227	37,909245	37,794989	37,529331	99,976015	100,416934	3,457383	3,561387	3,482773	3,102668
240,00	10,385975	17,171772	10,454627	11,628149	11,324844	17,264132	7,153305	4,172120	8,309916	5,799850	1,013382	1,407833	1,067618	0,570414	1,142260	0,931845	1,519222	0,363621	0,324597	0,738263	0,782482	7,943690	8,877305	9,145947	11,002623	8,638490	8,620234	10,228678	10,100937	8,801887	0,586084	0,994560	1,182787	0,975817	0,802676	1,008643	1,007878	0,534563	0,542197	7,929792	7,621955	0,609826	9,484354	7,621955	8,580589	0,489402	0,595729	0,493328	0,366253	1,424924	17,574158	11,949127	1,333740	1,346845	10,306106	8,580589	9,156093	11,032174	15,299797	12,228557	10,694500	0,581498	0,721011	1,243676	0,750756	0,892825	0,368753	99,679071	99,847448	3,181798	38,110051	38,099715	38,168257	37,969264	100,146806	100,153327	3,597676	3,737805	3,619497	3,255315
242,00	10,523482	17,254913	10,609737	11,815681	11,615901	17,573139	7,188712	4,231848	8,425658	5,893556	1,012253	1,508543	1,119545	0,617218	1,200654	0,989898	1,609699	0,361757	0,373279	0,751082	0,845715	8,087483	8,946583	9,317841	11,214697	8,691168	8,783733	10,337238	10,327864	8,985850	0,602142	1,040383	1,276286	1,048272	0,818912	1,113354	1,018561	0,576408	0,534864	7,957498	7,658067	0,628203	9,484997	7,658067	8,605084	0,519067	0,655171	0,499036	0,382199	1,485573	17,768721	12,105909	1,384695	1,438535	10,342851	8,605084	9,230546	11,234104	15,561768	12,482373	10,973497	0,598087	0,790973	1,283168	0,819415	0,924014	0,412136	99,844873	100,091159	3,362845	38,279229	38,357031	38,429320	38,063529	100,001323	100,168765	3,722106	3,846942	3,789529	3,410273
244,00	10,640378	17,518057	10,775087	12,001405	11,720965	17,725649	7,176369	4,318149	8,499122	6,032914	1,049814	1,568661	1,160454	0,669253	1,213671	1,066588	1,707751	0,368878	0,414940	0,774379	0,895300	8,067229	9,126237	9,343376	11,395373	8,776306	9,022713	10,408945	10,556068	9,238546	0,633969	1,116963	1,302446	1,117691	0,862794	1,171798	1,080914	0,628942	0,574371	8,121972	7,672243	0,638445	9,694097	7,672243	8,595902	0,509867	0,705279	0,473376	0,427545	1,559835	18,037029	12,261371	1,457265	1,566171	10,431204	8,595902	9,287338	11,396848	15,732737	12,781934	11,261596	0,586474	0,855336	1,350801	0,882537	0,974684	0,457805	100,082350	100,147045	3,518964	38,614255	38,804281	38,785434	38,475496	99,895978	99,672145	3,936937	3,972643	3,945203	3,532491
246,00	10,740808	17,767018	10,849017	12,073401	11,818732	18,120822	7,066000	4,396189	8,428064	6,148715	1,040593	1,704299	1,164875	0,716978	1,293976	1,148966	1,839097	0,379595	0,449092	0,811389	0,984369	7,970554	9,339308	9,311805	11,688434	8,676609	9,137529	10,389138	10,801915	9,422640	0,642187	1,197480	1,373380	1,189834	0,891984	1,275620	1,130518	0,667585	0,573348	8,205813	7,618603	0,664444	9,771334	7,618603	8,624377	0,543413	0,769553	0,491657	0,460282	1,627768	18,161796	12,262268	1,506696	1,637661	10,599844	8,624377	9,269296	11,458189	16,005212	12,822120	11,475819	0,605478	0,908887	1,401514	0,968645	0,999568	0,497452	100,057077	100,119638	3,693578	39,096346	39,020392	39,350718	38,747302	100,211918	100,010145	4,067387	4,148120	4,156109	3,724659
248,00	10,682299	17,916708	10,875709	12,317432	11,800103	18,359050	6,944992	4,432921	8,313075	6,346977	1,039993	1,836790	1,226442	0,795328	1,334113	1,271301	1,948804	0,383237	0,510412	0,854233	1,062788	7,826795	9,428130	9,264269	11,839730	8,528709	9,377336	10,341921	10,988832	9,595352	0,687011	1,274600	1,402530	1,294006	0,936935	1,365804	1,151893	0,737677	0,606657	8,376896	7,570921	0,665494	9,889431	7,570921	8,494008	0,545513	0,809851	0,488967	0,504605	1,710329	18,390842	12,267125	1,569412	1,745571	10,708032	8,494008	9,231795	11,427507	16,222394	12,894166	11,683226	0,630195	0,993474	1,435780	1,022526	1,033486	0,540120	99,968612	99,944669	3,893499	39,295033	39,337975	39,435157	39,181128	99,833977	100,036383	4,309002	4,328457	4,384055	3,928652
250,00	10,681603	18,358116	10,786724	12,551920	11,813413	18,729877	6,787344	4,541662	8,218553	6,511453	1,044606	1,942346	1,255397	0,869871	1,344091	1,347241	2,075338	0,382308	0,555153	0,877570	1,165476	7,722508	9,641723	9,172387	12,116963	8,480461	9,581931	10,312167	11,286034	9,919552	0,686093	1,414607	1,437200	1,395385	0,966979	1,490454	1,228566	0,822587	0,630295	8,469744	7,429202	0,690508	10,045303	7,429202	8,345760	0,562459	0,903705	0,504208	0,552786	1,804186	18,720424	12,300182	1,655933	1,861995	10,905648	8,345760	9,126756	11,503789	16,613497	12,849988	12,072281	0,648506	1,089759	1,500958	1,129936	1,102808	0,603340	99,861717	100,197959	4,083330	39,947787	39,814332	39,903367	39,672875	99,962062	100,265241	4,564745	4,443225	4,619343	4,151358
252,00	10,673675	18,516243	10,746557	12,736371	11,864566	18,970515	6,660590	4,568005	8,063474	6,684560	1,087947	2,076633	1,291742	0,966410	1,424933	1,451851	2,232314	0,408459	0,629992	0,895903	1,273093	7,577995	9,835270	9,119824	12,317021	8,386727	9,813716	10,183089	11,505242	10,099261	0,707947	1,498576	1,520449	1,518124	1,007838	1,583905	1,285747	0,880626	0,674646	8,529817	7,365490	0,709692	10,086086	7,365490	8,218049	0,589147	0,959386	0,515109	0,596439	1,902161	18,924084	12,325241	1,750485	2,007577	11,000250	8,218049	9,115726	11,490388	16,731031	12,796488	12,331093	0,673105	1,184045	1,584116	1,221945	1,174585	0,665514	99,921942	100,092006	4,356302	40,340453	40,211803	40,299061	40,139943	100,028574	100,262272	4,802079	4,631538	4,883726	4,443943
254,00	10,636273	18,724430	10,695555	12,936172	11,939559	19,345196	6,456378	4,662379	8,014169	6,845069	1,117497	2,222190	1,350560	1,054135	1,500895	1,576338	2,402496	0,423733	0,691567	0,940413	1,365389	7,583150	9,971491	9,039824	12,639071	8,328979	10,023772	10,171498	11,804495	10,395269	0,725566	1,610054	1,598034	1,611532	1,049275	1,733450	1,370609	0,977298	0,688871	8,711620	7,318050	0,744157	10,236905	7,318050	8,170503	0,623155	1,042886	0,527701	0,656726	1,998220	19,290332	12,342866	1,840050	2,155771	11,223152	8,170503	9,024525	11,526790	17,020373	12,793243	12,554896	0,692720	1,284080	1,684732	1,306893	1,252883	0,747574	99,917120	99,977803	4,659207	40,830725	40,816188	40,939671	40,658650	100,065708	99,946100	5,116300	4,810035	5,208164	4,673631
256,00	10,666234	19,069347	10,785456	13,246205	11,911353	19,717072	6,344651	4,800144	7,896318	7,093179	1,168184	2,417326	1,391118	1,181431	1,569620	1,734431	2,553142	0,426247	0,780576	0,999544	1,524411	7,520498	10,192199	9,008174	12,896630	8,278336	10,336503	10,177295	12,151168	10,649940	0,766212	1,743593	1,687748	1,777799	1,111001	1,876659	1,426768	1,073450	0,720742	8,843338	7,247967	0,799683	10,443215	7,247967	8,104708	0,651991	1,114227	0,550680	0,721492	2,139059	19,571659	12,435926	1,964593	2,342722	11,391402	8,104708	9,030602	11,606331	17,399856	12,736905	12,922549	0,742238	1,393479	1,778960	1,449993	1,307298	0,826031	100,037420	99,966460	4,989748	41,349620	41,399339	41,708100	41,361362	100,096548	100,171053	5,478061	4,976010	5,564981	5,032136
258,00	10,715330	19,418694	10,777708	13,483220	11,989658	20,006925	6,286708	4,918878	7,861196	7,232530	1,234846	2,613114	1,475320	1,278994	1,660576	1,872956	2,727782	0,460424	0,862064	1,045953	1,643717	7,504464	10,391927	9,047986	13,166481	8,270808	10,596687	10,151196	12,388182	10,949664	0,818016	1,905534	1,803873	1,905217	1,182189	2,040521	1,530797	1,172898	0,776333	8,997396	7,251678	0,825711	10,528698	7,251678	8,023069	0,711896	1,232963	0,557916	0,789619	2,277930	19,941202	12,544034	2,110201	2,476700	11,588150	8,023069	9,050822	11,650734	17,657185	12,691036	13,292740	0,769479	1,530739	1,888588	1,560728	1,424261	0,911863	100,000000	99,947894	5,354960	42,087233	42,273697	42,373779	42,153016	99,965358	99,962997	5,878069	5,169204	5,996337	5,368343
260,00	10,745637	19,777957	10,865717	13,834605	12,019407	20,472792	6,213934	5,031984	7,860770	7,488799	1,271595	2,863908	1,544360	1,427799	1,751449	2,049437	2,959456	0,495990	0,964885	1,113477	1,816597	7,451034	10,616940	9,076886	13,555467	8,248293	10,746422	10,211422	12,731704	11,241122	0,877449	2,082452	1,886382	2,082128	1,253754	2,182048	1,618561	1,319490	0,845813	9,154103	7,193875	0,859348	10,698103	7,193875	7,986777	0,729782	1,322811	0,589258	0,867412	2,441620	20,292434	12,725769	2,229925	2,708077	11,741623	7,986777	9,032351	11,669859	18,080337	12,635259	13,525587	0,818667	1,674010	2,010630	1,721077	1,509972	1,045118	100,156879	99,888593	5,823975	42,869386	43,104646	43,216142	42,986402	100,058067	100,033212	6,321557	5,369464	6,435477	5,770055
262,00	10,834952	20,093277	10,873187	14,129411	12,116976	20,964983	6,204290	5,163587	7,849270	7,678015	1,384428	3,081368	1,653414	1,563859	1,883167	2,246948	3,151291	0,528216	1,069585	1,184069	2,001264	7,396591	10,910663	9,043816	13,896036	8,282111	11,113507	10,304370	13,112549	11,575504	0,921572	2,240817	2,026862	2,264175	1,333800	2,394150	1,732865	1,440439	0,887324	9,320626	7,214317	0,920240	10,886842	7,214317	7,961109	0,781707	1,462120	0,611781	0,931231	2,624071	20,775317	12,868235	2,409057	2,946852	12,020607	7,961109	9,061823	11,832594	18,499720	12,619190	13,926388	0,860814	1,823099	2,158782	1,878842	1,624632	1,137846	100,018108	100,046515	6,257882	43,716174	43,995327	44,209015	43,800181	99,868846	99,841875	6,799403	5,498084	6,928777	6,207164
264,00	10,872930	20,572610	10,934749	14,466611	12,252872	21,365644	6,176164	5,348626	7,904611	7,931640	1,483629	3,325280	1,760297	1,724449	2,031393	2,455461	3,385401	0,561289	1,194541	1,289843	2,187748	7,398456	11,192565	9,154913	14,249319	8,354406	11,369478	10,328779	13,441920	11,940007	1,018801	2,454449	2,152822	2,495839	1,444554	2,600219	1,866951	1,591265	0,945537	9,526446	7,241136	0,989317	11,138995	7,241136	7,983544	0,867495	1,627466	0,645632	1,026937	2,848079	21,197492	13,054317	2,613150	3,207660	12,250480	7,983544	9,137055	11,914006	18,887924	12,671049	14,365768	0,913390	1,975583	2,325876	2,056695	1,697857	1,283415	99,843371	100,216985	6,786911	44,762456	44,889337	44,950920	44,861341	99,862498	100,144494	7,389516	5,667436	7,525309	6,692453
266,00	11,060504	20,910381	11,183798	14,803463	12,440853	21,813267	6,186197	5,469339	7,969523	8,130974	1,599391	3,591164	1,884391	1,897899	2,171310	2,659800	3,630994	0,613101	1,339556	1,381929	2,393394	7,480948	11,389680	9,262397	14,603136	8,440742	11,658261	10,505506	13,794665	12,290419	1,082247	2,630907	2,348290	2,685736	1,556084	2,829469	1,999936	1,770332	1,036734	9,659698	7,272378	1,047253	11,394385	7,272378	7,982276	0,933212	1,741860	0,687400	1,121769	3,054139	21,731138	13,364060	2,828589	3,460637	12,442767	7,982276	9,236613	12,063385	19,365577	12,631282	14,747134	0,973069	2,185428	2,476318	2,238068	1,833334	1,402632	99,988967	99,915767	7,358176	45,500937	46,118104	46,206433	45,883515	99,768794	99,776947	7,995047	5,806379	8,127224	7,185771
268,00	11,192226	21,385689	11,282147	15,167470	12,594286	22,267146	6,238119	5,656548	8,090342	8,438446	1,731725	3,908855	2,065448	2,104734	2,364915	2,901531	3,910348	0,658994	1,502760	1,506979	2,651180	7,538477	11,650033	9,353135	15,023987	8,534160	12,028966	10,707779	14,199159	12,589204	1,161710	2,910428	2,525324	2,954862	1,681796	3,110595	2,209042	1,946388	1,133798	9,894748	7,375468	1,121412	11,587252	7,375468	8,060325	1,028502	1,920221	0,734298	1,212152	3,323267	22,226942	13,657048	3,071389	3,788429	12,710588	8,060325	9,262723	12,272844	19,755992	12,746806	15,110391	1,061147	2,355837	2,696685	2,485711	1,996282	1,564895	100,373828	100,081873	8,004645	46,566200	47,233355	47,386378	46,835372	99,988693	99,880743	8,657035	5,973103	8,789659	7,772265
270,00	11,345072	21,763697	11,370888	15,462679	12,792060	22,812952	6,221931	5,797286	8,168350	8,657904	1,887803	4,241763	2,217636	2,327451	2,533941	3,160145	4,142432	0,731822	1,642164	1,664924	2,890515	7,602409	11,995146	9,447930	15,383729	8,597673	12,353106	10,893488	14,600486	12,896398	1,283322	3,131444	2,756323	3,205502	1,834793	3,376238	2,379171	2,132686	1,221584	10,082262	7,440292	1,225109	11,839425	7,440292	8,071746	1,109265	2,084725	0,794352	1,326751	3,617581	22,716449	13,888022	3,362411	4,123475	12,948614	8,071746	9,368480	12,453064	20,285833	12,762426	15,527159	1,135675	2,593252	2,922200	2,695218	2,135597	1,758354	99,816895	99,883711	8,736697	47,536525	48,302960	48,285544	48,032764	99,858820	99,705750	9,426676	6,078145	9,567292	8,357576
272,00	11,599155	22,268760	11,538224	15,816721	13,033850	23,284020	6,319627	6,011377	8,263370	8,925606	2,065938	4,591116	2,418705	2,564180	2,769051	3,482279	4,477768	0,806611	1,853555	1,805829	3,196910	7,691281	12,259581	9,702972	15,868028	8,788321	12,712611	11,121400	14,964743	13,350701	1,393107	3,421407	2,963857	3,481421	2,001780	3,647373	2,610652	2,347391	1,335643	10,306539	7,508782	1,332305	12,103781	7,508782	8,128707	1,222245	2,267904	0,868570	1,442809	3,909739	23,345055	14,263277	3,623277	4,486221	13,246369	8,128707	9,506897	12,669095	20,775929	12,881157	15,950185	1,234537	2,840449	3,113102	2,949681	2,309157	1,950265	99,952281	100,027549	9,492560	48,663041	49,529630	49,700946	49,302310	99,858701	100,146377	10,241093	6,225613	10,349920	8,997346
274,00	11,718550	22,664447	11,805066	16,215618	13,341713	23,840344	6,364392	6,264595	8,481091	9,267356	2,281738	4,971448	2,634020	2,807171	3,016811	3,763898	4,767896	0,906900	2,040504	1,989772	3,503360	7,856287	12,563127	9,862519	16,257763	8,958799	13,114487	11,360388	15,482773	13,861179	1,534270	3,719604	3,231356	3,796628	2,180262	4,006393	2,872730	2,588506	1,455898	10,514496	7,624459	1,441489	12,330218	7,624459	8,273537	1,334707	2,521421	0,954810	1,577607	4,238212	23,913416	14,546719	3,967907	4,876431	13,565069	8,273537	9,664588	12,894611	21,266258	12,983897	16,387615	1,369604	3,119860	3,385088	3,237005	2,490041	2,157814	99,898851	99,802589	10,267504	49,694693	50,857568	50,948203	50,593925	100,086820	100,106049	11,039671	6,375486	11,182499	9,684528
276,00	12,026481	23,286471	12,032089	16,601568	13,616252	24,392113	6,497631	6,422351	8,637940	9,576776	2,506736	5,363335	2,902114	3,076047	3,281436	4,055983	5,043689	1,007739	2,224079	2,151705	3,801554	7,905924	12,906243	10,083760	16,815510	9,088252	13,447997	11,611141	16,007818	14,165457	1,701793	4,019749	3,497735	4,131253	2,374762	4,341371	3,138647	2,863863	1,592647	10,748269	7,773356	1,554610	12,621884	7,773356	8,372808	1,470519	2,670164	1,061641	1,708683	4,574865	24,402136	14,966236	4,300162	5,264140	13,823631	8,372808	9,756599	13,152100	21,698543	13,211899	16,877247	1,455642	3,362830	3,665820	3,529101	2,753862	2,379595	99,878013	99,893075	11,154031	50,850099	52,171326	52,321523	51,922524	100,040650	99,894005	11,944417	6,426848	12,099461	10,371766
278,00	12,283782	23,666666	12,293434	16,960804	13,889264	24,930540	6,604420	6,715720	8,838616	9,856348	2,791815	5,811059	3,140066	3,339776	3,617295	4,385372	5,358983	1,108324	2,499611	2,384140	4,167027	8,098705	13,214146	10,314349	17,261830	9,306455	13,890941	11,971110	16,461490	14,653336	1,860105	4,368966	3,821133	4,512757	2,605908	4,702424	3,433091	3,140504	1,735119	11,026523	7,916144	1,705182	12,889682	7,916144	8,496340	1,624358	2,932754	1,152460	1,858852	5,009037	25,086451	15,378463	4,657252	5,733019	14,022894	8,496340	9,922712	13,391493	22,280064	13,415134	17,319459	1,607068	3,684185	3,970917	3,818140	2,993254	2,657693	99,807137	99,994665	12,053233	51,836246	53,404635	53,712595	53,230119	100,101018	99,901271	12,959985	6,514452	13,059090	11,132503
280,00	12,629296	24,133731	12,532942	17,370598	14,316896	25,462744	6,776918	6,944562	9,080547	10,206023	3,067641	6,230141	3,429405	3,673959	3,897638	4,750891	5,758709	1,237412	2,749562	2,640407	4,540548	8,286060	13,609685	10,603313	17,756516	9,593014	14,317696	12,300948	16,924056	15,074016	2,049671	4,684414	4,161357	4,871740	2,854026	5,097891	3,753433	3,436208	1,920088	11,275525	8,084807	1,852474	13,210934	8,084807	8,588295	1,789892	3,166862	1,275619	2,015590	5,396660	25,778610	15,929168	5,056170	6,167543	14,372881	8,588295	10,130784	13,727123	22,688003	13,683246	17,784041	1,749468	3,971788	4,278043	4,154744	3,254401	2,878141	99,947089	100,130701	12,991711	53,021741	54,860967	55,236757	54,525274	99,974734	100,031376	13,892336	6,643423	13,992788	11,923194
282,00	12,831591	24,584241	12,807627	17,744312	14,640284	25,935438	6,949207	7,253432	9,378514	10,470887	3,414362	6,634561	3,785053	4,000969	4,242038	5,110548	6,092878	1,396545	3,025428	2,897653	4,915932	8,514766	13,910791	10,885260	18,199608	9,885229	14,652815	12,722030	17,438217	15,469725	2,257874	5,056892	4,508570	5,260504	3,129573	5,476753	4,099204	3,768888	2,070785	11,463996	8,208758	2,015535	13,479601	8,208758	8,712646	1,985759	3,440936	1,421283	2,154121	5,851103	26,381195	16,477406	5,522965	6,622410	14,653775	8,712646	10,308143	14,041761	23,153509	13,923621	18,228036	1,915930	4,275020	4,605047	4,453463	3,506169	3,174918	99,852240	99,826789	14,009984	54,132706	56,163186	56,364214	55,938989	100,184608	100,203931	14,866796	6,787373	15,028842	12,740196
284,00	13,276380	24,942896	13,208100	18,073806	15,114473	26,475781	7,167733	7,511868	9,744731	10,900844	3,759877	7,094327	4,136551	4,305475	4,611477	5,503181	6,404512	1,596480	3,304727	3,222245	5,280837	8,763038	14,308354	11,237270	18,655226	10,200436	15,044805	13,261315	17,936832	15,969898	2,488667	5,388334	4,879238	5,645324	3,397466	5,883727	4,497169	4,070737	2,273496	11,708598	8,455085	2,228566	13,702936	8,455085	8,875964	2,163755	3,726634	1,563707	2,299776	6,327243	26,896694	16,980518	5,955440	7,092353	14,904605	8,875964	10,556212	14,363880	23,585661	14,318915	18,784614	2,124848	4,625477	4,979885	4,778882	3,850191	3,442958	99,997485	99,931908	15,014143	55,063778	57,611185	57,787365	56,975591	100,095427	99,972224	15,867445	6,889521	16,055855	13,528886
286,00	13,803369	25,392917	13,595752	18,479149	15,666042	26,854667	7,523800	7,752662	10,200854	11,202469	4,168537	7,566188	4,504225	4,678540	5,050499	5,926714	6,798254	1,815882	3,633864	3,549155	5,718322	9,084025	14,668444	11,675940	19,091190	10,625577	15,475258	13,816212	18,361703	16,442743	2,763088	5,757376	5,348044	6,036275	3,732851	6,327039	4,954358	4,434071	2,513104	11,953869	8,723808	2,449436	14,063536	8,723808	9,135088	2,387827	3,942902	1,793977	2,479948	6,839479	27,370879	17,638284	6,431185	7,534056	15,218507	9,135088	10,787559	14,759469	24,011283	14,850380	19,281855	2,328756	4,980913	5,360558	5,094772	4,243957	3,781276	99,966383	99,799711	15,993308	56,052405	58,883643	59,052950	58,175933	100,068760	100,129116	16,771823	7,080979	17,082117	14,304180
288,00	14,232762	25,675532	14,054132	18,818004	16,187447	27,455938	7,927871	8,100567	10,774222	11,618564	4,663040	7,914341	4,955844	4,961970	5,585461	6,244145	7,102882	2,084603	3,924514	3,937274	6,107002	9,448760	15,006708	12,195006	19,706234	11,076424	15,899996	14,468366	18,899423	16,881162	3,082895	6,111146	5,799366	6,385685	4,112246	6,686020	5,387469	4,740112	2,730325	12,198783	9,054880	2,722060	14,301479	9,054880	9,415220	2,646596	4,220197	2,035449	2,627306	7,389896	28,027523	18,243042	6,954408	8,014850	15,469669	9,415220	11,096689	15,306494	24,539989	15,433483	19,749749	2,604183	5,226946	5,750854	5,462267	4,697128	4,080964	100,049734	100,067616	17,029499	57,130402	60,192060	60,299772	59,406149	100,039744	100,002944	17,750888	7,271153	18,090062	15,152439
290,00	14,748885	26,083523	14,617763	19,136900	16,780314	27,833560	8,468428	8,405179	11,398462	11,968881	5,169059	8,452461	5,438484	5,304358	6,041604	6,662383	7,479519	2,406427	4,217257	4,377196	6,463514	9,880999	15,298575	12,783599	20,069028	11,601643	16,260538	15,155807	19,326693	17,259732	3,417298	6,475950	6,249293	6,795494	4,485545	7,133925	5,901054	5,118936	3,011310	12,405434	9,421688	3,001518	14,538494	9,421688	9,713695	2,908897	4,528279	2,305726	2,827409	7,949407	28,584343	18,927847	7,466019	8,459932	15,731952	9,713695	11,440744	15,775794	24,925074	16,186689	20,284419	2,862603	5,575271	6,204389	5,796313	5,198668	4,411369	100,084794	99,901128	18,024527	58,062088	61,390191	61,325401	60,536093	99,983442	99,974626	18,760197	7,524434	19,127817	15,892084
292,00	15,391594	26,522771	15,156808	19,635062	17,402844	28,363207	9,037686	8,802829	12,100070	12,364657	5,721025	8,794863	5,907325	5,626118	6,569844	7,082178	7,827014	2,775942	4,575320	4,839666	6,880480	10,401425	15,674540	13,377996	20,603676	12,190309	16,704912	15,931535	19,900508	17,803511	3,806859	6,837530	6,782270	7,151448	4,924036	7,506270	6,413833	5,454784	3,291228	12,703709	9,705302	3,306025	14,788707	9,705302	10,031104	3,204500	4,774563	2,581814	2,994720	8,460453	29,120126	19,636650	7,999027	8,905914	15,995584	10,031104	11,783352	16,361345	25,357231	16,996245	20,815763	3,204787	5,908650	6,647065	6,154399	5,713219	4,756031	99,968809	99,818647	18,979298	59,032005	62,486053	62,491381	61,589360	99,857920	100,084925	19,756119	7,771215	20,020780	16,672838
294,00	15,980291	26,952359	15,758900	20,032352	18,033175	28,789023	9,853233	9,114728	12,998481	12,818712	6,350008	9,212032	6,468586	5,933950	7,176097	7,450347	8,181231	3,181684	4,916971	5,380223	7,289708	10,975084	16,045272	14,092585	21,147020	12,867320	17,143045	16,799802	20,391640	18,308707	4,216345	7,231203	7,318248	7,554077	5,406281	7,899375	6,984582	5,847304	3,578775	12,980685	10,116874	3,590986	15,157095	10,116874	10,446277	3,484137	5,044561	2,877062	3,181189	9,035469	29,610184	20,378502	8,553371	9,391090	16,319710	10,446277	12,186752	16,922313	25,893101	17,974582	21,523805	3,496701	6,260959	7,121880	6,513589	6,283999	5,102204	99,931967	100,207603	19,849350	60,054559	63,302594	63,575751	62,653196	99,991453	100,030518	20,697160	8,015403	21,008268	17,391223
296,00	16,591169	27,182123	16,360418	20,374291	18,811709	29,142040	10,607153	9,422208	13,823664	13,166377	6,932403	9,572580	7,040597	6,277107	7,724808	7,877234	8,484526	3,622614	5,202293	5,871793	7,685910	11,612783	16,395284	14,834702	21,539202	13,581626	17,513390	17,743093	20,805551	18,665084	4,631454	7,495934	7,864035	7,922796	5,842172	8,318795	7,558195	6,165196	3,896207	13,138938	10,582595	3,949147	15,400755	10,582595	10,830882	3,804062	5,319498	3,106046	3,405675	9,657422	30,218983	21,164551	9,110975	9,812550	16,512844	10,830882	12,596725	17,522821	26,225689	18,996009	21,963114	3,787302	6,544635	7,544196	6,813562	6,892122	5,426783	100,072694	100,076354	20,765790	60,629666	64,430779	64,568549	63,599539	99,962217	99,933755	21,619175	8,354068	21,842007	18,173513
298,00	17,159273	27,551782	16,885094	20,681295	19,368668	29,754862	11,384878	9,741906	14,580651	13,545758	7,536062	9,973294	7,540792	6,584765	8,260594	8,268417	8,919753	4,045352	5,590234	6,400855	8,103619	12,120159	16,762215	15,425441	22,004563	14,180782	17,967053	18,502933	21,254334	19,164580	5,086363	7,907040	8,362474	8,302986	6,314027	8,714547	8,095349	6,542202	4,171218	13,391966	11,009649	4,220036	15,670361	11,009649	11,188954	4,078292	5,575009	3,379115	3,596207	10,181878	30,697083	21,858384	9,700071	10,231192	16,761230	11,188954	13,025975	18,056971	26,602563	19,895086	22,504650	4,102533	6,849582	8,010671	7,128342	7,434297	5,753549	99,971598	99,996161	21,583647	61,790228	65,082353	65,461302	64,654577	100,047910	99,925077	22,465837	8,785479	22,722855	18,897371
300,00	17,648071	27,628699	17,330046	20,914356	19,874030	30,064052	12,087016	10,050891	15,221691	13,822681	8,027534	10,361142	7,970656	6,900491	8,761897	8,657727	9,255341	4,431958	5,896174	6,846216	8,469120	12,592861	17,013180	16,023749	22,332348	14,763172	18,189125	19,174038	21,580510	19,490090	5,410953	8,196625	8,804008	8,637756	6,737824	9,061576	8,589754	6,910013	4,422562	13,514088	11,267341	4,468477	15,870638	11,267341	11,549655	4,385348	5,832743	3,578132	3,815933	10,667735	31,048042	22,468594	10,104810	10,642461	16,959433	11,549655	13,263942	18,463702	26,872364	20,705971	22,940154	4,326046	7,155096	8,369160	7,425965	7,905109	6,106569	99,931246	99,796033	22,367786	62,336397	66,252273	66,447425	65,303457	99,814695	100,142562	23,239654	9,210227	23,540029	19,616395
302,00	18,036050	28,071874	17,665187	21,253505	20,323406	30,465078	12,716471	10,427754	15,812112	14,275022	8,578576	10,728668	8,424061	7,222676	9,218617	9,003688	9,652333	4,798424	6,249659	7,223012	8,805438	13,057432	17,313810	16,509020	22,778350	15,281570	18,693928	19,797820	22,158293	19,943263	5,803936	8,506606	9,292085	8,983099	7,105661	9,425841	9,052647	7,242304	4,679619	13,846061	11,572006	4,733443	16,165954	11,572006	11,867921	4,648936	6,080082	3,735729	4,006805	11,191324	31,493816	23,066884	10,560217	11,030927	17,223187	11,867921	13,626100	18,936135	27,391157	21,340109	23,484750	4,502941	7,484642	8,739294	7,806785	8,336362	6,479572	100,033152	100,030041	23,186889	63,320726	66,908288	67,194176	66,141474	99,958229	100,226617	24,050915	9,741116	24,308233	20,349711
304,00	18,335302	28,230140	18,012013	21,513361	20,664047	30,807757	13,168590	10,746793	16,240911	14,533716	8,884664	11,047827	8,714852	7,553627	9,553444	9,307331	10,036822	5,079851	6,562913	7,585339	9,156500	13,347247	17,557555	16,891965	23,266275	15,652451	19,035001	20,302404	22,485408	20,331019	6,069623	8,804073	9,645180	9,281626	7,414158	9,834368	9,395614	7,549324	4,891727	14,063947	11,801114	4,966206	16,431765	11,801114	12,107554	4,869685	6,296766	3,839975	4,215662	11,599625	31,913695	23,437120	10,991459	11,474757	17,480265	12,107554	13,846380	19,311737	27,633509	21,883351	23,883003	4,676785	7,787916	9,087732	8,093114	8,734905	6,782047	100,005901	100,203073	23,990895	64,048815	67,644888	67,921329	66,863281	100,086343	99,994731	24,678782	10,279673	25,086692	21,037169
306,00	18,616495	28,440383	18,180162	21,706471	20,993541	31,293565	13,456446	11,099753	16,580707	14,855333	9,208064	11,307855	9,030408	7,875973	9,896101	9,694352	10,362891	5,370789	6,848320	7,895668	9,513225	13,606516	17,913736	17,205256	23,577105	15,969352	19,406550	20,624878	22,821756	20,642823	6,320903	9,171016	9,993787	9,608600	7,759222	10,133912	9,730647	7,881472	5,053652	14,186017	12,019815	5,127641	16,653992	12,019815	12,282188	5,081765	6,575914	3,895316	4,485519	12,007854	32,350624	23,936662	11,332556	11,824419	17,566122	12,282188	14,106661	19,632126	27,987000	22,378194	24,268171	4,782730	8,053047	9,325031	8,426882	9,081778	7,111811	99,991554	99,922585	24,573317	64,533585	68,217504	68,471140	67,359507	99,810219	99,990797	25,323966	10,958204	25,656402	21,642584
308,00	18,807384	28,698251	18,474960	21,953994	21,237732	31,523705	13,766289	11,454099	16,841787	15,252925	9,551059	11,590372	9,359119	8,093075	10,208449	10,011430	10,824778	5,586935	7,207661	8,191039	9,777059	13,858178	18,165717	17,495580	23,946705	16,288300	19,734043	21,027511	23,211356	21,059623	6,536749	9,409568	10,331392	9,941444	7,982452	10,402655	10,127210	8,244456	5,247740	14,356333	12,272081	5,264018	16,946389	12,272081	12,460876	5,243812	6,787418	3,917429	4,679511	12,351248	32,763493	24,336638	11,701705	12,206574	17,987396	12,460876	14,227782	19,889492	28,320286	22,714207	24,676256	4,895126	8,322731	9,683734	8,735013	9,355731	7,439214	99,878931	100,058258	25,217259	65,366536	68,774873	69,031626	67,955422	100,153983	99,845022	26,025707	11,625376	26,339221	22,369646
310,00	19,003318	28,839314	18,571243	22,195221	21,379194	31,775934	13,910432	11,753350	17,012411	15,547135	9,833363	11,934660	9,484973	8,424369	10,525703	10,299154	11,192393	5,717549	7,536446	8,332698	10,098670	13,917327	18,436642	17,691664	24,249224	16,412954	19,987896	21,306659	23,552385	21,328163	6,779911	9,633053	10,585172	10,276177	8,223674	10,768315	10,363320	8,563332	5,432922	14,549191	12,290736	5,420832	17,123824	12,290736	12,552555	5,366156	7,007375	3,909811	4,921414	12,711823	32,978117	24,682352	12,014952	12,501870	18,108898	12,552555	14,318542	20,070362	28,555259	23,014505	25,075287	4,919017	8,603241	9,833203	9,012311	9,604942	7,782684	100,016832	100,010121	25,726321	65,925860	69,357473	69,624448	68,521428	100,177073	100,103331	26,563144	12,355029	26,729730	22,948001
312,00	19,049840	28,959751	18,683079	22,334105	21,534084	32,031548	13,950625	12,004738	17,052002	15,764858	10,021091	12,229505	9,707106	8,638667	10,725960	10,629325	11,498190	5,903491	7,808670	8,593756	10,391221	14,083211	18,701017	17,884582	24,700470	16,597770	20,237841	21,515098	23,829876	21,606834	6,930511	9,921884	10,803737	10,486805	8,414494	11,098192	10,612206	8,852312	5,558492	14,733085	12,411750	5,574701	17,325024	12,411750	12,700218	5,530958	7,180220	3,941381	5,193752	13,016780	33,363426	25,002959	12,264109	12,832728	18,292381	12,700218	14,478381	20,310073	28,787461	23,165850	25,452498	4,918330	8,870719	10,084434	9,237042	9,775793	8,112654	100,067937	99,793404	26,208848	66,470164	69,605237	69,889140	68,912828	100,190020	99,929839	26,928097	13,054802	27,242512	23,559085
314,00	19,219813	29,187563	18,664044	22,456507	21,726865	32,411820	13,981470	12,378411	17,121388	16,064133	10,173085	12,384269	9,872493	8,909565	10,863245	10,912023	11,884712	6,036793	8,107440	8,690014	10,612426	14,124897	18,939811	18,015060	24,981542	16,747767	20,653750	21,684489	24,266347	22,112934	7,088798	10,124819	11,011908	10,721970	8,563586	11,347828	10,805427	9,111242	5,699648	14,930893	12,502955	5,650542	17,543083	12,502955	12,719014	5,632748	7,419858	3,888782	5,397387	13,251260	33,730578	25,143325	12,563591	13,086680	18,451589	12,719014	14,473766	20,464078	29,087156	23,383202	25,779778	4,941879	9,075879	10,257337	9,558871	10,021041	8,350763	100,015998	99,683595	26,702386	67,032456	69,959015	70,110726	69,216245	99,839830	99,670982	27,485853	13,865991	27,686173	24,077965
316,00	19,237117	29,285589	18,691555	22,773942	21,780257	32,574925	14,034562	12,708931	17,081876	16,257624	10,321396	12,717511	10,012060	9,176855	11,093608	11,266495	12,282506	6,108036	8,384690	8,822601	10,927851	14,142321	19,158371	18,088327	25,349325	16,804516	20,923978	21,817888	24,530423	22,329475	7,252400	10,377533	11,174690	11,031545	8,759349	11,609138	11,037029	9,463299	5,855980	15,080754	12,501988	5,731968	17,806512	12,501988	12,719287	5,785733	7,586324	3,839469	5,632569	13,559221	34,101686	25,344330	12,811252	13,425593	18,585283	12,719287	14,526178	20,531398	29,336232	23,408240	26,216507	4,965048	9,391598	10,374080	9,834116	10,185392	8,742402	99,990869	100,096738	27,103433	67,572236	70,301545	70,452112	69,598889	99,867773	99,755281	27,791935	14,778720	28,145000	24,616852
318,00	19,237943	29,433382	18,805733	22,928025	21,929415	32,915437	13,895051	12,977341	17,035888	16,604656	10,454135	12,911396	10,181157	9,518816	11,222309	11,530801	12,699625	6,200001	8,700271	8,912990	11,167774	14,174882	19,401701	18,199509	25,670356	16,807860	21,301681	21,945846	24,859640	22,746508	7,363373	10,650445	11,381779	11,271453	8,960860	11,887362	11,185174	9,768875	5,949483	15,215859	12,583588	5,783838	18,046919	12,583588	12,795156	5,881244	7,801475	3,804688	5,934553	13,805884	34,337139	25,745770	12,993915	13,656472	18,865347	12,795156	14,654224	20,837732	29,690725	23,530731	26,551986	4,898305	9,642806	10,589734	10,106934	10,245373	9,076946	100,116551	99,910998	27,509949	68,063837	70,573199	70,677102	70,043015	99,993157	99,925196	28,186917	15,771919	28,564468	25,194442
320,00	19,217677	29,595569	18,746766	23,204195	21,889265	33,235988	13,732256	13,286893	16,903906	16,900371	10,574469	13,049214	10,291073	9,747522	11,287413	11,765037	12,975931	6,146119	9,004596	9,017235	11,459318	14,145261	19,686104	18,239108	25,928679	16,838112	21,639608	21,873502	25,213403	22,985272	7,412703	10,809200	11,517299	11,516365	9,029109	12,185881	11,274758	10,041340	6,062431	15,459207	12,611632	5,827378	18,310077	12,611632	12,713371	5,976353	8,004636	3,728184	6,188142	14,089349	34,777129	25,769606	13,178734	13,982411	19,031027	12,713371	14,631441	20,827956	29,993263	23,587374	26,854563	4,873291	9,834766	10,685617	10,338302	10,389059	9,446055	99,961090	100,216246	27,735212	68,780738	70,730340	70,934886	70,229131	99,962980	99,788165	28,545049	16,650781	28,809413	25,576845
322,00	19,117716	29,570252	18,739919	23,244195	21,885438	33,305481	13,477589	13,647996	16,776246	17,102690	10,647793	13,346548	10,314577	9,993932	11,408956	12,042585	13,290238	6,207373	9,359305	9,019276	11,714486	14,105326	19,930473	18,225232	26,232338	16,855109	21,943067	21,914946	25,499311	23,262288	7,521184	11,077738	11,562368	11,811683	9,136374	12,415293	11,433265	10,356346	6,133731	15,606247	12,550722	5,924215	18,509787	12,550722	12,676494	6,125305	8,244732	3,680286	6,438472	14,227834	34,858176	26,050913	13,396759	14,282174	19,167687	12,676494	14,585866	20,948572	30,142000	23,508060	27,173463	4,805432	10,082389	10,783000	10,674851	10,414126	9,702319	100,078750	99,856222	28,122073	68,888527	70,786208	71,270448	70,308554	99,998546	99,881470	28,811938	17,638403	29,099903	26,061454
324,00	18,969387	29,662305	18,613924	23,507023	21,858814	33,495748	13,263638	13,919140	16,541162	17,391257	10,780467	13,459504	10,417666	10,268459	11,659220	12,348635	13,698904	6,253980	9,691530	9,129921	12,035253	13,897960	20,175257	18,213867	26,430458	16,720442	22,171763	21,806349	25,624314	23,482986	7,616253	11,288645	11,769404	12,101895	9,338719	12,758513	11,638442	10,745922	6,260098	15,757874	12,527189	6,002783	18,705849	12,527189	12,651473	6,250834	8,437397	3,626848	6,831300	14,485601	35,239983	26,347789	13,728379	14,592847	19,313975	12,651473	14,519051	20,996012	30,369636	23,263173	27,567089	4,821675	10,395351	11,001316	10,972384	10,598900	10,064004	99,958783	99,953955	28,373146	69,218439	71,024412	71,033174	70,433867	100,083542	99,794751	29,152426	18,716344	29,669502	26,537764
326,00	18,918639	29,669908	18,537708	23,589788	21,692272	33,718583	13,005169	14,299574	16,299014	17,622814	10,825876	13,663161	10,500123	10,550972	11,715965	12,633806	14,118236	6,232791	9,985085	9,146461	12,246575	13,817893	20,368442	18,154702	26,733303	16,701455	22,442693	21,768263	25,967103	23,944210	7,686370	11,569097	11,895549	12,297563	9,410505	13,028431	11,761546	11,023685	6,331719	16,018811	12,503126	6,033981	18,987530	12,503126	12,553178	6,320951	8,675203	3,610765	7,102814	14,644161	35,477990	26,339680	13,825911	14,806753	19,506863	12,553178	14,429496	21,072005	30,703044	23,150244	27,885002	4,782958	10,605869	11,133144	11,208747	10,624090	10,468438	100,205445	100,044382	28,593418	69,463956	71,197581	71,217519	70,535558	99,996585	100,337243	29,378924	19,895586	29,845533	27,096480
328,00	18,836677	29,823372	18,460272	23,728353	21,738729	33,710536	12,758310	14,580292	16,155845	17,912777	10,860194	13,817412	10,502926	10,763820	11,763807	12,871666	14,368910	6,243322	10,249331	9,104235	12,470609	13,739283	20,615548	18,152249	27,117708	16,700493	22,701746	21,826704	26,198530	24,081843	7,727154	11,735307	11,973510	12,523447	9,445134	13,254151	11,774252	11,347467	6,392294	16,095719	12,481440	6,046768	19,087189	12,481440	12,598266	6,375672	8,776142	3,605856	7,350812	14,831440	35,762233	26,537350	13,956743	15,025374	19,632544	12,598266	14,432523	21,046382	30,795294	23,075022	28,288606	4,750608	10,877963	11,161182	11,411122	10,662226	10,736871	99,959284	99,805158	28,707635	69,722575	71,138650	71,166348	70,561057	99,878103	99,686301	29,603285	20,826836	30,030751	27,293324
330,00	18,851641	29,915160	18,406846	23,879576	21,681586	34,095323	12,595302	14,994559	16,070496	18,165870	10,912153	14,006983	10,569780	11,002185	11,847246	13,090581	14,701805	6,252030	10,590534	9,131998	12,667812	13,697687	20,924976	18,128270	27,356783	16,608772	23,035997	21,700217	26,525918	24,476537	7,787338	11,944458	12,048170	12,842140	9,591348	13,511872	11,894730	11,570546	6,465050	16,334911	12,525892	6,154262	19,444957	12,525892	12,585829	6,480983	8,975645	3,620871	7,638089	14,928223	36,092839	26,713330	14,135608	15,232953	19,929922	12,585829	14,380696	21,103533	31,150430	22,869813	28,579354	4,775582	11,057538	11,281140	11,713447	10,686953	11,070462	99,961370	99,966860	29,062340	70,143372	71,208715	71,374100	70,824760	100,136411	100,070095	29,880339	21,954286	30,263516	27,681181
332,00	18,729760	30,032736	18,314266	24,002142	21,615891	34,242076	12,321767	15,365316	15,789314	18,449549	10,920389	14,147629	10,621251	11,260767	11,805959	13,384807	14,990959	6,219229	10,875730	9,170540	12,885417	13,520415	21,133670	18,015614	27,689674	16,529971	23,361067	21,630499	26,865250	24,752086	7,853795	12,115600	12,174753	12,951973	9,598961	13,690723	11,913932	11,845912	6,517938	16,545908	12,403368	6,219117	19,589615	12,403368	12,461837	6,544437	9,140225	3,661175	7,878051	15,061535	36,249691	26,759484	14,278358	15,524763	20,038168	12,461837	14,386928	21,013564	31,275818	22,561763	28,913060	4,811812	11,286202	11,416300	11,841177	10,729174	11,369534	100,057805	100,019574	29,329541	70,403934	71,098870	71,115649	70,836663	100,009847	99,823344	30,000347	22,848767	30,384961	27,898219
334,00	18,600042	30,050960	18,278867	24,167165	21,537115	34,400338	12,070673	15,756236	15,615219	18,706746	10,945565	14,336567	10,601833	11,467341	11,882947	13,576309	15,239842	6,184486	11,132212	9,113713	13,065152	13,477539	21,412443	17,967042	28,033522	16,480784	23,574957	21,537824	27,096969	25,043830	7,897840	12,287236	12,244198	13,181910	9,624749	13,947086	11,999161	12,189484	6,559490	16,651635	12,417546	6,266061	19,851555	12,417546	12,377067	6,618603	9,360137	3,704792	8,098558	15,190825	36,441883	26,769194	14,448869	15,649985	20,140864	12,377067	14,347038	21,051368	31,502005	22,462122	29,250798	4,843583	11,502227	11,526245	12,130295	10,724863	11,697984	100,091815	100,083613	29,328832	70,591134	71,038908	71,302003	70,915014	100,177598	100,133169	30,129367	23,774406	30,554113	28,209355
336,00	18,525375	30,029035	18,037087	24,249099	21,470083	34,508169	11,873650	15,989207	15,362616	18,925436	10,959896	14,554809	10,590887	11,702785	11,920448	13,827230	15,516515	6,137496	11,382169	9,137561	13,283937	13,398513	21,591511	17,804855	28,212035	16,406831	23,932663	21,414128	27,351356	25,253129	7,911257	12,464738	12,291379	13,368335	9,716448	14,152363	12,043592	12,361401	6,625565	16,786198	12,353951	6,323634	19,989234	12,353951	12,336919	6,664623	9,522722	3,756412	8,353980	15,273784	36,660776	26,842847	14,522378	15,870957	20,225908	12,336919	14,264058	21,040480	31,660914	22,208686	29,372886	4,935315	11,682241	11,631751	12,373586	10,766613	11,965849	99,901807	99,955404	29,494274	70,790762	71,030861	70,998538	70,787263	100,091648	100,109959	30,278015	24,603264	30,671537	28,517812
338,00	18,446806	30,157444	18,061449	24,360676	21,468511	34,729558	11,705992	16,370595	15,360762	19,275886	11,008808	14,626458	10,682254	11,931452	11,996379	14,047348	15,821539	6,153007	11,640206	9,159127	13,499372	13,340779	21,799015	17,896828	28,585094	16,373950	24,217679	21,475215	27,642602	25,647360	7,980631	12,721105	12,387137	13,582993	9,809456	14,346518	12,151027	12,689322	6,713448	17,002322	12,398390	6,425858	20,269984	12,398390	12,343769	6,770699	9,697819	3,890366	8,621392	15,436812	36,901274	26,951414	14,682087	16,024964	20,437650	12,343769	14,326392	21,066687	31,878909	22,190107	29,750898	5,051384	11,906587	11,685842	12,577838	10,873331	12,266688	99,965745	100,090981	29,671350	70,748144	71,120948	71,226639	70,866674	100,200939	99,948764	30,552033	25,467572	30,860293	28,641561
340,00	18,484464	30,249137	18,028389	24,478978	21,396260	34,817165	11,617355	16,823310	15,200584	19,492729	11,039578	14,778540	10,699628	12,165239	12,052433	14,220265	15,984735	6,211852	11,981449	9,212638	13,745248	13,292599	22,014658	17,877319	28,743243	16,321091	24,467979	21,440317	27,924243	25,844637	8,019917	12,850191	12,477370	13,798755	9,821673	14,619157	12,219358	12,902814	6,760619	17,081270	12,406939	6,564930	20,503753	12,406939	12,318750	6,837701	9,866843	4,101876	8,887661	15,529813	37,063068	27,013299	14,768343	16,292694	20,514196	12,318750	14,358753	21,097876	31,993684	22,160225	30,104429	5,232628	12,127206	11,900529	12,797943	10,966968	12,587559	100,021195	99,921584	29,778886	70,841974	71,103376	71,161562	70,795786	99,955732	100,110579	30,524036	26,315731	30,998507	28,942430
342,00	18,472630	30,240130	18,046468	24,669285	21,465835	34,880996	11,563703	17,149436	15,129356	19,754943	11,169716	14,936103	10,745404	12,415013	12,174389	14,463300	16,244465	6,242351	12,264432	9,250848	13,905126	13,290168	22,231236	17,903952	29,059502	16,377278	24,725017	21,415254	28,092423	26,159683	8,117611	13,065864	12,572582	13,998982	9,919430	14,821699	12,326298	13,224171	6,856836	17,235574	12,433662	6,749934	20,658918	12,433662	12,415275	6,922667	10,023646	4,392599	9,090688	15,683180	37,142357	27,136466	14,945120	16,488421	20,641643	12,415275	14,392400	21,196513	32,192174	22,234850	30,400231	5,480707	12,334497	11,996936	13,011225	11,150490	12,979500	99,999547	99,898422	29,908589	70,786673	70,961642	71,048957	70,700377	100,120103	100,110769	30,642098	27,022329	31,135470	29,161802
344,00	18,471044	30,291948	18,070763	24,661794	21,550974	35,070798	11,635301	17,492905	15,106976	19,986066	11,182046	14,966820	10,862438	12,601051	12,271480	14,678985	16,420548	6,362122	12,470064	9,293065	14,091797	13,341057	22,390364	17,943230	29,339024	16,425322	24,992475	21,524373	28,432208	26,376686	8,197544	13,218394	12,684587	14,166878	10,064989	14,960699	12,358225	13,461925	6,932572	17,419854	12,469491	6,958859	20,892538	12,469491	12,465701	6,989008	10,160746	4,780660	9,317753	15,784687	37,400773	27,262089	15,050757	16,652760	20,749319	12,465701	14,472628	21,322279	32,239655	22,322187	30,673504	5,819102	12,461516	12,257344	13,206959	11,326111	13,245112	100,100935	99,982625	30,019367	71,084386	70,943910	71,035105	70,677507	100,108159	100,109625	30,820730	27,722403	31,236526	29,288185
346,00	18,510792	30,328888	18,135968	24,866854	21,661405	35,223117	11,649852	17,955315	15,179715	20,335011	11,355461	15,126224	10,959131	12,746526	12,359820	14,791258	16,643198	6,422115	12,762097	9,352352	14,272568	13,399126	22,698088	18,043107	29,591882	16,496176	25,361115	21,563452	28,667676	26,707795	8,277296	13,374481	12,819304	14,359418	10,106470	15,138544	12,508120	13,699448	7,004599	17,561914	12,565944	7,171047	21,037635	12,565944	12,584943	7,111266	10,286865	5,235706	9,519157	15,982416	37,658417	27,475220	15,188850	16,773973	20,945965	12,584943	14,561577	21,446063	32,485783	22,469291	30,991197	6,208964	12,654695	12,419933	13,372533	11,556456	13,562739	100,050533	100,142586	30,142257	71,052015	70,830446	70,885491	70,754123	99,997568	99,860781	30,866730	28,282017	31,306061	29,392153
348,00	18,589318	30,323929	18,172017	24,848038	21,763113	35,317788	11,694381	18,309218	15,253985	20,540968	11,414275	15,234084	11,053689	12,960808	12,510121	15,076092	16,872352	6,509411	13,039534	9,449968	14,453006	13,466260	22,822474	18,204115	29,845971	16,587543	25,508448	21,666180	28,893512	26,941702	8,385182	13,531381	12,909564	14,514776	10,255942	15,337928	12,657040	13,963939	7,102322	17,734499	12,609352	7,443948	21,218784	12,609352	12,717064	7,205157	10,473657	5,746887	9,804530	16,104051	37,725908	27,635267	15,364493	17,001863	21,060283	12,717064	14,665973	21,586700	32,615292	22,729613	31,264603	6,647254	12,836705	12,619680	13,582073	11,756846	13,883275	100,142276	99,997962	30,234909	70,984781	70,810783	70,960379	70,526242	100,093520	99,862462	30,976924	28,851956	31,435966	29,588890
350,00	18,637501	30,473429	18,203510	25,004148	21,850447	35,416627	11,756676	18,709703	15,263861	20,808233	11,540394	15,372077	11,131304	13,185491	12,598190	15,285611	17,079802	6,634783	13,316996	9,547856	14,656055	13,510020	23,101860	18,244718	30,108351	16,664046	25,812319	21,856348	29,165563	27,249581	8,479043	13,698672	12,998629	14,689934	10,339860	15,568730	12,735017	14,289953	7,187810	17,891341	12,669130	7,647575	21,453992	12,669130	12,814337	7,320694	10,667389	6,248586	10,010237	16,283704	37,996575	27,800241	15,539807	17,165609	21,203227	12,814337	14,751247	21,675180	32,754090	22,882235	31,620097	7,030080	13,073762	12,806465	13,828331	11,992481	14,263010	100,023007	99,953705	30,346295	71,149230	70,802397	70,829940	70,534116	100,054562	100,054884	31,047744	29,372922	31,517619	29,728124
352,00	18,729860	30,419660	18,282536	25,062561	21,943708	35,406411	11,772899	19,092827	15,239616	21,120854	11,619022	15,519488	11,224875	13,349314	12,698548	15,475461	17,182107	6,704195	13,586117	9,617262	14,822654	13,544278	23,302203	18,331714	30,416638	16,782349	26,145366	21,882577	29,346979	27,480072	8,593243	13,876900	13,114198	14,891236	10,461459	15,736219	12,868167	14,510846	7,265156	18,024601	12,764481	7,830010	21,709603	12,764481	12,896293	7,430308	10,771079	6,692412	10,221645	16,422147	38,199234	28,031501	15,656418	17,285018	21,315007	12,896293	14,878942	21,818356	32,850760	22,974855	31,857622	7,393076	13,231754	12,989852	13,980679	12,151898	14,535959	100,228977	99,975675	30,381778	70,936888	70,746833	70,883697	70,484263	100,071454	99,870563	31,139007	29,780880	31,625977	29,849631
354,00	18,739372	30,581084	18,279001	25,234210	21,938704	35,626343	11,763857	19,534749	15,226991	21,437679	11,705393	15,625924	11,283568	13,538393	12,760881	15,674047	17,427962	6,743240	13,877057	9,668698	15,006591	13,522695	23,578195	18,390194	30,608806	16,800815	26,489002	21,946087	29,754356	27,798003	8,653285	14,049672	13,248873	15,081799	10,553952	15,907951	12,914298	14,726026	7,367699	18,226556	12,820576	7,994638	21,888131	12,820576	12,918459	7,522779	10,955544	7,081664	10,435341	16,551486	38,391751	28,017178	15,798508	17,470151	21,481791	12,918459	14,881109	21,879882	33,052334	23,035914	32,252157	7,711913	13,438594	13,187040	14,179027	12,327738	14,852354	100,117624	100,120032	30,520737	71,169525	70,568472	70,773280	70,518392	100,129664	100,110304	31,178343	30,208290	31,674117	30,049455
356,00	18,681440	30,468786	18,218170	25,312901	21,937250	35,681069	11,707368	19,897881	15,171206	21,662574	11,737780	15,680994	11,353476	13,732132	12,832409	15,822437	17,583461	6,805690	14,113650	9,739315	15,145582	13,502160	23,716992	18,325037	30,860880	16,759054	26,671323	21,923073	29,887056	27,991766	8,725715	14,193186	13,289256	15,250066	10,613180	16,072634	13,033704	14,945218	7,389501	18,360204	12,822616	8,131729	22,069450	12,822616	12,882842	7,611119	11,098985	7,336752	10,614151	16,640513	38,531032	28,106287	15,912846	17,639941	21,568666	12,882842	14,951269	21,870513	33,102727	23,001820	32,400402	7,919995	13,607621	13,300826	14,315706	12,443348	15,149616	100,123632	99,977612	30,554378	70,998818	70,586836	70,621717	70,393854	100,086856	99,929726	31,342474	30,453804	31,750417	30,098614
358,00	18,629864	30,571899	18,107787	25,391489	21,852948	35,753426	11,532402	20,268160	15,119590	21,938983	11,760709	15,825492	11,345664	13,932341	12,860210	16,009703	17,748055	6,839426	14,346939	9,744070	15,345883	13,501284	23,960060	18,297555	31,173003	16,738957	26,949427	21,861668	30,153406	28,270695	8,735647	14,361449	13,374312	15,443417	10,644210	16,260323	13,066424	15,177290	7,450763	18,497895	12,863992	8,232739	22,286443	12,863992	12,892812	7,657427	11,248527	7,566217	10,830423	16,697879	38,639507	28,180075	15,971056	17,761865	21,769315	12,892812	14,960951	21,853980	33,271214	22,919010	32,678646	8,081517	13,779481	13,381647	14,516830	12,484966	15,439738	100,026691	100,056231	30,658901	70,970678	70,354187	70,526469	70,222384	100,082850	99,884439	31,359860	30,815250	31,862640	30,206153
360,00	18,558182	30,613783	18,105948	25,441882	21,853882	35,865924	11,443734	20,629974	15,011421	22,134715	11,812741	15,903738	11,352623	14,093706	12,829477	16,160797	17,888762	6,801836	14,580715	9,744761	15,473598	13,424668	24,170762	18,276304	31,429833	16,652977	27,206144	21,849211	30,400631	28,504911	8,761671	14,495049	13,429876	15,595724	10,703012	16,458932	13,164720	15,434365	7,582574	18,639719	12,807640	8,316633	22,424623	12,807640	12,883274	7,717951	11,383139	7,753115	11,004492	16,869988	38,826120	28,244951	16,092652	17,904606	21,871588	12,883274	14,959525	21,944666	33,349019	22,806530	32,996291	8,247366	13,920794	13,462703	14,682357	12,527171	15,709305	100,057864	100,020552	30,737320	70,873415	70,332754	70,483214	70,199084	100,006652	99,764496	31,522545	31,091574	31,899124	30,191869
362,00	18,541738	30,705005	18,039422	25,583836	21,708354	35,981882	11,319271	20,951110	14,833951	22,388622	11,828182	16,058739	11,350794	14,282900	12,857172	16,411290	18,071374	6,801869	14,854972	9,760490	15,670960	13,336836	24,451125	18,183000	31,669545	16,645661	27,485946	21,790294	30,636841	28,804523	8,807151	14,709692	13,489230	15,802254	10,715684	16,648281	13,169071	15,659112	7,568970	18,808883	12,788524	8,395533	22,701474	12,788524	12,855949	7,788796	11,553879	7,875171	11,200374	16,934542	39,015943	28,321090	16,148983	18,115978	22,041042	12,855949	14,960721	21,892485	33,522788	22,626902	33,237195	8,315352	14,116910	13,512984	14,879546	12,536636	16,014460	100,032377	100,017035	30,786031	70,822835	70,294744	70,394975	70,238405	100,044906	99,936301	31,531185	31,363490	31,969911	30,316585
364,00	18,475001	30,716282	17,944805	25,610200	21,636182	36,087531	11,131163	21,354879	14,675900	22,551280	11,836838	16,182496	11,358175	14,437257	12,845266	16,549705	18,189287	6,810818	15,091592	9,794631	15,789248	13,228609	24,574217	18,167362	31,917953	16,498339	27,739969	21,704178	30,873737	28,873324	8,805073	14,862862	13,505197	15,943475	10,762542	16,841343	13,214171	15,880424	7,621311	18,941632	12,772739	8,440940	22,943914	12,772739	12,793608	7,822886	11,704916	8,018401	11,384663	16,996263	39,158335	28,385836	16,271333	18,306895	22,168373	12,793608	14,937772	21,890098	33,684289	22,477822	33,471757	8,395837	14,285012	13,596463	15,043929	12,538224	16,246818	100,001776	99,921817	30,817524	70,671761	70,083755	70,310098	69,960302	100,024676	99,900705	31,558555	31,578878	32,050556	30,463347
366,00	18,429431	30,796456	17,833765	25,774124	21,496120	36,218140	10,964987	21,658096	14,539647	22,834268	11,860973	16,271542	11,365077	14,606442	12,814702	16,737030	18,331841	6,763155	15,296850	9,760091	15,973139	13,130707	24,843916	17,939655	32,210749	16,378607	28,059623	21,564892	31,162784	29,291126	8,846274	15,012772	13,569874	16,120742	10,809615	17,031057	13,266867	16,087793	7,642352	19,138791	12,726139	8,511987	23,142153	12,726139	12,744436	7,888340	11,850710	8,117802	11,616168	17,054468	39,400497	28,313628	16,370878	18,425423	22,356099	12,744436	14,883174	21,841313	33,820274	22,276047	33,694583	8,468465	14,460894	13,644485	15,226670	12,544563	16,518849	100,029278	100,072753	30,877253	70,772064	69,990504	70,263118	69,896489	100,159097	99,967402	31,663516	31,763870	32,057726	30,505764
368,00	18,329200	30,966389	17,767170	25,815645	21,431181	36,356011	10,738447	22,070099	14,364356	23,082030	11,858547	16,413864	11,336224	14,753099	12,794958	16,899222	18,514399	6,700774	15,542124	9,704666	16,146857	13,010693	25,035247	17,899150	32,497320	16,268580	28,429294	21,462487	31,417105	29,569295	8,823631	15,183835	13,564667	16,301218	10,779127	17,221113	13,274921	16,303878	7,717343	19,353357	12,761763	8,561580	23,401222	12,761763	12,677467	7,946829	12,018230	8,208635	11,780965	17,115059	39,710805	28,373981	16,444784	18,654095	22,501116	12,677467	14,868380	21,831810	33,957145	22,059363	34,036374	8,532024	14,656466	13,668481	15,356657	12,491493	16,787978	99,962062	100,085354	30,938232	70,593619	69,907683	70,178396	69,965529	100,021684	99,856013	31,726778	31,925887	32,188642	30,552414
370,00	18,233430	30,921045	17,654918	25,880828	21,326059	36,455259	10,538446	22,431661	14,175569	23,253229	11,846691	16,498920	11,272080	14,926149	12,742756	17,089428	18,709260	6,666379	15,770324	9,680557	16,315846	12,880436	25,314802	17,823011	32,815275	16,168173	28,599852	21,371549	31,726822	29,800385	8,812622	15,344138	13,615090	16,464762	10,733914	17,398262	13,321526	16,542001	7,728772	19,479896	12,697379	8,611342	23,616613	12,697379	12,657616	7,977959	12,175689	8,279897	11,985878	17,179675	39,830354	28,472409	16,569330	18,759003	22,653311	12,657616	14,848511	21,722059	34,113953	21,819015	34,258214	8,610569	14,825489	13,736327	15,570644	12,561570	17,044251	99,982375	99,963087	31,034020	70,506078	69,871497	70,248580	69,804901	100,043547	99,971443	31,810448	32,089344	32,205871	30,615374
372,00	18,124641	30,939257	17,548271	26,025760	21,168070	36,548883	10,338387	22,713666	13,967900	23,558612	11,813804	16,582376	11,265619	15,136717	12,715916	17,250867	18,853642	6,627383	16,012977	9,671751	16,416807	12,744768	25,497618	17,686154	33,106336	15,985362	28,982067	21,163987	31,969762	30,078962	8,809673	15,554611	13,666718	16,685984	10,781308	17,577803	13,302243	16,743872	7,798604	19,684198	12,686864	8,664337	23,931269	12,686864	12,568907	8,057874	12,340610	8,376863	12,214492	17,237328	40,055236	28,388733	16,624381	18,908414	22,789387	12,568907	14,830382	21,730061	34,238517	21,582584	34,523362	8,616431	14,985687	13,809742	15,793236	12,500311	17,345294	99,918002	99,962074	31,071857	70,502478	69,669324	70,078206	69,747412	100,164866	99,997079	31,887558	32,314265	32,211235	30,687332
374,00	17,864770	31,118792	17,275770	26,241797	20,813552	36,613899	9,927526	23,148185	13,657135	23,782019	11,834919	16,785355	11,273298	15,270208	12,644196	17,508754	19,039203	6,515397	16,298561	9,611323	16,631274	12,504591	25,889280	17,457333	33,374879	15,802446	29,241571	21,021415	32,094455	30,357024	8,813170	15,712325	13,747507	16,878253	10,836840	17,812486	13,371308	17,019437	7,838779	19,975962	12,556919	8,690893	24,201098	12,556919	12,483069	8,131473	12,484095	8,488042	12,455579	17,355661	40,315327	28,550699	16,731764	19,147892	23,075017	12,483069	14,649080	21,627577	34,424999	21,142696	34,957096	8,714014	15,241069	13,891502	15,959865	12,524530	17,620838	99,970877	100,051534	31,168723	70,424294	69,558960	69,680023	69,544518	100,111294	99,792451	31,900713	32,383969	32,461384	30,863643
376,00	17,696390	31,169841	17,140019	26,365495	20,617555	36,731920	9,729509	23,432307	13,477102	24,033253	11,806562	16,894886	11,212958	15,459602	12,585187	17,626368	19,168277	6,432158	16,515532	9,601483	16,815406	12,399331	26,151550	17,340069	33,627713	15,684912	29,511142	20,864241	32,388797	30,630994	8,815208	15,912531	13,759647	17,068620	10,839911	17,995232	13,353571	17,257069	7,872680	20,166840	12,497833	8,713081	24,446301	12,497833	12,412918	8,174383	12,653418	8,556871	12,687409	17,411155	40,496606	28,570998	16,845587	19,344559	23,214418	12,412918	14,593749	21,538483	34,566951	20,801315	35,122710	8,759308	15,405928	13,922608	16,172262	12,483300	17,935124	100,009835	100,025094	31,201673	70,282292	69,496709	69,548106	69,517785	100,124383	100,036371	31,907943	32,584009	32,504168	30,955610
378,00	17,601202	31,279129	16,978197	26,472810	20,482649	36,831620	9,523709	23,808873	13,269325	24,183984	11,767392	17,011014	11,170480	15,595692	12,520078	17,836945	19,317724	6,405900	16,743523	9,532055	16,975875	12,257546	26,386055	17,216617	33,931676	15,594715	29,800782	20,770909	32,630107	30,895287	8,787153	16,086845	13,760071	17,273998	10,851649	18,209027	13,373302	17,464779	7,917865	20,380776	12,512735	8,779492	24,809621	12,512735	12,358087	8,231103	12,822753	8,667415	12,906924	17,535500	40,747747	28,610083	16,930844	19,470315	23,397876	12,358087	14,561678	21,537426	34,739438	20,555310	35,422647	8,829288	15,590993	13,976718	16,339345	12,452746	18,100215	100,055873	99,975657	31,286299	70,135587	69,384855	69,570029	69,235158	100,157249	99,963021	32,020408	32,597336	32,558766	31,015548
380,00	17,423101	31,414369	16,869816	26,623943	20,337568	37,009433	9,321453	24,152149	13,095017	24,487677	11,770245	17,134003	11,165417	15,755212	12,463865	18,014568	19,459906	6,327630	16,940919	9,482364	17,098987	12,167529	26,685002	17,118999	34,245881	15,496644	30,201733	20,690325	32,932046	31,205156	8,810122	16,281597	13,847935	17,469272	10,865175	18,374200	13,419200	17,680004	7,980856	20,606115	12,471440	8,836646	25,099939	12,471440	12,322244	8,294097	12,992033	8,740850	13,099353	17,566973	41,061044	28,638515	17,000507	19,710839	23,622651	12,322244	14,547554	21,497947	34,917128	20,325510	35,709667	8,868495	15,764467	14,044218	16,508622	12,451738	18,400270	99,958193	99,959952	31,343058	70,143819	69,291794	69,384265	69,322729	100,070894	100,007081	32,074291	32,717505	32,623214	31,049231
382,00	17,429429	31,473723	16,792569	26,784158	20,278665	37,130204	9,209845	24,510534	12,996498	24,709356	11,772091	17,295438	11,149092	15,909225	12,465359	18,141776	19,628172	6,304517	17,158104	9,501032	17,289144	12,156169	26,908910	17,182130	34,534055	15,484525	30,507883	20,667063	33,207515	31,456557	8,827572	16,450009	13,894670	17,669424	10,955574	18,573925	13,466869	17,909722	8,050147	20,813976	12,478434	8,922298	25,460172	12,478434	12,310623	8,338898	13,172524	8,826030	13,334474	17,661156	41,345546	28,703508	17,111586	19,884434	23,835273	12,310623	14,500986	21,530470	35,142177	20,115735	35,988995	8,927445	15,976214	14,126855	16,691732	12,454953	18,643402	100,036752	100,000811	31,426853	70,076853	69,281077	69,346136	69,205213	100,139642	99,965304	32,169905	32,858887	32,692423	31,104350
384,00	17,374668	31,561616	16,736421	26,900518	20,194924	37,254971	9,127650	24,818295	12,949443	24,937096	11,776087	17,376354	11,148082	16,073054	12,441368	18,348508	19,797809	6,300612	17,369044	9,500613	17,448348	12,140544	27,218285	17,163853	34,791282	15,481941	30,816507	20,635228	33,461657	31,711891	8,881859	16,640812	13,969904	17,858851	10,978750	18,761262	13,526428	18,095657	8,120093	21,085155	12,510659	8,995224	25,732279	12,510659	12,328763	8,435652	13,351963	8,939708	13,570699	17,770524	41,581360	28,794652	17,215730	20,065643	23,997724	12,328763	14,568706	21,496101	35,274708	19,993769	36,282080	9,012809	16,154860	14,214313	16,904189	12,468548	18,852407	99,947494	100,026464	31,468642	69,975734	69,170725	69,311720	69,165206	100,068295	99,923480	32,210028	32,910907	32,731137	31,236047
386,00	17,329003	31,718862	16,722935	27,001241	20,211154	37,430543	9,101826	25,159013	12,909521	25,160480	11,818101	17,510664	11,164308	16,246600	12,442522	18,515176	19,966084	6,312109	17,597541	9,489730	17,630385	12,194943	27,456382	17,229898	35,126001	15,566747	31,088236	20,660800	33,743766	32,046577	8,940537	16,817842	14,072792	18,077679	11,076909	18,998152	13,594151	18,359847	8,200692	21,311298	12,571162	9,069447	26,056510	12,571162	12,385886	8,488624	13,510986	9,040956	13,778517	17,873670	41,830814	28,963199	17,305452	20,250811	24,247667	12,385886	14,592893	21,531419	35,465893	19,900927	36,543855	9,049606	16,336249	14,283505	17,073658	12,506665	19,149011	100,120890	100,022244	31,557974	69,871557	69,162458	69,247091	69,005960	100,092053	99,972743	32,264167	32,993066	32,833675	31,296459
388,00	17,278771	31,753743	16,678958	27,153853	20,087034	37,572110	9,034100	25,423008	12,858862	25,379094	11,831177	17,643440	11,184460	16,429581	12,495013	18,708806	20,133039	6,324095	17,787063	9,562312	17,793053	12,246439	27,756006	17,330737	35,394946	15,617271	31,426403	20,658375	33,998445	32,312500	9,036275	17,020899	14,184272	18,243036	11,154400	19,181104	13,700074	18,548639	8,274014	21,549666	12,624395	9,166446	26,430097	12,624395	12,421155	8,615431	13,718492	9,138134	14,016613	17,992775	42,111614	29,065061	17,440492	20,471039	24,447609	12,421155	14,632609	21,559940	35,647511	19,784899	36,775181	9,118408	16,488813	14,390963	17,275447	12,555735	19,354698	99,995404	100,095248	31,624007	69,841379	68,987870	69,053930	68,866467	100,077283	100,040495	32,360631	33,135933	32,942581	31,355637
390,00	17,289752	31,909019	16,652027	27,306667	20,083266	37,726578	8,990939	25,844187	12,865491	25,642699	11,891725	17,796780	11,221219	16,562930	12,486707	18,883537	20,304543	6,318538	18,013540	9,581575	17,974654	12,284094	28,047255	17,418642	35,753596	15,705077	31,819195	20,768672	34,299996	32,611692	9,098493	17,228945	14,279051	18,483478	11,242311	19,412729	13,773566	18,804885	8,370729	21,829869	12,694891	9,252786	26,788521	12,694891	12,441062	8,694046	13,883504	9,237004	14,233394	18,117583	42,444161	29,137734	17,561042	20,656027	24,718580	12,441062	14,684989	21,648212	35,841188	19,717771	37,105912	9,210255	16,685501	14,462703	17,526969	12,594418	19,630836	100,056863	100,043452	31,690320	69,818741	68,963349	68,994522	68,884826	100,092041	100,001419	32,426932	33,239669	32,960024	31,463239
392,00	17,328396	32,021949	16,688997	27,434573	20,095782	37,838253	8,943126	26,148069	12,857667	25,859165	11,888780	17,900649	11,241804	16,733047	12,488036	19,014138	20,399883	6,355748	18,184748	9,599584	18,107218	12,363534	28,304282	17,505451	36,029023	15,807186	32,054284	20,809120	34,507823	32,864368	9,157764	17,376167	14,367782	18,639155	11,344296	19,548100	13,838594	18,965583	8,462284	22,067541	12,744525	9,345607	27,120060	12,744525	12,496084	8,757160	14,027661	9,324865	14,437556	18,226880	42,645228	29,323402	17,658550	20,811144	24,917908	12,496084	14,772385	21,713637	36,096233	19,692345	37,325925	9,257735	16,855626	14,559868	17,679058	12,619536	19,823347	100,161505	99,947131	31,742457	69,671679	68,948877	69,060099	68,821234	100,005209	99,878764	32,507470	33,262426	33,022630	31,501487
394,00	17,277879	32,210389	16,640037	27,596986	20,006023	37,947541	8,881546	26,481009	12,835962	26,105189	11,928409	18,037626	11,252782	16,899616	12,483184	19,206685	20,593089	6,349951	18,438372	9,628376	18,272530	12,414930	28,616840	17,573549	36,353233	15,843147	32,400447	20,822339	34,776863	33,166942	9,221254	17,585732	14,465640	18,860716	11,397604	19,806692	13,877188	19,196315	8,526159	22,298808	12,766536	9,437589	27,433509	12,766536	12,509269	8,837123	14,247324	9,409872	14,636655	18,312964	42,896855	29,393470	17,796165	21,016382	25,149274	12,509269	14,775789	21,720083	36,313584	19,545287	37,647885	9,339728	17,063361	14,655744	17,866650	12,662204	20,049870	99,999678	100,010359	31,840277	69,663030	68,753505	68,935895	68,742788	100,019741	100,059831	32,578477	33,387911	33,067730	31,567389
396,00	17,227624	32,268268	16,593057	27,735218	19,983941	38,128167	8,807171	26,753345	12,748870	26,294345	11,928155	18,145889	11,270985	17,044903	12,494686	19,346146	20,730345	6,345116	18,626456	9,635344	18,454185	12,434562	28,874266	17,592654	36,563572	15,848748	32,704604	20,799249	35,095346	33,386317	9,293225	17,770363	14,511932	19,035102	11,453783	19,952969	13,928172	19,395104	8,593390	22,568460	12,803830	9,517118	27,758113	12,803830	12,543747	8,918896	14,418183	9,511126	14,845300	18,419389	43,114009	29,461911	17,884666	21,182960	25,358722	12,543747	14,800656	21,783467	36,424762	19,443490	37,838146	9,410919	17,249419	14,732124	18,085688	12,681721	20,295669	99,844980	99,934679	31,861329	69,448519	68,634444	68,758363	68,629462	99,962270	99,967772	32,608268	33,484611	33,120868	31,593671
398,00	17,209196	32,462245	16,583441	27,946913	19,898646	38,312539	8,743570	27,141058	12,688965	26,582724	11,956967	18,321043	11,264610	17,193127	12,527815	19,537933	20,914766	6,340013	18,822351	9,641204	18,614288	12,439796	29,151160	17,676011	36,924881	15,915591	33,050552	20,789365	35,383996	33,688667	9,311183	17,993070	14,602606	19,234553	11,528793	20,197836	13,995923	19,639316	8,655453	22,840062	12,838608	9,583846	28,132224	12,838608	12,594348	8,992236	14,613634	9,591552	15,094037	18,525538	43,427840	29,598695	18,001862	21,408278	25,592920	12,594348	14,827913	21,818528	36,654511	19,363078	38,181359	9,465741	17,423409	14,813952	18,267345	12,705062	20,561728	99,968600	100,053191	31,994143	69,481635	68,610311	68,750954	68,592215	100,044274	100,085080	32,683235	33,537909	33,240545	31,701818
400,00	17,112130	32,568076	16,483791	28,094456	19,788785	38,447505	8,600220	27,433935	12,597258	26,796415	11,932050	18,417029	11,249705	17,345272	12,475760	19,660561	21,018888	6,291334	19,041339	9,619810	18,734780	12,446311	29,425478	17,623034	37,166622	15,902872	33,354649	20,739765	35,579628	33,989581	9,344397	18,157429	14,652914	19,420519	11,560865	20,358081	14,014575	19,789115	8,721577	23,101082	12,852338	9,649641	28,456008	12,852338	12,568121	9,056627	14,792070	9,673700	15,287794	18,574017	43,655711	29,610369	18,090458	21,545279	25,826406	12,568121	14,853713	21,772224	36,867073	19,149108	38,434714	9,549975	17,586111	14,891425	18,458578	12,711702	20,771594	99,894625	100,008404	32,015219	69,328088	68,519819	68,645388	68,488580	100,123632	99,885643	32,753524	33,560905	33,307207	31,748611
402,00	17,002073	32,750553	16,390820	28,294420	19,628109	38,626817	8,436570	27,775377	12,446847	27,076301	11,879037	18,551475	11,212054	17,495695	12,397532	19,789401	21,185836	6,215603	19,209641	9,559993	18,908657	12,366856	29,759562	17,580156	37,462053	15,808144	33,647794	20,602532	35,926965	34,290940	9,352086	18,352203	14,696723	19,594413	11,531094	20,561524	13,971646	19,980313	8,761808	23,383664	12,833685	9,654514	28,819782	12,833685	12,516928	9,078032	14,968173	9,669068	15,520243	18,631643	43,944591	29,628858	18,150672	21,711232	26,050079	12,516928	14,847215	21,766442	37,058961	18,952399	38,714626	9,552345	17,774630	14,903869	18,633634	12,632008	20,983925	99,926436	100,072956	32,057199	69,326371	68,381101	68,550837	68,479723	100,019145	99,963468	32,766560	33,631581	33,321288	31,777012
404,00	16,885744	32,824370	16,266125	28,434935	19,455898	38,729417	8,245386	28,044683	12,270696	27,261230	11,818960	18,700573	11,112904	17,654228	12,303578	19,949009	21,307981	6,114663	19,441012	9,484217	19,080444	12,245991	30,024910	17,478426	37,724885	15,717722	33,927566	20,441411	36,141855	34,517109	9,328564	18,585183	14,686230	19,798741	11,539680	20,767929	13,936457	20,202199	8,801678	23,652990	12,777081	9,664518	29,118326	12,777081	12,479516	9,103496	15,157799	9,740905	15,684463	18,668175	44,116628	29,660290	18,184727	21,898443	26,248032	12,479516	14,835209	21,683195	37,217358	18,705872	38,939726	9,571417	17,990823	14,961314	18,846844	12,578978	21,210566	100,023293	99,887520	32,133877	69,119483	68,396097	68,506682	68,251449	100,021744	99,967295	32,855651	33,704081	33,364382	31,848401
406,00	16,715963	33,019486	16,119583	28,635475	19,219503	38,915256	8,008052	28,370225	12,050755	27,561039	11,746192	18,808059	11,040527	17,795138	12,185331	20,064697	21,466011	5,994301	19,579463	9,405849	19,242683	12,105726	30,335972	17,316169	37,981141	15,563761	34,279138	20,213743	36,398447	34,793687	9,262636	18,740931	14,654996	19,983181	11,496509	20,909309	13,882022	20,373693	8,816550	23,938166	12,704210	9,693091	29,489556	12,704210	12,408559	9,109190	15,323086	9,764535	15,901011	18,690319	44,408348	29,610378	18,266220	22,045524	26,511163	12,408559	14,802204	21,579799	37,491667	18,356848	39,204597	9,586412	18,130788	15,000953	19,015777	12,471004	21,407256	100,056028	99,943411	32,185420	69,109321	68,260366	68,403894	68,320119	100,097048	99,962664	32,894170	33,730149	33,440918	31,858236
408,00	16,574651	33,178750	15,922257	28,827530	18,946800	39,067245	7,760886	28,693569	11,770674	27,789766	11,643218	18,950599	10,936661	17,956160	12,049623	20,236067	21,628559	5,848080	19,832718	9,258871	19,433980	11,930543	30,614731	17,135675	38,301641	15,338545	34,586394	19,948600	36,669773	35,083145	9,199648	18,947621	14,628448	20,155643	11,450361	21,141896	13,812631	20,564963	8,821485	24,197333	12,580608	9,699169	29,838520	12,580608	12,303789	9,109554	15,529574	9,789512	16,134405	18,688297	44,617862	29,506063	18,273652	22,229797	26,740763	12,303789	14,712167	21,485069	37,658736	17,996666	39,476883	9,598205	18,317275	14,967817	19,222389	12,350836	21,613082	100,031495	100,027561	32,256812	69,050837	68,222445	68,325078	68,196052	100,052273	100,026941	32,968315	33,827955	33,475056	31,925237
410,00	16,366616	33,372152	15,748982	29,034773	18,681435	39,251876	7,519661	29,010504	11,518097	28,073511	11,537645	19,085270	10,833363	18,124416	11,920907	20,392382	21,782055	5,720785	19,995306	9,151606	19,584949	11,767657	30,922496	16,946636	38,572842	15,165602	34,885561	19,692661	36,946777	35,359478	9,120778	19,157580	14,603499	20,375918	11,396331	21,323629	13,730220	20,783633	8,816374	24,511629	12,508044	9,726808	30,138016	12,508044	12,196927	9,098598	15,724497	9,812262	16,356698	18,695949	44,857234	29,461986	18,302697	22,407193	27,053031	12,196927	14,675954	21,363951	37,857133	17,628764	39,708051	9,625105	18,537329	15,006863	19,457886	12,238145	21,892324	100,009346	100,030947	32,271412	69,014412	68,142581	68,238360	68,104064	100,079989	100,017011	32,992613	33,927527	33,549631	32,001233
412,00	16,198915	33,568504	15,597610	29,290172	18,450554	39,420068	7,288172	29,323855	11,299077	28,347924	11,468158	19,224049	10,754035	18,298243	11,800799	20,488134	21,921462	5,595113	20,201458	9,058667	19,770436	11,590860	31,235689	16,767557	38,894507	14,998637	35,242426	19,466943	37,229675	35,641587	9,064826	19,320752	14,580156	20,552397	11,323625	21,511430	13,672851	20,980029	8,830322	24,823250	12,428278	9,707002	30,569628	12,428278	12,127237	9,134525	15,923482	9,840658	16,558872	18,701003	45,157936	29,380676	18,332493	22,608636	27,301833	12,127237	14,644097	21,231093	38,098967	17,304333	40,042520	9,630039	18,721342	15,005022	19,608520	12,138560	22,112900	99,938583	99,983197	32,376367	68,932891	68,043977	68,128562	68,056506	100,072753	99,938393	33,039463	33,948281	33,605695	31,988814
414,00	16,103446	33,806601	15,485300	29,521045	18,275569	39,600891	7,129247	29,653749	11,087056	28,668854	11,429961	19,391762	10,684469	18,471999	11,718291	20,684808	22,088866	5,517966	20,416224	8,968349	19,969064	11,447870	31,569102	16,647661	39,244476	14,815141	35,584405	19,274634	37,557754	35,976043	9,005391	19,544764	14,563511	20,770234	11,295449	21,721399	13,640907	21,219943	8,864181	25,142419	12,356001	9,716695	30,981210	12,356001	12,054586	9,140458	16,128860	9,882353	16,781400	18,725772	45,408711	29,338947	18,375191	22,778589	27,610672	12,054586	14,585274	21,170525	38,351697	16,993047	40,331113	9,679409	18,924306	15,045926	19,844398	12,042022	22,309691	99,904805	100,015616	32,399046	68,831462	67,964101	68,135381	68,022245	99,974287	99,979311	33,142936	34,036300	33,643121	32,086876
416,00	16,022909	33,958834	15,422529	29,758906	18,210186	39,825618	6,987084	29,995394	10,969689	28,927985	11,406235	19,519979	10,677908	18,615605	11,673231	20,815694	22,260641	5,458220	20,610127	8,915572	20,159331	11,379309	31,887931	16,580066	39,578423	14,756411	35,892758	19,159462	37,856659	36,287290	8,993574	19,732665	14,573529	20,958097	11,295196	21,894661	13,612458	21,374716	8,916531	25,457141	12,353648	9,793623	31,312981	12,353648	12,052620	9,206204	16,335461	9,984212	17,019948	18,790327	45,702970	29,388586	18,457676	22,949830	27,881458	12,052620	14,623484	21,140707	38,575378	16,791813	40,640727	9,730400	19,121057	15,098631	20,056334	11,983743	22,512537	99,952233	99,957186	32,475734	68,805671	67,924988	68,049949	67,898196	99,940801	99,937278	33,188695	34,036019	33,720115	32,115591
418,00	16,041198	34,227952	15,427408	30,048850	18,144923	40,007985	6,922178	30,403286	10,889814	29,299814	11,424610	19,684494	10,682091	18,844613	11,656384	21,012741	22,447640	5,424522	20,820162	8,927438	20,342259	11,349126	32,245311	16,591844	39,888564	14,714663	36,235663	19,080071	38,166177	36,575669	8,978929	19,986248	14,630632	21,181697	11,310725	22,127955	13,609174	21,604179	8,987322	25,837603	12,396929	9,836215	31,730011	12,396929	12,100656	9,260719	16,585536	10,072508	17,250614	18,844692	45,970735	29,422259	18,510936	23,157251	28,186220	12,100656	14,691433	21,163811	38,805500	16,641964	40,904471	9,821580	19,291198	15,170678	20,296440	11,962791	22,785765	99,968702	100,071776	32,505876	68,774760	67,801839	67,999059	67,850775	100,028813	99,979597	33,210632	34,148389	33,796075	32,160622
420,00	16,093950	34,441093	15,465532	30,323797	18,169338	40,207249	6,876563	30,705515	10,856639	29,583204	11,463223	19,848904	10,715285	19,008030	11,700749	21,187669	22,612239	5,416967	21,059580	8,943818	20,544204	11,392567	32,593194	16,595489	40,203762	14,754522	36,594650	19,076911	38,452399	36,922273	9,029160	20,219845	14,679535	21,408874	11,354251	22,327670	13,635153	21,842460	9,064414	26,193485	12,477807	9,936450	32,089791	12,477807	12,164093	9,354364	16,776502	10,178146	17,468147	18,909034	46,274474	29,549134	18,626273	23,338097	28,453881	12,164093	14,762273	21,236290	39,076269	16,574518	41,234940	9,925146	19,492641	15,240568	20,523602	11,969790	23,028246	99,947840	99,970543	32,603389	68,659264	67,722583	67,914748	67,763591	100,126195	100,038040	33,243233	34,213173	33,858773	32,229337
422,00	16,175309	34,703583	15,520738	30,647150	18,226063	40,452874	6,850132	31,106126	10,869585	29,980597	11,522059	19,992667	10,774290	19,212970	11,740563	21,384555	22,778758	5,426710	21,259245	8,956110	20,746556	11,397979	32,972163	16,685936	40,543941	14,825761	36,949399	19,095559	38,800561	37,266245	9,088533	20,421878	14,780399	21,591032	11,433575	22,520486	13,672285	22,047661	9,167089	26,564381	12,546718	10,045897	32,515788	12,546718	12,267360	9,421927	17,009696	10,332505	17,720275	19,051431	46,505886	29,674038	18,720491	23,504877	28,796482	12,267360	14,865611	21,303613	39,308608	16,534896	41,550553	10,040388	19,683512	15,337768	20,728038	11,987139	23,244184	99,978399	100,063372	32,602286	68,596792	67,674929	67,847288	67,645997	99,976939	100,027549	33,303034	34,258965	33,897278	32,261306
424,00	16,235594	34,961185	15,599538	30,963108	18,237299	40,635884	6,812116	31,515989	10,870352	30,337596	11,625023	20,185316	10,862550	19,415846	11,782359	21,596916	22,963086	5,420798	21,454304	9,000191	20,966645	11,449654	33,377534	16,762844	40,877208	14,902100	37,352198	19,116212	39,147905	37,604123	9,139133	20,668767	14,844374	21,839395	11,486182	22,739637	13,736318	22,276232	9,263705	26,965791	12,637259	10,147545	32,986778	12,637259	12,342657	9,523878	17,257424	10,469300	17,984065	19,107826	46,851027	29,806447	18,812591	23,690753	29,150769	12,342657	14,985582	21,385774	39,573175	16,503745	41,888806	10,153019	19,941087	15,436912	20,958254	12,020144	23,487656	99,985260	99,978101	32,653996	68,559927	67,553037	67,779344	67,583185	100,080919	99,985290	33,350050	34,313831	33,957496	32,349509
426,00	16,299886	35,202274	15,618154	31,281021	18,279848	40,894905	6,773447	31,902441	10,866442	30,744666	11,674523	20,335254	10,890956	19,603635	11,814968	21,810050	23,134595	5,432846	21,711364	9,028740	21,146317	11,454602	33,709762	16,834083	41,270116	14,928921	37,701008	19,134451	39,494556	37,940648	9,171697	20,885636	14,933449	22,058780	11,555681	22,977480	13,789769	22,508548	9,371716	27,356821	12,712765	10,259643	33,377206	12,712765	12,447099	9,608195	17,457585	10,600508	18,200682	19,211537	47,153082	29,918197	18,911080	23,866192	29,495290	12,447099	15,091640	21,439695	39,871907	16,454116	42,150956	10,256153	20,157188	15,517782	21,171884	12,028524	23,713654	99,990636	100,025451	32,728636	68,492097	67,530221	67,649758	67,503285	99,993676	99,950165	33,420143	34,384820	33,963218	32,365885
428,00	16,333939	35,497844	15,667851	31,601131	18,238413	41,141185	6,685483	32,273945	10,809939	31,169531	11,695158	20,536217	10,933495	19,818178	11,824128	22,003570	23,351136	5,401514	21,912375	9,025842	21,394037	11,442379	34,142581	16,840307	41,645828	14,941514	38,098010	19,080311	39,821404	38,297507	9,194586	21,095492	15,021260	22,293109	11,626103	23,182006	13,825214	22,744876	9,448049	27,783883	12,747853	10,324360	33,812201	12,747853	12,489601	9,690464	17,705484	10,700894	18,455866	19,288427	47,477132	29,976311	19,031854	24,060276	29,866415	12,489601	15,159045	21,494545	40,148422	16,330166	42,502746	10,338075	20,348318	15,593936	21,417050	12,020198	23,946375	99,901044	100,004387	32,788184	68,401068	67,425424	67,630988	67,445773	100,117815	100,044942	33,479130	34,382176	34,072131	32,440794
430,00	16,286534	35,741606	15,633427	31,990659	18,161795	41,367418	6,574436	32,658115	10,698893	31,570932	11,690208	20,709190	10,913877	20,035128	11,780801	22,266239	23,549318	5,349557	22,159530	8,995666	21,627621	11,364715	34,524661	16,807361	42,018464	14,896557	38,502538	19,001345	40,190980	38,662258	9,193018	21,339200	15,087712	22,524729	11,639877	23,450285	13,804077	22,953480	9,510973	28,195986	12,755783	10,392202	34,264070	12,755783	12,512654	9,760358	17,969710	10,810516	18,736912	19,331081	47,783792	30,017895	19,076189	24,275585	30,208585	12,512654	15,210298	21,486610	40,421399	16,162564	42,914546	10,418067	20,598902	15,651911	21,673578	11,980084	24,202129	99,973726	100,012982	32,799903	68,305433	67,320746	67,473012	67,341578	99,947757	100,011337	33,532387	34,482658	34,092668	32,469046
432,00	16,278467	36,057299	15,603369	32,348216	18,078233	41,639936	6,450959	33,053014	10,596316	31,989488	11,688225	20,888449	10,891809	20,228802	11,717961	22,528735	23,726319	5,287885	22,395454	8,953612	21,870829	11,293922	34,917119	16,734682	42,361224	14,845438	38,872778	18,902881	40,550718	39,017338	9,164190	21,587911	15,072955	22,730127	11,631997	23,673162	13,781650	23,231161	9,565510	28,608289	12,773353	10,437179	34,694090	12,773353	12,511742	9,811207	18,207914	10,887691	18,979256	19,367237	48,078984	30,056739	19,151402	24,439555	30,553600	12,511742	15,249157	21,442932	40,690529	15,973325	43,169597	10,476919	20,800418	15,690702	21,930438	11,931947	24,433225	99,976939	99,990076	32,863429	68,166822	67,277765	67,424941	67,286897	100,002241	99,986285	33,562297	34,541604	34,148303	32,548210
434,00	16,261408	36,361426	15,566009	32,760838	17,980549	41,868562	6,326764	33,446181	10,457893	32,434127	11,679027	21,113959	10,896135	20,467934	11,672106	22,768502	23,944160	5,220310	22,623114	8,914714	22,120684	11,221286	35,309148	16,690488	42,779431	14,781788	39,336535	18,737595	40,920103	39,435616	9,154932	21,862781	15,118282	22,978559	11,649778	23,918706	13,766234	23,450859	9,629976	29,076687	12,763436	10,469773	35,163325	12,763436	12,513940	9,894804	18,484178	10,982743	19,245493	19,418603	48,334718	30,058953	19,214877	24,670988	30,943227	12,513940	15,273306	21,417736	40,966308	15,763205	43,534192	10,548265	21,048221	15,756823	22,149521	11,866151	24,667124	99,903136	99,998885	32,898253	68,092954	67,166209	67,352015	67,237383	99,989009	100,009429	33,606383	34,601006	34,214583	32,595643
436,00	16,288866	36,709487	15,593517	33,199647	17,952780	42,155194	6,262049	33,893192	10,405878	32,857773	11,695346	21,289735	10,899784	20,701569	11,675538	22,955969	24,134097	5,192217	22,890677	8,918224	22,356917	11,169808	35,784245	16,675432	43,249622	14,753015	39,784783	18,723169	41,332227	39,801994	9,141073	22,088341	15,190192	23,211430	11,677457	24,164587	13,802387	23,710385	9,713956	29,542601	12,805203	10,546398	35,658622	12,805203	12,536155	9,961978	18,753019	11,060452	19,512434	19,490324	48,727816	30,124938	19,294305	24,830307	31,322676	12,536155	15,357427	21,460296	41,292390	15,620507	43,847182	10,621204	21,266179	15,820478	22,395387	11,831208	24,900261	99,886441	100,054038	32,940024	68,067992	67,113554	67,270780	67,125028	100,030994	99,995977	33,667892	34,621418	34,262443	32,626832
438,00	16,402052	37,015992	15,701546	33,578441	18,041874	42,458999	6,241291	34,348777	10,436345	33,351213	11,790340	21,479394	10,989220	20,914978	11,734469	23,221307	24,345103	5,208703	23,104830	8,954594	22,606511	11,201664	36,217502	16,761105	43,603298	14,827351	40,222779	18,743268	41,728228	40,200168	9,204852	22,319904	15,268691	23,447478	11,750200	24,398363	13,858125	23,927929	9,814794	30,040807	12,947202	10,629861	36,130962	12,947202	12,613714	10,077626	19,003759	11,170018	19,761761	19,606867	49,049300	30,286556	19,391523	25,026616	31,737655	12,613714	15,491739	21,558237	41,610432	15,582430	44,229853	10,731270	21,503834	15,912491	22,636122	11,830217	25,118524	99,986857	100,039065	33,028042	68,040025	67,040366	67,261589	67,096311	100,072265	100,002444	33,713904	34,665751	34,312150	32,681379
440,00	16,611844	37,370709	15,924636	34,016407	18,284552	42,749709	6,313094	34,751019	10,567399	33,780906	11,938181	21,685112	11,157439	21,136977	11,886727	23,477125	24,545822	5,291103	23,373200	9,061024	22,857103	11,324686	36,644271	16,951099	43,997496	14,992417	40,599957	18,926919	42,066169	40,575424	9,302095	22,582145	15,427230	23,695803	11,885227	24,630085	13,957272	24,165331	9,979235	30,492908	13,133693	10,765328	36,598319	13,133693	12,774642	10,225890	19,264543	11,327107	20,013198	19,729131	49,346909	30,503637	19,571438	25,235271	32,118365	12,774642	15,691902	21,797650	41,866314	15,660460	44,558698	10,883035	21,729487	16,063252	22,903290	11,928277	25,332248	100,019014	100,052977	33,065337	67,902094	66,946429	67,146420	67,018944	100,025392	99,986941	33,753955	34,755689	34,383580	32,717437
442,00	17,008872	37,712333	16,332871	34,488410	18,718448	43,050158	6,477477	35,227403	10,868154	34,284282	12,234212	21,912974	11,437245	21,419077	12,177823	23,793392	24,765132	5,477343	23,660257	9,288673	23,131838	11,602101	37,106255	17,321308	44,445613	15,339716	41,061687	19,279966	42,464507	40,988877	9,515181	22,822271	15,655164	23,925549	12,107068	24,918309	14,189394	24,429233	10,182561	30,996078	13,442250	10,959046	37,070769	13,442250	13,023792	10,447852	19,567178	11,547342	20,289989	19,954105	49,701464	30,885965	19,786248	25,416261	32,562205	13,023792	16,004449	22,093517	42,220289	15,948750	44,860423	11,095547	21,961290	16,288289	23,157501	12,094698	25,582027	99,935806	100,067687	33,117825	67,857897	66,885531	67,082679	66,949904	100,012505	100,002432	33,836326	34,808046	34,419948	32,794994
444,00	17,605190	38,045228	16,865471	34,894380	19,363941	43,287808	6,797189	35,678071	11,316743	34,701160	12,603839	22,115521	11,821327	21,604538	12,579755	24,100870	24,989435	5,739780	23,906526	9,595764	23,360781	12,062062	37,468639	17,898005	44,799024	15,876338	41,437680	19,851130	42,792508	41,327876	9,831769	23,096758	15,947023	24,178582	12,416045	25,148171	14,451012	24,667847	10,460594	31,459984	13,895877	11,262697	37,514460	13,895877	13,428031	10,700230	19,816142	11,785085	20,547551	20,237431	49,911898	31,505835	20,048375	25,613305	32,933465	13,428031	16,444167	22,611715	42,471617	16,447705	45,180339	11,357076	22,203140	16,537079	23,384666	12,383404	25,802836	99,985504	99,983233	33,192840	67,787760	66,848683	67,063552	66,831297	100,051093	100,007689	33,839497	34,858692	34,472334	32,849532
446,00	18,315513	38,436872	17,581461	35,372335	20,193139	43,646964	7,233668	36,193001	11,947007	35,232440	13,070965	22,336717	12,306692	21,841951	13,096990	24,431294	25,194234	6,101416	24,186555	9,997658	23,619770	12,662001	37,947673	18,597598	45,197555	16,587539	41,906947	20,592865	43,226233	41,716415	10,244742	23,332796	16,331699	24,397767	12,814513	25,389233	14,819905	24,893136	10,775835	31,952968	14,466427	11,626825	37,979662	14,466427	13,935165	11,012763	20,103182	12,122995	20,827061	20,580700	50,276065	32,141364	20,346729	25,799584	33,373633	13,935165	16,978714	23,236671	42,832610	17,165485	45,589483	11,668705	22,437942	16,838835	23,627216	12,754956	26,027173	99,986821	100,130606	33,232772	67,752856	66,742742	66,938978	66,836238	100,065994	99,992299	33,862469	34,923336	34,528205	32,876909
448,00	19,101538	38,755780	18,385725	35,782424	21,105343	43,908137	7,775550	36,648911	12,694940	35,645229	13,606596	22,527577	12,838976	22,078423	13,669795	24,737592	25,389564	6,515598	24,422708	10,483839	23,835760	13,365485	38,313094	19,460219	45,503563	17,417191	42,268112	21,439248	43,521613	42,038864	10,709309	23,579162	16,781166	24,608685	13,258249	25,591946	15,250252	25,102609	11,134455	32,377830	15,135063	12,035194	38,386405	15,135063	14,564580	11,384106	20,327908	12,470051	21,034379	20,946300	50,519115	32,863578	20,675877	25,980121	33,741674	14,564580	17,567049	23,915066	43,115261	18,014427	45,833951	12,019064	22,650608	17,196199	23,857258	13,186090	26,223624	99,933851	100,028241	33,261898	67,653811	66,666955	66,892534	66,730046	100,009274	99,950570	33,958611	34,936807	34,585676	32,942495
450,00	19,921064	39,121220	19,190398	36,202502	22,057882	44,165230	8,370664	37,120721	13,499461	36,113372	14,159811	22,725326	13,383605	22,305804	14,238302	25,054574	25,613263	6,955212	24,716829	10,945264	24,089475	14,162341	38,758773	20,385417	45,872384	18,282734	42,674294	22,363204	43,875724	42,453232	11,215633	23,812214	17,243013	24,840823	13,743605	25,818244	15,662131	25,309926	11,507469	32,846892	15,821095	12,485255	38,803375	15,821095	15,272118	11,719976	20,561218	12,862930	21,290284	21,327123	50,847799	33,610860	21,003078	26,172820	34,127930	15,272118	18,216282	24,615364	43,381909	18,967628	46,157056	12,367208	22,886775	17,539169	24,072002	13,661370	26,434416	99,902207	100,006938	33,288413	67,594612	66,574687	66,779780	66,682893	100,109839	99,929857	34,028268	34,972122	34,656647	32,965347
452,00	20,737363	39,439252	19,958664	36,613047	22,942084	44,463384	8,989971	37,579796	14,298517	36,533201	14,641021	22,932428	13,901478	22,531810	14,783815	25,345749	25,818160	7,360765	24,998656	11,408041	24,338782	14,935711	39,147121	21,269564	46,182126	19,171914	43,022400	23,222785	44,162029	42,736444	11,681021	24,033630	17,654866	25,039548	14,179736	26,050669	16,060045	25,511920	11,851159	33,270395	16,500321	12,925322	39,218643	16,500321	16,004370	12,053269	20,834273	13,222516	21,521877	21,677151	51,110834	34,311008	21,300274	26,316547	34,486043	16,004370	18,826038	25,316009	43,630368	19,923015	46,445328	12,716773	23,116618	17,856739	24,302812	14,111587	26,621741	99,943769	100,024664	33,363256	67,524153	66,533834	66,677874	66,552031	99,999464	99,972266	34,042254	35,060573	34,677517	33,039334
454,00	21,434584	39,841330	20,666069	37,043822	23,766500	44,738597	9,587314	38,073376	15,039180	36,950329	15,105410	23,166338	14,337777	22,776251	15,254444	25,669965	26,021311	7,781269	25,259319	11,826736	24,581222	15,673146	39,478415	22,142187	46,513626	20,037083	43,416756	24,028787	44,459856	43,063140	12,127182	24,300084	18,077597	25,282374	14,593467	26,276180	16,450907	25,751346	12,190111	33,710864	17,141436	13,354662	39,583939	17,141436	16,714689	12,391910	21,093650	13,590269	21,784823	22,005849	51,315796	34,977928	21,612506	26,527399	34,877586	16,714689	19,453067	25,947717	43,932155	20,843323	46,762902	13,029616	23,337379	18,184462	24,561644	14,548354	26,860693	100,006676	99,997950	33,429259	67,460901	66,508502	66,643488	66,504019	100,131714	100,070500	34,119216	35,165977	34,778732	33,098090
456,00	22,058573	40,148342	21,279763	37,425196	24,440740	45,051980	10,082707	38,498643	15,658401	37,389365	15,479763	23,364127	14,722838	22,994465	15,658551	25,966018	26,193541	8,104182	25,474617	12,193861	24,789824	16,297536	39,835724	22,828853	46,817124	20,743638	43,733674	24,719910	44,813037	43,351921	12,503406	24,502365	18,399473	25,489473	14,959888	26,478302	16,779943	25,910854	12,487920	34,113139	17,679968	13,740276	39,971101	17,679968	17,351928	12,667346	21,340200	13,906570	21,992621	22,286853	51,577353	35,515690	21,856654	26,676521	35,276493	17,351928	19,968891	26,484737	44,212064	21,577653	47,028866	13,310255	23,566300	18,436307	24,758916	14,909355	27,046031	99,945289	100,016606	33,468679	67,387170	66,431242	66,567153	66,515851	100,106299	99,993551	34,180969	35,180429	34,810311	33,124152
458,00	22,527122	40,503684	21,763146	37,841567	24,985217	45,339367	10,491510	38,914937	16,203648	37,783006	15,759845	23,541780	15,019703	23,207612	15,960774	26,226768	26,417175	8,368728	25,711283	12,457691	25,023386	16,825218	40,227211	23,402032	47,093755	21,295430	44,073427	25,264841	45,077980	43,662137	12,817563	24,719682	18,674630	25,672618	15,231833	26,703334	17,008892	26,137692	12,740424	34,528947	18,152460	14,051126	40,357199	18,152460	17,869186	12,899020	21,580067	14,191027	22,239065	22,536616	51,852089	35,983098	22,040451	26,843604	35,631979	17,869186	20,388265	26,953843	44,506705	22,236826	47,357041	13,536108	23,774998	18,671188	24,971049	15,214741	27,264696	99,984384	100,062227	33,526379	67,344606	66,401380	66,568261	66,390175	100,102317	100,044155	34,209239	35,264838	34,829980	33,187798
460,00	22,905181	40,861520	22,143614	38,227662	25,460362	45,548013	10,818930	39,310846	16,596363	38,168731	16,016318	23,739161	15,294106	23,416670	16,234680	26,448348	26,593897	8,583362	25,953251	12,701149	25,209779	17,225006	40,542021	23,861738	47,393894	21,741992	44,386330	25,677410	45,347896	43,961006	13,061912	24,914330	18,909538	25,852442	15,497501	26,882306	17,223299	26,297066	12,946779	34,925991	18,505785	14,312063	40,717742	18,505785	18,306680	13,103989	21,769673	14,414100	22,432250	22,730164	52,080339	36,335868	22,243379	26,969558	35,998574	18,306680	20,786144	27,307296	44,740742	22,741435	47,573856	13,764849	23,967457	18,887940	25,188506	15,463118	27,406213	99,944878	100,042033	33,571061	67,285275	66,303301	66,471654	66,417521	100,086737	99,986237	34,280655	35,257554	34,896442	33,217612
462,00	23,291853	41,239819	22,537267	38,623306	25,830320	45,892343	11,094593	39,713070	16,961956	38,541049	16,216144	23,969226	15,501802	23,648968	16,459821	26,707080	26,793253	8,766189	26,157725	12,884128	25,428486	17,554605	40,925542	24,195744	47,663993	22,086924	44,677699	26,044911	45,621759	44,247165	13,273212	25,151226	19,104576	26,076123	15,695660	27,087915	17,424393	26,491448	13,145778	35,365278	18,857256	14,543255	41,048563	18,857256	18,683960	13,289057	22,001947	14,598797	22,665340	22,923553	52,323359	36,685240	22,430524	27,176401	36,385056	18,683960	21,141571	27,630481	45,017838	23,106371	47,874156	13,945763	24,192303	19,041245	25,416797	15,684709	27,613789	99,972862	100,041080	33,636540	67,205137	66,266090	66,399527	66,299593	100,083852	100,002623	34,316093	35,331380	34,942782	33,279565
464,00	23,640735	41,535932	22,875629	38,978687	26,206851	46,098059	11,326227	40,069494	17,248206	38,892800	16,442797	24,181624	15,740868	23,845595	16,692561	26,965934	27,002189	8,932351	26,412857	13,093299	25,652459	17,833549	41,237494	24,515717	47,902471	22,392029	44,991374	26,356149	45,853013	44,500169	13,459103	25,353795	19,286789	26,256385	15,868446	27,290124	17,576498	26,655707	13,337460	35,710815	19,146937	14,733005	41,364679	19,146937	19,015910	13,475963	22,244802	14,799923	22,878137	23,101702	52,536297	36,996201	22,586709	27,302086	36,692718	19,015910	21,433368	27,944878	45,249587	23,432523	48,108655	14,143150	24,395855	19,231576	25,638348	15,862332	27,776009	100,055957	100,004804	33,720887	67,154509	66,214335	66,385698	66,211706	100,097656	100,051534	34,356517	35,389310	34,986860	33,344954
466,00	23,996405	41,897157	23,232217	39,347008	26,591980	46,360242	11,542378	40,424812	17,531878	39,241654	16,679993	24,378963	15,972762	24,057302	16,929127	27,162835	27,196318	9,117313	26,625165	13,289820	25,839928	18,096811	41,530988	24,778391	48,154441	22,667421	45,259476	26,619166	46,067038	44,718787	13,642739	25,558999	19,474450	26,421103	16,047455	27,471340	17,769249	26,836035	13,523339	36,103177	19,462669	14,893834	41,685277	19,462669	19,247709	13,668647	22,449243	14,992084	23,085247	23,279108	52,750397	37,285128	22,769602	27,474207	37,043092	19,247709	21,739115	28,255352	45,438135	23,751585	48,337436	14,336620	24,598923	19,437113	25,810784	16,042519	27,970076	100,034249	100,033951	33,748400	67,064357	66,122842	66,269946	66,070610	100,113189	99,973047	34,434819	35,435459	35,096127	33,403796
468,00	24,341831	42,251500	23,594275	39,710408	27,030650	46,637067	11,769697	40,838715	17,814523	39,618251	16,894662	24,551921	16,213837	24,257925	17,186651	27,374932	27,354786	9,289046	26,819307	13,461865	26,046389	18,325277	41,850951	25,053397	48,365057	22,881946	45,576140	26,877335	46,338916	45,018151	13,810293	25,778830	19,629459	26,598334	16,197211	27,650976	17,903228	26,998332	13,683993	36,478987	19,753656	15,077683	42,047232	19,753656	19,499390	13,825995	22,689450	15,152997	23,260036	23,452884	53,001428	37,558001	22,922830	27,625537	37,359974	19,499390	22,005528	28,537223	45,729545	24,028417	48,598349	14,509103	24,809152	19,597855	25,995374	16,196726	28,142053	100,013661	100,058901	33,816648	67,037916	66,068876	66,214871	66,102773	100,058424	99,954438	34,470826	35,496518	35,135192	33,452743
470,00	24,733578	42,545518	24,005917	40,071118	27,464736	46,879548	12,018964	41,152820	18,109494	39,933124	17,136517	24,757104	16,475457	24,476336	17,429523	27,612776	27,555224	9,474549	27,042654	13,624693	26,220477	18,561943	42,172736	25,320223	48,630193	23,168381	45,840594	27,167520	46,565714	45,249096	13,972384	25,982147	19,795212	26,782173	16,344148	27,811334	18,042633	27,162385	13,883410	36,822277	20,070466	15,248770	42,348230	20,070466	19,763903	14,010647	22,867398	15,319914	23,485734	23,612617	53,237158	37,830868	23,097441	27,784666	37,714466	19,763903	22,332948	28,861573	45,973256	24,282894	48,828116	14,701717	25,003234	19,781551	26,203379	16,336651	28,307766	99,965078	100,011313	33,851129	66,917402	65,994054	66,151106	66,008151	100,071454	100,010276	34,489089	35,552761	35,171485	33,498371
472,00	25,155422	42,874458	24,426264	40,382299	27,937862	47,138870	12,269198	41,491523	18,420580	40,251428	17,376752	24,944717	16,727266	24,637459	17,711665	27,811968	27,741265	9,674677	27,244326	13,825384	26,410291	18,800639	42,455035	25,594920	48,816857	23,443244	46,078578	27,443489	46,776521	45,500097	14,154585	26,148653	19,969282	26,954889	16,523035	28,004140	18,202412	27,338573	14,060137	37,172276	20,380703	15,433869	42,646024	20,380703	20,033386	14,193894	23,075941	15,493354	23,684850	23,796375	53,410840	38,156480	23,254345	27,903873	38,021234	20,033386	22,651279	29,158694	46,209544	24,544956	49,071419	14,893822	25,174749	19,941525	26,384977	16,495547	28,467089	99,980509	100,033450	33,926097	66,871309	65,931284	66,080594	65,901834	100,067735	99,996346	34,561428	35,564232	35,242236	33,535457
474,00	25,585076	43,216619	24,860941	40,774563	28,407854	47,396547	12,504612	41,812515	18,734065	40,627232	17,622544	25,145167	16,993895	24,828091	17,982031	27,999407	27,900091	9,849544	27,426672	14,014642	26,608592	19,064181	42,768425	25,859356	49,067411	23,705053	46,390489	27,715456	47,041902	45,752639	14,332509	26,357442	20,114380	27,122623	16,680631	28,161207	18,359731	27,495995	14,249471	37,520474	20,695573	15,618604	42,955059	20,695573	20,283456	14,359125	23,260614	15,672822	23,861295	23,971157	53,680080	38,424733	23,441583	28,071666	38,378480	20,283456	22,986589	29,444644	46,429759	24,763535	49,290207	15,103534	25,362760	20,120664	26,542255	16,631268	28,636536	100,011146	100,037670	33,964521	66,854072	65,899527	66,044044	65,863818	100,105131	99,960619	34,601521	35,620162	35,287613	33,603108
476,00	26,000696	43,493885	25,285134	41,034850	28,849870	47,628319	12,752599	42,113811	19,030318	40,890396	17,876633	25,331146	17,262526	25,033081	18,235487	28,193727	28,078401	10,042262	27,628866	14,196284	26,762572	19,304852	43,043438	26,111707	49,270591	23,966716	46,625164	27,958792	47,219259	45,961192	14,500557	26,569009	20,291086	27,303323	16,822189	28,329045	18,511699	27,639729	14,446631	37,839130	21,001224	15,812711	43,270829	21,001224	20,546111	14,545287	23,473701	15,856589	24,051496	24,117383	53,842938	38,696015	23,587972	28,191429	38,642043	20,546111	23,319645	29,756838	46,668082	25,016102	49,485546	15,284963	25,558710	20,290220	26,714998	16,770336	28,783080	100,007486	100,003052	33,994448	66,777402	65,796489	65,937841	65,826917	100,112414	99,979448	34,629104	35,676107	35,323602	33,658713
478,00	26,386109	43,827599	25,652900	41,348851	29,270023	47,896993	12,954958	42,425808	19,318663	41,264734	18,087655	25,513950	17,488091	25,214067	18,452345	28,384262	28,240097	10,198064	27,809522	14,362760	26,960653	19,535248	43,356702	26,364133	49,508938	24,195813	46,871698	28,194797	47,445449	46,209204	14,661744	26,737782	20,421967	27,471855	16,980200	28,481430	18,647437	27,762863	14,610493	38,181236	21,284430	15,983550	43,591744	21,284430	20,801972	14,693798	23,643996	15,996651	24,233337	24,271749	54,010081	38,951340	23,760693	28,354365	38,999450	20,801972	23,658627	30,044606	46,887243	25,256172	49,660072	15,468265	25,726384	20,445620	26,880044	16,879900	28,951639	99,966013	100,019360	34,063569	66,691649	65,707725	65,868127	65,730494	100,047064	99,966520	34,642464	35,718241	35,366249	33,707678
480,00	26,764596	44,140542	26,027659	41,685867	29,632056	48,172075	13,145401	42,723411	19,588870	41,562745	18,338096	25,719079	17,718376	25,394365	18,660881	28,584984	28,446463	10,367841	27,992386	14,529116	27,126715	19,778006	43,669185	26,636899	49,783367	24,445133	47,171038	28,474256	47,723353	46,421859	14,815739	26,940641	20,580889	27,649108	17,132109	28,673196	18,778445	27,930334	14,785267	38,551000	21,579677	16,169073	43,932992	21,579677	21,059780	14,873508	23,840086	16,170254	24,435395	24,456005	54,266644	39,201406	23,889713	28,507164	39,317834	21,059780	23,978341	30,306211	47,087297	25,444448	49,877247	15,673323	25,907117	20,612848	27,059832	17,021699	29,108495	100,002062	100,098145	34,105456	66,672343	65,661275	65,867579	65,715539	100,097144	100,024140	34,721997	35,783291	35,421407	33,745345
482,00	27,071095	44,422656	26,364270	41,973105	29,959083	48,382163	13,350321	43,063149	19,825575	41,890889	18,516113	25,914383	17,907728	25,579217	18,844752	28,773844	28,588298	10,489768	28,176001	14,675422	27,321482	19,999662	43,924817	26,859239	49,957278	24,689360	47,409165	28,694937	47,903371	46,670589	14,966038	27,127543	20,742153	27,793768	17,267920	28,840739	18,900515	28,086627	14,945750	38,901505	21,839705	16,343668	44,181997	21,839705	21,322566	15,008980	24,034733	16,335410	24,621496	24,581841	54,490119	39,462909	24,041992	28,660348	39,633429	21,322566	24,257603	30,557454	47,333786	25,659990	50,094199	15,839386	26,118219	20,782499	27,235228	17,148894	29,249600	100,086749	100,061882	34,183130	66,625142	65,662551	65,826827	65,669107	100,110483	100,003827	34,772623	35,813695	35,475385	33,817995
484,00	27,331734	44,693357	26,637346	42,264205	30,162233	48,620051	13,473041	43,375164	20,021382	42,199859	18,658234	26,058596	18,046394	25,787491	18,979344	28,938320	28,781673	10,597630	28,387785	14,798626	27,491993	20,173857	44,207850	27,070880	50,162894	24,883479	47,648871	28,851965	48,091462	46,865168	15,101524	27,324337	20,862408	27,956140	17,384902	28,989998	19,020505	28,244641	15,093757	39,197314	22,062892	16,501081	44,464928	22,062892	21,545583	15,136740	24,224125	16,470641	24,808265	24,712725	54,621518	39,651480	24,160008	28,799653	39,895442	21,545583	24,506488	30,781913	47,511205	25,886065	50,278306	15,987247	26,251769	20,910853	27,402231	17,237569	29,416752	100,006163	100,002289	34,227198	66,505545	65,596354	65,796930	65,549505	100,034010	99,999243	34,793714	35,846606	35,487852	33,828405
486,00	27,548552	45,042220	26,844913	42,576528	30,341545	48,914444	13,592143	43,717110	20,190157	42,557099	18,810654	26,238307	18,201698	25,943205	19,105305	29,131937	28,967267	10,707771	28,554067	14,927335	27,653846	20,329471	44,556418	27,231142	50,417554	25,049612	47,950622	29,003096	48,378423	47,152978	15,241607	27,516267	21,011841	28,122142	17,531806	29,151106	19,153821	28,381401	15,227400	39,574569	22,265974	16,649865	44,802383	22,265974	21,726899	15,303937	24,428470	16,638649	24,984330	24,820921	54,876560	39,837986	24,298042	28,950197	40,233955	21,726899	24,744920	30,999535	47,788349	26,074374	50,517267	16,137318	26,444268	21,072535	27,566633	17,394461	29,558229	99,959445	100,080013	34,253398	66,500062	65,513021	65,691394	65,575033	100,146711	99,967366	34,875792	35,898086	35,596883	33,856782
488,00	27,764392	45,317885	27,053252	42,832065	30,565542	49,105895	13,698737	44,002134	20,370193	42,814416	18,902393	26,425198	18,330191	26,145688	19,210126	29,295713	29,142722	10,807716	28,753576	15,050244	27,835286	20,517892	44,797266	27,454349	50,627083	25,243142	48,180398	29,208854	48,565751	47,343358	15,355763	27,699247	21,123151	28,297704	17,635055	29,329962	19,272071	28,533885	15,370941	39,850509	22,510281	16,812940	45,075738	22,510281	21,959180	15,428045	24,616049	16,759360	25,202048	24,983042	55,084676	40,048730	24,429362	29,102948	40,524378	21,959180	24,965997	31,255323	47,953370	26,316035	50,674719	16,288947	26,630205	21,204533	27,766433	17,534588	29,717141	99,996108	100,064802	34,362721	66,381073	65,470731	65,715796	65,468812	100,071323	100,023866	34,923431	35,951748	35,605639	33,944419
490,00	27,950552	45,615643	27,250835	43,129250	30,713454	49,357042	13,819832	44,320121	20,518699	43,092895	19,014704	26,616225	18,454129	26,310906	19,298214	29,459423	29,292694	10,901240	28,920427	15,155266	28,018048	20,670225	45,077568	27,604741	50,856006	25,406462	48,431900	29,363585	48,751146	47,591689	15,475689	27,905664	21,248196	28,438404	17,763974	29,504520	19,381532	28,675297	15,539216	40,189090	22,719973	16,971473	45,384568	22,719973	22,155985	15,528896	24,788696	16,898897	25,384453	25,115690	55,248028	40,292767	24,550208	29,226542	40,862969	22,155985	25,180712	31,473362	48,199689	26,531678	50,826025	16,411623	26,801634	21,360999	27,915570	17,686117	29,831982	100,056660	100,045419	34,373415	66,324717	65,417773	65,612322	65,399289	100,113261	99,981874	34,951478	36,020541	35,680017	33,980736
492,00	28,145108	45,922184	27,477831	43,392909	30,902129	49,599588	13,973160	44,646299	20,718008	43,386883	19,129264	26,807266	18,586546	26,497212	19,418333	29,651240	29,493803	11,020701	29,148024	15,301318	28,205734	20,843698	45,350537	27,812457	51,070428	25,623718	48,713148	29,582950	48,989376	47,794846	15,631509	28,092504	21,393421	28,614938	17,900060	29,680324	19,522326	28,842053	15,674093	40,516421	22,944349	17,139955	45,725209	22,944349	22,380644	15,714860	25,022021	17,043790	25,585300	25,257608	55,460328	40,519151	24,694918	29,403093	41,135588	22,380644	25,420985	31,722939	48,396283	26,807305	51,048887	16,547532	26,998946	21,496287	28,099644	17,846994	29,988039	100,082755	100,082815	34,424472	66,284555	65,414846	65,589941	65,382975	100,110805	99,942952	35,023203	36,087149	35,723266	34,023580
494,00	28,329104	46,178436	27,700931	43,657815	31,119010	49,805164	14,147544	44,914901	20,911512	43,666175	19,263069	26,985180	18,728322	26,654696	19,561487	29,811132	29,640287	11,144744	29,300380	15,434760	28,353414	21,027638	45,616990	28,013375	51,238900	25,796005	48,886123	29,769132	49,197379	48,013267	15,761174	28,246260	21,522947	28,787670	18,049075	29,797289	19,658121	28,957492	15,827420	40,842590	23,171911	17,284302	45,993203	23,171911	22,614488	15,838382	25,168836	17,189533	25,785333	25,428423	55,611235	40,757647	24,861747	29,529563	41,436708	22,614488	25,633523	31,978044	48,612809	27,105576	51,195145	16,694194	27,177659	21,669509	28,267634	18,047033	30,130780	100,086403	100,033712	34,475726	66,241759	65,280092	65,535700	65,276700	100,115883	99,927104	35,074565	36,126351	35,795403	34,071073
496,00	28,586683	46,471846	27,938884	43,933210	31,366238	50,025159	14,383696	45,208958	21,160382	43,913451	19,429761	27,175218	18,891524	26,834646	19,709739	29,986942	29,799050	11,308393	29,503798	15,593120	28,522858	21,241717	45,878422	28,244328	51,445419	26,007792	49,122590	30,006471	49,343705	48,250908	15,924294	28,456578	21,678627	28,944948	18,193978	29,969999	19,809614	29,130352	16,001073	41,138035	23,423067	17,438963	46,272945	23,423067	22,857480	16,014037	25,374788	17,365195	25,980383	25,580227	55,780184	41,023645	25,029361	29,687724	41,731587	22,857480	25,867549	32,248017	48,828578	27,425888	51,326787	16,861519	27,358970	21,835782	28,428003	18,238136	30,277890	100,005639	100,043261	34,504142	66,167635	65,215909	65,410542	65,247566	100,153089	99,988890	35,128820	36,199981	35,818565	34,139434
498,00	28,913939	46,733746	28,275165	44,182691	31,735012	50,256968	14,672871	45,507181	21,455136	44,194454	19,609846	27,332321	19,084115	26,998064	19,901264	30,118513	29,964525	11,508533	29,662061	15,782677	28,686342	21,493058	46,152985	28,509715	51,581919	26,273152	49,372777	30,307844	49,532193	48,418558	16,080490	28,619251	21,847491	29,077038	18,361704	30,114922	19,977336	29,286861	16,182394	41,442600	23,740606	17,636152	46,599424	23,740606	23,145115	16,179295	25,531963	17,532712	26,162088	25,764135	55,976045	41,345102	25,183579	29,813626	41,997382	23,145115	26,182875	32,575962	49,014819	27,783489	51,497841	17,030425	27,525851	22,019309	28,587851	18,450628	30,396160	100,064301	100,066030	34,573409	66,090035	65,162969	65,358734	65,180695	100,043273	99,959093	35,119238	36,206073	35,856873	34,169406
500,00	29,310948	47,017723	28,694600	44,450009	32,174602	50,485015	15,061355	45,774347	21,838129	44,418100	19,850922	27,531695	19,345860	27,177724	20,172028	30,275181	30,117509	11,741950	29,838195	16,005494	28,825951	21,813384	46,384609	28,856841	51,793259	26,589227	49,615735	30,662051	49,704361	48,650730	16,322653	28,806585	22,044507	29,236460	18,574324	30,275193	20,173651	29,400802	16,383228	41,775087	24,112053	17,840222	46,913815	24,112053	23,493962	16,395083	25,731084	17,755356	26,364139	25,967541	56,171942	41,697744	25,402516	29,971847	42,298785	23,493962	26,500556	32,959750	49,222547	28,259769	51,685381	17,254278	27,699083	22,239761	28,768784	18,703622	30,529431	100,002122	100,020838	34,609902	66,042143	65,133876	65,349448	65,126449	100,159800	100,009274	35,219836	36,284173	35,941860	34,195101
502,00	29,762480	47,293320	29,176626	44,686410	32,682735	50,680357	15,488075	46,042520	22,236994	44,679868	20,096375	27,692482	19,625182	27,339655	20,450117	30,438182	30,300400	12,020609	30,020630	16,228685	28,977323	22,176734	46,639052	29,206413	51,957726	26,956138	49,816245	31,039339	49,903098	48,812822	16,523047	28,963956	22,246079	29,396787	18,784252	30,409613	20,380723	29,554868	16,607085	42,054641	24,506053	18,082149	47,186908	24,506053	23,856300	16,592477	25,917572	17,945701	26,536575	26,158029	56,361061	42,055345	25,595966	30,108613	42,577249	23,856300	26,875573	33,338606	49,427417	28,720820	51,826900	17,476295	27,859533	22,446276	28,938070	18,957476	30,659741	100,070143	100,091624	34,637794	66,008043	65,074873	65,268046	65,064085	100,139868	100,006139	35,276499	36,336952	35,973281	34,238267
504,00	30,257851	47,559440	29,679713	44,952458	33,240899	50,955731	16,001052	46,355569	22,731949	44,930637	20,392187	27,864358	19,910413	27,486882	20,764832	30,590600	30,478019	12,330639	30,208918	16,487265	29,155162	22,562061	46,899024	29,595020	52,167660	27,344650	50,117958	31,456515	50,109923	49,026597	16,768087	29,148984	22,440857	29,532447	19,004558	30,555224	20,581308	29,682866	16,839486	42,388454	24,944834	18,305306	47,502708	24,944834	24,285468	16,826048	26,081079	18,146132	26,695064	26,380190	56,573403	42,455447	25,790676	30,259094	42,898697	24,285468	27,287796	33,776802	49,631679	29,228875	52,047777	17,717305	28,046575	22,676972	29,079139	19,215231	30,811572	100,042582	100,098383	34,736615	65,981710	65,018606	65,247846	65,064412	100,121021	99,959826	35,312009	36,371812	36,021778	34,281406
506,00	30,840331	47,828186	30,257401	45,175171	33,847770	51,130474	16,585702	46,613285	23,271188	45,168453	20,724753	28,043684	20,282093	27,653030	21,115942	30,706957	30,631769	12,673177	30,354822	16,801308	29,282126	23,034173	47,127923	30,058390	52,295452	27,820027	50,224555	31,943652	50,228983	49,206170	17,051338	29,304874	22,717732	29,654577	19,263415	30,709520	20,867217	29,806897	17,104357	42,666450	25,429761	18,584365	47,766182	25,429761	24,748081	17,080159	26,257136	18,421283	26,893705	26,623002	56,737119	42,908677	26,025078	30,384761	43,145892	24,748081	27,733794	34,211472	49,837077	29,797924	52,117157	17,979990	28,195986	22,935535	29,229140	19,494423	30,924100	99,981552	100,022411	34,757814	65,920717	64,943016	65,203357	64,952922	100,034320	99,944896	35,358897	36,393344	36,066678	34,323585
508,00	31,441301	48,105848	30,873159	45,399082	34,514686	51,346594	17,225461	46,881565	23,839639	45,372537	21,081136	28,209969	20,653348	27,830157	21,510290	30,899629	30,788204	13,044851	30,539316	17,109992	29,430270	23,520495	47,371101	30,571011	52,471995	28,331852	50,418574	32,418773	50,428402	49,419013	17,350870	29,481936	22,962636	29,803967	19,517210	30,866003	21,113573	29,961157	17,370363	42,955840	25,920480	18,853202	48,025334	25,920480	25,248131	17,332359	26,444271	18,660282	27,096954	26,829112	56,915444	43,292037	26,234946	30,543402	43,431655	25,248131	28,200096	34,658524	50,011039	30,378610	52,289301	18,249446	28,384972	23,181373	29,418635	19,765911	31,075922	100,018430	100,016558	34,771287	65,862364	64,844644	65,124232	64,933306	100,055563	99,998033	35,426503	36,461622	36,117455	34,392956
510,00	32,072818	48,351401	31,527817	45,639634	35,204288	51,534331	17,890179	47,103441	24,477892	45,617759	21,427937	28,392121	21,023408	27,996981	21,891312	31,036299	30,950138	13,445559	30,675820	17,440389	29,570487	24,096611	47,605765	31,106523	52,620220	28,889444	50,652826	32,979664	50,592452	49,556541	17,660296	29,641512	23,230991	29,941458	19,813281	30,995741	21,380638	30,088878	17,638788	43,213332	26,445639	19,151476	48,297942	26,445639	25,803095	17,592742	26,596662	18,938100	27,285326	27,073929	57,058531	43,727779	26,456445	30,676109	43,693879	25,803095	28,676382	35,140115	50,242680	30,960056	52,423781	18,528253	28,566182	23,389128	29,552811	20,064041	31,193537	100,015414	99,996066	34,838974	65,808320	64,825022	65,058088	64,861888	100,048244	99,987638	35,453090	36,512643	36,157402	34,427640
512,00	32,787940	48,640507	32,233316	45,879129	35,948262	51,790869	18,644205	47,378930	25,167707	45,846212	21,832567	28,562501	21,421394	28,143579	22,297405	31,158555	31,113026	13,859898	30,853465	17,796324	29,746202	24,700460	47,835818	31,710559	52,777225	29,499015	50,838369	33,597320	50,769758	49,750438	18,003121	29,808557	23,513967	30,106917	20,113973	31,124175	21,659608	30,211937	17,936046	43,547326	27,085862	19,469400	48,626560	27,085862	26,396841	17,889723	26,777792	19,212142	27,445939	27,325761	57,262301	44,126526	26,680741	30,835599	43,977425	26,396841	29,251164	35,649014	50,391823	31,587812	52,585411	18,820490	28,722790	23,644501	29,715928	20,343751	31,331038	100,098741	100,106370	34,885865	65,782893	64,798909	65,030760	64,844489	100,042713	99,978280	35,514346	36,571658	36,196876	34,476939
514,00	33,478940	48,910114	32,913294	46,108666	36,655387	51,999426	19,436811	47,629842	25,917333	46,071902	22,205079	28,733709	21,823637	28,296643	22,693895	31,320167	31,254333	14,286427	31,035000	18,164003	29,869851	25,338715	48,081285	32,329297	52,989113	30,160406	51,027703	34,216389	50,964326	49,941885	18,379949	29,988840	23,842010	30,226323	20,436177	31,280357	21,970980	30,352759	18,233830	43,820867	27,668622	19,791755	48,882499	27,668622	27,019256	18,166131	26,944998	19,489020	27,635810	27,550673	57,434869	44,560900	26,879463	30,971286	44,239941	27,019256	29,805511	36,108017	50,577283	32,269564	52,725464	19,097602	28,897274	23,905000	29,869083	20,640148	31,436136	100,109053	100,066483	34,931660	65,714586	64,764076	64,982665	64,763212	100,092375	99,968565	35,572335	36,591780	36,278898	34,509867
516,00	34,098580	49,125710	33,587751	46,303499	37,349021	52,180797	20,232044	47,837493	26,606318	46,250388	22,573526	28,881747	22,221817	28,458533	23,102598	31,443208	31,400922	14,718215	31,181839	18,516085	29,997706	25,995615	48,282233	32,953751	53,084463	30,810833	51,170796	34,810269	51,077449	50,079530	18,721206	30,146441	24,148841	30,347973	20,765653	31,424972	22,267942	30,453831	18,538180	44,099599	28,265840	20,110153	49,103725	28,265840	27,658337	18,460043	27,104285	19,752689	27,798682	27,765948	57,535237	44,939536	27,090707	31,082189	44,486246	27,658337	30,338711	36,602652	50,713527	32,905945	52,806717	19,388184	29,045624	24,145176	30,031952	20,928988	31,568363	100,080323	100,015831	34,994975	65,626359	64,664823	64,918405	64,644653	100,036466	99,939567	35,613355	36,663857	36,292157	34,544837
518,00	34,712017	49,362957	34,203681	46,508828	37,937105	52,364814	20,993298	48,088962	27,332586	46,491891	22,910143	29,085624	22,585337	28,612515	23,476288	31,600481	31,561613	15,143222	31,349689	18,872613	30,179733	26,639533	48,480815	33,628541	53,215206	31,460544	51,311713	35,399705	51,224411	50,234240	19,085225	30,328420	24,439941	30,496845	21,079603	31,543830	22,563873	30,613893	18,827815	44,350478	28,859648	20,426434	49,327046	28,859648	28,294221	18,744403	27,291757	20,065016	27,997050	27,971283	57,695621	45,389575	27,308187	31,236514	44,710878	28,294221	30,847764	37,038627	50,907856	33,538142	52,970880	19,652466	29,218733	24,357150	30,180418	21,221347	31,697586	100,017095	100,007737	35,021651	65,560257	64,595830	64,843196	64,649409	100,032425	99,998313	35,656312	36,703309	36,359301	34,602624
520,00	35,358298	49,653596	34,843707	46,745360	38,605621	52,574414	21,787491	48,292035	28,066492	46,707177	23,248200	29,246020	22,936817	28,781551	23,820585	31,742886	31,726405	15,574755	31,487191	19,245139	30,299258	27,336749	48,719275	34,263438	53,346407	32,126999	51,502979	36,018744	51,364571	50,424302	19,444887	30,496180	24,764624	30,634397	21,449745	31,708819	22,867016	30,733627	19,110061	44,652221	29,460931	20,758624	49,616250	29,460931	28,957623	19,030327	27,438968	20,338365	28,162968	28,190714	57,842654	45,762053	27,483216	31,364968	45,067811	28,957623	31,398049	37,507498	51,108992	34,214723	53,125000	19,935215	29,393348	24,593787	30,332166	21,529183	31,834546	99,999869	100,007832	35,021031	65,539640	64,533859	64,729911	64,586532	100,030327	99,998522	35,693377	36,772597	36,398184	34,644690
522,00	35,976723	49,894464	35,434568	47,001308	39,203906	52,802747	22,564259	48,549989	28,826064	46,967673	23,569889	29,412958	23,276480	28,944194	24,178575	31,890619	31,884587	15,974176	31,655720	19,594535	30,461365	28,019607	48,958129	34,939614	53,527600	32,793671	51,733202	36,647615	51,561522	50,660735	19,814807	30,657393	25,052121	30,800432	21,769178	31,832340	23,157516	30,867466	19,407949	44,939986	30,060557	21,085440	49,945009	30,060557	29,676750	19,309291	27,629611	20,619783	28,357372	28,423774	58,074355	46,141499	27,706203	31,506526	45,312592	29,676750	31,954378	38,002405	51,294810	34,982604	53,282732	20,214625	29,562172	24,854451	30,482614	21,858002	31,961542	100,049853	100,063932	35,102165	65,507805	64,472353	64,721537	64,545423	99,981934	100,044584	35,704726	36,793596	36,446717	34,704292
524,00	36,523065	50,128114	36,046883	47,179046	39,781615	52,968717	23,333746	48,789465	29,504925	47,154239	23,878722	29,565957	23,638149	29,079595	24,475452	32,019642	32,040033	16,383854	31,814644	19,933689	30,595556	28,690964	49,159089	35,590401	53,657854	33,485630	51,893175	37,270632	51,696187	50,793356	20,176186	30,830783	25,366274	30,938789	22,101425	31,992218	23,481579	30,976191	19,712484	45,196170	30,646440	21,415357	50,179154	30,646440	30,353215	19,594674	27,797803	20,903268	28,516835	28,628194	58,190328	46,574524	27,901554	31,646889	45,559362	30,353215	32,483199	38,480484	51,440597	35,723519	53,404236	20,484525	29,727125	25,082111	30,656198	22,206219	32,087699	100,045931	99,959940	35,164642	65,405947	64,413488	64,691412	64,409059	100,054562	100,005043	35,777551	36,851224	36,498216	34,761050
526,00	37,034762	50,354064	36,556056	47,440594	40,319622	53,203958	24,025564	48,986712	30,183390	47,368392	24,151732	29,711559	23,941331	29,238355	24,800541	32,172099	32,175830	16,732381	31,964463	20,253459	30,746236	29,315984	49,399212	36,180887	53,876001	34,094554	52,093577	37,838763	51,859832	50,972390	20,490278	30,965117	25,647819	31,082174	22,406478	32,097062	23,748995	31,126559	19,987026	45,526612	31,229523	21,746233	50,449991	31,229523	31,019479	19,873339	27,944198	21,165243	28,705364	28,872764	58,347726	46,982497	28,087386	31,730011	45,844075	31,019479	33,013204	38,930199	51,625711	36,479628	53,592807	20,761783	29,870892	25,318149	30,805206	22,529440	32,198724	100,039649	99,979037	35,197410	65,380514	64,391291	64,635539	64,425659	99,998200	99,960989	35,834634	36,886007	36,532584	34,774709
528,00	37,539974	50,597501	37,053472	47,662818	40,789336	53,363854	24,670082	49,243346	30,795038	47,581238	24,415657	29,915279	24,248977	29,413778	25,078440	32,318291	32,387573	17,069687	32,152596	20,570430	30,900466	29,889482	49,603403	36,742431	54,000705	34,659490	52,281672	38,370028	52,024657	51,136595	20,826951	31,139803	25,924271	31,220660	22,699296	32,294691	24,023752	31,275800	20,256540	45,806506	31,777349	22,031642	50,686181	31,777349	31,648368	20,143074	28,141639	21,425299	28,899643	29,074624	58,503282	47,345674	28,301147	31,904233	46,098694	31,648368	33,506200	39,396721	51,812351	37,292922	53,713441	21,018700	30,074522	25,559047	30,954731	22,896264	32,343677	100,011373	99,986267	35,231417	65,321290	64,319682	64,565730	64,388120	100,049293	100,086272	35,874799	36,975476	36,609966	34,849757
530,00	37,958068	50,844055	37,527215	47,869381	41,301405	53,579944	25,265002	49,471238	31,339493	47,821113	24,648362	30,078608	24,476506	29,532737	25,335431	32,428864	32,508335	17,383228	32,283810	20,864998	31,031638	30,431429	49,834719	37,248173	54,136741	35,168302	52,414608	38,892043	52,185929	51,326454	21,104817	31,278151	26,177365	31,357539	22,973470	32,415459	24,268055	31,383869	20,538859	46,104413	32,281440	22,343597	50,968963	32,281440	32,302696	20,396914	28,288433	21,685334	29,101554	29,283381	58,617359	47,730130	28,493077	32,027540	46,336323	32,302696	34,017527	39,900857	52,002090	38,097084	53,852457	21,262355	30,207896	25,809726	31,071168	23,271392	32,428959	100,028563	100,022280	35,276422	65,270162	64,273864	64,538348	64,319682	100,051320	100,026178	35,913303	37,009925	36,626011	34,870470
532,00	38,440365	51,105225	37,986767	48,104236	41,714278	53,800571	25,761050	49,690327	31,876209	48,038238	24,897641	30,252635	24,761795	29,718396	25,599372	32,586563	32,662556	17,687540	32,443082	21,144490	31,186143	30,862474	50,044584	37,668189	54,271346	35,630170	52,648699	39,319327	52,357721	51,516587	21,413213	31,471196	26,430085	31,473362	23,243473	32,546899	24,535102	31,542873	20,760207	46,414608	32,761270	22,615261	51,240420	32,761270	32,952675	20,652255	28,478804	21,944752	29,247782	29,505241	58,802235	48,125359	28,749424	32,148024	46,656212	32,952675	34,474450	40,365836	52,196622	38,870022	54,067022	21,539246	30,381486	26,056355	31,264159	23,644304	32,593903	100,071871	100,045848	35,369122	65,263075	64,227730	64,513087	64,302015	100,105906	100,039625	35,976732	37,032187	36,704513	34,921950
534,00	38,777310	51,361370	38,373792	48,345754	42,111742	53,953606	26,163357	49,946094	32,274449	48,250997	25,107419	30,407190	24,993081	29,838276	25,831500	32,707471	32,788724	17,923932	32,595786	21,378796	31,298161	31,235015	50,309563	38,067168	54,439348	36,009571	52,840751	39,728728	52,553654	51,699346	21,620595	31,612769	26,658475	31,630662	23,458976	32,668895	24,730553	31,629738	21,004863	46,723679	33,177158	22,877713	51,538175	33,177158	33,515123	20,887135	28,640670	22,185937	29,421404	29,712519	58,909494	48,487812	28,916723	32,288301	46,926463	33,515123	34,894410	40,817055	52,404606	39,624295	54,214680	21,765070	30,549407	26,300594	31,390274	23,982042	32,683218	100,000477	100,055742	35,365009	65,202922	64,152598	64,391738	64,220309	100,047505	99,974060	36,007667	37,074098	36,730456	34,900036
536,00	39,185214	51,518989	38,780946	48,571694	42,499053	54,130685	26,519278	50,131309	32,703373	48,443401	25,279784	30,589822	25,224885	29,993081	26,060465	32,816082	32,931119	18,131931	32,726905	21,582356	31,395531	31,611070	50,499755	38,421977	54,542106	36,335319	52,971190	40,132296	52,697802	51,859468	21,825220	31,774557	26,829889	31,739980	23,649384	32,793865	24,938180	31,775710	21,248588	46,965832	33,650157	23,142238	51,766366	33,650157	34,125039	21,096896	28,833437	22,379637	29,650936	29,910815	59,063131	48,881981	29,133153	32,381970	47,153598	34,125039	35,375938	41,295302	52,542090	40,446866	54,321969	21,992512	30,683693	26,529971	31,561980	24,342501	32,805276	100,148511	100,029171	35,487479	65,146089	64,165694	64,432979	64,200342	100,143051	99,905813	36,068198	37,103185	36,778581	34,943616
538,00	39,395875	51,752907	39,038917	48,767093	42,793763	54,267430	26,722747	50,318605	32,927242	48,632917	25,447780	30,709559	25,430161	30,145016	26,272139	32,971737	33,086628	18,279627	32,889330	21,757290	31,565759	31,798014	50,687575	38,581643	54,665256	36,531827	53,112096	40,327820	52,797049	52,009410	21,993418	31,956589	26,987880	31,890637	23,835844	32,915670	25,081545	31,924728	21,469915	47,252619	33,972007	23,370226	51,999849	33,972007	34,612629	21,294741	28,996754	22,594675	29,826236	30,126771	59,175271	49,147996	29,303598	32,534486	47,426718	34,612629	35,660502	41,657516	52,682424	41,081199	54,454720	22,210476	30,867511	26,771227	31,716144	24,669820	32,948056	99,996698	100,048316	35,470992	65,066057	64,018041	64,238572	64,113790	100,056243	100,006247	36,070779	37,162739	36,832717	35,066450
540,00	39,672592	51,963609	39,391387	48,987049	43,160403	54,411727	26,917815	50,522012	33,176285	48,824179	25,600624	30,871117	25,619265	30,290583	26,446357	33,120117	33,239946	18,416268	33,042637	21,923356	31,710461	31,992984	50,867838	38,825062	54,796785	36,749032	53,277320	40,607929	52,951336	52,136409	22,140846	32,106382	27,132845	32,010138	23,991203	33,072227	25,224590	32,040346	21,646267	47,559533	34,295651	23,584734	52,254444	34,295651	35,105130	21,483420	29,170671	22,749184	30,025941	30,298817	59,301746	49,489582	29,451421	32,648864	47,655061	35,105130	36,050391	42,055643	52,888376	41,737512	54,578054	22,373885	31,015369	26,966530	31,865123	24,954490	33,075404	100,032330	100,066721	35,524026	65,036756	63,970929	64,210761	64,076978	100,060141	100,048494	36,115378	37,244824	36,853829	35,129428
542,00	39,977792	52,152485	39,709637	49,172676	43,483505	54,557002	27,068156	50,695962	33,385593	49,006069	25,748259	31,046754	25,811341	30,432844	26,672247	33,235681	33,380628	18,537983	33,195946	22,063114	31,857252	32,161042	51,056111	39,045370	54,930925	36,947396	53,427428	40,839541	53,099936	52,296442	22,275119	32,276770	27,262536	32,157364	24,114420	33,199838	25,349486	32,148525	21,832913	47,804427	34,612760	23,781309	52,512181	34,612760	35,584366	21,656114	29,336438	22,922251	30,215821	30,476716	59,391332	49,795473	29,656774	32,761201	47,902212	35,584366	36,361936	42,433122	53,044164	42,362660	54,683268	22,557373	31,182122	27,159914	32,015926	25,211379	33,214894	100,069189	100,014615	35,573357	64,943206	63,936555	64,148295	64,008772	100,023901	100,076222	36,174002	37,272429	36,892840	35,161468
544,00	40,283504	52,343202	40,035507	49,351078	43,854088	54,744303	27,196831	50,859833	33,627799	49,184814	25,897893	31,176957	25,970420	30,577919	26,845598	33,362943	33,504581	18,625523	33,316502	22,207052	31,971475	32,327041	51,255667	39,225882	55,061686	37,119207	53,579295	41,058540	53,239125	52,478212	22,389442	32,423997	27,374011	32,273349	24,238309	33,325142	25,478405	32,268223	22,008336	48,050734	34,933627	23,972802	52,770203	34,933627	36,029184	21,804723	29,524577	23,066929	30,392274	30,652744	59,519589	50,087088	29,808584	32,877225	48,137224	36,029184	36,729068	42,828006	53,172207	42,975366	54,822183	22,698595	31,327006	27,326742	32,148007	25,447127	33,288938	100,073445	99,945688	35,625869	64,844739	63,894928	64,139009	63,946462	100,021029	99,979758	36,197603	37,310082	36,937717	35,168657
546,00	40,578884	52,544236	40,346473	49,530604	44,181821	54,922569	27,293718	51,091850	33,805794	49,398801	26,005790	31,340379	26,146370	30,733350	27,052689	33,492610	33,657962	18,713245	33,454600	22,344291	32,105100	32,477656	51,483035	39,405718	55,200064	37,275189	53,767848	41,230530	53,418893	52,629846	22,509117	32,580703	27,498192	32,403958	24,365811	33,443406	25,593370	32,381499	22,185816	48,353088	35,241336	24,156722	53,038740	35,241336	36,452901	21,976818	29,658198	23,208970	30,584702	30,799076	59,640282	50,380772	29,944241	33,016625	48,421729	36,452901	37,049675	43,159026	53,356999	43,487853	54,996753	22,858438	31,476283	27,503151	32,309350	25,687361	33,445784	100,032628	99,978942	35,656735	64,813781	63,795269	64,075989	63,912290	100,021350	99,958175	36,269546	37,369344	36,972150	35,218814
548,00	40,863502	52,740180	40,625623	49,771178	44,512853	55,080408	27,411637	51,299310	33,966649	49,594459	26,147062	31,456009	26,304162	30,831397	27,246869	33,596206	33,772460	18,825981	33,569726	22,484499	32,209378	32,626006	51,707107	39,610526	55,349451	37,455970	53,957134	41,462544	53,585893	52,835792	22,648111	32,714158	27,623287	32,510698	24,521501	33,531597	25,727382	32,507798	22,374769	48,652685	35,540485	24,315059	53,326494	35,540485	36,863032	22,136888	29,810640	23,324496	30,758747	30,963099	59,767854	50,588226	30,117595	33,110765	48,663703	36,863032	37,291285	43,503559	53,543788	43,942726	55,090982	23,008873	31,623963	27,681413	32,441816	25,857201	33,511743	100,050688	100,060630	35,693255	64,789206	63,811237	64,029121	63,864958	100,036240	99,906659	36,315194	37,400588	37,031737	35,233316
550,00	41,134790	52,941245	40,946093	49,978083	44,826531	55,224276	27,476153	51,469326	34,152794	49,787453	26,276958	31,612369	26,470014	30,986834	27,445441	33,763909	33,914593	18,911442	33,737153	22,596310	32,376492	32,742417	51,900899	39,765042	55,493522	37,614417	54,143840	41,615066	53,746396	53,016758	22,747122	32,884574	27,742425	32,654315	24,632919	33,694282	25,840917	32,640734	22,547059	48,955882	35,832387	24,445906	53,623033	35,832387	37,214202	22,288460	30,004400	23,422891	30,928794	31,132287	59,852076	50,833780	30,210245	33,207834	48,919877	37,214202	37,529358	43,794206	53,728974	44,322690	55,213702	23,136720	31,779507	27,843633	32,610610	26,011527	33,658952	100,045836	100,057197	35,771480	64,776331	63,701582	63,979679	63,856471	100,006831	99,985701	36,343592	37,447125	37,065154	35,293347
552,00	41,360486	53,097451	41,217682	50,134134	45,129776	55,347294	27,550858	51,665628	34,331435	49,938214	26,389217	31,759927	26,644376	31,126738	27,625683	33,875591	34,039330	18,993737	33,889902	22,728607	32,469684	32,877463	52,076608	39,961860	55,587977	37,782604	54,264128	41,824746	53,835851	53,153265	22,855832	33,035186	27,882600	32,807469	24,770750	33,837473	25,944906	32,770434	22,737788	49,221894	36,117920	24,567531	53,840315	36,117920	37,538341	22,453924	30,157140	23,484045	31,133854	31,250608	59,936732	51,063496	30,348426	33,358762	49,134433	37,538341	37,766930	44,078454	53,876591	44,632569	55,317384	23,232169	31,963825	27,997786	32,748860	26,131287	33,762333	100,072217	100,044835	35,787812	64,667982	63,688391	63,920683	63,718778	99,962121	99,977869	36,385953	37,502012	37,102544	35,346931
554,00	41,580462	53,294784	41,460517	50,330627	45,415229	55,508959	27,583000	51,844090	34,447318	50,153613	26,519251	31,930652	26,791909	31,279904	27,808583	33,985215	34,186304	19,091919	34,030187	22,853236	32,610512	32,974777	52,297938	40,097481	55,724961	37,937713	54,423046	41,983959	54,021752	53,308702	22,973758	33,238980	28,036371	32,933009	24,913664	33,969289	26,089233	32,868430	22,891025	49,483785	36,372417	24,662189	54,111493	36,372417	37,761480	22,636023	30,368644	23,563892	31,318447	31,393361	60,050827	51,251835	30,478886	33,467686	49,376661	37,761480	37,930071	44,330293	54,020274	44,909886	55,444336	23,359668	32,111275	28,161302	32,894552	26,252764	33,883989	100,066161	100,013959	35,831979	64,642024	63,600886	63,851911	63,663608	100,060248	100,012422	36,423004	37,547857	37,157699	35,410768
556,00	41,796604	53,496039	41,654795	50,537109	45,655102	55,656356	27,554762	52,035314	34,545663	50,338358	26,646799	32,074729	26,920661	31,416249	27,998173	34,129691	34,322280	19,151801	34,160277	22,976199	32,741094	33,091086	52,519298	40,238518	55,836558	38,069665	54,621583	42,142704	54,154199	53,486848	23,087509	33,359635	28,147334	33,077705	25,052905	34,118900	26,211083	33,020964	23,060769	49,774778	36,621118	24,738607	54,378027	36,621118	37,974820	22,822982	30,520922	23,621765	31,505167	31,501058	60,159737	51,377022	30,611739	33,572578	49,596778	37,974820	38,028228	44,537318	54,187047	45,058164	55,589551	23,442118	32,275045	28,310144	33,051091	26,344660	34,009951	100,037634	100,077474	35,884607	64,613813	63,554251	63,809896	63,616413	100,116503	100,051165	36,495417	37,616462	37,245658	35,483384
558,00	42,016566	53,638840	41,906202	50,731689	45,914415	55,758005	27,517426	52,174169	34,662941	50,486064	26,718184	32,228372	27,064639	31,545904	28,129658	34,241894	34,455040	19,192128	34,307793	23,055772	32,866803	33,153576	52,672541	40,333775	55,951673	38,160333	54,742986	42,287827	54,266840	53,621995	23,156668	33,529168	28,239354	33,193371	25,131062	34,254569	26,297241	33,150139	23,202685	50,063837	36,858150	24,791570	54,633170	36,858150	38,130438	22,944432	30,684566	23,626800	31,692228	31,614247	60,218394	51,578802	30,707023	33,691573	49,794388	38,130438	38,118231	44,741863	54,292601	45,188123	55,653250	23,491885	32,423791	28,434950	33,200800	26,358792	34,118766	100,012004	100,022388	35,933068	64,533925	63,490337	63,705707	63,512969	100,068390	100,004733	36,517221	37,644887	37,268102	35,509536
560,00	42,178661	53,776526	42,124423	50,888216	46,121061	55,900645	27,421948	52,314812	34,704769	50,674182	26,782426	32,362089	27,166417	31,650329	28,255606	34,361979	34,588373	19,218430	34,424251	23,131314	32,996514	33,192950	52,852279	40,423539	56,078601	38,254634	54,938585	42,405865	54,419899	53,802693	23,206575	33,687955	28,303176	33,327308	25,206965	34,366399	26,376131	33,256245	23,359290	50,301051	37,034053	24,817051	54,884487	37,034053	38,185138	23,076209	30,846503	23,622313	31,866798	31,709331	60,306811	51,673847	30,816963	33,789176	50,038451	38,185138	38,208294	44,940701	54,448134	45,232540	55,779606	23,547719	32,549712	28,538916	33,321813	26,345614	34,227306	100,018108	99,968266	35,962063	64,459556	63,456833	63,699603	63,506025	100,056028	100,057435	36,572441	37,676513	37,308961	35,537612
562,00	42,318887	53,935730	42,246965	51,042783	46,304348	56,007642	27,266973	52,504265	34,658882	50,813258	26,841402	32,480142	27,248144	31,774050	28,358376	34,451771	34,696493	19,201937	34,556207	23,179442	33,117902	33,120331	53,044730	40,426102	56,218553	38,267699	55,105209	42,412794	54,570627	53,942007	23,226863	33,842191	28,376225	33,444497	25,253639	34,478033	26,422802	33,372748	23,474735	50,569862	37,168157	24,821956	55,094266	37,168157	38,192064	23,173685	30,997297	23,605672	32,045338	31,803554	60,411173	51,746428	30,898592	33,887628	50,224048	38,192064	38,253012	45,051444	54,604787	45,191461	55,894965	23,592423	32,688111	28,633150	33,454147	26,322010	34,305936	100,038958	100,011218	36,034855	64,425761	63,407558	63,608617	63,466716	100,052929	99,992555	36,628094	37,711865	37,347090	35,565147
564,00	42,427829	54,078346	42,351550	51,217252	46,384528	56,100029	27,004215	52,632773	34,561363	50,975823	26,870289	32,614669	27,330396	31,923553	28,478277	34,575433	34,813708	19,145784	34,681931	23,191829	33,222762	33,010033	53,232813	40,370128	56,327993	38,157099	55,224067	42,385235	54,681867	54,076803	23,235092	33,982906	28,399667	33,566561	25,265065	34,622228	26,468438	33,478251	23,577066	50,779897	37,238935	24,788995	55,323458	37,238935	38,119102	23,273014	31,163472	23,570615	32,202691	31,855857	60,474902	51,844853	30,958098	33,996522	50,407243	38,119102	38,246241	45,198527	54,711807	45,085701	55,989319	23,583536	32,840452	28,688675	33,590803	26,240271	34,434265	99,956477	99,937093	36,056587	64,345080	63,346815	63,576382	63,398170	100,014794	100,020719	36,618319	37,773454	37,395799	35,612977
566,00	42,473888	54,242784	42,459449	51,355547	46,491006	56,246299	26,720098	52,845049	34,375912	51,140338	26,915863	32,759050	27,399194	32,008377	28,562894	34,654462	34,935361	19,090439	34,801978	23,169625	33,319387	32,810563	53,417128	40,262753	56,401497	38,027909	55,355966	42,316189	54,832870	54,211748	23,204704	34,118363	28,404897	33,686981	25,275701	34,713420	26,457012	33,598700	23,643389	51,056933	37,291086	24,743775	55,545217	37,291086	37,958848	23,347391	31,291196	23,504339	32,361472	31,915820	60,561913	51,906604	31,046775	34,102738	50,638390	37,958848	38,237324	45,276988	54,856420	44,889840	56,081146	23,590307	32,962495	28,750589	33,690831	26,171148	34,528691	99,995589	100,022769	36,096573	64,341700	63,357109	63,507849	63,364649	99,963874	99,985158	36,695927	37,788731	37,446550	35,653606
568,00	42,569721	54,348898	42,523175	51,477754	46,548778	56,350034	26,366797	52,937239	34,149003	51,253402	26,939872	32,881835	27,462167	32,127658	28,623769	34,763509	35,044584	19,007891	34,910184	23,124748	33,416736	32,572865	53,539842	40,094167	56,501871	37,824953	55,468613	42,195594	54,939508	54,355556	23,125994	34,272859	28,388593	33,821419	25,247109	34,839538	26,415110	33,692491	23,695296	51,272738	37,285119	24,663585	55,774373	37,285119	37,800780	23,384069	31,416315	23,409973	32,520741	31,992567	60,608000	51,946682	31,110084	34,174222	50,803602	37,800780	38,150749	45,344457	54,953384	44,686320	56,179458	23,575352	33,071342	28,801277	33,815661	26,051763	34,619948	100,021625	99,966764	36,156037	64,220160	63,285947	63,472301	63,289708	100,003254	99,981099	36,691624	37,820613	37,488407	35,698220
570,00	42,604265	54,529542	42,540047	51,679599	46,642715	56,476879	25,954953	53,094107	33,879003	51,422262	26,990196	33,003032	27,555332	32,238460	28,682917	34,855095	35,165694	18,918380	35,046065	23,065446	33,546075	32,234916	53,725404	39,832976	56,598800	37,548703	55,659842	42,008218	55,090570	54,509002	23,030415	34,411180	28,343570	33,927095	25,179175	34,942108	26,375136	33,784735	23,726748	51,518011	37,202367	24,564470	55,996150	37,202367	37,542629	23,405370	31,581339	23,306313	32,686579	32,031545	60,718668	51,947731	31,180000	34,246919	51,034641	37,542629	38,076615	45,352620	55,092639	44,350818	56,307602	23,568754	33,238161	28,860953	33,947888	25,947171	34,733716	99,994421	100,051951	36,200097	64,205366	63,212490	63,431168	63,259661	100,071073	99,959451	36,739844	37,879193	37,537494	35,754862
572,00	42,566338	54,633778	42,526713	51,790076	46,642539	56,555980	25,528255	53,226215	33,501348	51,524812	26,997569	33,127612	27,580377	32,350340	28,743836	34,960350	35,251245	18,780352	35,166219	22,972251	33,650926	31,833422	53,865057	39,496994	56,659347	37,213159	55,735064	41,719842	55,183572	54,585928	22,901452	34,551471	28,274551	34,013593	25,095874	35,052848	26,295862	33,912554	23,728785	51,717979	37,061939	24,437830	56,210726	37,061939	37,248269	23,435108	31,717080	23,202553	32,845175	32,069877	60,769302	51,943940	31,196994	34,368074	51,150590	37,248269	37,953565	45,355222	55,117077	43,977845	56,352472	23,517080	33,348781	28,886810	34,058717	25,762609	34,820998	99,977338	99,942416	36,240232	64,122474	63,146847	63,347721	63,185400	99,997950	99,970466	36,744368	37,930474	37,568969	35,799339
574,00	42,587766	54,759532	42,528343	51,906759	46,654758	56,645447	25,038043	53,330404	33,137462	51,660979	27,008149	33,217490	27,623340	32,440618	28,796679	35,031590	35,361013	18,665096	35,260543	22,864689	33,731234	31,434548	54,021442	39,163741	56,744778	36,837921	55,860603	41,478074	55,283141	54,699618	22,770698	34,682801	28,224507	34,142449	24,987090	35,165349	26,186031	33,992681	23,725133	51,917350	36,930847	24,320932	56,365597	36,930847	36,944494	23,398738	31,852797	23,075609	32,979670	32,121307	60,844272	51,913953	31,261593	34,419227	51,312834	36,944494	37,825835	45,325619	55,283678	43,630767	56,453127	23,464154	33,447310	28,909132	34,145650	25,607157	34,913456	99,921638	99,942172	36,267447	64,082640	63,098109	63,316804	63,171536	100,045979	99,968988	36,791646	37,936410	37,604532	35,850197
576,00	42,581999	54,846275	42,527816	52,006829	46,686181	56,746316	24,600688	53,433448	32,773182	51,750481	27,020919	33,336365	27,659529	32,561097	28,857264	35,124320	35,465434	18,519644	35,375327	22,755603	33,844107	31,031814	54,134458	38,818458	56,798244	36,471024	55,970842	41,170779	55,392432	54,830188	22,603555	34,824821	28,115809	34,263125	24,867353	35,277581	26,085606	34,095639	23,723929	52,142310	36,775771	24,214418	56,552297	36,775771	36,671016	23,389995	31,972131	22,962993	33,137351	32,160500	60,893011	51,941168	31,320518	34,515870	51,458973	36,671016	37,728223	45,335200	55,358434	43,287128	56,557512	23,434921	33,586001	28,936851	34,280747	25,448042	35,005680	99,995875	99,967176	36,335608	64,042336	63,089383	63,283217	63,087320	100,050700	99,997801	36,835518	37,983987	37,636194	35,909832
578,00	42,577115	54,934651	42,471451	52,131569	46,689805	56,836814	24,153566	53,567064	32,354364	51,866609	27,040595	33,472580	27,692258	32,656464	28,877270	35,208359	35,576144	18,379743	35,491395	22,625476	33,961380	30,591616	54,270637	38,480958	56,915522	36,083758	56,109565	40,882668	55,448031	54,906541	22,449011	34,957114	28,043497	34,362066	24,764195	35,387933	25,979167	34,198397	23,708339	52,306950	36,579973	24,098974	56,739116	36,579973	36,369401	23,361595	32,119727	22,834674	33,295596	32,201794	60,942751	51,881748	31,356871	34,608546	51,613438	36,369401	37,593734	45,328435	55,445737	42,944270	56,634456	23,373707	33,694994	28,940031	34,398583	25,297037	35,129815	100,045049	99,984324	36,381254	63,973343	63,058937	63,229591	63,009781	100,039637	100,026250	36,862123	38,031960	37,695357	35,983649
580,00	42,576486	55,031312	42,476359	52,225453	46,696362	56,913328	23,730782	53,693980	31,963336	51,972455	27,041575	33,599135	27,723739	32,776842	28,934297	35,320768	35,684490	18,259902	35,586470	22,536120	34,044617	30,199066	54,406846	38,139588	56,969422	35,712737	56,202525	40,569758	55,548590	55,013633	22,283964	35,101092	27,949092	34,468856	24,639395	35,498494	25,881556	34,307915	23,673092	52,487737	36,414760	23,971988	56,889820	36,414760	36,081475	23,332690	32,238969	22,717039	33,433577	32,250896	61,036462	51,891100	31,383941	34,696919	51,737553	36,081475	37,492770	45,304811	55,561846	42,584237	56,682444	23,327345	33,814210	28,990650	34,511578	25,139436	35,209709	99,981147	99,975759	36,414784	63,944203	62,975949	63,172925	62,973315	100,020695	100,026703	36,902955	38,094130	37,740317	36,005679
582,00	42,579380	55,103135	42,483911	52,282763	46,712199	57,006264	23,350434	53,755045	31,605750	52,038908	27,081949	33,704773	27,798530	32,877553	28,993368	35,379916	35,783905	18,146747	35,692546	22,416610	34,142280	29,792911	54,498953	37,809688	57,046419	35,354078	56,276315	40,313843	55,618960	55,103731	22,147898	35,208929	27,852985	34,584472	24,516387	35,603377	25,792071	34,374663	23,679040	52,617890	36,231282	23,873395	57,037205	36,231282	35,818124	23,296696	32,350215	22,568721	33,571777	32,263792	61,084503	51,879692	31,429967	34,788921	51,865584	35,818124	37,405407	45,287210	55,582738	42,277953	56,748974	23,276320	33,924493	28,996238	34,610331	25,007913	35,303321	99,993014	99,924064	36,469892	63,872331	62,963092	63,116944	62,896192	100,071180	100,049663	36,976391	38,128334	37,785262	36,032096
584,00	42,579266	55,186456	42,465314	52,355194	46,734253	57,044232	22,973946	53,863543	31,271198	52,133805	27,113339	33,791348	27,833918	32,953086	29,054108	35,493511	35,882050	18,040873	35,801166	22,330375	34,238172	29,449061	54,611832	37,492737	57,103032	35,018289	56,331682	40,054172	55,718184	55,152011	22,012995	35,340333	27,769086	34,676093	24,422476	35,672477	25,702593	34,486598	23,653840	52,781528	36,059681	23,781396	57,182229	36,059681	35,575134	23,283976	32,463378	22,469048	33,701620	32,295781	61,106879	51,878011	31,472060	34,875739	51,997870	35,575134	37,282857	45,263803	55,688733	42,001069	56,823903	23,242408	34,021625	29,019701	34,723413	24,888767	35,388315	99,976432	99,947274	36,516821	63,813394	62,900007	63,083982	62,873083	100,085688	100,033104	37,013990	38,171542	37,840885	36,114922
586,00	42,595944	55,255491	42,466247	52,441734	46,793199	57,092398	22,634454	53,928518	30,959812	52,203196	27,106383	33,883077	27,851638	33,038339	29,090637	35,561943	35,972345	17,912823	35,883328	22,225657	34,330446	29,113755	54,716212	37,220106	57,135743	34,724292	56,450814	39,800376	55,782354	55,238825	21,866219	35,437268	27,670288	34,760493	24,306479	35,781750	25,578347	34,578434	23,626350	52,931887	35,890692	23,686300	57,302338	35,890692	35,383439	23,226883	32,565698	22,348461	33,828548	32,360032	61,156225	51,854861	31,487069	34,949338	52,097046	35,383439	37,223166	45,237783	55,731952	41,735232	56,874609	23,191044	34,110081	29,016241	34,797952	24,762791	35,472083	99,944419	99,975717	36,539620	63,765866	62,843490	63,060516	62,848967	100,016391	100,017834	37,013972	38,214257	37,855613	36,113492
588,00	42,587256	55,345589	42,496613	52,530402	46,836972	57,219785	22,321130	54,033870	30,652758	52,311426	27,161062	33,957723	27,921546	33,091924	29,175624	35,627639	36,053082	17,823064	35,969839	22,157162	34,399328	28,781596	54,833907	36,940217	57,215428	34,416884	56,545174	39,573586	55,852258	55,331588	21,735425	35,530284	27,614343	34,836608	24,223809	35,882187	25,516877	34,638873	23,628144	53,068316	35,751382	23,591205	57,443422	35,751382	35,210729	23,216954	32,672155	22,247401	33,929688	32,369363	61,227793	51,806068	31,526506	35,023940	52,238733	35,210729	37,180564	45,255226	55,804455	41,474837	56,925315	23,153852	34,194484	29,050586	34,868270	24,670237	35,555431	99,939913	100,003815	36,596021	63,747901	62,770885	63,034296	62,833029	100,058270	99,996346	37,087286	38,248622	37,933585	36,147517
590,00	42,639327	55,382979	42,526349	52,585274	46,934274	57,252192	22,008507	54,087311	30,378228	52,380145	27,187502	34,039935	27,979195	33,176351	29,250792	35,683787	36,136234	17,728449	36,056313	22,091572	34,476480	28,468671	54,910749	36,697337	57,257885	34,132308	56,592953	39,337975	55,895454	55,411869	21,613544	35,622749	27,532405	34,912518	24,139495	35,954270	25,438148	34,708214	23,617584	53,201550	35,618296	23,544069	57,511306	35,618296	35,021904	23,194842	32,747564	22,156009	34,064934	32,426444	61,257964	51,818585	31,595758	35,074484	52,324325	35,021904	37,109795	45,266762	55,876154	41,286227	56,993264	23,117249	34,309050	29,082343	34,948003	24,528871	35,604936	99,991149	99,971169	36,615136	63,690138	62,746781	62,956202	62,757844	100,084281	99,960005	37,117606	38,293475	37,967837	36,170086
592,00	42,651364	55,436480	42,569932	52,629548	47,019404	57,283872	21,754131	54,175007	30,143350	52,404296	27,221403	34,154579	28,024051	33,241975	29,330131	35,748562	36,210606	17,662752	36,143169	22,023162	34,545791	28,222248	54,970068	36,440545	57,279223	33,869961	56,604069	39,147013	55,937946	55,461770	21,506591	35,690144	27,480450	34,992468	24,070434	36,037621	25,387082	34,795961	23,625964	53,293020	35,496524	23,493010	57,638317	35,496524	34,917882	23,195666	32,869405	22,076142	34,164560	32,473546	61,277747	51,812434	31,635782	35,175851	52,393150	34,917882	37,069425	45,252150	55,894667	41,084254	57,015944	23,092987	34,381312	29,105243	35,030538	24,459493	35,693082	100,051713	99,963182	36,651602	63,631755	62,684172	62,964070	62,723869	100,103259	99,966341	37,191355	38,321695	38,006034	36,206990
594,00	42,727825	55,477190	42,637280	52,664161	47,096288	57,301068	21,469696	54,241633	29,908919	52,471995	27,270848	34,234464	28,100473	33,350548	29,396838	35,848114	36,310226	17,576618	36,239946	21,961074	34,672058	27,950212	55,034369	36,201537	57,296157	33,599934	56,656808	38,966346	55,988193	55,505782	21,405567	35,810220	27,430066	35,095274	23,985794	36,132842	25,312570	34,890923	23,625879	53,431845	35,409659	23,430510	57,711750	35,409659	34,828237	23,184200	32,985088	22,007036	34,297961	32,514563	61,306071	51,859212	31,667137	35,258880	52,485555	34,828237	37,044448	45,259881	55,930299	40,927783	57,065642	23,073953	34,511551	29,125339	35,158521	24,376605	35,786274	100,029552	99,914849	36,683273	63,605779	62,638307	62,893081	62,660933	100,042057	100,020051	37,211278	38,362452	38,035297	36,276323
596,00	42,770246	55,575168	42,659593	52,732080	47,164658	57,363904	21,213731	54,300213	29,676858	52,541542	27,290523	34,300739	28,147453	33,410636	29,484501	35,908478	36,387295	17,501745	36,304516	21,895958	34,728754	27,708447	55,131418	36,018220	57,356811	33,390185	56,749171	38,797846	56,053579	55,567783	21,329777	35,901564	27,375895	35,172623	23,932257	36,197510	25,254950	34,960079	23,635410	53,536469	35,291594	23,385543	57,837903	35,291594	34,730110	23,181148	33,051249	21,940456	34,386536	32,552806	61,340398	51,816946	31,702504	35,314691	52,598858	34,730110	37,009448	45,246738	56,011611	40,806562	57,105380	23,051912	34,594741	29,161751	35,229814	24,304402	35,842705	100,050294	99,990332	36,718139	63,579142	62,612247	62,815487	62,624335	100,061774	99,973327	37,239620	38,411513	38,081810	36,313871
598,00	42,792979	55,595100	42,669797	52,800828	47,234634	57,410693	20,974098	54,382700	29,439554	52,610630	27,308726	34,369165	28,186899	33,449596	29,553369	35,974252	36,458188	17,430188	36,360440	21,866603	34,773108	27,463531	55,209213	35,787696	57,393867	33,167094	56,824094	38,614613	56,092244	55,628341	21,238989	35,992813	27,334484	35,225824	23,845409	36,246213	25,219485	35,025513	23,654759	53,646237	35,206863	23,365934	57,919282	35,206863	34,617189	23,170513	33,140260	21,881132	34,474790	32,613003	61,370873	51,853597	31,747743	35,382950	52,680784	34,617189	36,995274	45,268676	56,060612	40,632862	57,158440	23,046932	34,668484	29,198295	35,275823	24,219982	35,908881	100,022352	99,985659	36,762533	63,567877	62,569708	62,801117	62,569261	100,044358	99,943578	37,296191	38,424781	38,119212	36,323440
600,00	42,781651	55,645204	42,660859	52,812332	47,260287	57,450771	20,696184	54,419482	29,189292	52,677643	27,338734	34,485173	28,239116	33,545566	29,628745	36,070496	36,557996	17,353448	36,447918	21,789682	34,860566	27,224141	55,245250	35,579500	57,390994	32,917824	56,850219	38,412642	56,106752	55,693042	21,164194	36,098516	27,278182	35,338107	23,801863	36,370242	25,157800	35,126695	23,625374	53,735900	35,074154	23,306872	57,979804	35,074154	34,513164	23,155987	33,218530	21,824740	34,618741	32,662255	61,419755	51,804274	31,796184	35,482112	52,785772	34,513164	36,917600	45,249593	56,120896	40,448892	57,198966	23,023051	34,769344	29,238755	35,398284	24,161354	35,984552	100,035799	99,970800	36,827165	63,484383	62,489837	62,744856	62,533909	100,045323	99,961889	37,345353	38,501358	38,204539	36,371869
602,00	42,682049	55,649984	42,587721	52,847093	47,168723	57,470393	20,413750	54,412717	28,936905	52,680868	27,306139	34,556380	28,231576	33,626401	29,623392	36,130863	36,622983	17,230713	36,525422	21,723101	34,932241	26,973292	55,275732	35,320836	57,377851	32,651645	56,865621	38,197500	56,093526	55,684090	21,045923	36,185670	27,209431	35,388488	23,709084	36,421376	25,081846	35,185716	23,590846	53,786135	34,918880	23,261942	58,014858	34,918880	34,317338	23,115882	33,333832	21,742743	34,689346	32,666600	61,429048	51,760149	31,810087	35,543957	52,857035	34,317338	36,818600	45,184380	56,104821	40,248922	57,198060	22,982615	34,846056	29,227650	35,476491	24,071655	36,094284	99,929285	99,968123	36,828220	63,387758	62,419057	62,662363	62,476039	100,014758	99,949574	37,351713	38,563502	38,212681	36,412948
604,00	42,594469	55,659837	42,490906	52,834994	47,070953	57,463557	20,059152	54,429752	28,640252	52,701306	27,291614	34,655902	28,197771	33,688834	29,599714	36,190459	36,702946	17,097645	36,618522	21,623139	35,024437	26,681072	55,300695	35,031015	57,385820	32,359064	56,854939	37,962356	56,144923	55,692810	20,946151	36,265737	27,145308	35,483274	23,619705	36,492649	25,038511	35,272393	23,564766	53,862023	34,721842	23,183948	58,077222	34,721842	34,101087	23,097701	33,410329	21,695618	34,812698	32,705447	61,397040	51,677746	31,837493	35,649049	52,872103	34,101087	36,685261	45,108926	56,118089	39,993894	57,211995	22,968191	34,956205	29,239699	35,560101	23,985210	36,165869	99,904162	99,957168	36,898831	63,334525	62,342286	62,641835	62,360460	100,046968	100,026429	37,428942	38,596213	38,284913	36,464790
606,00	42,406079	55,692941	42,375833	52,904296	46,881884	57,492316	19,710116	54,459763	28,329816	52,715534	27,212667	34,738934	28,143120	33,766010	29,569009	36,260927	36,784798	16,954796	36,712116	21,513821	35,090202	26,409882	55,370808	34,756911	57,383186	32,108003	56,881666	37,727383	56,140864	55,724585	20,819297	36,373156	27,055794	35,532773	23,522988	36,575246	24,942203	35,332906	23,527613	53,952533	34,547338	23,102337	58,169562	34,547338	33,825216	23,054485	33,527988	21,635589	34,915534	32,719153	61,431760	51,614058	31,841248	35,691220	52,950466	33,825216	36,552978	45,006093	56,155735	39,689359	57,198477	22,920954	35,047445	29,213095	35,648623	23,856096	36,260355	99,950510	99,953634	36,948562	63,313740	62,335539	62,591833	62,318051	100,038230	100,008535	37,443814	38,638934	38,287440	36,505994
608,00	42,226765	55,777258	42,163804	52,975559	46,647546	57,529515	19,329397	54,486620	28,002414	52,786869	27,160078	34,778985	28,090331	33,822915	29,513979	36,308506	36,844620	16,785310	36,730930	21,427326	35,151497	26,135457	55,426514	34,482038	57,425135	31,822896	56,926465	37,449622	56,206965	55,765301	20,727265	36,442420	26,989877	35,607445	23,443213	36,629578	24,879777	35,369864	23,474611	54,056656	34,282357	22,992964	58,214277	34,282357	33,526361	22,996567	33,605933	21,558531	34,986171	32,700139	61,459124	51,486731	31,841978	35,741183	53,034377	33,526361	36,355254	44,858828	56,226778	39,326736	57,249177	22,878823	35,122657	29,210189	35,734242	23,760678	36,306873	99,954116	99,961925	36,966962	63,285387	62,268651	62,539631	62,303770	100,022411	99,967408	37,521714	38,670650	38,357967	36,529431
610,00	42,031220	55,798829	41,931507	53,007787	46,384776	57,557744	19,002508	54,528272	27,715400	52,811891	27,079442	34,834981	28,025308	33,903581	29,430330	36,356801	36,913595	16,645600	36,788309	21,320038	35,195801	25,870058	55,495197	34,220514	57,414073	31,543571	56,927538	37,178227	56,219333	55,802149	20,631009	36,496854	26,938415	35,665199	23,358177	36,674240	24,843742	35,444283	23,441444	54,112619	34,084401	22,898512	58,286142	34,084401	33,195078	22,972569	33,673087	21,522367	35,086787	32,690856	61,487937	51,358271	31,869417	35,813382	53,141934	33,195078	36,157787	44,693086	56,241035	38,977483	57,299286	22,847682	35,202608	29,202417	35,791641	23,662876	36,372182	99,931526	99,901527	36,984268	63,230854	62,243962	62,475836	62,271976	100,104046	99,987864	37,566265	38,719746	38,402316	36,557975
612,00	41,788384	55,791748	41,717282	53,009331	46,081716	57,563859	18,642992	54,539216	27,411172	52,826160	26,966414	34,956184	27,932721	33,993834	29,294774	36,415386	36,989653	16,466774	36,850321	21,194725	35,251865	25,592500	55,493194	33,927184	57,420862	31,262228	56,951267	36,913726	56,210524	55,804545	20,496815	36,568919	26,866174	35,731861	23,258094	36,749715	24,747506	35,523674	23,382260	54,172504	33,835280	22,791067	58,310217	33,835280	32,847205	22,905430	33,780774	21,433817	35,173017	32,677519	61,478305	51,206017	31,833488	35,891047	53,182828	32,847205	36,000478	44,529265	56,252861	38,541290	57,313627	22,772130	35,272902	29,159784	35,844025	23,499823	36,461845	100,005460	99,908441	37,044618	63,191211	62,180948	62,459648	62,236714	100,033784	99,985063	37,579736	38,754264	38,431469	36,585367
614,00	41,607833	55,848730	41,495550	53,043377	45,794338	57,614106	18,340981	54,557687	27,116701	52,852845	26,884538	35,009873	27,842453	34,038764	29,180863	36,484054	37,073767	16,338356	36,929452	21,112685	35,350254	25,367808	55,537939	33,688146	57,457805	30,997109	56,985497	36,670315	56,238765	55,852360	20,430687	36,675736	26,804972	35,833672	23,182994	36,831436	24,697256	35,577381	23,342580	54,267764	33,638671	22,709888	58,352923	33,638671	32,493183	22,869252	33,837962	21,392125	35,265559	32,662243	61,477900	51,075089	31,852058	35,977373	53,229743	32,493183	35,794458	44,363186	56,278414	38,149258	57,321566	22,728403	35,389650	29,148057	35,942852	23,400965	36,518878	99,974304	99,942774	37,094834	63,140118	62,159854	62,457126	62,157083	100,072563	100,035071	37,640229	38,815272	38,475516	36,639440
616,00	41,379207	55,851936	41,309434	53,097612	45,515171	57,604396	18,078090	54,604417	26,866782	52,877659	26,839271	35,108742	27,771682	34,116897	29,105404	36,548832	37,144005	16,212843	37,024769	21,016420	35,435867	25,163394	55,547833	33,479363	57,450354	30,788276	56,983292	36,461508	56,277049	55,853194	20,349269	36,767077	26,771072	35,899204	23,122658	36,898535	24,639831	35,673007	23,313953	54,338473	33,444968	22,646782	58,383989	33,444968	32,234487	22,839135	33,933198	21,343774	35,382840	32,678050	61,492544	51,007569	31,866455	36,051619	53,307372	32,234487	35,658324	44,216916	56,310779	37,799442	57,335961	22,729753	35,445252	29,151255	36,051232	23,299856	36,591426	99,987066	99,907905	37,149584	63,095015	62,133360	62,426335	62,091434	100,072730	100,044584	37,666902	38,870910	38,522610	36,690122
618,00	41,214493	55,884248	41,080338	53,134841	45,251912	57,673854	17,842817	54,634631	26,613164	52,907777	26,789334	35,177520	27,717346	34,189826	29,026338	36,600572	37,225646	16,104631	37,073356	20,954423	35,475773	24,937256	55,568725	33,240145	57,468504	30,579230	57,007504	36,212242	56,308329	55,919069	20,290646	36,849299	26,724085	35,977259	23,072425	36,973703	24,608222	35,708183	23,265566	54,414749	33,235309	22,614276	58,459836	33,235309	31,984884	22,814506	34,026405	21,351753	35,437307	32,655075	61,528552	50,851017	31,883407	36,111528	53,366852	31,984884	35,512179	44,059649	56,354254	37,465084	57,368606	22,721146	35,542759	29,153889	36,110637	23,248795	36,662349	99,926877	99,931586	37,149429	63,062227	62,064248	62,304276	62,101984	100,020456	100,035691	37,735653	38,924637	38,556743	36,717951
620,00	41,045463	55,955344	40,947196	53,148192	45,055047	57,680798	17,638247	54,605132	26,413444	52,929717	26,777714	35,265410	27,691779	34,256700	28,977260	36,648220	37,297097	16,021329	37,131032	20,908508	35,551688	24,782336	55,649233	33,063480	57,503736	30,396196	57,044625	36,055642	56,332302	55,977398	20,253542	36,927670	26,711202	36,023271	23,014237	37,035620	24,572021	35,782164	23,269181	54,469854	33,090267	22,600310	58,493376	33,090267	31,846225	22,785562	34,103063	21,370168	35,502225	32,679856	61,532182	50,777078	31,899938	36,178601	53,413594	31,846225	35,447994	43,957886	56,418848	37,210754	57,425958	22,752695	35,637647	29,188704	36,156604	23,206311	36,740524	100,019360	99,945813	37,216231	63,063318	62,057507	62,276000	62,072158	100,013590	99,969625	37,735376	38,934761	38,602504	36,776435
622,00	40,936050	55,946732	40,817815	53,188914	44,912860	57,699722	17,487091	54,652303	26,267174	52,972358	26,767772	35,354850	27,692193	34,343520	28,948101	36,731294	37,369519	15,983799	37,230751	20,869280	35,650107	24,635944	55,607957	32,955113	57,468534	30,251297	57,036233	35,918263	56,291831	55,944669	20,229846	37,016094	26,676506	36,121985	22,996503	37,102982	24,539816	35,865802	23,273183	54,524893	32,963884	22,656623	58,523303	32,963884	31,744763	22,786431	34,198293	21,438469	35,617083	32,712498	61,518431	50,704098	31,936598	36,283702	53,443265	31,744763	35,416794	43,948990	56,380576	37,046626	57,410288	22,789064	35,729995	29,223096	36,278489	23,202614	36,822850	99,985558	99,970978	37,288934	62,963295	61,993474	62,270409	62,013471	100,032926	100,095737	37,770271	39,008614	38,621148	36,812800
624,00	40,834847	55,957115	40,696630	53,222030	44,760826	57,727832	17,358156	54,663569	26,103452	53,027713	26,824015	35,387993	27,712089	34,386322	28,976628	36,746362	37,406150	15,945916	37,272075	20,852762	35,698628	24,488038	55,702931	32,809752	57,493168	30,072477	57,062340	35,741797	56,289810	55,934489	20,212276	37,064373	26,691875	36,162770	22,964016	37,178680	24,514884	35,889089	23,261444	54,568583	32,837462	22,696353	58,534223	32,837462	31,699625	22,803888	34,238493	21,516675	35,682690	32,755220	61,569893	50,671327	31,998143	36,295682	53,545570	31,699625	35,425472	43,905002	56,402445	36,930665	57,452208	22,886346	35,800335	29,282171	36,308277	23,262680	36,865863	99,990201	99,935621	37,294170	62,953782	61,909199	62,226212	61,969560	100,044513	100,042665	37,857684	39,009696	38,693011	36,844128
626,00	40,787286	56,009763	40,654713	53,304923	44,698533	57,718718	17,264563	54,692912	25,975811	53,067386	26,868752	35,466033	27,735206	34,463310	29,001054	36,820999	37,514752	15,914078	37,365010	20,816451	35,774013	24,355659	55,706233	32,681969	57,465696	29,980123	57,077265	35,626683	56,356049	55,979890	20,201410	37,170208	26,683989	36,242363	22,966376	37,231863	24,500270	35,962430	23,263259	54,679549	32,754502	22,778551	58,600080	32,754502	31,704167	22,787878	34,336203	21,608652	35,788813	32,793748	61,594957	50,657535	32,041103	36,392990	53,608078	31,704167	35,453713	43,925017	56,386817	36,896721	57,459521	22,961730	35,846674	29,338643	36,396444	23,334712	36,935693	99,980897	99,957108	37,337947	62,906283	61,914045	62,130189	61,925000	100,006473	100,022984	37,870309	39,086249	38,708970	36,869788
628,00	40,741113	56,040871	40,613306	53,305155	44,642049	57,750237	17,192498	54,725468	25,864470	53,073972	26,974353	35,558549	27,793342	34,537166	29,008695	36,877677	37,560692	15,885423	37,412411	20,818581	35,814390	24,279600	55,719030	32,603294	57,508403	29,878941	57,065421	35,550836	56,337345	55,977297	20,198561	37,239847	26,703563	36,267978	22,974034	37,307227	24,486996	36,028144	23,298506	54,691660	32,707110	22,925109	58,572990	32,707110	31,766188	22,815531	34,422576	21,743619	35,854575	32,871914	61,553282	50,724602	32,117957	36,464825	53,657103	31,766188	35,569188	43,968517	56,424320	36,924568	57,500434	23,063640	35,931671	29,440925	36,467561	23,419470	37,003753	99,991244	99,954969	37,386745	62,867182	61,866945	62,138307	61,839736	100,092173	100,020790	37,929335	39,113507	38,773263	36,907253
630,00	40,760535	56,083149	40,638655	53,413093	44,641083	57,792866	17,132138	54,767251	25,813818	53,096884	27,064833	35,628566	27,851886	34,595430	29,078159	36,954534	37,650502	15,872270	37,504971	20,827323	35,889065	24,204807	55,774629	32,553962	57,506627	29,800642	57,115549	35,498637	56,414461	56,007361	20,215684	37,330025	26,708212	36,371627	22,951005	37,372497	24,478492	36,076468	23,319764	54,777485	32,669914	23,090848	58,661205	32,669914	31,920660	22,832423	34,482288	21,885148	35,953709	32,948917	61,623830	50,733829	32,151601	36,529887	53,699642	31,920660	35,708237	44,039455	56,480545	37,031838	57,520777	23,179506	36,032844	29,544112	36,544135	23,545443	37,084416	99,988919	100,037336	37,436417	62,848681	61,809433	62,071872	61,839724	100,039649	100,013506	37,961632	39,154705	38,787425	36,978585
632,00	40,813339	56,109667	40,654519	53,411347	44,692111	57,787395	17,097157	54,751992	25,767538	53,137779	27,202481	35,681915	27,976060	34,655553	29,174405	36,982232	37,691706	15,908696	37,544602	20,866658	35,946006	24,160008	55,782694	32,551694	57,491904	29,756734	57,106620	35,502473	56,374484	56,004363	20,242788	37,357804	26,738951	36,429200	22,982334	37,388667	24,507064	36,136547	23,365143	54,837090	32,632419	23,263745	58,680946	32,632419	32,105914	22,884789	34,581679	22,060356	35,992312	33,040029	61,589783	50,794369	32,292014	36,577034	53,745532	32,105914	35,876065	44,160548	56,496948	37,243825	57,442993	23,328756	36,084664	29,686356	36,610863	23,770662	37,120494	100,010490	99,985284	37,472299	62,768024	61,752832	62,037057	61,762339	100,045967	99,999064	38,013798	39,189383	38,891411	36,975360
634,00	40,866834	56,107110	40,740475	53,456211	44,765201	57,810944	17,143609	54,841846	25,754276	53,187054	27,355769	35,788310	28,114542	34,746793	29,305270	37,046623	37,773719	15,942383	37,635648	20,913009	36,031750	24,149568	55,823010	32,557675	57,537001	29,775882	57,118362	35,513270	56,373525	56,039292	20,325522	37,469178	26,810184	36,504635	23,018464	37,500644	24,528295	36,225155	23,434259	54,904628	32,690153	23,509742	58,712554	32,690153	32,342798	22,920322	34,687760	22,287998	36,064622	33,120319	61,594093	50,894880	32,394165	36,664313	53,847349	32,342798	36,093390	44,361988	56,517565	37,541217	57,544523	23,506828	36,187074	29,817119	36,696616	23,992005	37,219265	100,021493	99,995482	37,502906	62,757349	61,709684	61,965418	61,766726	100,058162	100,044453	38,042912	39,248312	38,904172	37,029937
636,00	41,002646	56,149989	40,839288	53,489512	44,889441	57,813889	17,232566	54,836488	25,850451	53,197074	27,557069	35,832104	28,259444	34,804028	29,413992	37,137958	37,832797	16,041224	37,711099	21,012980	36,105260	24,239443	55,845785	32,649857	57,509947	29,862773	57,129556	35,589057	56,383198	56,032950	20,408888	37,509978	26,903331	36,561957	23,097649	37,549525	24,598235	36,280972	23,530993	54,948068	32,769805	23,749426	58,731186	32,769805	32,663527	23,009203	34,722954	22,508694	36,173856	33,253223	61,606139	50,987870	32,504472	36,737874	53,867638	32,663527	36,348549	44,550559	56,518275	37,858477	57,519984	23,687404	36,271045	29,956147	36,769482	24,255487	37,282151	100,019407	99,994028	37,522030	62,671220	61,647075	61,913764	61,739618	100,057912	100,054979	38,077605	39,312333	38,911074	37,058017
638,00	41,175321	56,197697	41,036439	53,510797	45,080367	57,858211	17,410794	54,907209	26,071274	53,227711	27,782327	35,886821	28,436136	34,854829	29,571980	37,202567	37,908706	16,167988	37,747535	21,131963	36,154595	24,422143	55,862415	32,855985	57,552928	30,046114	57,154739	35,798305	56,407297	56,090921	20,549139	37,611595	27,003327	36,641487	23,236869	37,625316	24,717031	36,340865	23,660386	55,018216	32,968536	24,023490	58,784127	32,968536	33,029401	23,124543	34,807223	22,747099	36,242807	33,365735	61,613190	51,154000	32,589000	36,773759	53,945321	33,029401	36,653450	44,774631	56,536251	38,279340	57,578653	23,872302	36,308947	30,141386	36,847618	24,547359	37,319219	100,039971	100,005603	37,589818	62,649685	61,655790	61,893249	61,652428	100,026131	100,018275	38,108835	39,305151	38,961905	37,079197
640,00	41,387576	56,201500	41,234088	53,576678	45,241085	57,915431	17,697564	54,857194	26,378325	53,232419	28,030851	35,994187	28,660238	34,957373	29,759729	37,277499	38,006756	16,379753	37,858546	21,376830	36,239436	24,760962	55,885470	33,173847	57,509041	30,363947	57,154065	36,083117	56,409431	56,075180	20,818526	37,711021	27,197450	36,706614	23,440397	37,694806	24,905492	36,414665	23,827136	55,024737	33,254844	24,343060	58,800614	33,254844	33,446899	23,300843	34,894145	23,008585	36,302722	33,489633	61,612636	51,305151	32,755339	36,874059	53,988957	33,446899	37,000442	45,037240	56,579167	38,695946	57,607907	24,124044	36,435810	30,353668	36,923316	24,888895	37,417775	99,994105	100,029767	37,618124	62,606496	61,577982	61,864871	61,638403	100,079489	100,074494	38,145450	39,368907	39,004371	37,123215
642,00	41,567031	56,253093	41,437462	53,592092	45,447272	57,844192	18,053734	54,881227	26,780725	53,264856	28,305861	36,046851	28,872648	35,009304	29,936135	37,331086	38,049060	16,626923	37,888968	21,580666	36,315995	25,128561	55,923390	33,520716	57,491833	30,733877	57,144940	36,450019	56,414032	56,113207	21,095948	37,732995	27,418864	36,722842	23,639736	37,766597	25,103900	36,456221	24,032864	55,109102	33,545703	24,613591	58,820057	33,545703	33,799958	23,502113	34,976071	23,258644	36,382043	33,622766	61,645770	51,448184	32,879189	36,924285	54,065597	33,799958	37,293857	45,275199	56,587416	39,142457	57,602507	24,330445	36,485022	30,554870	36,980325	25,178608	37,437031	99,986941	99,979562	37,655273	62,588072	61,517149	61,800045	61,608732	100,044966	100,005519	38,205805	39,395180	39,056480	37,149891
644,00	41,795364	56,234682	41,618919	53,652620	45,560139	57,867277	18,440367	54,872704	27,171937	53,301924	28,554365	36,122963	29,055649	35,091928	30,061606	37,384534	38,090405	16,870958	37,933713	21,830772	36,385754	25,571999	55,915087	33,921921	57,494950	31,149581	57,132763	36,809513	56,420982	56,108284	21,406108	37,839276	27,635086	36,777192	23,904224	37,803087	25,384331	36,501983	24,238643	55,178279	33,943072	24,881704	58,843350	33,943072	34,106213	23,683578	35,043228	23,467307	36,465210	33,760408	61,640257	51,563507	33,007422	36,965206	54,122335	34,106213	37,591925	45,492277	56,626683	39,458808	57,621807	24,508758	36,569101	30,709264	37,079516	25,446233	37,531930	99,983984	100,016844	37,686610	62,572366	61,430001	61,726075	61,564720	100,043738	100,026083	38,239738	39,469203	39,081079	37,212777
646,00	41,950187	56,311059	41,789985	53,689414	45,609337	57,914668	18,794046	54,833096	27,635586	53,280485	28,753260	36,192864	29,253119	35,167658	30,186623	37,441102	38,203430	17,136058	37,981665	22,089525	36,446622	26,019251	55,992049	34,356025	57,463926	31,608021	57,195508	37,216309	56,411606	56,078273	21,707921	37,884396	27,887198	36,861089	24,159454	37,871444	25,602868	36,577302	24,442525	55,219740	34,263137	25,068358	58,871722	34,263137	34,358275	23,905568	35,136473	23,664349	36,527184	33,861217	61,651582	51,668614	33,098388	37,032863	54,162878	34,358275	37,829223	45,685914	56,635648	39,695749	57,621020	24,689540	36,642170	30,865663	37,131271	25,711051	37,616277	99,986351	100,065994	37,733135	62,488246	61,410916	61,700952	61,510688	100,044012	100,009513	38,281804	39,490464	39,121351	37,261572
648,00	41,975415	56,332445	41,817510	53,738171	45,487109	57,911527	19,123733	54,812485	27,971902	53,315318	28,926966	36,262429	29,336715	35,235423	30,205724	37,476167	38,245314	17,332716	38,020825	22,293964	36,496270	26,451883	55,970407	34,655777	57,446313	31,965765	57,129747	37,470081	56,399268	56,082284	22,001448	37,975547	28,093553	36,940429	24,382675	37,939131	25,844488	36,634591	24,626416	55,242592	34,538919	25,263295	58,876055	34,538919	34,392196	24,083623	35,199738	23,830235	36,581966	33,942193	61,665887	51,723307	33,169070	37,123245	54,193836	34,392196	37,927166	45,745873	56,657624	39,806116	57,620209	24,830492	36,724290	31,009877	37,179461	25,891533	37,642413	99,921334	100,022364	37,782481	62,424916	61,375952	61,681545	61,486828	99,987882	100,010920	38,287041	39,562005	39,165679	37,275624
650,00	41,931808	56,318974	41,727555	53,710943	45,236483	57,866096	19,332075	54,750341	28,248918	53,289163	29,006448	36,322549	29,429907	35,278726	30,165163	37,475872	38,290280	17,488153	38,075021	22,459114	36,555442	26,776829	55,963594	34,902322	57,394618	32,212725	57,086712	37,694585	56,354934	56,097203	22,252430	38,016307	28,274122	36,951968	24,593586	37,994325	26,049265	36,688599	24,743973	55,253983	34,701377	25,339314	58,904457	34,701377	34,283525	24,246052	35,212344	23,974115	36,633664	33,973897	61,714697	51,644325	33,257896	37,130135	54,235703	34,283525	37,924266	45,714161	56,645989	39,752457	57,590359	24,959494	36,793724	31,075418	37,249607	26,033458	37,678459	99,961227	99,880934	37,814122	62,410277	61,339754	61,600912	61,415583	100,034821	100,018620	38,353828	39,569101	39,218941	37,309155
652,00	41,693634	56,367177	41,500869	53,773504	44,726640	57,925844	19,408144	54,704452	28,396285	53,257638	29,013804	36,407134	29,352513	35,368419	29,967523	37,489876	38,369027	17,552893	38,085669	22,541657	36,620027	27,003443	55,981278	34,992167	57,379460	32,398933	57,106489	37,775820	56,415147	56,095088	22,447036	38,079035	28,408673	37,033188	24,709541	38,039899	26,215783	36,717078	24,844442	55,320323	34,761828	25,354642	58,913171	34,761828	33,922949	24,337150	35,335454	24,101678	36,740360	34,008777	61,656791	51,545852	33,274642	37,199897	54,349178	33,922949	37,773231	45,586327	56,641090	39,454052	57,591450	25,051120	36,872342	31,125724	37,328956	26,108804	37,773010	100,051844	99,942553	37,883613	62,386930	61,327559	61,610067	61,391163	100,066924	99,995685	38,394243	39,614663	39,265883	37,367779
654,00	41,226262	56,316096	41,006494	53,777790	43,950894	57,902473	19,287518	54,647839	28,288683	53,213882	28,894016	36,440277	29,188296	35,389006	29,649562	37,468174	38,382286	17,522688	38,107827	22,530428	36,635554	27,096233	55,948502	34,921697	57,340997	32,369241	57,064742	37,692809	56,307334	56,075525	22,563571	38,126156	28,447348	37,070891	24,804050	38,067096	26,338336	36,763036	24,847247	55,316389	34,622020	25,230250	58,919895	34,622020	33,245152	24,400692	35,375136	24,143748	36,777744	33,942142	61,649662	51,260048	33,272734	37,242863	54,378295	33,245152	37,380627	45,189315	56,674200	38,868576	57,620209	25,069216	36,897442	31,093028	37,365040	26,053351	37,788442	99,980617	99,948138	37,892759	62,321973	61,292559	61,560643	61,334610	100,031006	99,949348	38,415155	39,632684	39,296439	37,393743
656,00	40,538764	56,424570	40,254483	53,802460	42,852548	57,913804	18,954006	54,573554	27,997294	53,193015	28,668281	36,536583	28,896180	35,486689	29,192984	37,501496	38,480741	17,354585	38,152683	22,455738	36,694482	26,976833	55,945611	34,656999	57,309300	32,196295	57,081002	37,423697	56,359470	56,065321	22,581044	38,212788	28,448680	37,101525	24,784726	38,113311	26,387656	36,827219	24,750377	55,394089	34,281787	24,987580	58,966744	34,281787	32,279500	24,361429	35,420856	24,139614	36,839753	33,769974	61,664623	50,845420	33,193696	37,331837	54,444110	32,279500	36,741620	44,633362	56,734133	37,938938	57,594174	25,011215	37,049979	31,004319	37,473309	25,907153	37,879327	99,969453	100,001693	37,906691	62,309825	61,180669	61,474997	61,329323	100,061262	100,048923	38,468370	39,721406	39,356509	37,439406
658,00	39,548039	56,372482	39,213359	53,799307	41,506422	57,914621	18,373707	54,450297	27,416483	53,085089	28,271058	36,561489	28,422716	35,529754	28,523317	37,401986	38,542643	17,015587	38,104716	22,182286	36,720997	26,641014	55,915815	34,126109	57,252997	31,780311	56,956398	36,920995	56,313103	55,992520	22,452012	38,221362	28,328148	37,155166	24,645919	38,123590	26,347429	36,877859	24,611001	55,377859	33,702445	24,581805	58,937639	33,702445	30,997661	24,243948	35,505515	24,044448	36,903858	33,605564	61,697781	50,269181	33,046192	37,367925	54,491246	30,997661	35,834295	43,835425	56,691581	36,701930	57,569498	24,859376	37,087199	30,786401	37,513965	25,594965	37,917319	100,089133	99,993968	37,985826	62,194914	61,219430	61,470419	61,271363	100,027812	100,017071	38,486731	39,702338	39,392748	37,452802
660,00	38,343376	56,377238	38,000268	53,776187	39,878318	57,849085	17,505793	54,284829	26,575395	53,005862	27,749860	36,640164	27,796990	35,570872	27,734527	37,361094	38,593805	16,506758	38,105670	21,802707	36,743012	26,075265	55,878526	33,401290	57,174104	31,093955	56,886142	36,181515	56,235963	55,980062	22,218350	38,289320	28,115752	37,174755	24,385221	38,167000	26,188666	36,921322	24,309306	55,363017	32,907104	24,071819	58,938986	32,907104	29,503512	24,021447	35,567704	23,860657	36,956620	33,304352	61,662489	49,493349	32,848373	37,447998	54,511678	29,503512	34,788617	42,846233	56,715894	35,207561	57,594627	24,667060	37,137374	30,511764	37,610534	25,128755	37,987760	100,051582	99,999148	38,002282	62,213039	61,098814	61,425894	61,193526	100,069880	100,027025	38,560182	39,773256	39,436617	37,520045
662,00	36,987305	56,444693	36,574441	53,795177	38,116151	57,877183	16,483633	54,129058	25,556144	52,901506	27,112108	36,712483	27,084997	35,636032	26,845935	37,265849	38,635731	15,875389	38,091016	21,283238	36,762437	25,282678	55,855399	32,454616	57,117450	30,216834	56,875807	35,281593	56,219137	55,962324	21,845597	38,307938	27,800220	37,154800	24,044836	38,163799	25,926673	36,913455	23,930016	55,419260	31,936243	23,472895	58,998901	31,936243	27,903903	23,723009	35,614681	23,555614	37,000325	32,942101	61,738521	48,650548	32,573777	37,484992	54,574555	27,903903	33,581066	41,722226	56,745452	33,461815	57,573599	24,337187	37,226254	30,151382	37,652120	24,562678	38,057318	100,045216	100,054252	38,064361	62,196356	61,090410	61,354345	61,177248	100,060904	99,992526	38,600853	39,810073	39,455518	37,547615
664,00	35,583672	56,381762	35,139385	53,739655	36,344954	57,854605	15,415719	53,914529	24,395496	52,772468	26,448086	36,735362	26,349321	35,678178	25,921831	37,183198	38,635537	15,204422	38,030198	20,748425	36,773056	24,377103	55,765700	31,452543	56,997544	29,239562	56,733370	34,252137	56,087554	55,855495	21,395202	38,359821	27,450249	37,201312	23,614722	38,189489	25,623482	36,916968	23,534089	55,382961	30,886161	22,828375	58,966291	30,886161	26,354638	23,364253	35,685635	23,223184	37,038365	32,565135	61,694461	47,736976	32,298458	37,558147	54,565603	26,354638	32,414275	40,598020	56,702030	31,724191	57,533967	23,976776	37,287042	29,766899	37,702334	23,952402	38,094071	100,030208	100,026989	38,095340	62,087518	61,065632	61,323410	61,091208	100,138390	99,993265	38,652384	39,861947	39,542788	37,599781
666,00	34,250104	56,405771	33,752710	53,709829	34,710526	57,836479	14,364381	53,758019	23,259588	52,624774	25,758648	36,796382	25,598124	35,727414	25,031543	37,125584	38,717434	14,511444	38,008186	20,146851	36,790025	23,413306	55,726308	30,401596	56,988490	28,192163	56,699181	33,211625	56,070220	55,831891	20,891699	38,408607	27,030560	37,242985	23,158242	38,218608	25,248587	36,966011	23,128673	55,355531	29,826945	22,206861	58,983535	29,826945	24,912338	22,999996	35,743111	22,854334	37,118331	32,250500	61,648655	46,855396	32,026196	37,612230	54,591388	24,912338	31,269693	39,458710	56,708038	30,030641	57,484585	23,600972	37,372503	29,350913	37,780643	23,309232	38,200817	100,102293	100,002027	38,165376	62,082523	61,039472	61,304969	61,061716	99,990445	100,017989	38,653031	39,911947	39,568508	37,648845
668,00	33,080474	56,451416	32,522592	53,710675	33,287126	57,867175	13,471875	53,578907	22,229485	52,511001	25,197598	36,881608	24,955462	35,778749	24,313377	37,051028	38,751236	13,925844	37,987176	19,646868	36,783418	22,521855	55,741918	29,429176	56,875831	27,292737	56,630242	32,212475	56,097180	55,804890	20,434995	38,429052	26,660669	37,236387	22,739302	38,250297	24,933016	36,980903	22,751261	55,413312	28,871533	21,675265	58,988935	28,871533	23,733540	22,637159	35,783085	22,506011	37,135047	31,908777	61,699957	46,034184	31,720334	37,672108	54,673088	23,733540	30,318743	38,500586	56,742674	28,562644	57,520121	23,302631	37,461871	29,011813	37,851706	22,715589	38,201642	100,030375	100,098097	38,212472	62,026697	60,994935	61,232460	61,116391	100,047457	100,003862	38,729507	39,954793	39,590254	37,694728
670,00	32,137412	56,407511	31,612161	53,679246	32,200211	57,790667	12,770814	53,407860	21,438140	52,432394	24,688894	36,913121	24,406649	35,804847	23,721509	36,995229	38,790271	13,465193	37,926665	19,238845	36,793411	21,869017	55,673164	28,636310	56,801605	26,496747	56,563753	31,446889	56,009799	55,765605	20,047720	38,430512	26,349282	37,247935	22,373047	38,271567	24,629380	37,011734	22,447304	55,352914	28,184012	21,258138	58,981699	28,184012	22,863072	22,377056	35,819310	22,270893	37,192068	31,627962	61,668473	45,357955	31,507376	37,705171	54,685158	22,863072	29,614055	37,747806	56,774586	27,476525	57,451642	23,037313	37,518170	28,767359	37,869102	22,272022	38,262925	100,048959	100,018859	38,218850	61,994475	60,921955	61,191005	61,004776	100,017452	99,974114	38,740027	39,998448	39,631200	37,705249
672,00	31,466484	56,401283	30,899543	53,650504	31,418833	57,783347	12,317007	53,278118	20,851095	52,324265	24,335907	36,960059	24,023789	35,835576	23,277625	36,993173	38,821805	13,137117	37,917727	18,923907	36,791804	21,291755	55,592859	28,095052	56,731808	25,934699	56,439763	30,818164	55,955386	55,691123	19,788307	38,487539	26,152757	37,254032	22,135834	38,262001	24,450722	37,023267	22,233143	55,369735	27,630931	20,986150	58,966142	27,630931	22,224431	22,185430	35,845786	22,084977	37,248290	31,463361	61,673337	44,891036	31,369281	37,755173	54,721397	22,224431	29,081932	37,187198	56,684154	26,666456	57,441133	22,870502	37,562379	28,544068	37,941301	21,940726	38,292581	100,056767	99,974501	38,289937	61,948448	60,845929	61,115849	60,958928	100,007558	100,007439	38,778630	40,006602	39,671814	37,739486
674,00	30,971313	56,446517	30,385217	53,664947	30,920315	57,743222	12,000851	53,168279	20,413561	52,265024	24,091980	36,977002	23,748583	35,863319	23,021707	36,973286	38,861713	12,940656	37,931907	18,718657	36,834925	20,936945	55,567980	27,690721	56,646699	25,530738	56,401092	30,450529	55,898470	55,627841	19,566463	38,527161	25,980309	37,298715	21,960334	38,232622	24,299695	37,014729	22,124885	55,348182	27,251947	20,803556	58,950323	27,251947	21,832046	22,049004	35,894915	21,985601	37,289113	31,357065	61,636561	44,547212	31,245512	37,782019	54,726213	21,832046	28,788361	36,837137	56,662774	26,089409	57,419276	22,789882	37,613091	28,435248	37,968749	21,711504	38,336641	100,008702	99,992400	38,304055	61,901832	60,834831	61,152786	60,923761	99,926871	100,024319	38,803473	40,056381	39,675939	37,772277
676,00	30,628437	56,402469	30,038959	53,656727	30,662417	57,705057	11,819541	53,148258	20,133746	52,227283	23,926787	37,047672	23,567955	35,938737	22,873479	37,032685	38,876304	12,819876	37,937203	18,591669	36,859548	20,652671	55,538809	27,376050	56,614959	25,212690	56,328881	30,114990	55,871105	55,627728	19,429539	38,565823	25,915411	37,309936	21,833424	38,262329	24,221188	37,073922	22,024518	55,368286	27,033663	20,711526	58,983701	27,033663	21,591347	22,028083	35,934266	21,934702	37,348554	31,287178	61,637390	44,303933	31,247476	37,819541	54,781759	21,591347	28,600818	36,608884	56,669313	25,754249	57,431614	22,779790	37,686965	28,396314	38,051152	21,594685	38,384116	99,984795	100,045562	38,311091	61,889499	60,777289	61,069340	60,902619	100,072908	100,017595	38,840234	40,090993	39,742482	37,863266
678,00	30,496052	56,413299	29,956904	53,699523	30,664897	57,677984	11,768618	53,088045	19,995348	52,242839	23,843089	37,143943	23,466183	35,963655	22,859994	37,129843	38,938880	12,790334	38,023731	18,512669	36,895317	20,471744	55,547500	27,202156	56,572741	25,052086	56,331640	29,870984	55,810076	55,604553	19,377731	38,583800	25,865921	37,375522	21,769419	38,324651	24,155867	37,139624	22,051105	55,373234	26,931736	20,722415	58,930635	26,931736	21,596281	21,987846	36,001804	21,993993	37,419865	31,328288	61,638427	44,228828	31,245852	37,927967	54,788840	21,596281	28,621644	36,508101	56,651908	25,648502	57,423091	22,849646	37,767711	28,375664	38,097772	21,574250	38,443801	100,027680	100,008667	38,398221	61,819130	60,786033	61,036092	60,818475	99,972266	99,963152	38,897678	40,161687	39,765912	37,891951
680,00	30,667469	56,389612	30,148631	53,699219	30,942422	57,661152	11,918285	53,143698	20,096269	52,254951	23,968269	37,182674	23,634520	36,057386	23,066682	37,245002	39,038712	12,935117	38,097206	18,633974	36,960605	20,549551	55,483770	27,278855	56,550300	25,142556	56,243998	29,920164	55,840570	55,561393	19,470176	38,687098	25,952956	37,434596	21,867992	38,386717	24,239962	37,211415	22,181471	55,337721	27,094144	20,881042	58,959645	27,094144	21,766844	22,092396	36,059177	22,165321	37,463456	31,439823	61,598504	44,412315	31,363314	37,977660	54,799998	21,766844	28,803208	36,689183	56,689167	25,823590	57,408887	23,033410	37,836063	28,522059	38,194782	21,716924	38,497302	100,057399	100,004423	38,433161	61,811703	60,782301	61,003578	60,768569	100,007701	99,994516	38,915130	40,205285	39,805430	37,909186
682,00	31,227931	56,401104	30,741072	53,727651	31,656653	57,694823	12,421575	53,195494	20,592968	52,334726	24,345213	37,262195	24,017015	36,114156	23,498669	37,435645	39,081687	13,337654	38,194236	18,961287	37,045667	20,962740	55,479318	27,704510	56,482238	25,584191	56,312388	30,342248	55,843216	55,580974	19,756563	38,729161	26,223424	37,476835	22,139068	38,477761	24,493523	37,278044	22,441481	55,362356	27,618337	21,211854	58,927137	27,618337	22,299220	22,366923	36,119348	22,498031	37,543353	31,683761	61,566752	44,756263	31,583738	38,066041	54,799026	22,299220	29,327607	37,153488	56,679749	26,385260	57,408398	23,374441	37,919074	28,758252	38,237417	22,087120	38,554895	100,059068	99,947810	38,471058	61,734438	60,699260	60,979605	60,805660	99,960625	100,040591	38,965484	40,230075	39,866984	37,957761
684,00	32,345796	56,425291	31,906965	53,733253	32,938421	57,679540	13,415687	53,355098	21,675548	52,430969	25,038445	37,302724	24,722329	36,194190	24,230073	37,583733	39,161977	14,057003	38,301811	19,589423	37,116137	21,905686	55,541408	28,672048	56,538630	26,541492	56,333971	31,309682	55,923605	55,580026	20,364483	38,824001	26,710451	37,538919	22,674648	38,529018	25,030634	37,336218	22,941917	55,437887	28,652498	21,792780	58,993518	28,652498	23,215136	22,864866	36,189082	23,023379	37,605977	32,036021	61,544436	45,456216	31,926683	38,063011	54,841048	23,215136	30,241513	37,998119	56,681907	27,496183	57,425028	23,946217	37,988228	29,208410	38,281935	22,693473	38,609397	100,109613	100,039160	38,516614	61,717421	60,645396	60,920817	60,715216	100,026405	100,055194	38,998973	40,269062	39,916268	37,978187
686,00	33,856416	56,429058	33,411092	53,816926	34,609130	57,683694	14,924242	53,537941	23,205596	52,512187	25,945202	37,339896	25,643533	36,219043	25,249419	37,786895	39,171508	15,083905	38,442028	20,463459	37,177736	23,300469	55,565816	30,014110	56,545764	27,991289	56,289393	32,641384	55,857486	55,611992	21,240100	38,855362	27,388224	37,585154	23,439789	38,571912	25,734252	37,404338	23,643705	55,417615	30,013877	22,573006	58,926702	30,013877	24,549383	23,538619	36,211500	23,682347	37,673032	32,569581	61,551118	46,405259	32,362804	38,091236	54,852420	24,549383	31,446797	39,125374	56,647444	29,106858	57,418948	24,670473	38,015935	29,764363	38,338289	23,555696	38,605821	100,061190	100,001132	38,528618	61,664909	60,610670	60,897309	60,649997	100,007761	99,954867	39,041260	40,264472	39,916858	37,983885
688,00	35,713452	56,439227	35,394862	53,857678	36,746606	57,689774	17,012610	53,733695	25,299188	52,599812	27,086854	37,426481	26,849902	36,328885	26,459420	38,009778	39,265597	16,456912	38,593984	21,579301	37,262163	25,199425	55,567557	31,804150	56,575674	29,840422	56,372344	34,474242	55,891973	55,677390	22,376403	38,944930	28,270349	37,656188	24,421971	38,695186	26,651862	37,433702	24,545328	55,464947	31,864187	23,571353	58,927655	31,864187	26,372322	24,395485	36,314785	24,597660	37,745085	33,159620	61,540425	47,570089	32,904702	38,150355	54,824132	26,372322	33,059669	40,632585	56,599009	31,236613	57,428908	25,584242	38,085806	30,468738	38,427544	24,615982	38,741007	100,073683	100,017405	38,581204	61,621958	60,615933	60,855526	60,630077	100,015128	100,053692	39,073184	40,375039	39,929932	38,034564
690,00	37,851033	56,455308	37,652856	53,938115	39,200601	57,704449	19,662714	54,005146	27,839518	52,724773	28,369582	37,509120	28,179079	36,388290	27,856985	38,229984	39,339516	18,088216	38,808069	22,894646	37,412062	27,601245	55,574822	34,062520	56,587732	32,129538	56,362724	36,570576	55,912948	55,664980	23,714262	39,076823	29,296190	37,764165	25,583175	38,760665	27,739769	37,525153	25,548327	55,517751	34,040073	24,806274	58,938861	34,040073	28,582254	25,370428	36,413115	25,642282	37,824607	33,843255	61,513567	48,850888	33,483782	38,236758	54,850531	28,582254	34,997678	42,343056	56,632328	33,740953	57,429582	26,641828	38,173330	31,283769	38,478816	25,906777	38,758621	100,058281	99,972147	38,606960	61,622775	60,501075	60,823947	60,560638	99,999368	100,010526	39,134404	40,390426	40,036166	38,097364
692,00	40,128425	56,455153	39,969236	54,026061	41,685295	57,701331	22,712417	54,271239	30,669099	52,843523	29,656675	37,516284	29,569429	36,433291	29,244429	38,424286	39,399490	19,850735	38,965678	24,284396	37,400410	30,222470	55,678016	36,463684	56,699455	34,638843	56,478763	38,888225	55,949605	55,723095	25,163752	39,125732	30,357417	37,844849	26,748028	38,832867	28,829226	37,586704	26,658753	55,566359	36,371085	26,096064	58,981389	36,371085	31,144029	26,369342	36,459532	26,735264	37,848517	34,497496	61,538792	50,174057	34,058690	38,256153	54,900581	31,144029	37,095746	44,043696	56,618595	36,520308	57,478768	27,705038	38,179344	32,118139	38,537711	27,217585	38,752043	100,056231	100,057697	38,665998	61,579686	60,536629	60,821897	60,590833	100,016677	99,947959	39,141861	40,430659	40,058506	38,061628
694,00	42,163682	56,462115	42,072734	53,999388	43,947002	57,691431	25,880116	54,395646	33,385956	52,872419	30,800894	37,548545	30,859748	36,507159	30,614752	38,622090	39,436164	21,636665	39,060706	25,570297	37,517339	32,784280	55,639720	38,693574	56,654733	37,077105	56,471014	41,051391	55,942452	55,708545	26,529366	39,183122	31,412643	37,920234	27,971095	38,884038	29,892004	37,662160	27,645957	55,586243	38,579270	27,333844	58,931941	38,579270	33,681941	27,374509	36,525863	27,815780	37,909478	35,078254	61,454445	51,314026	34,578669	38,292077	54,838121	33,681941	39,082700	45,643407	56,562907	39,157572	57,402527	28,740224	38,223937	32,879961	38,506469	28,497705	38,801342	100,054812	99,961472	38,713485	61,471951	60,488069	60,781401	60,470557	99,984175	99,936247	39,174980	40,420187	40,090248	38,099498
696,00	44,124496	56,481636	44,134873	54,054666	46,158877	57,755172	29,096362	54,624802	36,129770	53,004014	31,935936	37,675363	31,994596	36,603397	31,807142	38,803232	39,526853	23,421127	39,266032	26,874268	37,657797	35,384384	55,759901	40,899095	56,734329	39,420137	56,550926	43,063217	55,970412	55,771995	27,823734	39,306381	32,359296	37,983117	29,101288	38,995728	30,890134	37,753409	28,615317	55,620074	40,721142	28,516540	58,955717	40,721142	36,330527	28,329387	36,616221	28,912193	38,021895	35,604909	61,567074	52,325827	35,054290	38,346672	54,877901	36,330527	41,040125	47,156647	56,559956	41,755348	57,461238	29,691687	38,323575	33,587411	38,612866	29,730257	38,884258	100,057745	100,026190	38,718665	61,531293	60,460430	60,750115	60,456437	100,025189	99,988943	39,177540	40,507203	40,094528	38,170469
698,00	45,750675	56,524438	45,779145	54,127669	47,973019	57,811433	32,117641	54,808015	38,552731	53,120166	32,882291	37,735263	32,994851	36,673713	32,808170	39,011464	39,601010	25,010341	39,426690	28,004840	37,736207	37,660009	55,760849	42,788997	56,787342	41,422316	56,627542	44,811285	55,990362	55,802661	29,055160	39,357394	33,191290	38,081446	30,085292	39,075238	31,800139	37,825310	29,462796	55,716676	42,557731	29,637146	58,943784	42,557731	38,788596	29,138407	36,703914	29,849711	38,129747	36,026505	61,512023	53,215027	35,453302	38,420695	54,938954	38,788596	42,816144	48,387310	56,598747	44,051993	57,458615	30,571812	38,406494	34,203407	38,674304	30,840030	38,965452	99,927604	100,060070	38,740295	61,442530	60,365063	60,587257	60,486132	100,028133	100,000370	39,223421	40,546748	40,154707	38,215533
700,00	47,166479	56,488609	47,230443	54,145366	49,495780	57,763684	34,868258	54,935163	40,659782	53,145331	33,617774	37,822846	33,794463	36,714000	33,648717	39,118758	39,671233	26,453519	39,510116	28,967690	37,826025	39,661208	55,797887	44,444239	56,838584	43,249556	56,613040	46,337077	55,979067	55,814892	30,004123	39,422435	33,886594	38,160408	30,926970	39,141259	32,484093	37,897319	30,190971	55,731159	44,114643	30,590603	58,965647	44,114643	41,017950	29,765683	36,765286	30,717647	38,148212	36,401740	61,507064	53,862834	35,808629	38,500991	54,868710	41,017950	44,311702	49,453679	56,575328	46,106255	57,478625	31,279698	38,446000	34,720594	38,705346	31,725445	39,001474	100,059760	99,986780	38,773769	61,425567	60,379004	60,655731	60,450846	99,955440	99,977201	39,290282	40,595400	40,185964	38,274851
702,00	48,264903	56,502926	48,368156	54,142380	50,723630	57,731295	37,345237	55,033314	42,480174	53,193384	34,313050	37,851033	34,498727	36,769211	34,428880	39,210957	39,706311	27,738729	39,604077	29,823387	37,871465	41,362771	55,825871	45,867237	56,763101	44,772676	56,605518	47,564584	55,979091	55,763412	30,898687	39,481509	34,569335	38,205135	31,639287	39,246881	33,131921	37,927523	30,784002	55,798483	45,436481	31,433222	58,941251	45,436481	42,963046	30,420384	36,812249	31,437129	38,200691	36,691198	61,458457	54,440856	36,079001	38,500509	54,906237	42,963046	45,656890	50,344014	56,509310	47,820845	57,424635	31,976837	38,463184	35,152781	38,769767	32,564554	39,019531	100,006819	99,952734	38,833520	61,357313	60,323703	60,621959	60,310268	100,067222	99,936384	39,348209	40,589085	40,269950	38,286418
704,00	49,146566	56,504577	49,316111	54,261822	51,687044	57,794118	39,486733	55,279237	44,022489	53,325236	34,803849	37,880477	35,000104	36,844155	34,926724	39,351097	39,780852	28,825304	39,781049	30,481714	37,953404	42,875627	55,857062	47,051182	56,886631	46,042860	56,686664	48,575425	56,015486	55,855161	31,597799	39,580432	35,045055	38,295054	32,289094	39,324695	33,633658	38,005403	31,285346	55,838060	46,586564	32,114571	58,963317	46,586564	44,581237	30,915269	36,912736	32,010829	38,248211	36,962432	61,448336	54,873848	36,266458	38,554394	54,935813	44,581237	46,716189	51,034915	56,585145	49,220857	57,472318	32,473320	38,522530	35,508174	38,816798	33,199158	39,117023	100,061536	99,972415	38,864690	61,353302	60,310799	60,589772	60,367626	100,003076	99,998736	39,323312	40,667915	40,254849	38,324425
706,00	49,809602	56,539840	50,015050	54,261971	52,391189	57,789928	41,375265	55,361003	45,253831	53,405982	35,170555	38,009375	35,434687	36,900184	35,348088	39,519060	39,870054	29,754686	39,855397	31,083855	38,095132	44,105494	55,987763	48,030603	56,986099	47,119755	56,764281	49,416724	56,034499	55,898577	32,203984	39,667597	35,506469	38,414550	32,778472	39,389655	34,051087	38,089508	31,746620	55,862027	47,491482	32,725343	58,993226	47,491482	45,999184	31,288746	36,989325	32,530048	38,336617	37,186354	61,496812	55,215454	36,434042	38,643730	54,955512	45,999184	47,607291	51,605725	56,595504	50,338906	57,494259	32,932952	38,640413	35,795343	38,864127	33,744884	39,167413	100,046790	99,976188	38,896510	61,313903	60,259634	60,619098	60,328639	99,978524	100,055373	39,375737	40,711594	40,288189	38,398206
708,00	50,374174	56,596464	50,551909	54,372811	52,997237	57,854724	43,054482	55,546629	46,420407	53,568143	35,518208	38,017610	35,812041	36,958295	35,717255	39,588210	39,894634	30,586869	39,993665	31,558302	38,118196	45,152074	55,959302	48,956302	56,993526	48,092759	56,811428	50,096685	56,092459	55,978125	32,775652	39,684954	35,896441	38,429695	33,238783	39,457548	34,464622	38,116750	32,076710	55,977392	48,253623	33,263600	58,990562	48,253623	47,146010	31,647232	37,029630	33,001846	38,355359	37,351027	61,535054	55,456090	36,639535	38,647348	55,009961	47,146010	48,285016	51,968962	56,633651	51,352268	57,534117	33,289328	38,609314	36,095202	38,926265	34,268534	39,209718	100,013387	100,049031	38,946137	61,426032	60,188890	60,545295	60,374719	100,017095	99,981999	39,441788	40,726119	40,320820	38,382500
710,00	50,804198	56,528544	51,061183	54,300243	53,384250	57,771623	44,580764	55,621886	47,437468	53,600597	35,798472	38,085854	36,094180	36,984578	35,965720	39,677390	39,949563	31,361690	40,077370	32,013237	38,216144	46,220428	55,967319	49,720725	56,903660	49,010798	56,809235	50,793475	56,065571	55,974907	33,260998	39,798442	36,250192	38,505647	33,656710	39,544553	34,794053	38,197196	32,438186	55,979925	49,009690	33,726633	58,964694	49,009690	48,295221	32,025120	37,102240	33,443850	38,453543	37,509114	61,457366	55,727017	36,763898	38,719231	54,918277	48,295221	48,985907	52,359968	56,583166	52,205521	57,555550	33,636266	38,685945	36,269873	38,930807	34,656221	39,278084	99,963731	100,020301	38,969043	61,290187	60,191888	60,536408	60,226673	99,946845	100,003016	39,495894	40,747654	40,388766	38,423574
712,00	51,215684	56,570178	51,396370	54,464829	53,767884	57,824272	45,866776	55,714029	48,369417	53,802890	36,044094	38,115415	36,354941	37,044421	36,246863	39,773181	40,032586	32,098207	40,162322	32,502979	38,299793	47,210389	56,080014	50,487661	57,006514	49,737960	56,893730	51,376790	56,133962	56,061059	33,770141	39,810017	36,570594	38,546240	34,113187	39,594063	35,175860	38,272581	32,767177	56,026393	49,635088	34,122068	59,036750	49,635088	49,246061	32,331780	37,158883	33,811986	38,503826	37,602851	61,555690	55,944157	36,930123	38,758811	55,038428	49,246061	49,488145	52,621305	56,596118	53,002656	57,563531	33,940426	38,748214	36,472476	39,044425	35,102323	39,287964	99,977720	100,054169	38,977951	61,369556	60,122460	60,435402	60,281718	100,056481	99,938357	39,518365	40,775231	40,418151	38,459739
714,00	51,531416	56,532800	51,811957	54,434747	54,150218	57,864952	47,261688	55,800337	49,254903	53,809094	36,211050	38,176867	36,551535	37,120339	36,372119	39,848325	40,078896	32,721490	40,309820	32,831660	38,370591	48,064706	56,007922	51,213145	57,055694	50,567126	56,889272	51,960891	56,060177	56,002623	34,228489	39,913118	36,863977	38,634750	34,440386	39,629391	35,458118	38,330695	33,068386	56,034923	50,207043	34,530789	58,996964	50,207043	50,183189	32,595444	37,238860	34,149635	38,556933	37,746730	61,444163	56,118405	36,989823	38,801435	54,998970	50,183189	50,069475	53,012896	56,561720	53,691715	57,512850	34,155038	38,808623	36,610889	39,024431	35,404041	39,342993	100,087309	99,994123	39,035228	61,251158	60,192615	60,472393	60,163170	99,928248	99,964786	39,481288	40,806079	40,431014	38,492161
716,00	51,804465	56,598389	52,083623	54,477572	54,357868	57,814795	48,419639	55,876869	50,065327	53,899640	36,435586	38,184291	36,772221	37,154564	36,587846	39,968932	40,101060	33,368987	40,325508	33,294305	38,452166	48,900276	56,107199	51,854491	57,079697	51,270705	56,896645	52,457637	56,097788	56,043583	34,643945	39,965239	37,218598	38,677311	34,850505	39,674500	35,786372	38,422403	33,305904	56,084841	50,761473	34,874329	58,979475	50,761473	51,018023	32,878312	37,265292	34,515631	38,594297	37,880328	61,553252	56,218874	37,101001	38,841763	54,984492	51,018023	50,475180	53,246808	56,569678	54,316074	57,527864	34,469062	38,854963	36,810839	39,078587	35,778219	39,393824	100,092399	100,027049	39,049369	61,255533	60,147417	60,492498	60,180610	100,019193	99,912179	39,582956	40,842190	40,513623	38,513619
718,00	52,180773	56,557316	52,444583	54,513508	54,612535	57,815689	49,608648	55,971730	50,813013	54,048270	36,602288	38,306206	36,927935	37,255561	36,756992	40,053949	40,188131	33,901390	40,493327	33,633935	38,547736	49,732381	56,120610	52,502936	57,080954	51,968855	56,959671	52,994603	56,108236	56,095392	35,086152	40,024266	37,485904	38,733146	35,191560	39,812142	35,999507	38,453248	33,581227	56,125766	51,296318	35,251853	58,980650	51,296318	51,818931	33,140650	37,361190	34,838170	38,660541	37,977582	61,508030	56,427193	37,211192	38,888854	54,992837	51,818931	50,925779	53,525358	56,558424	54,948670	57,600617	34,687978	38,907701	36,929795	39,127511	36,076900	39,447856	100,047815	99,983329	39,109316	61,214149	60,192019	60,522604	60,241723	100,029123	100,058329	39,646339	40,926656	40,563738	38,577592
720,00	52,338368	56,566250	52,717972	54,545474	54,850644	57,804084	50,691181	56,015843	51,577252	54,037118	36,737224	38,279560	37,056050	37,229460	36,858073	40,051764	40,188730	34,433186	40,494034	33,972567	38,559586	50,523102	56,207138	53,112578	57,162857	52,666378	56,979674	53,449661	56,086874	56,096333	35,413539	40,048745	37,724635	38,788334	35,517961	39,789307	36,272639	38,488936	33,864325	56,086755	51,823044	35,563487	58,985156	51,823044	52,577877	33,319515	37,376386	35,029864	38,686162	38,102981	61,473203	56,546688	37,272626	38,910067	55,060148	52,577877	51,332885	53,685474	56,564420	55,442619	57,530481	34,826294	38,903376	37,067023	39,145982	36,291820	39,432746	100,099385	99,899614	39,175636	61,087030	60,200590	60,493648	60,154241	99,876219	99,864465	39,603549	40,916973	40,545017	38,557485
722,00	52,553409	56,558454	52,867514	54,553336	54,968596	57,856452	51,585132	56,128317	52,194983	54,165208	36,892328	38,375735	37,288585	37,294179	37,020332	40,180257	40,285215	34,924972	40,588129	34,286863	38,680726	51,190275	56,231093	53,538650	57,175875	53,200477	57,036936	53,822833	56,096238	56,165087	35,833532	40,101823	37,985021	38,839069	35,817701	39,919934	36,529952	38,541901	34,064475	56,156808	52,218789	35,842046	58,975822	52,218789	53,182024	33,589607	37,410772	35,347131	38,757306	38,180497	61,490500	56,622404	37,349117	39,001027	55,073065	53,182024	51,636976	53,946728	56,633061	55,898350	57,552975	35,037869	38,995120	37,180528	39,245105	36,536753	39,525214	100,082052	99,926394	39,182135	61,147314	60,098803	60,478878	60,132670	100,087929	99,962151	39,635429	40,938750	40,589282	38,558465
724,00	52,817655	56,696302	53,157198	54,699516	55,204105	57,954794	52,473944	56,251061	52,860087	54,359829	37,038004	38,416108	37,438217	37,349561	37,156257	40,252450	40,276346	35,346290	40,624323	34,552601	38,683984	51,874024	56,293535	54,069561	57,266819	53,790128	57,130557	54,207408	56,163526	56,226969	36,147931	40,170687	38,279140	38,892949	36,137885	39,934933	36,778548	38,569883	34,271729	56,295937	52,585673	36,084366	59,071285	52,585673	53,790563	33,825693	37,451524	35,639608	38,698465	38,204956	61,585575	56,774884	37,450024	38,968959	55,192274	53,790563	52,011001	54,098880	56,673151	56,306094	57,642746	35,250247	38,986829	37,341604	39,227608	36,813885	39,531937	100,060165	100,079441	39,189610	61,215454	60,144699	60,476214	60,212272	100,044227	99,862975	39,726487	40,966752	40,656346	38,604134
726,00	52,961427	56,717819	53,261524	54,784095	55,342454	57,954311	53,295571	56,236225	53,419554	54,478073	37,154540	38,450372	37,479398	37,404698	37,163803	40,293533	40,368679	35,737565	40,723804	34,827015	38,779318	52,424109	56,353670	54,515064	57,292771	54,231215	57,191443	54,594523	56,166309	56,304228	36,420280	40,203330	38,441250	38,932809	36,337236	39,987954	36,970633	38,643005	34,473532	56,335038	52,963597	36,255428	59,095407	52,963597	54,337996	34,002027	37,532592	35,777465	38,772830	38,335595	61,583108	56,865776	37,514278	39,037704	55,216384	54,337996	52,203643	54,240960	56,708843	56,705505	57,718152	35,376701	39,038521	37,401271	39,312416	37,011501	39,542335	100,039136	100,004816	39,209002	61,141598	60,177362	60,480529	60,157830	100,034928	99,937475	39,722192	41,007590	40,658057	38,644490
728,00	53,234649	56,772226	53,528410	54,794347	55,533785	58,028215	54,029459	56,393385	54,021984	54,627675	37,239659	38,514644	37,597957	37,444860	37,253490	40,369138	40,431747	36,102659	40,760145	35,024723	38,847455	52,948141	56,443775	54,952419	57,359332	54,738450	57,290751	54,963076	56,159872	56,365019	36,712959	40,263027	38,617152	38,947484	36,590537	40,023285	37,151605	38,726231	34,668666	56,399649	53,360331	36,533359	59,170496	53,360331	54,805291	34,152499	37,582260	35,937917	38,869861	38,455617	61,586499	56,968933	37,565041	39,072186	55,251944	54,805291	52,491558	54,324538	56,699693	57,014638	57,729810	35,514739	39,086998	37,535813	39,349192	37,163439	39,612839	100,020719	100,034916	39,312303	61,185098	60,180736	60,538357	60,243338	99,963731	99,996454	39,708957	41,058987	40,720990	38,665417
730,00	53,394723	56,745565	53,711408	54,852206	55,650848	58,023936	54,531556	56,468987	54,432547	54,741228	37,362853	38,559455	37,775031	37,519279	37,375867	40,402943	40,455541	36,464560	40,873250	35,334823	38,938504	53,434581	56,514013	55,290353	57,458127	55,185205	57,317615	55,271631	56,090111	56,418139	36,940095	40,352380	38,826591	38,998377	36,784658	40,131465	37,315950	38,758582	34,831208	56,467426	53,679299	36,675498	59,182751	53,679299	55,261379	34,344637	37,630790	36,161569	38,869122	38,493460	61,625236	57,068318	37,646189	39,123014	55,280644	55,261379	52,767599	54,502350	56,772929	57,306141	57,691067	35,639936	39,182526	37,603921	39,398539	37,310964	39,687869	100,042462	100,109851	39,273849	61,214131	60,183775	60,518694	60,216475	100,069046	99,875975	39,795798	41,052836	40,759444	38,722003
732,00	53,529680	56,865680	53,834999	54,917413	55,793560	58,035475	55,089366	56,572866	54,860574	54,880410	37,454718	38,559601	37,841439	37,501949	37,464103	40,484792	40,483153	36,715251	40,912783	35,466796	38,987115	53,835821	56,569910	55,545849	57,475513	55,506772	57,372105	55,507094	56,172973	56,459969	37,152717	40,380883	38,932502	39,084324	36,961097	40,187055	37,456000	38,804281	34,998044	56,567723	53,908747	36,846545	59,144342	53,908747	55,556810	34,439909	37,711507	36,291394	38,943046	38,583770	61,624551	57,139730	37,685418	39,157668	55,343187	55,556810	52,914715	54,582006	56,755257	57,491219	57,817239	35,731900	39,163387	37,671211	39,420295	37,442744	39,642256	99,953288	100,116527	39,309260	61,240512	60,175377	60,543662	60,235918	99,975938	99,894685	39,765298	41,087991	40,732169	38,722843
734,00	53,632790	56,922370	54,053074	55,061173	55,869359	58,134151	55,544370	56,672919	55,224705	54,980904	37,581781	38,638923	37,995702	37,565163	37,529197	40,594915	40,605092	36,949980	41,023844	35,645679	39,100882	54,210764	56,684363	55,917144	57,565767	55,825007	57,462770	55,679333	56,217474	56,577379	37,380978	40,453896	39,111432	39,180428	37,188235	40,214226	37,551951	38,892421	35,108462	56,613320	54,104650	37,037337	59,268427	54,104650	55,833286	34,570736	37,779573	36,397010	39,001310	38,637447	61,665112	57,241648	37,738341	39,189520	55,411822	55,833286	53,101546	54,634690	56,854135	57,717937	57,834822	35,906449	39,291385	37,770903	39,475620	37,587512	39,747125	100,048840	100,094950	39,392194	61,277509	60,140234	60,555905	60,302848	99,988586	100,017965	39,817730	41,142654	40,721589	38,775960
736,00	53,815234	56,864023	54,189020	55,041790	56,031430	58,117688	56,067199	56,629682	55,564255	54,970384	37,594569	38,652363	38,063413	37,637025	37,607688	40,590793	40,566966	37,201512	41,065738	35,820118	39,114076	54,537857	56,703138	56,162810	57,518017	56,112206	57,440358	55,968255	56,151593	56,561285	37,528488	40,540868	39,188725	39,175567	37,277058	40,240157	37,666476	38,909686	35,253870	56,519443	54,348177	37,104902	59,258157	54,348177	56,159210	34,706965	37,782407	36,547813	38,992396	38,715667	61,665118	57,305539	37,780029	39,229193	55,386925	56,159210	53,299069	54,870015	56,857842	57,926732	57,865435	35,948443	39,281932	37,849504	39,484328	37,660962	39,724627	100,083733	99,983019	39,370662	61,207604	60,174519	60,582364	60,168391	100,004077	99,907947	39,821208	41,160947	40,773758	38,782102
738,00	53,942448	56,963307	54,304278	55,071062	56,096715	58,191657	56,335592	56,738067	55,915260	55,104601	37,720767	38,660231	38,141009	37,650454	37,718007	40,681821	40,636322	37,341258	41,054603	35,986999	39,144230	54,785776	56,709355	56,328005	57,598144	56,359744	57,481694	56,079096	56,068993	56,597626	37,703955	40,546268	39,339790	39,222863	37,445912	40,330532	37,824920	38,949150	35,310107	56,660134	54,485816	37,171975	59,238553	54,485816	56,383890	34,792081	37,829480	36,654222	39,037523	38,703978	61,620921	57,325637	37,869534	39,245215	55,470484	56,383890	53,416139	54,854107	56,842756	58,071595	57,835847	36,067727	39,307967	37,894887	39,516789	37,783277	39,819726	100,012445	99,938697	39,345595	61,232620	60,261542	60,520005	60,299677	100,037253	99,855638	39,882401	41,185763	40,826377	38,795543
740,00	54,038495	56,949687	54,373652	55,230016	56,209093	58,238119	56,666887	56,827384	56,090027	55,213881	37,778458	38,721716	38,235393	37,641862	37,792283	40,716121	40,614304	37,506407	41,125625	36,144465	39,223620	54,996687	56,893098	56,485051	57,684112	56,496543	57,634240	56,288916	56,108755	56,715018	37,777761	40,606090	39,396071	39,224446	37,593973	40,365544	37,894219	38,959572	35,405055	56,696278	54,730994	37,317857	59,288913	54,730994	56,577778	34,902468	37,955129	36,740193	39,061692	38,731617	61,713517	57,441157	37,901956	39,327148	55,563700	56,577778	53,570098	55,035698	56,991667	58,172590	57,970017	36,113548	39,321223	37,987137	39,511138	37,839818	39,808059	99,936014	100,077426	39,394885	61,269063	60,193777	60,617214	60,315150	99,990320	99,862742	39,866275	41,217285	40,842134	38,853294
742,00	54,232734	57,107878	54,652160	55,331683	56,408429	58,406854	57,022589	56,984276	56,448197	55,367786	37,924463	38,740522	38,360706	37,772882	37,880430	40,823394	40,737876	37,743840	41,193271	36,268559	39,278039	55,318481	56,903481	56,792158	57,817137	56,831008	57,724160	56,479973	56,152356	56,896299	37,967223	40,668899	39,563835	39,372775	37,674567	40,425301	38,031128	38,989249	35,553974	56,781697	54,993868	37,466222	59,432983	54,993868	56,800473	35,028613	37,974122	36,856285	39,169803	38,846442	61,775130	57,536262	37,973896	39,384705	55,627233	56,800473	53,780490	55,193108	57,012856	58,332932	58,051920	36,231595	39,453697	38,060832	39,668092	37,938073	39,951074	100,111544	100,043869	39,479703	61,320627	60,322839	60,697210	60,436690	100,053728	99,966913	39,979988	41,304353	40,914372	38,870731
744,00	54,450512	57,098395	54,800159	55,308050	56,598574	58,378619	57,284832	56,972146	56,688648	55,465996	37,993413	38,880262	38,396689	37,873897	37,914470	40,928042	40,778887	37,843332	41,314805	36,384833	39,421695	55,533671	56,929028	57,024592	57,791829	57,088470	57,720006	56,710726	56,090057	56,811190	38,060570	40,763927	39,638650	39,398864	37,779450	40,459621	38,147026	39,055607	35,657346	56,851983	55,122524	37,561974	59,436208	55,122524	56,978095	35,099804	38,050106	36,947772	39,268503	38,940415	61,816937	57,690537	38,032684	39,432299	55,661112	56,978095	53,878880	55,281729	57,021242	58,552432	58,027071	36,302930	39,523914	38,104779	39,690772	37,988871	39,973414	100,067580	99,898428	39,557511	61,307371	60,386562	60,763967	60,391337	100,018632	100,009191	39,989796	41,316825	40,980139	38,954434
746,00	54,383326	57,193136	54,793787	55,396080	56,537217	58,468556	57,423604	57,045287	56,831640	55,575186	38,059247	38,874543	38,460064	37,870562	38,002139	40,991718	40,878722	37,959090	41,352752	36,501056	39,418551	55,609190	57,076609	57,151794	57,965153	57,118708	57,787752	56,723917	56,092310	56,977594	38,186017	40,784070	39,717099	39,448658	37,879798	40,523356	38,162723	39,129171	35,684910	56,977457	55,180436	37,599286	59,545267	55,180436	57,088846	35,195488	38,095596	37,021887	39,275330	38,887829	61,921620	57,696056	38,084376	39,475456	55,755067	57,088846	53,970933	55,249894	57,130706	58,570921	58,152127	36,368001	39,551002	38,122779	39,698556	38,131350	39,968407	100,037134	99,853063	39,504567	61,414301	60,345012	60,709494	60,488176	100,005436	99,899882	39,983732	41,316336	40,912768	38,961625
748,00	54,638529	57,357597	55,058128	55,522460	56,762809	58,613819	57,720107	57,235980	57,054698	55,726904	38,161492	38,946655	38,623065	37,856469	38,109380	40,993148	40,820596	38,095778	41,342801	36,629522	39,473546	55,946416	57,215124	57,323134	58,010858	57,374555	58,007497	56,969595	56,194299	57,124525	38,357753	40,740281	39,791653	39,433706	37,978348	40,594539	38,323992	39,127818	35,864329	57,184613	55,395961	37,740743	59,636116	55,395961	57,310206	35,293344	38,068119	37,084693	39,275730	38,992339	62,043029	57,851106	38,170367	39,490810	55,884421	57,310206	54,208022	55,382127	57,263577	58,809423	58,243972	36,455634	39,579824	38,256922	39,760983	38,201660	39,987686	100,075221	100,093102	39,602229	61,461991	60,543787	60,837936	60,522485	100,089943	99,760282	40,029085	41,341236	41,050234	38,936931
750,00	54,668885	57,320791	55,077219	55,624461	56,837541	58,600181	57,832396	57,226330	57,200015	55,802757	38,177887	39,030942	38,646621	37,938777	38,195074	41,053295	40,934956	38,210323	41,421357	36,700755	39,518368	56,014156	57,244062	57,388473	58,034748	57,463413	57,973337	56,966680	56,089133	57,125497	38,403910	40,847823	39,900127	39,564666	38,105151	40,616527	38,389224	39,260057	35,922801	57,177538	55,470574	37,752414	59,598780	55,470574	57,376724	35,409641	38,194171	37,158549	39,353380	39,073616	62,023646	57,864004	38,215065	39,534542	55,794424	57,376724	54,195356	55,506247	57,260418	58,813077	58,277214	36,548850	39,661038	38,329560	39,797372	38,231334	40,078595	99,876326	100,029624	39,545953	61,445779	60,469848	60,825890	60,527396	100,082922	99,988711	40,089974	41,408551	41,086498	39,052019
752,00	54,824018	57,385445	55,292112	55,695754	56,930518	58,671761	58,066320	57,325095	57,471550	55,944854	38,249809	39,072350	38,712648	38,033807	38,263330	41,145056	40,990362	38,322744	41,529715	36,824340	39,638311	56,181049	57,347864	57,534206	58,134079	57,608974	58,028144	57,211459	56,084472	57,180566	38,502559	40,985098	39,991608	39,593312	38,180238	40,683296	38,459378	39,314520	36,032024	57,182395	55,654848	37,896091	59,732741	55,654848	57,559019	35,436735	38,315946	37,229598	39,415908	39,119244	62,049145	57,983547	38,255185	39,615631	55,963236	57,559019	54,389727	55,643052	57,286054	58,932406	58,428395	36,655521	39,734736	38,361469	39,877167	38,263541	40,156841	100,098264	99,990880	39,676094	61,499667	60,577506	60,870856	60,619527	99,965495	99,940956	40,143430	41,480407	41,060492	39,079219
754,00	54,945308	57,472396	55,330479	55,692971	57,025146	58,864367	58,196485	57,474399	57,541507	55,965728	38,398707	39,099738	38,840085	38,043538	38,323563	41,177493	41,026798	38,433957	41,519764	36,935154	39,720780	56,382889	57,447398	57,704985	58,219898	57,772970	58,122838	57,255274	56,057888	57,258368	38,610801	40,985036	40,105221	39,628273	38,300914	40,790167	38,579950	39,314806	36,108428	57,328057	55,773783	37,915507	59,755749	55,773783	57,661247	35,623237	38,370061	37,342879	39,459974	39,127278	62,061006	58,041525	38,308010	39,664814	56,023276	57,661247	54,466426	55,738932	57,404685	58,993167	58,423012	36,702582	39,708251	38,460472	39,898360	38,403043	40,181947	100,110114	100,009859	39,686549	61,641818	60,617936	60,985851	60,662210	100,098646	99,966592	40,204105	41,492841	41,172338	39,107308
756,00	55,059373	57,592815	55,485404	55,887443	57,155544	58,927804	58,321458	57,503200	57,661533	56,159085	38,461670	39,194322	38,845181	38,121146	38,355419	41,287950	41,178244	38,522866	41,676736	36,939067	39,799094	56,495947	57,531571	57,808506	58,349252	57,922494	58,179879	57,381290	56,112802	57,420701	38,657641	41,135380	40,090713	39,741716	38,368207	40,815604	38,555926	39,424047	36,134207	57,511318	55,932313	37,991950	59,902042	55,932313	57,770389	35,591301	38,421518	37,398252	39,562649	39,219335	62,239522	58,133215	38,389978	39,735976	56,103897	57,770389	54,611748	55,805039	57,517362	59,182614	58,634907	36,765864	39,848503	38,515386	40,010965	38,427392	40,318364	99,954283	99,928641	39,762679	61,666214	60,629684	60,984975	60,747248	99,988306	99,991399	40,187541	41,608372	41,138566	39,163026
758,00	55,252904	57,614684	55,586022	55,959100	57,223046	58,937573	58,545893	57,568800	57,840735	56,294572	38,485891	39,208111	38,918090	38,169754	38,373840	41,286069	41,105545	38,619667	41,677758	37,007999	39,795423	56,639057	57,546824	57,875115	58,328170	58,060783	58,302981	57,408535	56,032473	57,472968	38,727608	41,166410	40,180871	39,658973	38,397437	40,856186	38,659167	39,403793	36,286026	57,442266	56,043190	38,013422	59,886736	56,043190	57,926315	35,739684	38,451740	37,427095	39,561999	39,219138	62,288445	58,277792	38,454360	39,730346	56,256938	57,926315	54,708838	55,928969	57,441568	59,251559	58,598691	36,773881	39,865321	38,565838	40,027636	38,527599	40,234506	100,083601	100,113034	39,780387	61,726159	60,716856	61,113620	60,760790	100,100744	99,902844	40,246090	41,536573	41,183490	39,112884
760,00	55,292547	57,753140	55,673921	55,964774	57,316363	59,010834	58,593285	57,709938	57,950699	56,337416	38,492054	39,271590	38,946429	38,213244	38,455281	41,380265	41,196015	38,635346	41,705132	37,091455	39,847288	56,725317	57,635027	57,995015	58,461171	58,060366	58,362138	57,590532	55,979627	57,480067	38,749054	41,208562	40,188938	39,820993	38,466030	40,933931	38,690543	39,479205	36,343980	57,537395	56,192392	38,081324	59,966874	56,192392	57,927859	35,745239	38,465318	37,457290	39,637488	39,316133	62,275732	58,330464	38,447589	39,808473	56,276417	57,927859	54,800099	56,012654	57,606888	59,218395	58,664149	36,856219	39,943677	38,510263	40,101665	38,494638	40,332898	100,003409	99,987304	39,813924	61,707771	60,781157	61,159438	60,767275	99,888062	99,982154	40,250283	41,601151	41,210693	39,169514
762,00	55,444384	57,827616	55,823553	56,152272	57,499838	59,090698	58,721060	57,853836	58,081752	56,367725	38,594356	39,305046	39,063409	38,287970	38,499510	41,418004	41,249993	38,781011	41,825876	37,153471	39,932120	56,865907	57,756847	58,167428	58,590740	58,157057	58,508897	57,686418	56,046516	57,598400	38,856074	41,251814	40,337145	39,835709	38,571152	41,015273	38,772818	39,464819	36,363515	57,717079	56,261533	38,120610	60,089362	56,261533	58,126688	35,838863	38,579714	37,544343	39,747024	39,366400	62,342244	58,426309	38,499808	39,829606	56,384122	58,126688	54,913211	56,122154	57,695186	59,437186	58,730769	36,931366	40,029740	38,701969	40,159604	38,541743	40,366882	100,067449	99,956340	39,904243	61,799669	60,826129	61,345977	60,896575	99,990767	99,984151	40,245980	41,681775	41,291180	39,224887
764,00	55,455399	57,873374	55,860269	56,137419	57,496250	59,279937	58,784777	57,897413	58,179849	56,557471	38,663900	39,361584	39,121664	38,361272	38,594854	41,492194	41,361794	38,801560	41,845357	37,273997	40,034622	56,944144	57,813168	58,213097	58,636165	58,319193	58,564663	57,724255	55,988848	57,758445	38,980594	41,322747	40,312612	39,917895	38,609475	41,074780	38,808990	39,617208	36,439177	57,717526	56,270891	38,148040	60,144132	56,270891	58,072805	35,913852	38,577896	37,590027	39,679185	39,399469	62,534714	58,438057	38,578439	39,917174	56,561720	58,072805	54,998994	56,130689	57,742637	59,448224	58,865654	37,004310	39,990234	38,742900	40,164211	38,609937	40,417907	100,014353	100,074279	39,869446	61,909604	60,857397	61,204541	60,937423	99,949998	99,934030	40,298191	41,718349	41,346300	39,316079
766,00	55,555433	57,991457	55,963105	56,306672	57,532495	59,221542	58,960944	58,010554	58,285546	56,625897	38,690701	39,438900	39,159432	38,336799	38,567093	41,548461	41,333503	38,870937	41,840482	37,283731	40,090314	57,089287	57,910985	58,356297	58,769900	58,352184	58,623296	57,849145	56,046444	57,864660	38,991210	41,315365	40,369833	39,911845	38,624761	41,024408	38,822159	39,656174	36,510831	57,871872	56,443912	38,229162	60,212576	56,443912	58,204651	35,904303	38,634977	37,612838	39,789921	39,492100	62,477559	58,583695	38,590103	39,918494	56,608051	58,204651	55,035710	56,261563	57,856929	59,486592	58,997482	37,046409	40,009800	38,718358	40,149760	38,595039	40,474495	99,896842	100,048995	39,911869	61,951965	60,962576	61,354202	61,082375	99,967265	99,887842	40,340400	41,698703	41,326582	39,255440
768,00	55,667013	58,021873	56,118804	56,449753	57,659197	59,436047	59,010243	58,111924	58,518362	56,726468	38,763660	39,461815	39,268699	38,435471	38,718423	41,608718	41,472530	39,001006	41,922292	37,396508	40,099421	57,165939	57,939827	58,372831	58,828205	58,524454	58,708405	57,941121	56,001490	57,866210	39,090973	41,430318	40,501007	40,079948	38,747558	41,137609	38,959971	39,708224	36,593032	57,963443	56,609201	38,303486	60,232937	56,609201	58,293110	36,032069	38,736424	37,676418	39,813536	39,505860	62,499231	58,592099	38,718662	39,948153	56,625503	58,293110	55,215895	56,381834	57,906002	59,673548	58,954597	37,131339	40,081632	38,834479	40,302017	38,763219	40,521529	100,063646	100,103939	39,991274	62,048054	61,011606	61,406386	61,083657	100,133634	99,966413	40,365425	41,818845	41,403270	39,376441
770,00	55,711883	58,018631	56,115812	56,479180	57,851547	59,334958	59,088212	58,228028	58,550197	56,785113	38,799536	39,480478	39,311945	38,489896	38,684162	41,612843	41,476804	39,050919	41,972899	37,431204	40,165192	57,298672	58,007646	58,487189	58,862221	58,617288	58,814400	57,942224	55,907553	57,903427	39,059392	41,471404	40,406477	40,044984	38,751483	41,151458	38,960811	39,766398	36,648715	57,979292	56,683999	38,381273	60,383385	56,683999	58,317751	36,052352	38,773251	37,702578	39,863801	39,560929	62,518483	58,709508	38,714287	40,043849	56,665105	58,317751	55,294651	56,414562	57,917798	59,718448	59,120047	37,205532	40,138695	38,838753	40,384597	38,742217	40,570432	100,083387	99,971396	40,039131	62,065709	61,048156	61,433017	61,141276	99,905896	100,010407	40,391347	41,829640	41,429019	39,433590
772,00	55,945438	58,226335	56,354225	56,588840	57,917303	59,516358	59,152240	58,287424	58,635217	56,929749	38,910338	39,556995	39,358729	38,497439	38,775936	41,619939	41,504920	39,091396	42,043573	37,469915	40,186211	57,361144	58,173424	58,512950	58,962852	58,642292	58,837068	58,043528	55,992877	57,999146	39,168513	41,429666	40,518466	40,094644	38,809666	41,205528	39,060834	39,775112	36,652181	58,073747	56,793684	38,392562	60,447478	56,793684	58,491707	36,074105	38,810089	37,754935	39,894104	39,652598	62,694395	58,775091	38,731781	39,976034	56,841123	58,491707	55,372661	56,548339	58,128607	59,800351	59,139258	37,248772	40,169677	38,908613	40,362948	38,786975	40,573472	99,983144	100,135040	40,022752	62,167877	61,252856	61,530095	61,299133	100,046337	99,920249	40,514168	41,773772	41,522178	39,391196
774,00	55,993885	58,168101	56,376427	56,577843	57,962000	59,474987	59,400392	58,213276	58,714896	56,907266	38,944164	39,617026	39,381254	38,569537	38,812804	41,661900	41,548142	39,141023	42,136237	37,544212	40,241086	57,517648	58,155626	58,648145	58,956236	58,750033	58,881992	58,174276	55,880630	57,995522	39,241278	41,509974	40,559179	40,155464	38,839132	41,251999	39,040747	39,793175	36,766720	58,057743	56,892514	38,447663	60,473162	56,892514	58,526528	36,155260	38,839549	37,811390	39,992368	39,646485	62,613416	58,791554	38,799602	40,070605	56,825548	58,526528	55,550116	56,630057	58,051193	59,845918	59,174275	37,363824	40,244493	38,968763	40,395385	38,785088	40,611190	100,077903	99,927402	40,070230	62,109333	61,172497	61,609936	61,110526	99,863935	99,884278	40,544170	41,893724	41,468152	39,459810
776,00	55,945605	58,222723	56,464964	56,744260	58,040386	59,666759	59,349960	58,476669	58,790547	57,144392	39,060569	39,643773	39,429459	38,562194	38,856468	41,806880	41,592634	39,283380	42,139205	37,601221	40,321937	57,545263	58,361602	58,714348	59,155750	58,802593	59,040415	58,215201	55,932921	58,152652	39,278531	41,580895	40,656093	40,201953	38,903916	41,329721	39,163062	39,899150	36,778918	58,271730	56,909817	38,489053	60,586447	56,909817	58,601785	36,246666	38,959637	37,936822	40,077847	39,653161	62,811804	58,902413	38,880938	40,175518	56,935894	58,601785	55,516505	56,637514	58,254927	59,819335	59,304363	37,402263	40,261784	39,050308	40,471911	38,988450	40,709946	99,945784	100,075102	40,067577	62,298536	61,169273	61,637926	61,344665	100,058365	99,991912	40,550613	41,904351	41,508663	39,525539
778,00	56,229049	58,442664	56,624269	56,835216	58,146214	59,719384	59,537113	58,528048	58,949113	57,107836	39,187136	39,752501	39,570588	38,649845	39,024422	41,841012	41,633666	39,400044	42,211550	37,717393	40,408546	57,678413	58,297831	58,789843	59,112918	59,052193	59,063351	58,397281	55,894834	58,302683	39,380282	41,635087	40,702340	40,232110	39,011896	41,324794	39,301941	39,919716	36,941573	58,261663	57,076126	38,593256	60,560501	57,076126	58,715743	36,373550	38,963303	37,974456	40,120235	39,752424	62,827694	59,036112	38,970783	40,268052	57,008511	58,715743	55,708414	56,799513	58,265698	59,997326	59,401196	37,477508	40,371612	39,105606	40,585554	39,054835	40,720814	100,059235	100,010705	40,137634	62,269735	61,324859	61,735952	61,424130	100,324595	99,952978	40,635431	41,995943	41,618618	39,587459
780,00	56,154543	58,465207	56,660765	56,900150	58,128697	59,764856	59,533632	58,596110	58,906370	57,309330	39,195329	39,744401	39,626893	38,719502	39,006931	41,873014	41,667858	39,362076	42,231628	37,745011	40,397206	57,640827	58,395642	58,803272	59,251243	58,973151	59,146887	58,242905	55,849558	58,273906	39,432800	41,706580	40,713936	40,270388	39,018717	41,386750	39,271873	39,921832	36,921853	58,436596	57,093716	38,596475	60,704297	57,093716	58,655810	36,308211	38,986638	38,053018	40,148771	39,731771	62,928516	59,032524	38,977912	40,279868	57,155031	58,655810	55,654526	56,810975	58,335572	59,939307	59,442556	37,477943	40,392277	39,119071	40,544736	39,008942	40,754506	100,046980	100,022066	40,188110	62,284642	61,280656	61,711407	61,518663	99,997294	99,883646	40,700939	41,962922	41,610050	39,549243
782,00	56,336892	58,654732	56,744504	57,023072	58,259970	59,962666	59,704298	58,617294	59,119725	57,402903	39,261860	39,906034	39,667407	38,773373	39,052340	41,990957	41,750455	39,453742	42,354015	37,791607	40,445060	57,750392	58,503020	58,962274	59,303141	59,094256	59,284776	58,481097	55,997813	58,463264	39,472809	41,782939	40,839955	40,383390	39,094424	41,460267	39,300412	40,022141	36,964840	58,495086	57,189411	38,627416	60,705924	57,189411	58,727050	36,399865	39,096537	38,114911	40,218547	39,810768	62,964922	59,162962	38,996518	40,324169	57,237619	58,727050	55,797768	56,881344	58,424997	60,059983	59,478712	37,573373	40,495411	39,214221	40,606454	39,076242	40,866557	99,918246	100,138736	40,209323	62,356907	61,360049	61,811787	61,447245	100,149190	100,168085	40,698892	42,035896	41,706660	39,655113
784,00	56,417739	58,432430	56,895560	56,929505	58,302015	59,831125	59,746665	58,630395	59,129131	57,342440	39,186916	39,827624	39,736608	38,819945	39,082187	42,045894	41,799414	39,485615	42,378521	37,790161	40,528703	57,810426	58,493632	59,030682	59,224164	59,048313	59,232920	58,518153	55,802047	58,335972	39,535245	41,770154	40,804645	40,411496	39,129519	41,435260	39,313027	40,062428	36,984980	58,462143	57,294959	38,618955	60,653603	57,294959	58,814150	36,426941	39,107612	38,062078	40,240368	39,886847	62,927479	59,180176	38,975936	40,369648	57,187629	58,814150	55,839229	56,888348	58,351046	60,035872	59,419149	37,636769	40,504235	39,202291	40,706366	39,110574	40,900722	99,912530	99,982816	40,162164	62,373435	61,468977	61,785430	61,366379	100,051236	99,876904	40,645236	42,063817	41,745415	39,662766
786,00	56,417984	58,596164	56,877112	57,088107	58,334678	59,957051	59,803128	58,727157	59,258169	57,487226	39,289039	39,925504	39,754686	38,900706	39,148548	42,056000	41,851696	39,466771	42,452216	37,880394	40,643063	58,040130	58,629894	59,048527	59,471989	59,292167	59,351999	58,569610	55,814749	58,504915	39,461887	41,874063	40,857449	40,436780	39,179385	41,582635	39,397621	40,087926	37,086660	58,563834	57,473034	38,715947	60,818726	57,473034	58,888334	36,497861	39,251319	38,087282	40,289670	39,962307	63,039863	59,246171	39,049304	40,385574	57,363665	58,888334	55,994540	57,023817	58,525258	60,166359	59,604573	37,651691	40,613008	39,268762	40,801847	39,122236	40,881902	100,032282	99,978590	40,317199	62,435627	61,518234	61,870897	61,592692	100,060022	100,035655	40,702942	42,156047	41,723877	39,668620
788,00	56,501633	58,798248	56,910455	57,280850	58,513880	60,110253	59,834069	58,919370	59,255463	57,686102	39,383498	39,966643	39,809790	38,850841	39,250103	42,045039	41,823730	39,618546	42,468476	37,929797	40,531218	57,989848	58,800501	59,136772	59,542555	59,226948	59,462428	58,620864	55,895060	58,556432	39,644328	41,841465	40,914348	40,430596	39,245260	41,492879	39,447075	40,082100	37,132722	58,785719	57,382500	38,744968	60,995370	57,382500	58,919555	36,623836	39,158219	38,151541	40,233934	39,947137	63,151222	59,327930	39,127895	40,364835	57,453448	58,919555	56,023502	57,098287	58,690381	60,184234	59,788477	37,736008	40,565097	39,401761	40,685928	39,222828	40,923482	100,189924	100,188816	40,364024	62,672168	61,644781	61,841094	61,670566	100,109673	99,835807	40,846816	42,105460	41,841331	39,648616
790,00	56,710309	58,774662	57,155490	57,208622	58,526373	60,079074	60,027969	58,771837	59,308058	57,661676	39,334670	39,908645	39,893380	38,924071	39,187086	42,135569	41,908234	39,602646	42,496124	37,995815	40,626553	58,090812	58,702934	59,125489	59,485644	59,315538	59,409463	58,665460	55,824512	58,526170	39,653847	41,909072	40,927255	40,466118	39,293748	41,584152	39,526099	40,176401	37,269467	58,550632	57,469273	38,823622	60,875726	57,469273	58,973581	36,610579	39,164144	38,137776	40,251663	40,011674	63,094890	59,365100	39,196765	40,418470	57,417756	58,973581	56,122839	57,114029	58,612758	60,300547	59,695566	37,839022	40,618491	39,363679	40,811235	39,154014	40,921125	100,048137	99,888724	40,406436	62,465882	61,564654	61,950958	61,652893	100,065100	99,926955	40,743729	42,155918	41,779912	39,761811
792,00	56,704324	58,836144	57,116002	57,467061	58,580953	60,218775	60,024822	59,020883	59,464848	57,812268	39,448333	40,003666	39,935738	39,011896	39,303738	42,207110	41,997144	39,726147	42,570832	38,036937	40,728667	58,166337	58,916885	59,208554	59,547067	59,404892	59,573138	58,775395	55,881798	58,790183	39,756885	41,996229	41,018972	40,542546	39,304629	41,626862	39,489791	40,311587	37,205964	58,817172	57,646859	38,817251	61,056364	57,646859	58,970046	36,744544	39,322340	38,268486	40,322661	40,014562	63,348681	59,469682	39,250505	40,480462	57,580525	58,970046	56,179333	57,246280	58,848608	60,263830	59,814417	37,857971	40,693799	39,420316	40,879449	39,265859	40,964141	100,035858	100,069594	40,372124	62,727493	61,744523	61,958295	61,680460	100,140560	99,896765	40,906784	42,264599	41,796735	39,799517
794,00	56,735611	58,816016	57,204700	57,466626	58,641875	60,103166	60,033399	58,954263	59,511167	57,812363	39,450315	40,145597	39,983514	39,065745	39,324737	42,274514	42,027649	39,678028	42,641848	38,001364	40,790737	58,064812	58,827233	59,246665	59,653223	59,373719	59,531474	58,806908	55,745137	58,717394	39,732879	42,037582	41,021684	40,620807	39,326587	41,780525	39,486685	40,296525	37,312314	58,838171	57,567978	38,879678	61,026114	57,567978	58,967829	36,625481	39,375764	38,258529	40,486249	40,051425	63,189620	59,502488	39,230478	40,527576	57,520270	58,967829	56,162304	57,247782	58,732533	60,315061	59,728140	37,900773	40,764028	39,406499	40,905178	39,255384	41,115299	99,848986	99,921983	40,469250	62,621313	61,667687	61,942756	61,694151	99,989545	100,051594	40,824744	42,223287	41,805032	39,872459
796,00	56,882781	58,944583	57,205445	57,517159	58,666235	60,289764	60,197735	59,098989	59,483993	57,817417	39,512387	40,153337	40,082654	39,119160	39,319873	42,329445	42,098939	39,849395	42,664292	38,117343	40,834245	58,219713	58,907068	59,289914	59,672385	59,490168	59,655035	58,842015	55,765921	58,772373	39,846784	42,031938	41,013622	40,644279	39,375982	41,726232	39,644268	40,329304	37,342370	58,924693	57,739663	38,932091	61,050558	57,739663	59,022623	36,760810	39,412221	38,327602	40,502590	40,151134	63,350374	59,491336	39,270467	40,562019	57,684523	59,022623	56,268531	57,358885	58,923012	60,420036	59,899485	37,878594	40,842614	39,471114	40,963271	39,257348	41,052300	100,032628	100,109506	40,480584	62,694538	61,725771	61,981088	61,722398	100,101018	99,971139	40,949804	42,267999	41,864926	39,827478
798,00	56,766337	58,965272	57,232726	57,545680	58,683085	60,331899	60,011852	59,107846	59,546602	57,974797	39,491341	40,304607	40,037259	39,179733	39,386585	42,468354	42,148486	39,817414	42,783511	38,179749	40,905935	58,302116	59,035397	59,362364	59,674144	59,469622	59,652066	58,905673	55,825007	58,878255	39,820331	42,079940	41,120309	40,664041	39,425746	41,818368	39,635345	40,382966	37,489501	59,046441	57,669204	38,862383	61,070317	57,669204	59,070826	36,792335	39,451399	38,285485	40,590087	40,219086	63,399965	59,540850	39,259970	40,666077	57,719505	59,070826	56,292474	57,309079	58,904278	60,324514	59,966844	37,943423	40,885341	39,514673	41,076156	39,350769	41,328889	99,904817	100,031555	40,452585	62,744361	61,790359	62,030160	61,881906	99,942935	100,125480	40,985736	42,364848	41,914344	39,887127
800,00	56,996685	59,031636	57,414657	57,701945	58,760083	60,377568	60,198271	59,324187	59,706056	58,005112	39,649364	40,253630	40,146735	39,216292	39,479285	42,466718	42,168087	40,001142	42,869994	38,250095	40,980294	58,311236	59,083706	59,449559	59,833664	59,554708	59,858829	59,001708	55,754799	58,896428	39,922377	42,167342	41,236341	40,788707	39,518148	41,828555	39,678925	40,395930	37,459767	59,111762	57,845664	38,986829	61,345488	57,845664	59,121829	36,911988	39,528802	38,400176	40,614131	40,260303	63,440663	59,546351	39,365685	40,696976	57,886750	59,121829	56,403047	57,364738	59,003371	60,322112	60,008228	38,123006	40,935221	39,640382	41,079566	39,458266	41,229615	100,082982	100,190270	40,600297	62,747425	61,833978	62,174129	61,951464	100,089383	100,053668	41,005334	42,363387	42,008200	39,982188
